# 3D point list with one line of data per point:
#   POINT3D_ID, X, Y, Z, R, G, B, ERROR, TRACK[] as (IMAGE_ID, POINT2D_IDX)
# Number of points: 6578, mean track length: 5.7132867132867133
1 -0.78739291531857625 1.7385374416061901 3.1851741821765396 73 139 69 0.13333256316346959 32 21 28 4 31 16 34 34 35 31 36 42 37 412 38 47 39 450 40 469 41 519 42 516 43 509 30 10 29 5 27 3 25 6
4 -0.38001068599293414 2.8642306978902279 2.3816549760108119 73 141 71 0.22349185737766214 32 141 28 105 31 137 33 152 39 167 41 192 29 83 27 84 26 114 25 114 23 83 21 102 20 64 19 49
5 -0.31272862133995805 2.8840096159388904 2.4027668148248988 77 124 65 0.14967146328700251 32 142 28 131 31 159 33 155 30 138 27 106
10 -0.72539542353041209 3.2327419482286608 2.9840489903090521 174 174 114 0.0795425842170467 32 200 28 183 31 192 33 227 34 222 30 181 29 147 27 145 26 184 24 148 23 141 22 146
11 -0.69676921621491916 3.2347246967979491 2.9989086346796561 64 123 61 0.10591533420273662 32 201 28 184 33 229 27 146 26 185 25 173 21 146
12 -0.44820007410226986 3.1497149339249573 3.1598940114476752 66 128 63 0.091874326619653002 32 204 28 189 30 184 29 153 27 152
13 -1.3117093588270308 3.2949022399813113 2.8082475561307776 183 180 120 0.14318820076352992 32 216 28 154 31 201 33 264 34 251 35 257 36 279 37 335 38 329 39 362 40 374 41 380 42 377 43 363 44 362 45 366 30 169 29 133 27 120 26 135 25 137
14 -1.3117277542799646 3.2950976925219959 2.807996286508625 183 180 120 0.11828540671048464 32 217 28 155 31 202 33 265 34 252 35 258 36 280 37 336 38 330 39 363 40 375 41 379 42 378 44 361 43 362 45 365 46 364 47 336 30 170 25 138
15 -0.53527505396551234 3.3757744219587118 3.0348976064194777 85 162 82 0.11700025570639157 32 223 28 229 31 241 33 257 30 221 29 192 27 197 26 207 25 192 24 187 23 182 22 163
16 -0.22783257190076303 3.3359136439416943 3.1065655085613582 251 247 236 0.21837308634313604 32 224 28 236 31 221 33 260 27 203 25 216 24 202
17 -0.22783257190076303 3.3359136439416943 3.1065655085613582 251 247 236 0.21837308634313604 32 225 28 235 31 222 33 261 27 204 25 217 24 201
18 -1.3284755044956471 3.3714675388422664 2.7850457858048703 182 178 118 0.085302947854880504 32 229 28 173 31 207 34 277 35 282 36 303 33 268 37 340 38 332 39 365 30 191 29 137 26 154
19 -0.91293868665880873 3.4197965357030764 2.8557818519650811 58 108 51 0.11757667214113543 32 241 28 206 29 165 27 164
20 -0.73634245969666212 3.4227989803564811 2.906561580588074 200 205 136 0.16741397696067881 32 245 28 221 31 238 33 279 34 266 35 267 36 269 37 301 38 293 30 387 29 186 27 172 26 199 25 181 24 159
21 -0.61830974007293116 3.4157276366120892 2.993469459086874 84 165 84 0.097206365901516587 32 247 28 225 31 239 30 219 29 191 27 193 26 206
22 -0.93929387554826471 3.7180806094959022 3.130943947728384 172 142 107 0.59717180501897082 32 273 28 239 33 305 30 244 29 213 27 208 26 228 25 203 24 196 23 178 22 173
23 -0.71662621418991579 1.7415202976665078 3.2002931939136903 60 115 56 0.28364983239920594 32 293 28 250 31 289 34 326 35 340 39 449 40 746 41 810 42 820 43 788 44 849 45 872 46 881 47 875 48 600 30 261 29 225 27 217 26 237 25 365
24 -0.5872456942532619 1.7760013898156415 3.2217864145918296 49 96 44 0.17641790238232241 32 294 28 254 33 340 34 531 35 341 36 366 37 401 38 410 39 452 40 457 29 369 27 219 26 238
25 -1.0911087225589173 1.8154861314522019 3.2347297396156436 215 223 197 0.13806403148301072 32 302 28 253 34 334
26 -0.9062810616789001 2.1948517742895715 3.7901199049504255 180 195 122 0.33267800055002417 32 318 28 266 31 316 33 365 34 360 35 377 37 461 38 455 39 514 41 575 42 850 43 826 44 881 30 274 29 244 27 229
27 -1.5334042417003468 2.2507936960363892 5.6484848475011162 86 162 81 3.5243451679803952 32 347 28 287
28 -1.7671495404867597 2.5046835887025716 4.4931461657776799 173 188 120 1.7503296291844106 28 283 34 414
29 -2.1562957082769989 2.5210143586069345 5.2227309590524387 166 184 116 0.01126675613451365 32 361 28 284
33 -1.3535728957561932 2.8454161139372349 3.0287283794539057 70 136 68 0.13333779763992493 32 391 28 90 58 123 57 138 59 112 61 70 1 68
34 -1.3532172988669515 2.8454104061977619 3.0301970251834387 70 136 68 0.12078381868917049 32 392 28 89
35 -0.73472316492023537 2.9694118105480016 2.304441966348509 255 255 253 0.21062016608461578 32 396 28 326 31 375 33 428 34 439 35 450 36 474 37 227 30 336 29 307 27 274 26 293 25 279 23 245 22 236 21 47 20 27
36 -0.70667191646213001 2.9630468816124926 2.31680115864234 255 255 253 0.38023044884405294 32 398 28 327 31 376 33 591 36 650 37 734 38 535 39 585 30 337 29 308 27 275 26 294 25 281 24 255 23 79 22 63 21 76 20 29
37 -3.4093932606188382 3.4324176818378684 8.6668212617031681 197 201 133 2.8716207596562828 32 422 28 341
38 -0.944731841026627 3.2896654575952735 2.623227620120137 255 255 248 0.22861376690165242 32 438 28 175 31 210 36 267 30 193 29 141 27 138 26 318 25 154 24 124
39 -0.60735803745844619 3.33547138118846 2.9962742481298115 175 180 114 0.2861327418060069 32 440 28 351 31 415 33 467 34 480 35 495 30 375 29 344 27 322 25 189 24 164 23 164 21 164
40 -1.3440842222264748 3.4334923536396316 2.7662260094118039 56 104 51 0.22783470935974304 32 448 28 337 31 422 33 487 34 660 35 698 36 714 37 796 38 799 39 899 40 902 41 718 42 714 43 696 45 746 46 367 30 369 29 338 27 305 26 315 25 305 24 280 23 275 22 262 21 247
41 -0.84281930728479293 3.361525119048284 2.8832159451663619 184 185 121 0.30508708035158011 32 451 28 349 31 413 33 480 26 331 27 165 29 167 25 334
42 -0.81684227690025135 3.3586181175003964 2.8928299452576725 62 110 54 0.17067297297411238 32 453 28 210 31 214 33 277 34 261 30 373 29 169 27 168 26 182 24 157 23 140
43 -0.38657410762917588 3.416095485188571 3.1679978625664673 204 202 136 0.246096026055663 32 457 28 363 31 429 33 622 34 639 35 682 36 686 37 573 38 559 30 391 29 352 27 330 26 350 25 356 24 323 23 336 22 332 21 319 20 307 19 158
44 -1.3319444725207743 3.5537403407556232 2.7908106310014755 80 156 79 0.17032693182725978 32 461 28 200 31 431 37 363 30 379 29 181
45 -0.87123480131974196 3.4855334422383386 2.8657449371727663 81 159 81 0.098859112580206548 32 465 28 357 31 426 33 491 34 497 35 291 36 286 37 319 30 384 29 351
46 -1.2423167787400529 3.7191298932699604 2.9712811718381356 253 252 243 0.18801866382855151 32 471 28 366 31 439 33 636 30 396
48 -0.6259520397271372 1.7846650420268928 3.2220806293259008 152 160 98 0.26336146261825855 32 485 28 379 33 516 34 530 35 550 37 654 38 666 39 755 40 748 30 410 29 367
49 -2.0716031723427935 2.3051181113416894 5.4060886805203578 202 199 134 0.93840084217886299 32 523 28 387
52 -0.87132418145311941 2.5729045400631794 3.3451896377174775 144 168 101 0.46171629467634545 32 528 28 391 31 487 34 581 29 386
53 -0.34577644180069544 2.8955331639220181 2.3858992293520562 62 115 58 0.37165281498670488 32 552 28 420 31 521 33 584 34 593 35 626 36 454 37 503 38 484 39 548 40 169 30 485 29 419 27 392 26 400 25 396 24 372 23 369 22 378 21 250 20 244 19 214
54 -0.5141463440656695 3.2525995764565634 3.0800081250944644 179 179 115 0.14651655163628657 32 586 28 442 31 549 33 607 34 466 35 666 30 511 29 446 27 423 26 429 25 437 24 407 23 398
55 -0.95217058788206321 3.2402820651455939 2.586723240002573 182 154 117 0.4315243961231488 32 591 28 339 31 542 33 465 34 241 35 493 36 517 37 584 38 583 39 632 40 617 41 673 42 640 30 500 29 330
56 -0.68867004746002158 3.3144847483784488 2.9653145492720827 198 197 130 0.098620706531207081 32 594 28 440 31 544 33 620 34 637 35 680 36 680 37 754 30 509 29 444 27 420 26 418 25 427 24 404 23 393 22 390 20 371
57 -0.82778751674377893 3.3861214421307984 2.8814456993303947 56 106 50 0.23784864303143238 32 606 28 350 31 425 33 624 34 647 35 690 30 514 29 443 27 320 26 332 25 335 24 304 23 300 22 286 21 271 20 274 19 96
58 -0.66604990290217092 3.4270769292744188 2.9632114859979568 200 203 135 0.18367783137211591 32 607 28 452 31 561 30 600 31 638 29 451 27 431 26 427 25 508 24 491 23 395 23 453
59 -0.528098749899786 3.4013088774543005 3.0581710094917618 199 203 134 0.19932992809424013 32 608 28 455 30 518 29 454 27 434 26 436 25 443 24 418 23 405 22 414 21 407 20 292
60 -0.81971739197880256 3.5197799222585231 2.916392735731058 87 170 87 0.19031427682484373 32 613 28 358 31 566 30 522 29 449 27 326 26 342
61 -0.72119376970306726 1.8183454678907058 3.2449889842633706 80 132 65 0.21017016065543262 32 630 28 467 31 658 33 655 34 688 35 728 36 747 37 832 38 835 42 989 40 940 30 535 29 473 27 447 26 446
62 -0.63955791428969888 1.8294477016358475 3.2423437106952515 135 150 88 0.27923885704885698 32 631 28 468 31 583 33 656 34 689 35 729 36 748 37 833 38 836 39 937 29 474 27 344 26 359
65 -0.41090949493818874 2.8789251735371506 2.3637785397564262 67 128 64 0.22564067463748999 32 664 28 495 31 606 33 692 34 719 35 765 36 770 37 854 38 857 39 963 40 956 30 576 29 512 27 542 26 472 25 485 24 466 23 434 22 370 21 373 20 406
66 -0.38224051135702597 2.9176069356321821 2.3732526949706787 197 197 132 0.46589084713477763 32 676 28 499 31 615 33 694 34 721 35 767 36 636 37 710 38 713 39 550 40 537 30 577 29 514 26 474 25 486 24 527 23 437 22 440
67 -0.39127917677866969 2.9599765061733159 2.3985266262530907 164 187 116 0.50094295468319461 32 677 28 498 31 617 33 703 34 730 35 768 30 579 29 515 27 479 26 475 25 493 24 383
68 -0.6968837602413902 3.1514327209215591 3.0470876676273955 168 171 109 0.10292571883668911 32 690 28 511 31 628 30 591 29 521 27 491 26 484
69 -0.9357472248048877 3.2783155039674612 2.6154847063083979 255 255 248 0.33889524915490482 32 696 28 507 33 722 36 806 27 484
70 -0.97004967637193307 3.318068156444109 2.6316238242941514 183 153 116 0.25498271740231054 32 697 28 508 31 633 33 728 30 598 29 524 27 489 26 481 25 409 24 381 23 284 22 265 21 258
71 -0.68118486881990803 3.3644551862293741 2.9347711938799068 69 129 62 0.19428204588348258 32 698 28 517 29 528 27 421 26 492 24 480 23 452 22 455
72 -0.94731957937843037 3.4543491516649065 2.7338705571121622 118 162 87 0.73658163259381559 32 707 28 514 34 891 33 857 29 531
73 -1.2146353935880763 3.7360882800527611 2.9840422696673414 179 148 112 0.45669719181064422 32 712 28 456 31 648 33 730 34 764 35 811 36 721 35 706 37 800 40 406 41 425 30 608 29 457 27 429 26 432 25 346
74 -1.1729863377040364 3.7346091919695747 3.0266550085718533 175 145 109 0.48124890988142655 32 713 28 526 31 650 33 731 34 763 35 812 36 820 38 802 39 703 40 398 30 609 29 537 27 504 26 498
75 -1.0656313091235257 3.7458509893824532 3.0829874685444225 182 152 115 0.73713883488933729 32 714 28 457 33 732 29 460 27 435 26 433 25 353 24 313 24 413 23 177 23 325
76 -0.69531662031620844 3.2676004582857106 2.9936075618443128 62 122 60 0.22205270489712259 32 767 28 561 31 739 33 791 34 812 30 643 29 581 27 555 26 546 25 552 24 533 23 487 22 493
77 -0.48432831790163827 3.4743133559316504 3.1668900854203419 97 192 99 0.34962985193605955 32 770 28 567 31 703 34 760 30 648 29 589 27 566 26 552 25 561 24 496
78 -1.1085285005767245 3.7219052301248046 3.041403029865458 163 132 98 0.21412396965399411 32 774 28 527 31 709 33 801 30 652 29 538 27 508 26 500 25 513 24 412
79 -0.83477527973329058 1.767294413819255 3.2208288635147544 85 128 66 1.2059138790316184 32 779 28 570 31 713 33 806 34 837 35 886 36 912 37 983 38 984 39 1106 40 1088 43 1103 44 1168 45 1224 46 1232 47 1249 30 656 29 594 27 569 26 557 25 570
81 -0.69137053912295465 2.6155827518606993 3.4138711083617856 144 165 98 0.094395925148312784 32 802 28 592 31 725 30 671 29 612 27 582
82 -0.67874081299533562 2.9474363715701637 2.3297752454649534 255 255 255 0.25153970931367431 32 814 28 554 31 732 33 840 34 871 35 917 36 868 37 943 39 1068 30 680 29 621 27 541 26 541 25 541
83 -0.60560592474430863 2.9982355730247763 2.3698618847079862 254 251 240 0.32563615736147378 32 816 28 596 33 841 34 872 35 918 36 946 38 1013 39 1128 27 548 26 544
84 -0.46180379994820275 3.3577649700962646 3.0654300575474545 174 190 120 0.47228607798445221 32 824 28 608 31 741 33 849 34 818 35 863 36 879 30 694 29 638 27 595 26 579 25 593 24 576 22 520 21 509 20 477
86 -0.59548350644770676 2.9207681266575904 2.3333371373045413 107 145 83 1.1863348550166701 32 859 28 597 31 773 33 889 34 925 35 967 36 1014 37 1109 38 1107 39 1238 30 719 29 623 27 583 26 572 25 585 24 559 23 510 22 511
87 -1.6886455539600826 2.952640521523866 3.0025390097287943 84 164 84 0.76158238665783273 32 861 28 587 31 768 33 928 34 959 35 1007 36 1026 38 1140 39 1278 40 1260 41 1311 42 1296 43 1269 44 1325 45 1371 47 1375 50 1256 51 1279 52 1178 53 1201 54 1088 55 1003 30 679 29 616
88 -0.77763411687355433 3.2267224000591854 2.604876151609171 60 117 57 1.2784462432285799 32 867 28 633 31 738 33 903 34 962 35 978 36 948 29 666 27 608 26 599
89 -0.6974679818975742 3.431451936655419 2.9328620285094411 142 178 106 0.25833886881472401 32 872 28 637 31 792 33 907 30 729 29 672 27 613 26 604 25 620 24 607
90 -0.79409607729737886 3.5232243142536595 2.9609871968421788 92 180 93 1.0163102505492032 32 878 28 652 31 795 33 910 34 892 36 892 30 750 29 693 27 640 26 619 25 637 24 606 23 539 22 551 21 542
91 -1.1501688198890232 1.8234123484775953 3.4289572164930471 1 1 1 1.5972854232235989 33 874 34 904 35 991 36 1009 37 1061 38 1099 39 1165 40 1203 41 1254 42 1236
92 -0.59196218213711271 3.2909958309944969 3.0416041390648476 62 122 60 0.21196575204562434 32 893 28 650 31 810 33 934 34 963 35 1009 30 745 27 639 26 618 25 638 24 617
93 -0.88608216184950184 3.2172503389037854 2.5955596825990144 255 252 241 1.1076416290848032 32 911 28 661 31 827 34 985 35 1032 36 1054 30 769 29 707 27 647
94 -0.88608216184950184 3.2172503389037854 2.5955596825990144 255 252 241 1.1076416290848032 32 912 28 662 31 828 34 986 35 1031 36 1053 30 770 29 708 27 648
95 -1.3190221365809969 3.4937438058424717 2.820559697485868 100 118 68 1.372816918250781 32 914 28 667 31 830 33 955 34 987 35 1034 36 1055 37 1148 38 1141 39 1284 40 1263 30 772 29 711 27 655 26 641 25 651 24 623
97 -1.7952711784845787 4.2548672684555662 3.5943816830384954 255 255 255 0.64595550729651174 32 919 28 669 31 833 34 989 35 1035 36 1057 37 1153 38 1149 39 1293 40 1276 41 1327 42 1313 43 1285 44 1348 45 1394 46 1390 47 1392 48 1367 49 1279 50 1293 51 1315 52 1206 30 774 29 714 27 659 26 643 23 575 22 577 21 569 20 530 19 500
98 -1.7973229993665334 4.2533242211341538 3.5919818152986087 255 255 255 0.80947982657069195 32 920 28 670 31 834 34 990 35 1036 36 1058 37 1154 38 1148 39 1292 40 1275 41 1326 42 1312 43 1284 44 1347 45 1393 46 1389 47 1391 48 1366 49 1278 50 1294 51 1316 52 1205 53 1228 54 1154 55 1051 30 775 29 715 27 660 26 644 23 574 22 578
99 -0.99516519485803179 1.7775521868653019 3.3059481693937425 168 146 115 0.66182125760213051 32 923 28 674 31 835 33 956 34 992 35 1039 36 1061 37 1158 38 1154 39 1296 40 1280 30 778 29 718 27 663 26 652 25 667
100 -0.88698393806873232 2.0128054535027524 3.4969748579094388 1 1 1 1.3046507816426689 32 926 28 675 31 837 33 959 34 994 35 1043 36 1066 37 1164 30 781 29 722
101 -0.88213727956223908 2.0170376484339179 3.460568560217411 1 1 1 1.6018177825041429 32 927 28 676 31 838 33 960 34 995 35 1044 36 1067 37 1165 44 1351
102 -0.46377132834331425 3.2249288950498665 3.1705446094431098 129 150 89 0.83384748085583704 32 930 28 683 31 843 33 963 30 788 29 724
103 -0.69098535128218208 3.2367415093716825 2.6997911970241537 62 122 60 1.6504424792886427 32 931 28 681 33 964 34 1000 37 1147 38 1135 39 1196 30 787 29 723 27 669 26 654 25 676 24 653
104 -1.1937295441520004 3.64815275848466 2.8766487530677338 255 253 242 1.0042846354873138 32 933 28 679 31 836 33 966 34 1002 35 1049 36 1070 37 1167 38 1161 39 1301 40 1274 30 780 29 719
105 -0.83153480950699499 2.908610180598135 2.9425921229371923 189 160 124 1.3545707072143345 32 940 33 975
106 0.1831998095296376 1.6825294895497092 2.1978458179687728 185 155 118 0.35418578280481811 32 2 31 3 33 2 34 6 35 317 34 302 36 1
107 0.18267601059620447 1.7334037270394049 2.1892331827815523 183 153 116 0.087926670726037603 32 5 31 8 33 322 34 304
108 0.2043225084040981 1.7536376445797801 2.1567260647695528 121 86 51 0.2039451884600442 32 6 31 9 33 323 34 305 35 5 36 345
109 0.22405863916669649 1.8401468707747868 2.135119591569326 141 103 66 0.2677576969905226 32 14 31 11 33 5 35 11 30 7 29 221 28 8
110 0.074706538859262261 1.7885599162682719 2.4238377451530528 101 191 99 0.26683988999820141 32 10 31 12 33 10 34 317 35 322 36 351 37 388 38 371 39 718 40 710 41 764 42 765 43 736
111 -0.8755996545568745 1.7662235760039584 3.1937203904235156 114 146 86 0.19790029029721942 28 3 32 20 31 15 33 19 34 47 36 43 37 50
113 -0.57440105280313491 1.72079501731799 3.232575475617244 108 186 98 0.24334006020383894 28 6 31 18 34 36 29 7 32 22 27 10 26 13
114 -0.60836577009607429 1.7953325111942333 3.2362260182137774 147 155 95 0.28337148010026708 32 23 31 19 36 45 27 11
115 0.1803875156746379 2.0093718798971016 2.1866083081313334 249 246 234 0.34898389169824134 32 486 31 23 33 335
116 0.110577264546873 2.0653610147814891 2.2727748524258824 78 152 77 0.14484681989455453 32 30 31 30 33 346 34 329 35 338 36 364 37 397 38 385 39 432 40 428 41 471 43 445 44 489 45 491
117 0.16865348423588561 2.1504549467570353 2.1683135301726457 247 245 230 0.61351412558054519 32 36 31 32 34 331 37 825 36 742 39 928 40 1028 42 1069
118 0.15013773653053281 2.1605808376003215 2.2208475447305935 84 143 76 0.55850641295623826 32 307 31 35 33 533 34 685 36 741
119 -1.3832073665164548 2.0501625819502229 3.679416169017542 239 234 221 0.47531849413811628 32 309 31 36 33 47 34 357 35 375 36 100 37 459 38 470 39 534 40 538 41 588 42 596 43 582 44 654 45 677 50 641 51 682 52 627 53 598 54 580 55 268 56 306 58 257 29 16
120 -0.042318907199090094 2.2238038460344542 2.4381171180118462 190 201 130 0.10652578100909596 32 37 31 37 33 38 34 62 35 353 36 377 37 421 38 398 39 444 40 453
121 0.057643141805947651 2.3192199837346297 2.2946813547052267 98 170 89 0.1435804457885391 32 44 31 41 33 355 34 352 35 363 36 378 37 426 38 404 39 446 40 449
122 -1.4619739838324528 2.2125533695762827 3.6356089210198266 170 196 118 0.41069479004598081 32 49 31 45 33 68
125 -1.1068283500424707 2.2197424180663692 3.6824576758780285 86 171 84 0.1353567428443582 32 52 31 52 30 34
126 -1.1068283500424707 2.2197424180663692 3.6824576758780285 86 171 84 0.1353567428443582 32 53 31 53 30 33
127 -0.65143208239378669 2.245281854877951 3.8727273026432329 44 93 40 0.24399435250378776 32 56 31 55 34 81 35 76 37 93 38 88 39 132 41 173 42 188 43 191 29 39
128 -0.65155781882023045 2.2449533487210567 3.8728228576950232 44 93 40 0.2567467931297967 32 57 31 56 34 82 35 77 36 87 37 94 38 89 39 133 41 174 42 187 43 192 30 55 29 40
129 -0.023199248008446804 2.3708469338228406 2.40891986364104 92 181 91 0.35595790453766135 32 312 31 57 33 361 34 354 35 361 36 385
130 0.041421709470267132 2.4490258366438376 2.349736952222155 91 162 84 0.23554295310569107 32 70 31 60 33 63 34 76 35 71 36 74 38 66 30 64
131 -0.69135537713970052 2.3262358647958328 3.7272641989180095 93 172 86 0.097271926381552284 32 86 31 72 30 54
132 -0.61413929948410528 2.2590163217019388 3.8831738619633875 43 92 39 0.25762432969006438 32 58 31 73 33 53 34 83 36 88 38 90 39 134 40 155 42 189 43 175 30 57 29 41
133 -0.021040342748439744 2.4777192531315673 2.4284028379809373 86 170 85 0.18569504514578936 32 68 31 76 33 62 34 88 35 374 36 396 37 437 38 431 39 481 40 465
134 -0.0039565383915749486 2.4548613879029935 2.3958744433729744 85 168 85 0.26146506995578045 32 67 31 77 34 355 35 373 36 395 37 436 38 430 39 470 40 464 41 504
135 -1.4137265798167644 2.5470306364257902 3.2522830554624949 82 160 81 0.098954766760551552 32 110 31 81 35 147
136 -0.77058079402821167 2.4441715273177134 3.5478285824704532 87 157 79 0.3152479337587123 28 79 31 89 30 73
137 -0.53285681435394661 2.5074285372499818 3.6238247486824058 161 180 109 0.21652685218147621 32 99 31 94 34 128 30 76 29 272
139 -0.066558657883193761 2.6645280764770019 2.5768203558321967 76 153 75 0.17068786891330479 32 108 31 115 33 110 35 101 36 419
140 -1.7577806658690438 2.8434779039941365 3.0744722987440207 90 175 90 0.14809658939559581 32 389 31 120 33 431 30 101 29 56 28 81
141 -2.720431441868099 2.5984967719938252 6.0712927871407301 80 155 79 0.34211127130797958 28 93 31 121
142 -1.32877308029056 2.8384486651951497 3.0369030064748079 192 192 127 0.14543486583973556 32 146 31 125 34 172 35 195 36 206 37 248 38 227 39 285 40 306 41 320 42 331 43 309 44 321 30 105
143 -0.052244071002546244 2.8299585630840025 2.451632699569092 148 121 83 1.8850378506318299 28 141 31 143 33 139 30 121 29 110 27 111 25 148
144 -1.7656947581795548 2.9266334112783374 3.0358607470461232 194 199 131 0.11071871015352623 32 404 31 144 30 100 29 75 28 83
146 -1.6161042527666145 2.9534135613638708 2.9820459528507905 199 202 134 0.11626218171353038 32 159 31 146 33 183 42 690 43 668 44 729 45 739 46 749 47 741 49 641
147 -1.58289140356795 2.9464048821442739 2.9788915491923729 87 169 86 0.086873311114867541 32 162 31 147 33 184 34 207 36 509 35 470 37 577 38 576 50 348 52 326 53 264
148 -1.5826222716728295 2.9467003546977812 2.9761502638082167 87 169 86 0.13571240111353416 32 163 31 148 33 185 34 208 35 471 36 510 37 578 38 577 39 331 51 346 49 329
149 -1.5656408991687418 2.965201055591653 2.9667078699861302 189 199 129 0.32327391468386224 32 164 31 150 36 251 46 394
150 -1.1979488363033848 2.9630461140671724 2.9888553130769995 184 184 122 0.063612202349331085 32 173 31 152 33 192
151 -1.2058076798550292 2.9724566006627819 2.9589615523373567 180 180 119 0.043884508115335064 32 171 31 153 30 130
152 -1.2058076798550292 2.9724566006627819 2.9589615523373567 180 180 119 0.043884508115335064 32 172 31 154 30 129
153 -0.45321242570778819 2.9363212610930352 2.3741404163174131 194 194 130 0.21368366266115077 28 129 31 157 30 135 27 105
154 -0.46401736017146489 2.9747763713330566 2.4065754762986922 84 162 85 0.26339019824362586 28 130 31 158 33 178 30 136 24 108
155 -1.2786654629179122 3.0292132279335693 2.9347913193790296 66 126 62 0.17209105212847134 32 169 31 163 34 213 30 128
156 -1.2394125025995961 3.0237560156558576 2.949788369575189 66 126 62 0.11157883897300545 32 170 31 165 34 214
157 -0.41882155046128255 3.093130618017252 3.2390723545632181 66 128 63 0.30158824762895675 32 178 31 178 33 207 30 186 29 152
158 -1.6849250661935247 3.1839363335601707 2.8962954548884108 84 160 80 0.16255641159596268 32 211 31 179 33 241 34 246 35 254 36 293 37 328 38 339 39 375 40 386 42 419 43 397 44 436 45 456 46 773 47 418 50 355
159 -1.6530675877786229 3.174753705458893 2.8848516513385341 84 164 83 0.2012889612545061 32 182 31 180 33 242 36 534 37 602 38 605 39 689 40 679 41 733 47 760 48 735 51 348 52 331 30 141
160 -1.5962569475977575 3.2336875260985876 2.8433401383889803 84 161 82 0.11485392053588356 32 212 31 183 33 245 34 247 36 296 37 331 47 392 48 403 30 163
162 -1.1308667782855737 3.217018204366807 2.8682530134888231 179 176 116 0.063013647895777999 32 218 31 187 33 252 34 238 35 243 30 175
163 -0.77231949236403363 3.1487549086343902 2.9961112450719676 171 173 112 0.021608713798627721 32 196 31 189
164 -0.67148840011871069 3.2351545016785996 3.0094240262004517 177 179 115 0.10774534922232364 28 186 32 202 31 196 33 233 35 226 34 224 30 183 29 148 27 147 26 187 25 174 24 163 23 142 22 148
165 -1.2818805724028244 3.2959642503584359 2.8181768874626214 56 102 50 0.11251319015632248 28 156 31 203 33 266 36 281 38 309 40 351 41 377 42 379 43 360 45 363 30 172 29 134
166 -1.2818321405437292 3.2961157136788914 2.8181817723770859 56 102 50 0.10806687563765413 28 157 31 204 33 267 36 282 38 310 40 352 41 378 42 380 43 361 30 173
167 -1.2557936391614495 3.2955508956723576 2.8261947512464825 177 175 115 0.17428689367694331 32 437 31 205 33 475 34 253 35 259 37 316 36 529 38 312 39 339 40 350 30 174 28 158 29 135 27 122 26 136 25 140 24 106
168 -1.3451600523955003 3.3575541377038625 2.7830607985857969 58 108 53 0.18601859472902282 28 172 31 206 34 276 36 302 30 190 29 136 26 152 24 104 22 81
169 -1.0778235222079731 3.3233086803799949 2.6598606608531341 179 153 114 0.46612908590154151 32 219 31 208 33 479 35 506 36 530 37 778 38 777 39 876 40 869 41 909 42 1036 43 871 44 928 45 937 46 928 47 913 48 680 49 241 50 229
170 -0.81654810643259879 3.3585908721173823 2.8919951160351127 58 107 52 0.17455878970327823 28 209 31 213 33 276 32 452 34 260 29 168 27 167 30 372 26 183 24 156 23 139 21 143
171 -0.75479829441329438 3.3543932447575191 2.9187301736790716 62 110 54 0.099242531191756508 32 221 31 215 33 255 34 242 35 247 29 170 27 170 22 145 21 159
172 -0.75245592042248322 3.3543728704553413 2.9100886983120891 62 110 54 0.08631561022467589 32 222 31 216 33 256
173 -0.37811393601601273 3.3565552738419595 3.1344493918047922 66 122 60 0.14155220650494701 28 233 31 218 30 224 29 196 27 202 25 211
174 -1.4068982705447259 3.4456488777237193 2.7578686880125751 56 107 52 0.21991503449883582 32 458 31 227 33 290 34 492 35 296 36 541 37 612 38 344 39 381 40 391 41 422 30 205 27 304 28 171 26 150 29 159 25 135 24 121 23 274
175 -1.181765948385425 3.3797615970328385 2.7180704479713218 184 154 117 0.13719026995028169 32 232 31 229 33 270
176 -0.98879750138922451 3.3583792530047343 2.6531792415624693 250 244 231 0.079479562450162577 32 238 31 230 33 273
177 -0.98879750138922451 3.3583792530047343 2.6531792415624693 250 244 231 0.079479562450162577 32 237 31 231 33 274
178 -0.76566577946059455 3.3883328992053849 2.9239645502924927 145 170 100 0.17253107982058921 32 244 31 236 30 216
179 -0.72971550097170423 3.3975725300220612 2.8926385467019906 63 117 59 0.1241424770224441 28 211 31 237 33 278 34 265 35 248 36 268 37 300 30 217 29 185 27 171 26 204 25 185 24 161
180 -0.461069931775692 3.427423571393768 3.1367227411353626 199 199 133 0.084914272195915949 28 234 31 242 30 223 29 195
181 -0.45220858192934438 3.3770832965890576 3.1005652267120918 200 200 134 0.14390954509508661 28 231 31 243 30 222 29 193 24 199 23 185 22 176
182 -1.4892307279557726 3.572766778249556 2.8109130689680626 94 179 92 0.10562320667731111 32 270 31 247 33 498 30 206 29 178
183 -1.4341607516967274 3.4976228510214065 2.7283473151930662 192 196 128 0.14549806968224274 32 251 31 248 33 299 35 299 38 355 40 404
184 -1.4155460895827912 3.5291569854335751 2.7609164716628065 165 185 116 0.17169629033509692 32 460 31 249 33 497 29 179 28 199 27 135
185 -1.3975452958615551 3.5433879714762972 2.7697795053314942 81 158 80 0.16979496867044669 32 252 31 251 33 301 35 301 37 362
186 -1.2471403356995916 3.4956914916676274 2.7784369317348365 55 93 48 0.41625837041968905 28 202 32 253 31 253 33 488 34 503 35 517 36 715 37 798 39 694 42 408 30 209 27 136 26 329 25 318 24 291
187 -1.185512181180171 3.5294363070739672 2.7876047904991332 186 156 119 0.092543922210657881 32 257 31 255 34 294 35 303 36 317 38 347 39 366 30 380
188 -1.185512181180171 3.5294363070739672 2.7876047904991332 186 156 119 0.092543922210657881 32 258 31 256 34 293 35 302 36 316 38 348 39 367 30 381
189 -1.0478757046850249 3.5240189329665212 2.7829099838198612 86 163 84 0.046321708713537892 32 261 31 257 30 210
190 -1.0516404928364562 3.5316433083331122 2.8070813345085757 86 163 84 1.051094065685906 32 260 31 258 33 490 34 288 30 211 24 303 23 133 21 139
191 -0.70837742181248053 3.4999019557011861 2.9855097808495001 91 177 91 0.13039950135396178 32 263 31 259 30 232 29 189
192 -0.71411228268178695 3.5319198986345759 3.0080089303856372 173 201 124 0.52817847836935028 32 264 31 260 30 234 26 221 28 240 25 205 24 182
193 -0.2778631666459177 3.588702228191889 3.3462440538815019 158 126 90 0.13143978137530851 32 267 31 262 33 284 30 237 29 214
194 -1.5912351613956943 3.7569944714132779 2.9538352496902043 184 153 117 0.31218389592913193 32 274 31 263 33 315 34 298 35 522 36 331 37 372
195 -1.5340322554734733 3.7574044157626343 2.9479116826162439 251 246 235 0.22668055617735242 32 469 31 264 33 501 34 511 35 523 30 239 29 199
196 -1.1440043483550906 3.7511315941816483 3.0346973835271891 246 241 229 0.089853749637873292 32 276 31 266 33 311
197 0.13941221863075415 1.6783824537653051 2.3092521143650231 162 133 96 1.0005547520186482 32 284 31 270 34 517 35 530 37 627 39 715 45 802 46 817 54 369 52 432 55 334 56 352
198 0.029521440510574593 1.7109188122929599 2.5331209431636377 103 203 105 0.60933168902773238 32 288 31 273 33 512 34 520 35 719 36 731 37 814 38 913 39 1035 40 1023
199 0.030096943529204168 1.7096719489336272 2.5325228220829747 103 203 105 0.78335531163833039 32 289 31 274 33 511 34 519 35 718 36 730 37 815 38 912 39 1034 40 1022 41 1126
200 0.061674010008505031 1.7275978800268461 2.4938154279755889 180 205 128 0.390148253064376 32 477 31 277 33 642
201 0.21558879834585426 1.8537713961935169 2.1498353436527751 255 254 247 0.25844737105192023 32 11 31 279 33 13 34 14 36 10 37 11 39 3 40 8 41 10 42 8 30 255 29 222 28 252
202 0.21507704051766602 1.8531587175166901 2.1485769223344851 255 254 247 0.15973686897867903 32 12 31 280 33 12 34 13 35 12 36 9 37 10 38 12 39 2 40 7 41 9 42 7
203 0.19663428622413043 1.8746643826197293 2.1559809223945714 163 135 99 0.60871757582828778 32 478 31 281 33 643 34 672 35 815 37 904
204 0.10438332753873369 1.9031567829644263 2.336790246974322 87 171 87 0.1415303589362745 32 290 31 282 33 513 34 524 30 265 29 8
205 -1.0626996594890423 1.7745297742727748 3.1889878579787361 251 250 235 0.1576712908518946 32 300 31 284 33 347 34 332 30 256
206 -1.0626996594890423 1.7745297742727748 3.1889878579787361 251 250 235 0.1576712908518946 32 301 31 285 33 348 34 333 30 257
207 -0.99316556426966729 1.722657375903744 3.2060712991810001 171 139 103 0.6164873019524435 32 291 31 286 33 336 34 335 35 348 36 370 29 362
208 -0.91280979817437524 1.7462510586667139 3.1886868850265948 234 232 226 0.2157145100419029 28 1 31 287 30 259 29 223 27 2
209 -0.9189214029731525 1.7421264933387484 3.2098192156170433 234 232 226 0.24471548429969991 32 292 31 288 44 861 43 800 45 879 46 892 47 887 48 882 49 806 50 813 51 840 30 260
211 -0.25064228124301524 1.7756152864447066 3.2507300343232695 143 115 79 0.73966278191267321 32 296 31 292 33 342 34 327 35 331 36 562 39 929
212 0.10743541457130756 1.9851739134267756 2.305098035360222 195 198 131 0.16235894691990188 32 298 31 295 33 334 30 267 29 228
213 -0.16466721073706869 1.9479575198144055 2.752773925512547 104 203 103 1.1581960174466548 32 624 31 297 30 266
215 0.0876106796276514 2.1370057499808794 2.2870846373484177 176 190 122 0.23350154973543014 32 494 31 301 33 351 34 537 35 554 30 269 29 234 28 27
216 0.008872268608634104 2.3301336932392034 2.3601482937668989 90 178 90 0.34259899088253426 32 502 31 306 33 536 34 548 35 569 36 580 37 659 38 672 39 751 40 740 41 795 30 276
217 -1.7061361856922395 2.2555837257001872 3.5703855986582265 103 205 105 0.51877741857362436 32 510 31 307 33 548 34 567 35 589 36 612 37 712 38 860 39 977 40 970 41 1018 42 1096 43 1071 44 1143 45 1198 46 1204 48 1197 49 1120 50 1140 51 1166 52 1072 53 1089 54 1041 56 976 57 855 58 802 59 738 60 719 1 633 61 642
218 -1.4429106678845631 2.2498770230960585 3.5618735793870822 96 189 96 0.073706379812904788 32 331 31 309 33 69 34 92
219 -1.4237185875546952 2.1275080398377924 3.6834365283042603 112 102 49 1.6704569186072529 32 314 31 310 33 541 34 558 36 763 37 923 38 937 39 1061 40 1054 45 1190 46 1191 47 1173 48 1069 49 990 50 1021 51 904 52 821 53 814 54 581 55 270 30 24
220 -1.4255739060361772 2.1730562371501545 3.6838136896939409 226 227 205 0.48392293812333698 28 21 31 311 33 369 27 19 26 25
221 -1.1708863686656537 2.1440967979309473 3.7090617333744094 124 193 100 1.077882300528074 28 383 31 313 34 556 35 579 32 506 36 598 37 684 27 348 26 241 25 372
222 0.038972100220839023 2.3960366341550769 2.3276704523982925 84 166 85 0.22479400892822163 32 509 31 318 33 537 34 552 35 571 36 588 37 660 38 674 39 763 40 743 30 277
223 0.0097831409050390117 2.4386439996883413 2.385900930148277 85 168 85 0.15776102755808419 32 326 31 319 33 547 34 554 30 290 29 262
224 0.010705240806481053 2.4391697121856559 2.377777663429419 85 168 85 0.19446494229348602 32 327 31 320 33 546 34 553 35 574 37 674 38 675 39 764 40 755 41 798 30 291 29 263
226 -0.85395551458943142 2.3973316793006689 3.5796804893309346 85 161 80 0.12583056339460644 32 336 31 329 33 376
227 -0.77679244052229568 2.2832251069397915 3.7484224358959621 153 183 108 0.10554741413163089 32 85 31 331 33 79
228 0.058645750388786222 2.4673845204700191 2.3377019465987967 179 187 120 0.22248295893164327 32 328 31 335 33 64 34 77 35 72 36 75 37 84 38 67 39 77 41 94 42 95 30 292
229 -2.4670108367958385 2.1909186313072553 6.4863117531836023 176 190 121 2.301140434608242 28 390 31 337
230 -0.61560286224415084 2.508455601621312 3.5668792910511118 173 178 112 0.099976977318333965 32 351 31 341 30 301 29 271
231 -0.59985248627663201 2.5455346526234219 3.5054397553526786 75 151 73 0.45727007673149872 32 352 31 342 30 302
233 -0.91912073984022502 2.6245672759444543 3.304097583050976 72 144 70 0.40072507500838161 32 366 31 351 34 406 35 427
234 -0.96577202259118033 2.715718879264954 3.1983143971950745 70 137 67 0.10784281232127993 32 381 31 352 33 415 30 310
235 -0.78573573696432208 2.6155195963652367 3.3713576454719254 76 146 72 0.20394557274501193 32 367 31 353 33 570 34 584 35 608 36 616 37 498
236 -0.62149555813515156 2.6754061960183129 3.3978193585486958 71 143 70 0.10282107704146011 32 368 31 355 33 404 30 313 29 284
237 -0.13114132752466059 2.6809359930460479 2.6633447258557386 88 174 86 0.091557873676448354 32 371 31 357 34 389
239 -0.69920372186765145 2.8787147591389042 2.3603138826744479 245 242 238 0.18810977352689881 28 310 32 562 31 363 33 590 34 727 36 776 37 859 38 861 30 317 29 291 27 382 26 90 22 62
240 -0.50837550502501982 2.8855224946651949 2.3332276517795836 68 130 66 0.17512823140670289 32 386 31 365 33 581 34 425 35 623 36 633 37 709 30 322
241 -0.5082204980614663 2.8854413732873518 2.3321358070653821 68 130 66 0.16482154606917468 32 385 31 366 33 580 34 424 35 622 36 632 37 708 38 712 39 805 30 323
242 -0.18462804212140541 2.8486759375514881 2.4962759546821367 250 248 236 0.24309856859268733 28 422 32 388 31 369 33 422 34 413 35 143 36 138 37 162 39 146 29 420 27 394 26 403
243 -1.3440204008406065 2.9033579915808145 2.9921195029996186 70 136 68 0.2137096737664553 28 102 32 393 31 371 34 442 35 458 36 482 37 565 38 560 39 850 30 315 29 77 25 70
244 -0.71222561600439049 2.9620752668663868 2.3239674514988842 255 255 252 0.14522951176477888 32 399 31 377 30 338 29 309 27 276
245 -0.65153829574932431 2.9849851501978359 2.3674043185672433 183 152 116 0.27882160578507387 32 154 31 379 36 195 35 184 29 105
246 -0.55090256085170775 2.8915869992171528 2.3258217777230712 74 140 71 0.24464971055082668 28 104 32 400 31 380 33 419 34 423 35 440 36 467 37 520 38 503 39 565 40 799 41 840 30 319 29 293 27 81 25 95
247 -1.7093974778145744 3.1258103920381202 2.9286738172366329 89 164 83 0.1492438079651788 32 418 31 384 33 461 34 630 35 499 36 698 37 784 38 785 39 885 40 893 41 940 42 946 43 921 44 986 45 1018 46 989 47 984 48 756 49 877 50 671 51 674 52 609 53 801
249 -1.5154806556252924 3.0330432961498519 2.9216807730260776 85 165 84 0.08180432674232696 32 406 31 387 33 450 49 639 48 718 50 637 51 664 52 586 53 561 54 521
251 -1.2105436193427483 3.0181147794337555 2.9485403601005356 64 125 61 0.035884168637838963 32 409 31 389 34 457 30 335
252 -0.78195058536778039 3.1026276552116365 3.0172249346581856 62 123 60 0.12324829172822112 32 410 31 395 30 352 29 322
253 -0.38734865409835095 3.0969420425503409 3.2376420996285589 70 134 67 0.030045650551653487 32 415 31 397 30 360 29 334
254 -1.6249918968992636 3.1676929695918985 2.8775146244106322 83 164 84 0.12987352648670741 32 419 31 400 33 463 34 470 36 526 37 786 38 787 39 888 40 895 41 941 42 948 43 922 44 972 45 1001 46 990 47 970 48 953 30 344 28 113 29 113 27 77
255 -0.66092620429889359 3.1438675626827126 3.0615968459854832 63 124 61 0.11825084425873933 28 434 32 428 31 405 33 456 30 359 29 435 27 409 26 411 25 325
256 -0.38536914797028121 3.1707927086129639 3.1947135987966164 64 125 61 0.21211268138265013 32 431 31 407 33 444 34 448 35 466 30 362 29 332
257 -0.38542665926352765 3.1708274618954664 3.193325323386436 64 125 61 0.16745480713342112 32 432 31 408 33 445 34 449 29 333
258 -0.22128362269599935 3.1987701890472748 2.9884064995800834 99 98 46 0.58674093424940932 32 588 31 409 27 180 29 173
260 -1.4057230429766709 3.3312563859596125 2.7857569465412904 160 168 108 0.2263015806466204 28 152 31 411 27 119 26 133 30 368 25 134
261 -0.65934456385639062 3.3035062634970775 2.9801943840460376 63 118 59 0.15165968919774855 32 439 31 414 34 478 35 494 37 278 30 374 29 343 27 321 26 333 25 338 24 162 22 289
262 -0.43235775146050992 3.2599790998184304 3.1227559357742645 155 160 101 0.27818195665563467 32 430 31 416 33 459 34 226 35 227 36 487 37 259 29 345 28 443 26 343 25 438 24 419
263 -0.24956001774067904 3.2631295379373735 3.0796629620437765 100 107 50 0.2794790773380319 32 209 31 418 33 237 34 229 35 467 36 669 37 736 38 734 39 817 30 376 29 174
264 -1.5005122448250352 3.4046917380612745 2.755845875237064 65 125 63 0.16123730103603684 28 169 32 446 31 420 33 485 34 656 35 701 36 713 37 795 38 798 39 898 40 900 41 944 42 950 43 924 44 975 45 763 46 753 47 743 48 721 49 622 51 647 52 270 54 195 29 326 27 116 26 129 25 131
265 -0.9758106130196138 3.4760742935260138 2.7714116373511648 88 138 72 0.090737473428184515 32 259 31 424 33 293
266 -0.49432190304626084 3.4340708882135917 3.1167309796760754 200 200 134 0.26113806803900563 28 230 32 456 31 428 33 483 34 483 37 279 30 389 29 194 27 200 26 224 25 208
267 -0.30105891042463451 3.3873968895060398 3.1723501829210052 214 216 205 0.24756943978270562 32 443 31 430 33 470 34 640 35 669 36 684 38 747 30 390 29 197
268 -1.3055240718672647 3.5522730919607786 2.8057252243492368 165 180 114 0.48615260790921855 32 462 31 432 33 499 34 502 35 516 37 614 38 622 39 693 40 685 41 424 42 409 29 349 27 414 26 412 25 319 23 115
269 -1.076728516912228 3.5299070222811619 2.7829063637392979 255 252 242 0.42640125521701416 28 356 32 463 31 433 30 382 29 350 27 416 28 449
270 -0.88902688754541526 3.513659726094823 2.8803056222333323 80 155 80 0.10263013365019195 32 466 31 434 33 492 34 498 35 514 36 306 37 320 38 316 39 342 30 392
271 -0.26366441318301176 3.5555330761873969 3.3207860682903334 173 141 104 0.22759080466845816 32 265 31 435 33 283 35 249 30 394 29 459
272 -0.28933906202116677 3.6810709686282328 3.443617774118636 251 246 236 0.37479185937332982 32 615 31 440 33 495 33 632 34 500
273 -0.26354516632810321 3.6998089906225826 3.4844603362026501 181 150 114 0.38468124303985801 32 468 31 441 33 496 35 272 30 399
274 -1.5689954490400215 3.7783484132754008 2.9688892944996996 168 135 99 0.17117102156286171 32 470 31 442 33 503 34 512 35 710 30 395 29 354 28 355
275 -0.92296496714721887 1.6925255824331624 3.2513421803675575 255 255 253 0.42384065480366312 32 483 31 450 33 338 34 678 36 572 37 411 40 466 43 799 44 1038 45 1081 46 1076 47 1155 48 1130 30 258 29 224
276 -1.055915686809241 1.8007347943403043 3.2162398990756209 137 121 79 0.71077918829018516 32 487 31 456 33 522 34 541 35 565 36 583 37 662 38 432 39 487 40 484 41 161 42 171 30 413 29 361 28 375 27 339 26 234 25 224 24 3 23 2 22 3
277 -0.0038270220617057094 2.0620875769319884 2.3976099891661091 176 200 124 0.19732710318094979 32 491 31 461 33 517 34 535 35 553 36 566 37 643 38 827 39 740 38 654 40 720 41 779 45 823 47 819 49 731 51 764 30 417
279 0.095340234312574712 2.0953110954415215 2.2819987446277703 202 200 135 0.25177539621755446 32 493 31 463 33 521 34 683 35 727 36 740 38 826 39 926 43 949 44 1016 45 1059 46 1043
280 0.034311029948311089 2.1738877379850434 2.3342778599109684 172 194 121 0.29876499123326739 32 497 31 465 33 530 30 270
281 0.10719575537516773 2.1635525674595142 2.2632425377929812 78 152 77 0.40271997215558347 32 495 31 466 33 532 34 538 35 555 36 571 37 644 38 656 39 732 40 722 41 782 42 778 43 747 44 803 45 824 46 836 47 813 48 797 49 723 52 441 53 396 54 370 55 338 56 360 57 7 58 11 59 6 30 421
282 -1.0842952878989449 2.2152249511599598 3.7105156469051206 85 169 83 0.5959398264451975 32 507 31 470 33 542 34 559 35 580 36 599 37 685 38 700 41 1004 42 1011 30 547 29 483 28 473 27 453 26 456
283 0.079991914382259721 2.4083022248554968 2.2962027354508514 182 188 123 0.51397471906418812 32 641 31 471 33 662 34 694 35 737 36 754 37 838 38 841 39 935 40 1036 42 980 43 960 45 836 30 430
284 -1.2341915266112717 2.4139572970920398 3.414000450498186 179 190 121 0.12114981627030534 32 524 31 473 33 556 34 570 30 437
285 -0.91061149927807161 2.2712760875632081 3.7061950309005525 193 194 127 0.38112994482223933 32 516 31 474 33 549 34 561 35 581 30 439
286 -0.90953598862425933 2.2686788095301584 3.7034748877128547 193 194 127 0.31163267766553004 32 517 31 475 33 550 34 560 35 582 36 407 37 464 38 456 39 539
287 -0.70522352971081115 2.2828305683646479 3.7977699636128208 184 190 121 0.2056330062844795 32 518 31 477 33 551 34 562 35 583 36 600 37 687 38 693 39 784 41 831 30 287
288 -1.8018897640852436 2.5408835815282051 3.3108667234126785 179 205 128 0.067868020629333781 28 268 31 478 30 441 29 247
289 -1.6890246021618927 2.5178759849376031 3.2955305446323964 201 207 137 0.21774047237236815 28 269 31 481 30 442 29 248 32 533 26 31
290 -0.31085165589268082 2.8059037043303507 0.31490742722895071 155 179 110 0.4265288593370728 32 655 31 484
292 -0.95703008283059332 2.6165006614748672 3.2899133964243084 172 179 114 0.19860604693676576 32 538 31 494 33 568 34 583 35 607 30 455 29 397 7 486
293 -0.53643106406320806 2.6551003597265526 3.4696189172629914 160 166 104 0.24842854444475945 32 539 31 495 33 571 34 585 35 595 36 611 37 697 38 477 39 544 30 457
294 -0.56187008201938904 2.6862162174502 3.4288429883046074 73 142 69 0.04321434887560812 32 540 31 496 30 456
295 -0.41040670738078844 2.5855478826115821 3.4988595980366965 89 175 88 0.75787952870084208 32 530 31 497 33 677 34 708 35 751 36 765 37 690 36 610
296 -0.3609455580786346 2.7182967985493489 3.4046887726624622 141 178 103 0.78813283824811819 32 543 31 498 33 687 34 798 35 911
297 -0.091876166123932734 2.6896069728526588 2.6248124285009049 171 181 113 0.34705467662332085 32 531 31 499 34 710 35 746 36 762 38 848 40 944 41 992 42 992
298 -1.7966277029615274 2.851513992005335 3.0816810339699274 188 199 129 0.4570018396013219 32 553 31 500 33 593 30 460 28 290 29 391 27 244 26 42 25 46
299 -1.3226138605304265 2.751957066630343 3.0951391343248802 73 143 71 0.13674804170222551 32 545 31 506 55 668 57 608 30 453
301 -1.7161358654582506 2.9170405757924085 3.0265040912322174 88 172 88 0.2354013386061633 32 556 31 515 30 462 27 245
302 -1.2779333763129972 2.926783022001672 2.9950000398964831 164 173 112 0.12223655088935671 32 561 31 517 35 647
303 -0.70276387968801268 2.9947305730244049 2.3532558918903503 173 141 105 0.17103517063302762 32 575 31 518 33 602
304 -0.47725658344198585 2.887350544565277 2.3455685829901025 65 124 62 0.13764412758092606 32 550 31 519 33 582 34 592 35 624 36 634 30 482
305 -0.47725658344198585 2.887350544565277 2.3455685829901025 65 124 62 0.13764412758092606 32 551 31 520 33 583 34 591 35 625 36 635 30 481
306 -1.8067535758548865 3.0951274670208169 3.049285257136138 86 175 85 1.8578169832950044 32 684 31 522 33 785 34 814 35 925 36 995 37 1090 38 1084 39 1265 40 1239 41 1294 42 1282 43 1249 44 1311 45 1353 46 1349
307 -1.5723996068939823 3.0761943794419437 2.9088027155670235 85 166 85 0.2148548173723227 32 577 31 523 33 605 34 631 35 675 49 863 48 939 50 879 51 892
308 -0.79357048951894815 3.0063787424675152 2.3300783057193049 172 141 104 0.38057041234761713 32 571 31 528 33 601 34 611 35 651 36 668 37 549 38 207
309 -0.79357048951894815 3.0063787424675152 2.3300783057193049 172 141 104 0.38057041234761713 32 572 31 529 33 600 34 610 35 650 36 667 37 550 38 208
310 -0.66953322838231411 3.009419037189994 2.3633161550122286 255 252 241 0.88786085284706517 28 328 31 530 34 199 35 206 37 536 38 539 39 587 30 480 29 417 27 288
311 -0.72198807841132528 3.1074810518850571 3.0476501474445015 63 125 61 0.10126491455045691 32 576 31 531 33 603 30 493
313 -1.4413698464722271 3.2475536443849604 2.8178722730286303 77 150 76 0.19727660742725689 28 424 31 534 35 686 27 386
314 -1.0911266916927527 3.2326232166290718 2.8448162865091935 52 102 48 1.2778701150194063 32 694 31 537 33 721 34 816 35 866 36 882 37 1032 30 357
315 -0.53372909033391613 3.1862817544577453 3.1033140339013259 64 125 62 0.075144196584397388 28 435 31 539 30 501 29 436 27 411 26 420 25 430 24 405
317 -1.4949685587384942 3.3354133497245746 2.7843079810151914 196 196 131 0.12037476846443407 28 333 31 541 27 294 26 304 25 293
318 -0.80452994889771623 3.2855952013531793 2.9211666685164279 59 115 56 0.17322706108392893 28 433 31 543 29 442 27 408 26 417 25 336 24 397 23 301
319 -0.68867880909314927 3.3146859934862301 2.9655709132915447 190 188 124 0.11024413451070425 32 595 31 545 33 619 34 638 35 681 36 681 30 510 29 527 23 394 22 391 21 400 20 372
320 -0.62929605802565414 3.2451066665011732 3.0256894500435392 63 123 60 0.17238659671872572 32 585 31 546 30 508 27 410 35 480 26 419 25 428 23 315
321 -0.56164406287820068 3.3576998951301573 2.9936023057118746 151 167 104 0.47815012088323705 32 596 31 547 33 621 26 493 25 509 24 492 21 299
322 -0.5500651338780379 3.249935247562155 3.0634187848731846 64 123 61 0.17603938557466742 28 441 31 548 34 625 36 503 29 445 25 429 23 396 22 404
323 -0.28043089260870013 3.2841083500280224 3.132379727500846 219 222 199 0.61643979615640576 32 597 31 550 33 717 34 744 35 859 36 873 37 945 38 949 39 1070 40 1056
324 -1.2867603093231279 3.4317262037281657 2.7915406272241277 53 101 49 0.067987595392471831 32 603 31 553 29 439
325 -0.930442763242459 3.408325886711868 2.7732513918738966 61 118 56 0.26909708814974626 32 450 31 554 33 275
326 -0.88471983388689313 3.4127611496345462 2.8553250988104923 56 107 50 0.12551047754368597 28 438 32 604 31 555 33 625 30 513 29 441 27 418 26 415 25 425 24 402 23 380 22 285 21 270 20 273 19 245
327 -0.89543530076356515 3.4519698657308524 2.8367125705591389 163 176 111 0.40304560670975259 28 515 32 605 31 556 34 648 35 689 36 705 30 599 29 532 27 501 25 501 24 478 23 448 21 390
328 -0.81990623718663846 3.4842701161501508 2.8942423246848161 203 201 135 0.17637315454492083 32 467 31 558 33 493 34 499 35 266 36 285 30 385
329 -0.82128863127661123 3.4854171939369398 2.8975331950818726 203 201 135 0.096701030082246939 28 451 31 559 33 494 30 386 29 448 27 430 26 340 25 347 24 305 23 313 22 288 21 286 20 275 19 113 18 73
331 -0.63615328290142825 3.4452860406447963 3.0121439005355342 83 162 83 0.21489743234178099 28 453 32 455 31 563 33 482 34 489 35 268 36 519 37 303 30 517 29 452 27 432 26 434 25 435
332 -0.33348771887299172 3.4031484700848447 3.1876365947132097 71 132 67 0.7085336241199699 28 364 31 564 33 725 35 483 36 506 30 520 29 455 27 331 26 351 25 215 24 200 23 195
333 -1.5650312382664844 3.5294342721558039 2.8211161444623878 100 196 100 0.20627814872095759 32 706 31 565 30 378
335 -1.5878554827458542 3.8218905244793664 3.0268392926683219 252 248 237 0.3966815176821476 32 618 31 570 33 504 34 300 30 523 29 355 26 194
336 0.23023918378923031 1.6656418852153621 2.1914311916606954 255 255 255 0.95256178998336372 32 620 31 572 33 735 34 667 35 712 36 726 37 808 39 914 40 917 41 963 42 967 43 940 45 1043 47 1027
338 -0.92418952891248307 1.7735419886312749 3.1994627678849938 248 247 233 0.19799126470372508 28 462 31 577 30 531 29 467 27 444 26 445 25 457 24 331 23 339
339 0.075689737244242494 1.9258878750516146 2.3504676612495596 190 200 130 0.33434697194938962 32 623 31 579 33 647 34 676 35 721 36 737 37 820 39 923 40 929 44 1011 45 1054 46 1042 47 1034 48 1010 49 930 50 950 51 957 52 866 53 856 54 829 55 741
340 -0.97779036156397225 1.8032241873519923 3.246669210271599 131 117 74 0.28152900845807322 28 377 32 628 31 581 33 653 34 687 36 752 37 665 38 680 39 775 30 414 29 471 27 342 26 356 25 364 24 330 23 206
341 -0.97727688595480511 1.8051754330427154 3.2440160118312251 131 117 74 0.38641144401318156 28 378 32 629 31 582 33 654 34 686 36 751 37 664 38 679 39 774 40 765 41 819 42 542 43 522 44 593 45 188 30 415 29 472 27 341 26 355 25 363 24 329 23 205
342 -0.034337982054283844 2.1774063696785415 2.4261812850170887 97 193 97 0.99682372980371048 32 720 31 584 33 746 34 771 35 824 37 980 38 983 39 1100 40 1084 41 1128 42 1125 43 1099 44 1163 45 1220 46 1225 47 1212 48 1177 49 1034 50 1053 51 1071 52 976 53 968 54 926 56 845 57 785 58 665
343 0.00083560663423837278 2.1356112862553567 2.381940296838541 94 188 95 0.96590980634241863 32 719 31 585 33 809 34 841 36 967 37 1052 38 1041 30 537
345 -0.072274716535889461 2.2508896477701521 2.5022254779748301 96 192 96 0.56835567880051874 32 726 31 589 33 811 35 947 36 971 37 1097 38 1096 39 1221 40 1194 41 1241 42 1224 43 1195
346 -1.3070857127675091 2.2741961588818644 3.5571437013383416 187 194 124 0.36572654944304167 32 643 31 591 33 667 34 778 35 749 36 845 30 425
347 -1.4183204948514385 2.2883300633987029 3.5452861055401201 156 190 114 0.17345714369104875 32 731 31 592 33 756 34 789 35 839
348 0.067962636332456694 2.4996319502149271 2.3479268594153293 81 149 76 0.67958875606702862 32 646 31 593 33 754 34 777 35 828 36 836 37 917 38 929 39 1049 40 1038 41 1067 42 985 43 1048 30 440 29 273
350 -1.2525102000752002 2.5272118760655475 3.2887840640541697 78 154 77 0.68382948203282024 32 649 31 597 42 1139 43 1115 57 826 58 782 59 716 60 704 2 611 30 556 29 493 26 365 27 351 25 373
351 -0.80477814567862294 2.5218115777184682 3.4669588690933475 75 151 73 0.1307151345097351 32 650 31 599 30 562 29 497 28 487 27 468 26 466
352 -0.5874639282591243 2.6030912810117397 3.4774069335687283 171 174 110 0.18040277715338104 32 657 31 600 30 563 28 492
353 -0.58813914355625285 2.6030011653898928 3.4825808973667232 171 174 110 0.28706389542242167 32 656 31 601
354 -1.3915989011751617 2.8194217762789804 3.0452253954565451 193 192 128 0.16318571185153971 32 669 31 602 34 800 35 855 55 877 30 566 29 500
355 -1.3894117286145617 2.8203459163477795 3.0414762398006614 193 192 128 0.084346041372550834 32 670 31 603 30 565 29 499
356 -0.41096262169044273 2.8790891168971204 2.3568272589039565 66 125 63 0.17182935044167882 32 665 31 607 33 693 34 720 35 766 30 484
357 -0.15364484910016024 2.8437085823801351 2.4952446442576188 157 126 87 0.18001460408606432 32 667 31 609 33 696
358 -0.82928014024506846 2.9921163024616613 2.3135371807897549 254 251 240 0.23853863560604699 32 680 31 612 33 709 30 574 29 509
359 -0.76497034235431516 2.974039445692128 2.3203034171226529 255 255 255 0.71434062422535316 32 674 31 613 33 701 34 729 35 775 36 649 35 638 30 575 28 409 29 510 27 380 26 387 25 280 23 246 22 237 21 48 20 28
361 -0.38194021186857591 2.9151255028044467 2.3772608208115313 195 195 131 0.2529270253492033 32 675 31 616 33 695 34 722 30 578 29 513
362 -0.74851324243910455 3.032385191907375 2.3766916587899209 254 250 238 0.26205529401331135 32 759 31 619 33 710 35 783 36 796
363 -1.5195486726728509 3.1755450406635881 2.8503015715192572 194 199 132 0.0037183027021491163 32 686 31 621
364 -1.5199478845430827 3.1765031388181333 2.8478638669927236 194 199 132 0.12707167195233454 32 687 31 622 48 1074 50 1015 49 996 51 1022 52 921
365 -1.4021209964988208 3.2108531639124576 2.8077752042869526 168 184 116 0.54365474594099872 28 503 31 625 26 470 25 482
366 -1.0947845076294018 3.1250593296991314 2.8835291734616635 177 178 116 0.25842710518679446 32 688 31 626 30 582 29 320
367 -0.6977900614120276 3.1526747900284682 3.0509951436978047 169 172 110 0.26990812630060962 28 510 32 691 31 629 30 592 29 522 27 492 26 483 25 498 24 398
368 -1.2642918281971753 3.3850370409619539 2.7939932796121036 168 165 108 0.17430261858222379 28 506 32 699 31 635 30 596
370 -1.385433116071793 3.6195234208110931 2.826649900545207 138 190 107 0.35703849735355431 32 709 31 644 30 605
371 -0.25171470641593807 3.5114292124786046 3.302636909660349 255 255 255 0.30355156542786116 32 703 31 645 30 606 28 458 29 458 27 438 26 438 25 451 24 428 22 336 21 343 20 323 19 174 18 157
372 -0.22211059278136808 3.5216952445676122 3.3568974378623122 166 135 99 0.55461808958193948 32 610 31 647 33 484 34 484 30 607 28 569 27 596
373 -1.1190860195960657 3.6660943816198022 2.9186661993606995 255 255 245 0.26781325834496877 28 525 31 649 29 536 27 503 26 497 25 505
374 0.13023840571590656 1.586752166518558 2.4051151568316418 158 132 100 0.13445164697871603 32 716 31 653 33 733
377 0.13553016567201359 2.1524317244885158 2.2211430148196851 82 144 74 0.59834583673592356 32 783 31 659 33 810 34 836 35 942 36 966 37 1051 38 1043 39 1155 41 1167 42 1209 43 1133 44 1204 45 1250 46 1251
378 0.0063438212902557911 2.1975297160280709 2.3700207541133627 174 196 122 0.10088656147596568 32 723 31 660 30 539
379 0.0053673108054337337 2.1988836732598398 2.3754692139838807 174 196 122 0.30367756213648228 32 722 31 661 33 748 35 891 37 981
380 -0.013018787164089274 2.2658716535669985 2.4001222986175357 187 201 128 0.84080091629508591 32 787 31 662 33 812 34 843 35 943 36 972 37 1098 38 1091 39 1223
381 -1.1551496915075588 2.2104641430649732 3.703491490858426 86 174 86 0.56569360114437783 32 640 31 664 33 663 34 779 35 830 36 841 37 926 30 616 29 482
382 -1.26558969289708 2.3601450081026614 3.448986763808374 111 172 93 0.14284101977437449 32 733 31 665 33 815 34 847 35 897
383 -1.0093542035083338 2.281742645338765 3.6576987496507352 153 182 108 0.45722053202390844 32 734 31 666 33 757 35 744
384 -1.0011550983285609 2.2895849975509273 3.6174065196729237 153 182 108 0.17491006514468818 32 735 31 667 33 758 30 620 29 552 28 541
385 -1.0025461343997342 2.3625107819118343 3.5384822294283582 111 166 89 0.4936872426320485 32 736 31 668 34 781 30 621 29 603 28 580
386 -0.85252285674202 2.3725027745116543 3.583917392185497 116 166 89 0.40122879014088131 28 581 32 737 31 669 33 759 34 844 35 893 36 922 37 1001 30 622 29 604 27 578
387 -0.62189759767808073 2.3066051811296973 3.8434552590348079 163 181 111 0.66903574389895848 32 738 31 670 33 760 36 602 35 584 37 688 38 695 39 785 42 841 30 623
388 -0.56950426597114445 2.3993856701797838 3.7236455352590521 116 169 91 1.1103431124583316 32 739 31 671 33 817 34 782 35 832 36 923 37 996 39 1113 40 1094 30 629
389 -1.7437446922123692 2.5671962273759847 3.3231220941224109 97 192 99 0.24069389207921416 32 797 31 672 33 826 34 860 35 964 36 984 30 624
390 -1.1504539607149591 2.5172531670937248 3.3175197286505544 78 155 77 0.19335135986235238 32 741 31 674 33 766 34 855 35 907 30 626
391 -0.9561837079317872 2.4417278517263172 3.4723553438394212 149 177 105 0.27934082686697204 32 742 31 675 33 767 34 790 35 840 36 846 37 1002 30 627 29 553
392 -0.84090589497437995 2.4553707393767095 3.5094752640002751 177 186 118 0.44802161204161717 32 744 31 676 33 770 34 793 35 843 36 847 37 928 38 938
393 -0.7343402865669677 2.5346077278187509 3.4833161757933602 75 149 73 0.38669064102502487 32 745 31 677 33 771 34 794 35 845 36 849 37 930 38 939 30 628
394 -0.5593653824722632 2.5498665298207133 3.5210802634869141 76 152 74 0.21838746024504099 32 746 31 678 33 772 30 630 29 561
395 -0.41097382583311604 2.5165852588784796 3.5433960516655016 209 216 139 0.28213040860915622 32 794 31 681 33 880 34 913 33 825 35 952
396 -0.41033598132512195 2.5171665449948191 3.5436632958544978 209 216 139 0.28377982661108592 32 795 31 682 34 912 35 951
397 -1.7940402493878471 2.9811140114119024 3.0708879515041252 86 172 87 0.20645352767169389 32 757 31 687 30 573
398 -0.4761153863235455 2.966452013373774 2.3820072749569152 103 167 90 0.29508225624770984 32 754 31 690 33 782 34 804 35 776 30 639 29 571 25 483
400 -0.65280472316371019 3.0678677236741132 3.0838412750469106 112 141 81 0.38183130700603801 28 504 31 694 29 518 27 486
401 -1.6743312895880398 3.1623465694207322 2.860410896798943 99 165 84 1.4639656207487217 32 818 31 696 33 902 34 964 35 1024 30 486
402 -0.76559241293438784 3.3068976493934601 2.7830812291916183 149 158 98 1.7504959421718158 28 606 31 699 30 642 29 631 27 590
403 -0.23123202651338537 3.2633561216910967 3.0812055760917678 134 125 80 0.28600654571589196 32 763 31 700 33 787 34 813 36 875
404 -1.2712360893497245 3.4391659054014672 2.7873593398308909 54 101 50 0.17365893525420914 32 769 31 701 33 798 34 821 35 871 36 890 37 960 30 646
405 -1.1717502601540055 3.5076947956078812 2.7743462775122274 172 139 102 0.81624029624648897 32 771 31 707 33 799 34 822 29 529 27 415 26 413 25 332 24 292 23 116
406 -0.24124253541401278 3.5658891306386238 3.3891192012770635 171 140 104 1.2612867179037197 32 772 31 708 33 795 34 761 35 801 36 693 37 759 38 571 39 267 29 641
407 -1.1186771483297531 3.7278947605724015 3.0581673450835392 163 132 97 0.76693125632062231 28 528 32 773 31 710 33 800 34 825 35 875 36 819 37 898 38 801 39 696 40 395 30 653 29 539 27 509 26 499 25 512 24 411
408 -0.90120606852960394 2.5086446573796541 3.4511702418971981 76 152 74 0.081142656021900114 32 791 31 717 30 668
409 -0.65250111263763078 2.552889658396889 3.4833889012503061 75 149 73 0.42872017654563327 32 793 31 718 33 822 34 851 35 900 30 708 29 654 28 625
410 -0.50257614153189878 2.5512455913506589 3.5944370394703182 80 158 78 0.38731443282515876 32 796 31 719 33 823 34 852 35 901 36 930 37 1003 38 1000 39 1115 40 1095 30 672
411 -1.1133349694739112 2.5906183919452346 3.2711208218980223 156 173 107 0.22858002725424109 32 800 31 722 33 831 34 858 35 910 30 665 28 583 29 607 25 580 24 553
412 -0.69137053912295465 2.6155827518606993 3.4138711083617856 151 168 101 0.094395925148312784 32 801 31 724 30 670 28 591 29 611 27 581
413 -0.57662629400589671 2.6174452468574279 3.4810466668407352 166 172 108 0.45582468583151886 32 803 31 726 33 833 35 902 37 1004 38 1001 39 1118
414 -1.0754180340195165 2.7755037941466347 3.1289308546092953 151 166 103 0.13191508280623584 32 805 31 727 33 835 34 865
415 -1.3416526401288633 2.8807493857957565 3.0263844829905757 70 137 69 0.26817124884295929 32 813 31 731 35 919 34 874 37 1026 38 1026 39 1135 41 1152 42 1143 30 675 29 619
416 -0.17230557714684075 3.2135231615735216 3.0126549569523653 255 255 255 0.56905003233943163 32 820 31 734 33 788 34 807 35 858 36 869 37 867 38 867 39 976
417 -1.5858960314198065 3.3115347601688487 2.8100259112571426 80 159 79 0.8143089427256972 32 869 31 735 33 935 34 967 35 1017 36 1041 37 1131 38 1129 39 1267 40 1241 41 1295 42 1280 43 1247 44 1309 45 1347 46 1345 47 1346 48 1324 49 1234 50 1242 51 1215 52 1120 53 1133 54 1029 55 870
418 -0.47300687425435384 3.2945596225423159 3.0901384840542043 59 117 56 0.38318873887135019 32 823 31 740 33 848 34 880 35 862 36 878 37 1023 38 1024 30 691 27 591 26 576 24 574
419 -0.2630789621100959 3.3605637991031543 3.1628745186272784 179 148 111 0.21982677175621185 32 825 31 742
420 -1.4886524905625991 3.5923921218720745 2.8275393490374645 99 186 96 0.31705594425253408 28 513 32 831 31 745 33 860 34 824 35 933 36 895 37 964 38 973 39 1022 40 1012 41 949 30 649 29 584 27 487
421 -1.2801844242696361 3.613589878291485 2.8610052859312027 97 179 93 0.32223527920912948 32 832 31 746 33 861 34 895 35 935 30 650 28 518 29 585 27 496 26 487 25 417 24 393
423 -1.5891014542217303 3.7420919336825906 2.9955764865038188 159 127 91 0.52667552895314695 28 563 32 833 31 749 33 863 33 914 35 987 30 697
424 -1.5807833676750205 3.7398934452980011 2.9772404589621559 159 127 91 0.4152116188693889 28 564 32 834 31 750 33 864 30 698 33 915
426 0.14735451983041753 2.0146263984412203 2.2604145657567694 76 148 74 0.77757751009396914 32 837 31 752 33 870 34 900 35 989 36 964 37 1095 38 1089 39 1215 40 1186 41 1230 42 1205 43 1183 44 1241 45 1287 46 1279 47 1238 48 1205 51 1171
427 -1.057105142247821 2.0613653955287492 3.5324473395022085 1 1 1 1.9089026441834842 28 574 32 838 31 754 34 910 35 993 33 943 36 1010 37 1104 38 1132 39 1272 40 1205 41 1185 30 660 29 679
428 -1.0786905360490631 2.1471672431160691 3.7442074394441338 159 201 116 0.88873273346936921 28 643 32 840 31 755 33 878 34 945 35 949 37 1063 30 704 29 680 27 627
429 0.00073963691823103472 2.5808365679995977 2.4659500380845807 86 156 80 0.54100435917021361 32 841 31 759 33 917 34 946 35 994 36 1011 37 1103 38 1102 39 1227 40 1201 41 1173 42 1228 43 1137 30 669
430 -1.3823252410135758 2.6971953168861202 3.1053200023463976 98 156 84 0.083516390009691618 32 851 31 761 30 710
431 -1.1125582571575829 2.6810050759436939 3.1848008096137739 112 156 86 0.36760494219905571 32 844 31 762 33 887 34 919 30 711 28 623
432 -0.96148496974235442 2.6852970332921178 3.2350895584304245 113 150 84 0.16067661791423471 32 846 31 763 33 884 34 920 35 962 30 712 28 624 29 653 27 606
433 -1.3803799424286076 2.7966741070802299 3.092382548543652 140 169 101 0.17401172942753756 32 852 31 764 30 714 29 651
434 -0.51825556708681819 2.7334556341485889 3.267835320591864 92 141 73 0.67708946139647685 32 847 31 766 33 885 34 948
436 -1.6901028525901796 2.9531577500863322 3.0039077539752843 86 169 86 0.66122154598684779 32 860 31 769 33 927 34 958 35 1006 36 1025 38 1139 39 1277 40 1259 41 1312 42 1295 43 1268 44 1324 45 1370 47 1374 50 1255 51 1280 52 1179 53 1202 30 678 29 615
438 -1.5551916436594899 3.1096227569254244 2.8922733395694409 121 176 98 0.54631335116652946 32 890 31 776 33 931 38 1122 39 1260 40 1261 42 1297 43 1270 44 1326 45 1365 46 1364 47 1369 48 1317 49 1233 50 1241 52 1117 30 720
439 -0.70480065173536621 3.1901410682641713 3.0149522869264596 159 166 105 0.84876776821333932 32 865 31 779 33 900 34 932 30 724 29 667 27 611 26 603 25 616
440 -1.2936003156379967 3.3479431739711574 2.8001713194409232 165 164 107 0.23004017052490724 32 870 31 781 33 905
441 -1.1739785283346735 3.2430399496567257 2.8160830960620014 52 98 47 0.4472556359636245 32 866 31 782 33 933 34 961 35 1016 36 1032 37 1125 30 723
442 -0.98460583234098253 3.2941697287630052 2.6353878430422877 185 155 118 1.2612304599021231 28 602 31 783 34 935 35 980 36 997 37 1084 38 1081 39 1202 41 1213 30 690 29 628
443 -0.18813056295356612 3.3214368127542295 3.1462025244473999 255 255 253 0.23759617277713876 32 868 31 784 30 730
444 -1.0198412724570991 3.4609422574256841 2.7494458833639546 255 255 255 0.73479921027526485 32 877 31 788 33 909 30 727 29 669
445 -1.0201564070537505 3.4673066995439035 2.7447937120048129 255 255 255 0.8624556153975067 32 876 31 789 33 908 34 939 35 982 36 1000 37 1039 38 1031 39 1084 30 728 29 670
446 -0.95350098301663966 3.3768007081127513 2.6845250614028826 255 255 251 0.16730496296728914 32 871 31 790 33 906 34 936 35 928 36 954 37 1036 38 967
447 -1.0548478986879106 3.5763360590092894 2.8235511286022774 128 176 101 0.25739030778766986 32 879 31 794 33 913 30 731 29 674
448 -0.45065736800420259 3.6451139556021608 3.4743995572606536 1 1 1 0.92431276211110491 32 897 31 796 33 911
449 -0.45065736800420259 3.6451139556021608 3.4743995572606536 1 1 1 0.92431276211110491 32 898 31 797 33 912
451 -1.2298623278451779 2.8789247051688984 2.9794559229073543 67 131 65 0.38373782694360109 32 887 31 802 30 736 29 682
452 -0.46942406387284119 2.9170510462363235 2.3516865035491259 167 178 115 0.47905754530353328 32 888 31 803 33 925 30 738
453 -0.32305069345450088 2.898534079739552 2.3875894617420146 147 167 104 1.2099877683142053 32 889 31 804 33 918 34 950 35 999 36 1013 37 1107 38 1058 39 1176 30 739 29 684 28 645 27 634
454 -0.9599899784623056 3.0815537964203301 2.628405144301869 131 150 90 0.78414598338355446 32 904 31 807 33 945 30 722 29 575
455 -1.5342726057456819 3.2167406184336138 2.87817041142445 140 178 105 0.35022824058784813 32 891 31 808 33 932
456 -1.387966918001774 3.2832199803709021 2.8206006616444181 68 131 65 0.74511173091280725 32 892 31 809 33 936 34 966 36 1039 37 1128 38 1126 39 1262 40 1237 41 1293 42 1278 30 744 28 646 29 689 27 635 26 615 25 610
457 -1.1514523624724862 3.4479387627237581 2.8020399192276901 183 153 117 0.67949591932459219 32 896 31 811 33 937 34 968 35 1018 36 1040 37 1130 38 1128 39 1264 40 1238 41 1289
458 -0.60531848007371147 3.4532005205407854 3.0248465298778444 127 178 102 0.63690521705974068 28 653 31 812 34 937 30 748 29 694 27 641 26 620 25 640 24 618 23 542 22 554 21 546 20 502 19 455
459 -1.6433128000361874 3.6039128977758499 2.933877765091975 218 226 205 1.1417479335104455 28 634 32 899 31 813 33 938 34 970 35 1019 36 1043 37 1133 38 1142 39 1285 30 726 29 692 27 609 26 600 25 497
460 -0.31695228824875527 3.9457296055625375 4.028358453521296 1 1 1 1.2449744573680086 28 654 31 814 30 753 29 675 27 624 25 627
462 -1.1175654219445215 1.9405071952874757 3.522747872509012 216 221 197 0.41768659966649946 28 656 31 816 34 972 30 756 29 699 27 644 26 625 25 644
464 -0.2426835524475634 3.4624578426185839 3.3029856929051014 255 255 254 1.4438136121250431 32 905 33 946 34 975 35 1013 36 1024 37 1117 38 1112 39 1197 40 1159
465 -0.30605042246519343 1.6293142691471931 3.2874643688697294 1 1 1 1.0970499037124344 32 921 31 820 33 949 34 991 35 1038 36 1060 37 1156 38 1152 39 1295 40 1278 41 1329 42 1316 43 1287 44 1349 45 1395 46 1392 47 1397 48 1373
466 -0.30453246765559489 1.6916619375311928 3.12954091841622 0 0 0 2.0822611841716951 32 922 31 821 33 950 30 764 29 698
467 -0.4201019887716117 1.8274663627637162 3.278789918060717 193 206 171 0.63443037895763466 32 908 31 822 33 951 34 981 35 1027 36 1049 37 1141 30 765 29 705
469 -0.3574997704237986 3.1252344457850469 3.0117550599256915 106 146 81 1.6867282693052772 32 910 31 826 34 973 35 1023 36 1016
470 -0.37618879558519186 3.3444829342748421 3.12654129353007 83 137 70 0.39273147342810849 32 913 31 829 33 954 30 773
472 -1.7174271736860165 2.3017361368766234 3.6396938985913554 140 204 115 1.7885981932177155 32 925 31 839 33 957 34 996 35 1045 30 782 36 1074
473 -0.55449960242854124 2.7344796799500473 3.4225477330117853 108 146 79 1.2917345497883355 32 928 31 841 33 961 34 997 30 784
474 -0.14363389745251048 2.9685539418233287 2.7588695061675699 166 175 154 1.5894671932668587 32 929 31 842 33 962 34 998 35 1042 30 785
475 -0.33757826058941082 3.6015263684157688 3.4196852117892282 255 255 255 1.5943958836597283 34 1001 35 1048 36 1069 37 1162 38 1159 39 1300 40 1273
476 -1.57562345411333 3.7260695043029237 3.1034107033352827 177 148 113 2.1130148970699767 32 934 31 845 33 967 34 1006 35 1050 36 1071 37 1173 38 1168 39 1309 28 684 30 790
477 -0.64593432814154261 2.0409306136028706 3.7945009627788737 1 1 1 1.2608272571708008 32 935 31 846 33 969 34 1003 35 1052 36 1073 37 1169 38 1163 39 1306 41 1336 30 791
478 -0.64215731467173498 2.0399064607540494 3.7725877102788035 1 1 1 0.87807632597764806 32 936 31 847 33 970 34 1004 35 1051 36 1072 37 1168 38 1164 30 792
480 0.11509790443627999 1.5513621569540055 2.4365461748686559 249 244 231 0.26279121823828755 31 2 33 1 34 2 35 0 36 0 37 1 38 1 39 404 40 0 41 445 40 1 42 448 43 424 44 470 45 477 46 485 47 481 48 494 49 415 50 449 51 474 52 434 53 11 54 371 55 339 56 6 57 8 58 12 30 0
481 -0.3520723254455641 1.8159623775281217 3.3060253179467587 228 226 209 0.16310735925813374 31 25 33 21 34 37 36 33 37 37 30 18
482 0.027799427722727421 1.9856632313993487 2.3545396213197987 188 197 129 0.18468118086209689 32 28 33 24 34 31 35 27
483 0.028221105103857891 1.9836563014409729 2.3635690352290299 188 197 129 0.22065715370147437 32 29 33 25 34 32 35 26 36 29
484 0.16372175411327433 2.0301511116799507 2.2238808789154292 66 122 62 0.5491061542718475 32 299 33 27 35 548 36 561 40 718 38 648
485 -0.97879882553083353 1.7754228439426318 3.1999964629829063 228 229 208 0.26740243213270065 31 14 33 30 34 45 35 41 30 8 28 2 29 3 27 1
486 0.077047585406567809 2.3640694991660838 2.2827829006015334 71 140 70 0.17830904031944195 32 45 33 44 34 65 35 67 36 54 37 64 38 45 39 59
487 -1.3820186861862158 2.0500610218653543 3.6810519573022096 239 233 221 0.35668714045275013 32 310 33 48 34 358 35 376 36 99 37 460 38 471 39 535 40 539 41 589 42 595 43 581 44 653 45 676 46 679 47 695 48 692 50 640 51 681 52 628 53 599
488 -0.82194085928025684 2.2513951829014989 3.7516026155860831 88 173 85 0.38172939225880914 32 320 33 51 27 356 30 429
489 -0.12507392270622589 2.4134664991208532 2.5768120677599544 159 191 113 0.21905925218043865 32 61 33 57 34 72 36 391 38 427
490 -0.10956749582391975 2.4392039600670183 2.5651658974718887 89 174 87 0.016540797848162571 32 62 33 58
491 -0.10935861043041967 2.4401928605763343 2.557775503662842 89 174 87 0.050634033166362828 32 63 33 59 35 368
492 -0.060611120584503297 2.4019802778487285 2.4531013029617821 168 186 116 0.30843872153188617 32 322 33 60 34 74
493 -1.7230303509852356 2.1603381527113013 3.7057825819895203 152 208 119 0.33343705086330272 32 47 33 65 34 91 36 421 37 490
494 -0.81869816133669193 2.3184816330410865 3.6795605516787355 87 167 83 0.2156203738079307 32 84 33 78
495 -1.1916812827487797 2.4228234107466431 3.4395281035960199 86 163 83 0.14017319956231017 32 94 33 95
496 -0.9583672448762115 2.5487166793914677 3.3680746673355331 175 181 116 0.18088298040751616 32 96 33 97 34 404 35 136 36 450 37 497
497 -0.65368092080991425 2.4521792801482873 3.6159591586747588 83 164 80 0.31297408083127226 32 98 33 100 34 102
498 -0.54292126781243988 2.5881840790662247 3.5280836476529651 170 178 111 0.2393798660269319 32 102 33 103 34 129 35 115 36 434 37 144 30 93 31 356
499 -1.3431318282747735 2.6077260994370026 3.2088050747960728 78 150 75 0.11072484739817907 32 114 33 119 34 156
500 -1.0392203358685019 2.6455274550067296 3.2303810613095334 72 144 70 0.11125817432730657 31 107 32 118 33 120 30 86 28 76 27 62 26 75
501 -0.91287658282395445 2.6078389297471509 3.3105952279494026 77 146 73 0.10214955782825288 31 109 33 121
502 -0.15155954590931114 2.726690713730088 2.7149003894264587 81 161 80 0.11476663547622759 32 123 33 131 34 390 35 413 36 417 37 472 39 509
503 -0.10065097075561513 2.7725969504858923 2.6563292318583054 69 135 65 0.1799824073861957 32 125 33 135 34 392 35 598
505 -0.8828075851736723 2.7687345499246221 3.211634826267181 70 134 66 0.037917919915389467 32 134 33 150
506 -0.34084221503665973 2.9254159466650642 2.40776029044267 87 171 87 0.15161918263874169 28 330 33 156 25 145
507 -0.2069747782856004 2.8826875711311422 2.4627196292334257 143 175 115 0.36157517362311148 31 382 33 157 30 139 29 108 26 142 28 134
508 -1.7958872728885535 2.7157449130492446 3.1813136708343221 92 177 91 0.22722973464381588 32 126 33 159 34 167 35 457 36 479 37 562 39 857 40 871 41 911 42 920 43 902 44 967 45 995 46 982 47 980 48 961 49 890 50 905 51 923 52 827 53 820
509 -1.3481892829028599 2.824117032234696 3.0482591174877562 175 181 119 0.099280879492863558 32 145 33 171 35 194 37 247
510 -1.1460394920070514 2.8929627698500822 3.0334226961812449 66 129 63 0.022013310133553649 32 147 33 173
511 -0.46469472257382505 2.9301204774110046 2.3535094155089622 199 199 133 0.21582749020022379 31 381 33 177 34 164 28 128 36 180 35 441 37 209 38 169 39 186 40 198 30 134 29 106 27 104 26 113 25 112
513 -1.5091999193111594 3.0029731789072391 2.9371388815446671 89 159 83 0.11606708608522454 32 166 33 187 34 211 35 217 51 341 50 332 52 293 53 262 54 217 55 195
514 -0.71655997703494045 3.0236889437584202 2.3771860930848017 252 249 235 0.20016337005130316 31 170 33 195 34 198 35 205 36 217 30 155
515 -0.68281015378363175 2.9920008295401708 2.3559552199945961 174 142 105 0.18824951722844241 32 151 33 197 34 176 35 181 36 196 37 228 38 205 39 207
516 -0.68268780475820323 2.9917460451895934 2.355505013377047 174 142 105 0.18694384726894059 32 152 33 198 34 177 35 182 36 197 37 229 38 206
517 -0.62238039354479779 3.0462006980105869 3.1349270906337869 110 147 86 0.62944641913434884 33 200 30 353 29 124
521 -0.75627260839499111 3.1604599481918432 3.0039777244001487 179 180 115 0.090083375255711057 31 191 33 226 30 178 29 145
522 -0.72521962356846514 3.2327167554540637 2.9838707432511886 199 197 130 0.1110547500476718 31 193 33 228 34 223 24 149 22 147
523 -0.69582091423419001 3.2347840012344475 2.9958860351883865 68 127 64 0.051252101674105967 28 185 33 230 26 186
524 -1.5249110255746723 3.1247606467482987 2.859787718164879 79 154 79 0.052236126503388214 31 162 33 243 30 145
525 -1.4037875756353078 3.1775644719365799 2.8413105350571302 77 142 73 0.12093999367255316 32 187 33 247 34 235
526 -1.0890827949357189 3.1915355505940592 2.8646714315286217 170 171 111 0.20968185754321852 32 194 33 251 34 239
527 -0.51581069373971311 3.3862678288709356 3.05189332675985 198 204 134 0.16056638330875697 31 427 33 258 34 244 24 188
528 -1.2703884563517016 3.3159480944578168 2.8197935679703021 161 162 105 0.15053332983722467 28 174 33 269 29 138 27 123 26 155 25 139
529 -1.1541835526237758 3.3840516309757196 2.699022791189277 128 95 62 0.11025953367694596 32 234 33 271 34 284 35 287
530 -1.1541835526237758 3.3840516309757196 2.699022791189277 128 95 62 0.11025953367694596 32 235 33 272 34 285 35 286
531 -0.92199863404376337 3.4606199704265244 2.8082855416112777 64 114 57 0.11215125771603898 32 243 33 294 34 287 35 290
532 -0.26483242482353653 3.6660872745996165 3.4436669838531127 156 124 89 0.40828912408751677 32 269 33 295 34 271
533 -1.4821034502815211 3.5143729811864199 2.7454335992807173 182 193 125 0.17620046754768123 31 246 33 296 34 292 35 298 36 322 37 361
534 -1.2554900392509103 3.5236526625958104 2.7673241423616304 178 180 117 0.53334943062276063 32 255 33 302 36 318 30 207 26 172
535 -1.0781625133423232 3.5606372747040633 2.8314748657778352 100 170 97 0.36242215833387181 32 464 33 303 34 504 35 518 36 543 30 231
536 -1.500687977817114 3.6987295967000744 2.9042255264019206 253 249 238 0.1438371062750258 32 275 33 308
537 -1.4649208421078446 3.7075478041849652 2.9183393569380915 176 146 111 0.19906384192072113 31 436 33 309 30 229 28 213 27 161 26 338
538 -1.4642845317223618 3.7075024567460328 2.916515816251755 176 146 111 0.18407060084101151 31 437 33 310 30 230 28 214 26 339
539 0.01185821349827626 1.6818050584277306 2.5893876899178574 201 208 136 0.19130979185595387 32 287 33 318 34 307 35 535 36 556 37 631 38 640 39 716 40 709 41 763 42 764 43 734 44 1008 45 1047 46 1038 47 1037 50 955 51 961 52 873 54 833 55 746 56 754 58 504 57 534 59 468
541 -0.061574263094330672 1.7223135261229059 2.6829170258730981 178 205 128 0.23628905083831037 32 8 33 326 34 313 35 543 36 555
542 0.1687213199399285 1.8633380625520595 2.2220911206584817 239 235 222 0.72545520954120135 32 13 33 328 34 525 35 538 36 735 38 818
543 0.008112415789476024 1.9472962749339722 2.4288352888143847 90 178 91 0.26504848147645804 32 297 33 331 34 322 35 336 36 358 37 394 38 380 40 440 50 461 52 446 53 400 54 383 55 349 56 367 57 306 58 23 59 13
544 0.057018474534908326 1.9587371244327136 2.3603200232503503 190 196 128 0.13346752296637077 31 21 33 332 30 13
545 0.05696866020082203 1.9599877343544985 2.3554939914966626 190 196 128 0.14006466446384064 31 22 33 333
546 -0.58728494179376667 1.7762371949807343 3.2222993182703443 50 99 46 0.17301670858686219 28 255 33 341 34 532 31 452 35 342 36 367 37 402 38 411 39 453 30 411 29 368 27 218 26 239
547 -0.18482393433224967 1.9515912600053689 2.8492429571986921 94 187 94 0.032620568839476415 32 31 33 344
548 -0.18482393433224967 1.9515912600053689 2.8492429571986921 94 187 94 0.032620568839476415 32 32 33 345
549 0.03049025994173088 2.4272199586533487 2.3506201161777218 145 174 104 0.16906560569737231 32 324 33 363 34 356 35 372 37 435 38 422
550 -0.88808177833744995 2.2370698936193083 3.7225700924359701 89 177 88 0.33775477539303939 28 386 32 319 33 366 34 361 35 384 39 783 27 354
551 -0.28640804644277346 2.3828903755340356 3.147151602544132 113 184 94 0.10772315090076987 32 88 33 367
552 -1.5068916519530722 2.2633066087511402 3.5466270510879903 194 199 130 0.25576907465426851 32 74 33 371 34 376 35 105 37 493 38 489 39 809 40 824
553 -1.0955367947810519 2.2500566565080602 3.6492754822506219 187 190 123 0.22946832383521959 31 314 33 374 34 369 35 381 36 405 37 478 38 472
554 -0.34133319414157948 2.4955991399858686 3.4201127868415533 129 115 74 0.3656752851859732 32 104 33 378 34 564 35 586 36 603 37 689 38 689 41 829 39 780 42 837 43 809 44 863 45 881 46 889 47 880 48 874 49 801 50 801 51 574 52 522 53 148
555 -1.1540876981278649 2.4867726106340657 3.3613878357074229 79 156 77 0.14875931888296076 32 345 33 387 34 380 35 422 36 448
556 -0.72506178855999792 2.4804873555175848 3.5289068325428929 150 175 102 0.38267197690850224 32 348 33 393 34 384 35 404
557 -0.085736598076899151 2.6561292025413907 2.6003788924403697 71 140 69 0.10072493126031294 32 356 33 400 34 374 35 393 36 414 37 457 38 449 39 496 40 491 41 539
558 -1.7541217520713044 2.6392939380622975 3.2262483830730186 166 196 120 0.38103877078579296 32 357 33 409 34 428
559 -1.1850568084020237 2.7582290426368576 3.1286598327770894 69 135 67 0.071266356569711475 32 377 33 413 34 418
560 -1.0280855237743702 2.7131974240039982 3.1793897646869049 72 139 69 0.27955036933907557 32 378 33 414 30 307 29 279 28 297 27 266 26 285 24 250 23 254
561 -1.5580318699782192 2.8774626365666425 3.0173129050336107 83 162 82 0.26423846434204734 32 390 33 432 37 564 39 641 40 625 41 694 42 686 43 665 44 726 46 745 47 718 48 716 50 652 51 663 53 560 54 544
562 -0.32094718981454468 3.1846215035997636 3.2069559169971718 73 140 69 0.2241536404583403 32 587 33 446 34 616 35 657
563 -0.24106974340472279 3.1600492659250139 3.0306443408763291 228 229 208 0.51105981601590234 32 208 33 447 34 615 35 642 36 477
564 -0.2569996353707158 3.2242964403206158 3.0962749889729007 231 231 212 0.34091102018660768 32 433 33 460 34 617 35 658 36 789 37 866 38 948 39 975
565 -1.287013390838792 3.2272754055539492 2.8317755303929255 58 110 53 0.21004377032968016 32 435 33 464 34 474 35 505 36 528 38 596 39 662 40 644 41 700 42 697 43 652 44 714 46 718 30 355 28 335 29 317 27 285
566 -0.80912895468867108 3.2513232694048497 2.582084678605626 62 119 58 0.86718692945601195 32 592 33 466
567 -0.28221095559264492 3.3350159263900081 3.1388879386472408 103 100 49 0.21113858159706372 32 444 33 469 34 467 35 482 36 670 37 745 38 733 39 832 40 965 41 1012
568 -1.221531750288017 3.3692004296483797 2.8245698606307452 56 100 47 0.2550452940216596 32 230 33 477 34 256 35 283 36 536 38 333 39 677 40 645 41 701 42 699 43 672
569 -0.80383761738976278 3.4555068083715552 2.8844738291567364 86 169 86 0.31090801893543973 32 454 33 481 34 263 28 219 35 265 36 284 30 214 29 184 27 166 26 198 25 177 24 158 23 161
570 -1.3708623527766843 3.4392826816913633 2.7621892626160425 57 105 52 0.29460015120118777 31 421 33 486 34 493 35 515 36 542 37 611 38 620 39 692 40 683 41 735 42 715 29 337 26 151 25 136 24 122 23 97 22 80
573 0.13335050144168187 1.5578002364976145 2.4097400663015325 175 146 109 0.3797523995205524 32 281 33 506 34 514 35 313 36 339 37 377 39 710 40 703
574 0.13168276197559886 1.559156142076628 2.404150407730691 175 146 109 0.30537911515831706 32 280 33 507 35 314 36 338 37 376 40 704 41 758 42 757 43 726 44 782 45 801 46 815 47 800 48 785 49 714 50 447 51 471 52 12 53 389 54 368
575 -0.10428172970157895 1.765934851656692 2.7459553165648525 192 209 133 0.88110056629109157 36 906 35 818 37 974 38 1037 40 1122 42 1210 43 1187 44 1248 45 1290 46 1283 47 1285 48 1262 49 1184 50 1203 51 1236 52 1138 53 1163 54 1105
577 -0.87682915490702173 1.7985489646854069 3.2330140938888947 204 208 199 0.79974648515726088 31 457 33 524 35 559 37 666 30 416 29 227 27 9
578 -0.932902798952852 1.8363427369241854 3.2719785053601438 229 229 210 0.59663859985310108 32 488 33 525 35 567 37 840 39 945 40 766 41 820 42 545 44 867 45 600 46 598
579 -0.19048804020382679 1.9716118543562602 2.842732774381175 93 186 93 0.63910465729790622 32 304 33 526 34 534 35 724 36 744 37 830 38 919 39 1042 40 1033 41 1066
580 0.034265504549888082 2.1717219517861013 2.3386249428074546 157 181 112 0.059600660085596557 32 498 33 531
581 -0.09471503855039165 2.1835096224317381 2.5458365937275254 159 196 116 0.23967105402038946 32 496 33 534 34 691 35 731 36 750 37 914 38 921
582 0.1063497050475728 2.4447587754783568 2.289608917920301 115 146 84 0.20577396464680509 32 329 33 538 34 555 35 738 36 755 37 839 38 676 39 753 40 744 41 800 42 796 39 936 43 766 44 811 45 517 46 517
583 -1.4538126499198269 2.0698196327157787 3.7023845051685607 184 154 118 0.53470157198042423 32 505 33 540 34 359 35 578 38 850
584 -0.17712931961981085 2.4244086550625759 2.7206121000700909 92 186 92 0.37591405363806241 32 323 33 544 34 697 36 835
585 -0.17166488047125081 2.4808888510685518 2.6984513262761007 159 194 113 0.35131462832423649 32 519 33 545 34 698 35 742 36 838 37 919 38 933 39 1110
586 -0.20278820329908595 2.4699628321213476 2.794520903545493 93 188 93 0.56469724131808186 32 338 33 552 34 699 35 741 36 837 37 918 38 932 39 1108 40 1089 41 1130
587 -0.78493889538972161 2.5681819023534516 3.4176022514036308 177 181 116 0.12556268300376225 31 489 33 558 30 450 29 389
588 -0.69157666497493264 2.5907982589188205 3.4343358788660741 161 177 108 0.2294202530177798 31 354 33 559 28 406 30 312
589 -0.37633236734086978 2.6354392663940223 3.5096540921046389 215 216 143 0.41318105177398878 32 369 33 560 34 709 35 846 36 931
590 -1.389330984686955 2.6254222124001667 3.1913560116444795 181 188 122 0.011059357776215032 32 535 33 565
591 -1.6258304970903716 2.8137210987307668 3.0648451345217556 85 166 85 0.29328204253219525 32 555 33 585 34 602 35 643 36 672 37 746 38 759 39 858 40 863 41 912 42 921 43 890 44 951 45 977 46 967 47 966 48 950 49 873 50 876 51 898 52 817 53 799 54 767 55 684 56 685
592 -1.1551648990518957 2.8162447396039751 3.0836687053011196 183 183 120 0.066048735378409579 32 546 33 587
594 -0.99132079728700129 3.2190627291560201 2.6461745697260968 251 247 234 0.68844545349888864 32 590 33 616 34 750 35 798 36 805 37 956 38 960 40 1109 41 1153 42 1144
596 -0.18893335322336424 3.5417965016894115 3.4086841948522597 233 206 168 0.34848870668130499 32 611 33 628 34 642
597 -1.5148004523977205 3.7311172881257932 2.9532668390321057 177 145 109 0.21249872044183191 32 617 33 634 34 664 35 708 36 723 37 804
598 -1.1871299002015567 3.7822103646358416 3.0395936506780439 255 255 248 0.99984995883078898 32 619 33 637 34 509 36 722 37 801 35 813 38 803 39 705
599 0.22074625705791556 1.8246181103501458 2.1391468586067073 146 114 81 0.51859974006887677 32 621 33 638 34 671 35 720 38 639 40 415 41 453 42 454 43 427 30 613
600 0.19832597164853322 1.9260949559403304 2.1433891230751296 173 144 107 0.35643744934328214 32 480 33 644 35 816 36 824
601 0.063012290106334079 1.9989077051337381 2.3451054398685378 188 196 128 0.092480818568138071 32 625 33 650 34 677 35 820 36 829 37 906
602 -0.49558066146698521 1.828814685440961 3.6217733019468836 214 221 193 1.5026058989446593 32 632 36 913 33 657
603 -0.17053002089765221 2.0423351130991838 2.78794736431704 185 199 126 1.3277602552614607 32 489 33 658 34 770 35 823 36 916 37 979 38 982 39 1157 40 1125 41 1168 42 1219 43 1198 44 1257 45 1299 46 1290 47 1292 48 1266 49 1188 50 1207 51 1239 52 1143 53 1169 54 1107 55 1024 56 986 57 924 58 879 59 757
604 -0.27312914154265533 2.432623628187931 3.0656592259396969 107 187 94 0.26951479028263015 32 337 33 670
605 -0.29587345195713494 2.5181411871785548 3.3035546970085456 218 223 202 0.53402771087821477 32 353 33 671 34 785 35 833 36 843 37 998 38 992 39 1112 40 1092 41 1132 42 1129 43 1105 44 1169 45 1225 46 1233 47 1218 48 1184 51 1147 52 1049 54 1013
606 -0.18244516330328997 2.558656749067334 2.7161378364220434 171 189 116 0.28285863011236095 32 520 33 672 34 786 35 835 36 839 37 995 38 994
607 -1.7970240197545577 2.5949025178711151 3.316695255190659 94 184 95 0.034594521576771002 32 653 33 689 34 799
608 -1.2868501628349542 2.7986874905887151 3.0845141667278968 163 175 111 0.079508357262439613 31 604 33 697 30 567 29 501
609 -1.5492084630946039 3.2416449631117823 2.8265158631078133 198 195 132 0.24893094139159405 31 623 33 720 34 755 35 806 50 1017 51 1029 52 922 30 586 29 424
610 -0.24354863197931628 3.3791452658301 3.1488880826099406 183 153 116 0.35255466103935168 31 642 33 723 30 602 29 534 28 523 27 511 26 508 25 450 24 427 23 410 22 335
611 -0.24235736017295353 3.3789236215100762 3.1471313718244445 183 153 116 0.42736100904983831 31 641 33 724 34 747 30 603 29 535 28 524 27 512 26 507 25 449 24 426 23 409 22 334 21 338
612 -0.69191395107482356 3.3974543297174016 2.9108563748664098 177 201 125 0.27576020886973374 32 702 33 729 30 516 31 560 29 450
613 -0.52133636938342587 1.6989708700282946 3.3453780110992177 141 183 107 0.48672893395266514 31 714 33 742 34 768 35 821 41 1068
614 -0.043331183123458905 2.1842650899362885 2.4333526594840102 90 179 90 0.10353428915696015 32 721 33 747 34 772
615 -0.3060928138357184 2.1975272654119369 3.1766448205014792 96 184 90 0.77812519288017057 32 499 33 750
616 -0.96157898719355184 2.240470582193935 3.7071919291496687 86 170 84 0.2697469825024405 32 728 33 751 34 780 35 831 36 842 37 922 38 935 39 1058
617 -0.96357551655400475 2.2424211297526795 3.7132358879767864 86 170 84 0.079795917998726595 32 729 33 752
618 -1.7094868841987061 2.3178003945902184 3.5067754574111571 200 205 136 0.58807343243402044 32 730 33 763 34 788 35 849 36 851 37 1012 38 1016 39 1181 40 1161 41 1207 42 1191 43 1169 44 1294 45 1342 46 1340 47 1347 48 1325 49 1241 50 1259 51 1287 52 1188 53 1213 54 1143 55 1061 56 1059 57 988 58 941 59 867 60 846 1 719 61 729 2 698
619 -0.98151831160611969 2.5109644700544438 3.3792696023292992 77 155 76 0.21257515479171257 32 743 33 768 34 791 35 842 36 855
620 -1.5849495918866408 2.9182686687079995 2.9961349385210867 82 160 81 0.56628475722207405 32 752 33 783 34 805 35 861 36 876 37 953 38 1028 39 1137 40 1111 41 1156 42 1151 43 1123 44 1194 45 1242 46 1242 47 1230 48 1196 49 1117 50 1138 51 1162 52 1013 53 1010 54 971 55 878 56 892 57 735 58 702 59 630 60 622 1 547 61 553 2 548
621 -0.73552116243697596 3.0670154273590553 2.4473176557166525 88 137 72 1.3321307599411918 32 760 33 784 30 584
622 -1.055393977197256 3.2659962345145033 2.6910000472172304 251 248 236 0.2621493435322374 32 695 33 789 34 817 37 1033 38 1030
623 -2.023608324700219 3.2670824268254899 3.4392501107108928 1 1 1 1.6421047967375506 31 698 32 764 33 794 44 1346
624 -0.06985811630737998 2.3567061225160484 2.4812897892713317 158 188 112 0.14871368897909165 32 788 33 814 34 909 35 948 36 976 37 1060 38 1047
625 -1.4218583606920832 2.365252512779124 3.4334683995284792 122 175 97 0.1938388670688457 32 732 33 818 34 845
626 -1.0696269907549458 2.5253050693653702 3.3323052850479966 78 155 77 0.14530061028673782 32 790 33 819 34 856 35 908 36 937 30 664
627 -0.89815726151449438 2.5093401868101193 3.4347254276833756 77 154 75 0.1900632472045104 32 792 33 821 34 850 35 899 36 929 37 1010
628 -1.1109576986088614 2.59219854537087 3.2659873549458744 140 169 100 0.16856301201147281 31 723 33 832 30 666 29 608 28 584 27 579
629 -1.1123831505103234 3.300532155225512 2.720463962830991 246 244 231 0.73624825394043958 32 821 33 851 34 887 35 979 36 996 37 1089 38 1083 39 1259 40 1233 41 1286 42 1269 43 1229 44 1318
630 -1.4180142860108302 3.458691882611812 2.7508734325302799 65 117 57 0.20282405799019021 31 743 33 854 34 893 35 930 36 959 37 1041
631 -1.1054473707117545 3.5212729247919179 2.7708219815664443 250 245 234 0.062552742683713677 32 875 33 856 35 932
632 0.07207237862934246 1.96872223143267 2.3417567194662778 190 193 128 0.29968678323630799 32 836 33 868 34 943 35 988 36 1006 37 1094 38 1088 39 1214 40 1185 41 1229 42 1208 43 1186 44 1242 45 1286 46 1278 47 1281 48 1255 49 1177 50 1196 51 1225 52 1080 53 1093
633 0.040923451246964726 2.0871740362989648 2.3527790112938529 82 163 82 0.88789541910144198 32 782 33 869 34 901 35 990 36 1007 37 1096 38 1090 39 1217 40 1188 41 1233 43 1191 44 1246 45 1355 46 1281 47 1283 48 1257 49 1179 50 1199 51 1230 30 614 29 479
634 -0.39143022198259531 1.9671554920727181 3.2949095587759532 1 1 1 1.7060260974205868 31 753 33 871 30 734 32 883 29 678
637 0.1153972987514536 2.3797051749703053 2.1711299370416777 141 157 97 0.47945653021707013 32 839 33 877
638 -1.5159202997521424 2.8954934108423163 2.999099143180616 81 160 81 0.45286440635320668 32 812 33 890 34 928 35 973 51 1211 50 1184 53 1130
640 -0.7800557227961662 2.8738700045125896 2.37901346317161 110 142 92 1.2949770604578612 31 801 33 924 34 955 35 1022
641 -0.70381582679377219 3.0765456316423769 2.4753757248023374 102 139 77 1.1410621628504869 28 647 31 777 33 929 34 957 30 742 29 688 27 607
642 -1.4328064001985501 3.8391672097973282 3.0227014245605872 1 1 1 2.0836637113627541 32 900 33 941 34 978 35 1026 36 1056 37 1152 32 915
643 0.056276094345112493 1.4488410832389005 2.8254399433002213 248 245 231 1.6113889713381775 32 907 33 948 34 980 35 1037 36 1059 37 1155 38 1150 39 1286 40 1266 41 1315 42 1314
644 -1.2685616402357558 2.0563502306894468 3.6038943867858091 242 243 227 0.57727093576836519 31 825 33 953 35 1040 37 1159 42 1322
645 -1.3012671442853565 3.3074474703876486 2.9304673879146002 130 142 87 2.2986192038436895 33 972 34 1005 35 1054 36 1075 37 1171
646 -1.7643710339640588 2.1775004253327195 5.6234180211044862 84 165 83 1.04838951027591 33 94 29 33
647 -3.0608356639454084 2.4825675863201901 10.05938247932205 202 205 136 2.4348994465168552 31 127 33 167
648 -3.0608356639454084 2.4825675863201901 10.05938247932205 202 205 136 2.4348994465168552 31 128 33 168
649 -1.3048486532125005 2.1471045368361823 5.2546230946065577 88 171 86 0.80573948049442268 35 399 30 285
650 -2.0611621777611453 2.0721780325895338 6.8188519810256301 167 186 116 0.23128125761073665 33 384 30 283
651 -1.0917509406464776 2.1417901854351453 3.7751334764499465 177 209 125 0.84530052832912261 28 45 31 49 33 50 32 50 31 50 27 227 26 251
654 0.0032114393757197712 1.5110185152163074 2.7900425066759715 219 219 207 0.31816572882035377 32 1 34 1 35 2
655 -0.044410516448082138 1.717113967491924 2.6444919723952305 166 202 122 0.19351476475168608 33 8 34 15 35 326 36 349
656 0.18795878879768596 1.9783874250695153 2.1598126597601559 157 136 95 0.20002675397185155 33 17 34 20 35 330 36 362 37 635 38 647 39 719 40 712 41 766 42 768 43 731 44 788 45 807 46 824 47 806 48 788 49 717 50 716 51 751 52 696 53 668 54 631 55 574 56 568 57 519 58 494 59 460
657 -0.004803880139436334 1.8783711883939462 2.4786210736483758 89 175 90 0.23693486106192926 33 15 34 27 35 18 36 24 37 393 38 379 39 421 40 425 41 465
658 -0.94841274922002916 1.7184527498188171 3.2369333758953993 185 155 119 0.65122839087950624 33 18 34 33 35 40 36 41 42 524 43 806 44 862 45 891
659 -0.095949793283326146 1.9396015437315963 2.6300154046634203 92 180 91 0.10587904736386471 33 23 34 39 35 23
660 -1.0631831594149186 1.7475362423025891 3.1893826334678694 168 137 101 0.33955081354964856 33 28 34 43 37 68 39 484 40 481 41 817 43 807
661 -1.0290267254218515 1.8172774540688088 3.2508935021435477 230 231 209 0.24089579174777831 31 24 34 46 35 51 36 56 41 159
662 0.022615985884567036 2.2327192669007516 2.3294194326051962 81 153 78 0.08143663601881207 33 39 34 51 35 47 37 407 38 399 39 439 40 446 41 488
663 0.060692712163500306 2.1822684982702554 2.2974035656434024 75 143 72 0.10870061167035654 33 35 34 52 35 38 36 40 37 43 38 30 39 36 40 45 46 42 47 41
664 0.1766764782643469 2.2338817114331286 2.1791354026249894 250 247 235 0.9015758488789356 33 352 34 54
665 -0.16769071185287585 2.2575067677064524 2.7027218323502655 175 193 120 0.067347615476713002 33 42 34 60
666 -0.038844277324918408 2.2629365343790546 2.4384140190786732 195 196 130 0.20961476228094444 32 43 34 63 35 61 36 51
667 0.078028604952579905 2.3639285932846357 2.2868986492431822 68 132 66 0.13638862049035283 32 46 34 66 35 68 36 55 37 65 38 44
668 0.11030352787969833 2.3905793757591951 2.2565056577013198 63 120 59 0.14282344539915495 33 362 34 67 35 364 36 381 37 427 38 406 39 448 40 77 41 69 42 79 44 58 45 62 46 46
669 -0.10163728884404721 2.4051615810842502 2.5466902644972405 85 167 84 0.22788645220116921 33 56 34 73 35 367 36 81 37 83 38 75
670 -0.051517938334684987 2.4218323918806726 2.4550151722291678 80 157 79 0.19782678075741295 33 61 34 75 35 371 36 394 37 434 38 429 39 469
672 -0.68314393567739085 2.2389319947325483 3.8604876425993422 88 125 63 0.17967237725139593 32 55 34 80 29 38
673 0.053635447891064614 2.5850302381422203 2.3917689352753477 243 243 229 1.0009851067351798 31 96 34 89 35 85
674 -0.86409163655811683 2.259852407980715 3.7260971842810666 187 194 126 0.17003508883405266 33 76 34 97 36 105 37 119 40 176
675 -0.69582532553760679 2.3207816835125565 3.7545465258334034 90 172 85 0.31325308208630537 33 81 34 101 36 108 37 121 38 102 39 135 40 156
676 -0.031553294957552547 2.6273230980001587 2.5249307943033124 68 130 64 0.22350606025691602 33 90 34 110 35 103 37 112 38 86
678 -0.42597621573901856 2.5425237840460504 3.6685760243300454 207 214 139 0.11595070957053472 33 104 34 130 35 114
679 -0.25180083624312477 2.6722067822766271 3.1638381528658561 222 223 207 0.26564738040319458 33 108 34 132 35 409 37 468 38 462 39 523 40 516 45 588 53 463
680 -1.626293764898753 2.4398228474030823 4.919517936969096 188 191 125 0.84617465375946987 34 144 29 52
681 -1.3440602739443419 2.4222539496250595 6.7942587978922973 171 178 114 0.16666505679513177 31 112 34 145
682 -1.0852344942598837 2.5104644606890369 5.5781076593195236 171 178 114 0.97202200539432204 31 113 35 134
684 -1.3553386552549092 2.8447362388663797 3.0327126764252754 80 154 78 0.19988325494518064 31 122 34 171 35 196 39 284 51 307
685 -1.1602462700973513 2.7701309633392692 3.124465743253892 70 135 67 0.22405610262509404 32 132 33 146 34 173
686 -1.801864329611166 2.8230408457526783 3.1144683066459642 146 181 108 0.26185098182674149 33 164 34 184 40 637 46 784
687 -1.8018227908473505 2.8218122903402514 3.115842039352636 146 181 108 0.12738758625898322 33 165 34 185
688 -1.7807359989798801 2.7701545931031966 3.1403098421367712 102 169 91 0.057207444169638522 33 161 34 186 35 190
689 -1.7834509471997737 2.7700444579397532 3.1504262959635332 102 169 91 0.026288792638099606 33 162 34 187
690 -1.3890967484165277 2.8506384450819775 3.0261111984056561 201 202 134 0.087186559014711937 33 170 34 190 35 193 36 205 37 265 38 255 39 286 40 305 41 322 42 332 43 311 44 324 45 333 46 337 47 331 48 343 49 309 50 297 51 308
691 -1.3575689747916653 2.9711195213512056 2.9690994482043136 79 149 75 0.045759036779236123 33 189 34 191
692 -1.0888094832801876 3.0075565228401624 2.9930078779040468 70 133 66 0.049867753969564332 33 194 34 194
693 -0.44782929015248552 3.1487435961515486 3.1587883490150612 72 137 68 0.17136519482076229 31 198 34 201
694 -1.9456194259960771 2.9895444850933997 3.2850439133037512 224 224 201 0.31614480628021441 33 212 34 204 35 484 36 521 37 586 38 599 39 679 40 672 41 738 42 737 43 709 44 768 45 1023 46 1016 47 1013 48 991 49 915 50 917 51 725 52 672 53 630 54 591 55 541 56 524 58 217
697 -0.30744501702572657 3.2678468056514069 3.1825246200387176 101 137 74 0.18983564848604634 33 236 34 228 36 489 37 235 38 210
698 -1.0743924981607629 3.21084349507391 2.8827873473136942 179 178 116 0.072037457560623339 33 253 34 240 35 240 36 263 37 296
699 -1.6853059571844184 3.184539561767338 2.8983956641285293 74 144 70 0.10608998001609743 33 240 34 245 35 253 36 292 37 329 38 340
701 -0.97269699387083142 3.3339592831606377 2.6330172891965695 185 155 118 0.21627731608184744 32 239 34 257 35 262 29 341
702 -0.7946378160027181 3.4183869044602195 2.8610930565983357 63 117 58 0.045661937425515255 33 280 34 262 29 183
703 -0.74420067414808266 3.4487209176678517 2.9238583847479704 97 177 92 0.073202449407021211 28 223 34 267 29 188 27 190 26 202 25 184
704 -0.74420067414808266 3.4487209176678517 2.9238583847479704 97 177 92 0.073202449407021211 28 222 34 268 29 187 27 189 26 201 25 183
705 -1.0711704481226716 3.4555139587392056 2.7187386239007001 189 160 123 0.25877269341815295 31 232 34 286 35 289
706 -0.96878610277893884 3.7243173554945854 3.080131213950851 162 134 101 0.25307771594851902 33 304 34 295 35 305 30 398 29 358 27 206 26 227
707 0.20443178241724919 1.7525481710419908 2.1608575378478805 106 72 41 0.14857015949360708 33 324 34 306 36 346
708 0.25676347083963752 1.7885957919091671 2.1640315356895825 219 184 140 0.35176631748882031 33 509 34 310 35 320 36 8 37 3
709 0.036666922722940531 1.8423236629865827 2.441106555795312 88 172 88 0.13795397005247761 33 327 34 316 35 544 36 558 37 632 38 642
710 0.042117141469054487 1.9104904698324683 2.3935460893317146 85 165 84 0.081147896647823611 33 330 34 323 35 328
711 -0.20783113326508754 1.9403664630044064 2.8887359196529934 190 196 126 0.14285458270324597 33 343 34 328 35 343 36 368 37 646 38 659 39 745 40 736 41 791 42 799 43 769 44 820 45 844 46 854 47 841 48 825 49 754 50 767 51 794 53 708
712 0.15869631460702344 2.2274990030022312 2.1876367059429636 70 125 62 0.18323214241813415 33 36 34 341 35 556
713 -0.13928654015355998 2.273498747805637 2.6595364336051905 187 195 125 0.12140657383392706 33 359 34 349 35 568 36 585
714 -0.5244542211209402 2.2470728595309977 3.9515192580382572 0 0 0 0.30872156682818097 31 333 34 362
715 -0.52503842711125603 2.2375860787282824 3.9761813849223171 1 1 1 0.79577833067967074 31 332 34 363 36 398 39 500
716 -0.54065348601789676 2.3167468354213896 4.032697720853327 181 205 124 1.2761287006749671 33 377 34 371 35 585 36 594 40 782 41 832
717 -1.267633686412019 2.3850070439047433 3.4234217882899203 84 164 82 0.11415513843502025 33 385 34 377 35 400
718 -1.0292865594565235 2.4740647935280919 3.4077154472075351 182 185 120 0.12666784924212229 33 391 34 381 35 402
719 -0.94423160133203177 2.4643117411764548 3.4688105243322429 165 179 111 0.1448769068384389 33 392 34 383 35 403 36 430
720 -0.61524207227635253 2.5076083802789322 3.5414936369834598 173 180 113 0.10336192911214603 33 394 34 385
721 -0.069906266877713563 2.7487788692241213 2.6327263824145768 162 167 102 0.1982020029466797 33 137 34 391 35 600
722 -0.10055069403340289 2.7732198599998483 2.6580930064831492 65 128 61 0.12655377475419247 33 136 34 393 35 597
723 -1.363209198419193 2.4676945825896475 3.3177918814529979 171 183 116 0.053916024317493254 33 386 34 400
724 -1.2110336673825768 2.604019317116252 3.2280460206248724 75 145 72 0.0077020307230138176 33 402 34 401 35 434
725 -0.98466904709307301 2.6475911115712343 3.2758020879812402 73 144 71 0.15782148251189321 31 350 34 405 35 426
726 -0.89919937566140273 2.7402677605570229 3.2261795368503106 69 137 67 0.065735241459216012 33 416 34 421
728 -0.82468218228891899 2.9586376268491406 2.2845877550910276 178 147 111 0.091399711795961056 33 427 34 438 35 449
729 -0.21938824476113825 3.1483541739961538 2.965302980377122 94 94 46 0.40553255340713695 33 210 34 452 35 453 36 656 38 865 39 971
730 -0.21817740675874633 3.1468083518301855 2.9706777500809975 94 94 46 0.21915143053749553 33 211 34 453 35 454 36 657
731 -1.7696978915762187 2.9300456801162071 3.038176004867216 196 197 131 0.13768968879198687 33 181 34 454 35 214 36 507 37 588 38 591 39 653 40 658 41 709 42 707 43 697 44 756 45 769 46 768 47 758 48 753 49 675 50 375 51 693 52 350 53 315
732 -1.7149825118101014 3.0100283109350983 2.9749982588208232 177 190 122 0.29201386188562217 33 448 34 455 35 486 36 508 37 589 38 769 39 882 40 886 41 929 42 936 43 906 44 969 45 999 46 985 47 983 48 964 49 874 50 890 51 901 41 1044 52 818 53 802 54 757
733 -1.3347705389002102 3.2723915394035279 5.9972336779100557 68 124 62 0.90182565690999672 31 195 34 464
734 -0.53492224361978413 3.1846229896031342 3.1062921715519316 69 136 67 0.062958338447138024 33 457 34 465 35 464
736 -1.5976206000836926 3.432751446864784 2.7940602603117237 175 205 127 0.3369012573724281 33 288 34 501 36 817 37 897 38 972 39 1091 40 1077 41 1162 42 1120
737 -1.5638152311260234 3.5859294884333499 2.8625927863241856 101 196 99 0.22372154623782123 33 300 34 506 35 703 36 719 37 802 38 806 39 910
738 -1.620225062703297 3.6221140801026137 2.8903976371609561 255 254 242 0.34304618601597142 33 307 34 507 35 704
739 0.1379417593791788 1.7157544553621926 2.3334297207656576 238 238 225 0.30654180653530877 33 3 34 521 35 532 36 552 37 812
740 -0.17268812743958206 1.8622172401557888 2.8588586587361333 179 201 125 0.0038562996080470854 33 22 34 533
742 -1.0558092158803307 1.8037020891577487 3.2255401753966932 123 111 64 0.3582414901445915 33 523 34 542 35 566 36 584 37 663 38 433 39 486 40 483 41 160 42 170
743 -0.13516593118788495 2.1911966378363568 2.6559899460353309 181 198 124 0.10153881200218169 33 353 34 547 35 563 36 577 37 656
744 -0.18054407434794276 2.3365580891078341 2.7596507991682886 168 186 114 0.030064243012040987 33 535 34 551
745 -0.20646198269920926 2.4147566751328333 2.7900093888678814 181 187 118 0.12044244309796751 33 368 34 557 35 576 36 592 37 677 38 685 39 777 40 760 41 813 42 826 43 795 44 843 45 861 46 873 47 858 48 839
746 -0.019154997440626598 2.5796193288822393 2.4933384015897695 68 132 66 0.15552215263868319 33 554 34 565 35 577 36 595 37 678 38 687 39 483 40 480 41 518 42 514
747 -0.019097238796353111 2.5795293386110658 2.4933283790433944 68 132 66 0.15614105526241928 33 555 34 566 36 596 37 679 38 686 39 482 40 479 41 517 42 513
748 -1.3630395763877881 2.356951459048946 6.764454967768267 190 190 125 2.7342629098206936 32 529 35 604
749 -0.63804220919623222 2.9294660098385839 2.3235454866181646 108 142 82 0.21712949797625214 32 397 34 597 35 639 38 722 39 584 40 552 30 339 27 278
751 -0.73439524406951762 2.99871088894951 2.3472432437745265 185 154 118 0.31127545479989377 32 683 34 612 35 652 36 651 37 534 38 536 39 231
752 -0.73439524406951762 2.99871088894951 2.3472432437745265 185 154 118 0.31127545479989377 32 682 34 613 35 653 36 652 37 535 38 537 39 232
753 -0.41333913273253375 3.1872825794485302 3.1532673430523399 140 159 96 0.16591687973575639 33 608 34 614 30 502
754 -1.7228128973429009 2.9177748382598208 3.023980461129776 80 157 80 0.19466609907629517 33 594 34 618 35 661 36 688 37 764 38 768 39 867 39 1009 40 885 42 935 43 905 45 998 45 1126 46 1117 48 963 48 1084 49 1001 50 1024 51 899 51 1034 53 800 54 768 55 685
755 -1.3803597852922931 2.9873508643976576 2.9419945267583554 78 150 76 0.051868861953521687 33 596 34 620 35 663 36 675
756 -1.895346398163958 3.1297236158943584 3.2156390022872681 234 238 218 0.16547441055492021 33 609 34 628 35 684
757 -1.8262413724461155 3.1402300920473651 3.0881352343626252 106 209 107 0.82257775497838015 33 238 34 643 35 802 36 889 37 1038
758 -1.8326557183352301 3.2165226992172675 3.1888253277676264 135 208 129 1.3925626062660761 33 471 34 645 35 693
759 -0.37955007321376533 3.4924243182308423 3.2130927295781584 254 253 244 0.53212884584747011 33 627 34 650 35 497 36 520 37 575
762 -1.373492355174595 3.4097116810106023 2.7593552967466799 169 175 114 0.49752282367994477 28 428 33 629 34 659 40 901 43 912 46 733 45 745 30 507 29 438 27 397 24 279 22 367 24 465 21 246
763 -1.1458203522194395 3.5256241016142682 2.7806193168141391 255 255 248 0.16865566199534443 32 612 34 663 35 702
764 0.062550894898462772 1.7303584947559645 2.4836793349946849 164 194 118 0.069660506635416411 33 641 34 668 35 717
766 -0.16115323751575453 1.9820819121688351 2.7703137651428289 167 194 118 0.17989675864714563 33 528 34 680 35 725 36 743 37 909 38 920 39 1039
767 -0.17733535123022229 2.4250646820164081 2.720023316048338 89 181 90 0.39493712254246338 33 543 34 696 36 834
768 -1.2632266340751368 2.1818371889843977 3.7007994314984622 107 147 73 0.5927078660103543 31 663 32 315 34 701 35 829 36 840 37 924 38 851 40 958
769 -1.7931637192463781 2.2882343117718715 3.598500008725535 93 185 94 0.56613222492063509 33 673 34 704 35 752 36 860
770 -0.77378165745656402 2.4839501347736439 3.4929130707207188 151 177 104 0.21643682386667731 33 675 34 706 35 750 36 764 37 848 39 958
771 -0.8103296597778894 2.528105993685041 3.4758769087442403 77 155 76 0.4684119560842302 33 676 34 707 36 848 35 844 37 929 38 942
772 -1.223969049285391 2.5056265282849473 3.3399747771460779 78 154 77 0.15030944477816433 33 674 34 711 32 648 31 596 35 753 30 557
773 -1.0110661877323588 2.5641880573375362 3.3524482632012296 183 187 121 0.0055070055527842183 33 683 34 712
774 -1.0094467433513896 2.5644343527397297 3.339911889710534 183 187 121 0.10742921206897456 33 684 34 713 36 769
775 -1.6938015854792305 2.582929852691783 3.2561785123371192 90 178 91 0.28218393730289842 33 690 34 716 35 770 36 863 37 948 53 1086 54 1039 55 958 56 970
776 -0.12473601780319699 2.9615454547340145 2.5961352730202916 230 229 210 0.37820714038236702 33 706 34 724 35 442
777 -1.5981013313993491 2.8673111902487101 3.0444608235881514 209 206 139 0.01157673053831597 32 557 34 732
778 -0.35667189145101214 3.1379486060100708 3.1147216935450484 93 150 79 0.3031635368091164 33 712 34 736 35 656 36 654
779 -1.5559061063924617 3.0297075500526756 2.9296513807364213 199 202 134 0.22193148861936143 33 713 34 737 35 794 49 994 50 1014 51 1027 52 920 53 917 54 877 55 786
780 -1.5565390097809426 3.0298675148293785 2.9307812375799327 199 202 134 0.097131250201452524 33 714 34 738 35 795 51 1028
781 -0.41489680192740785 3.386716033040261 3.1605207274653035 90 176 89 0.95804328533023586 31 705 33 793 34 752 35 793 36 683
782 -0.4142385183312795 3.384035188326632 3.1271249195817172 90 176 89 0.7150489039166178 31 704 34 753 35 792 36 682 39 617 30 696 28 609 29 639
783 -0.16620292017794555 1.9222087805182575 2.7908032937382896 92 182 92 0.2403135096862119 33 744 34 769 35 822 36 911 37 976
784 -0.21948673145034681 2.1385439015351415 2.8867108166648259 155 189 111 0.399112713205096 33 745 34 773 35 892 36 917 37 986 38 988 39 1159 40 1127 41 1172 42 1163 44 1206 47 1242
785 -0.10824289838040335 2.3001682259039229 2.5558395158485401 89 179 89 0.86804594618861974 33 660 34 774 35 826 36 919 37 988 38 989 39 1104 40 1086 41 1169 40 1128 42 1159 43 1135 45 1252 48 1209
786 -0.15368560458562361 2.370298596927249 2.6720111100042918 89 180 90 0.36952608044895563 33 664 34 775 36 920 38 1051 39 1226 40 1200 41 1245 42 1227 43 1204 44 1264 45 1307 46 1300 47 1297 48 1271
787 -0.30952292815884375 2.4346507167702751 3.455350013610833 215 220 198 1.2424643006960232 33 761 34 783 35 894 37 1062
788 -0.98139650436746395 2.5097855056262888 3.3855618534030452 76 152 74 0.12799907529957777 33 769 34 792 35 841 36 854
789 -0.01240494234436601 2.7283867617850359 2.4630595794737857 158 135 94 0.60725198383914425 31 684 34 795 35 836 36 844 37 921 38 934 39 1055 40 1047
790 -0.8912122005306693 3.4035747579871156 2.7791745877157221 59 105 51 0.15609059618272753 33 852 34 820 35 807 36 704 37 597
791 -1.4967059095518045 3.4438600994675519 2.7546641767195363 113 145 84 0.3074876131222527 33 796 34 823 35 874
792 -1.1199458663657222 3.7785088562375648 3.0660056304398351 255 255 252 1.1118607127222653 32 775 34 826 35 876 36 896 37 899 37 966 38 907 39 1021 41 737 29 590 27 565
793 0.13290103713035722 1.5832333484861192 2.4264529556971204 176 149 117 0.25586005177420879 33 734 34 829 35 880 36 901 47 1205
795 0.027705317045779665 1.783615652761074 2.4814723886727719 185 198 127 0.33254781960556223 33 739 34 832 35 884 37 1048 36 962 38 1036 39 1152 40 1120 41 1227
796 -0.14072063622042705 1.8808594876963913 2.759612845450103 92 183 92 1.1502572964776536 33 743 34 834 35 885 36 909 37 1049 38 1040 39 1218 40 1189 41 1234 42 1214 43 1192 44 1251 45 1294 46 1287 47 1290 48 1264 49 1186 50 1206
797 -0.51352268261774525 1.8039468573343533 3.2614343076717018 113 142 78 0.28357435131745706 33 805 34 835 36 910 37 978 30 657 29 598
798 -0.40054005818134319 1.9104666704527924 3.5604312171900361 1 1 1 1.1073625214254359 32 785 33 807 34 838 35 888 36 914 37 1053 38 922 37 834 39 1047 40 757
799 -1.2566663613929487 2.4480788725481806 3.3517177344105091 178 188 121 0.35945340430828909 33 765 34 848 35 906
800 -0.89813571292510397 2.5090901034590898 3.4339297223746481 77 153 75 0.18473481478827997 33 820 34 849 35 898 36 928 37 1009
802 -0.10454838920527326 3.053327177321826 2.7709386148373727 255 255 246 0.14420223904680071 33 842 34 873 35 852
803 -0.41562333479786551 3.0787411080695288 3.0052817875360316 75 141 70 0.13802581346619702 34 876 35 640
804 -1.7730776489925453 2.9784142101902646 3.0144872236752778 76 152 76 0.13180196112249848 33 844 34 878 35 924 36 950 37 1088
805 -1.7705452937327149 2.9757191086821981 3.0136766351255275 76 152 76 0.47848461295211192 33 843 34 879 35 923 36 949 37 1087 39 1205 41 1221 42 1200 45 1278 46 1274 47 1274
806 -0.26088863759014147 3.3545602507603518 3.1832092892318635 182 154 116 0.21083177272668144 33 850 34 881 35 922 37 952 38 952 40 966
807 -1.2697403817688369 3.2471167806189265 2.8290871704559231 57 108 53 1.65897751785959 33 846 34 885 35 927 36 953 37 1034 40 1113 44 1189 45 1238 46 1196 47 1176 48 1141 30 687
808 -1.2782124989494006 3.2552628336732967 2.8259318689605073 57 108 53 0.19334049637930981 33 847 34 886 35 926 36 952 37 1035 30 688
809 -0.83402228456234839 3.4562397838342731 2.8528157207428295 166 197 120 0.81944519676498029 32 827 34 888 35 929 37 958 38 894 39 861
810 -1.4185455151166435 3.4593102441632406 2.7578056077865991 67 111 57 0.12836304706982024 33 855 34 894 35 931
812 -1.5518594545934126 3.6565414110894903 2.9084756887400092 255 255 238 0.12950681532516028 33 862 34 897 35 936
813 0.050228212914289749 1.8708005357923989 2.4091607876460284 118 176 97 0.40183894654720598 33 804 34 898 35 941 37 1093 38 1087 39 1213 40 1184 44 1240 45 1285 47 1355 48 1332 49 1248 50 1265 52 1132
814 -0.41714097838835068 1.9130029335086642 3.6548227589225459 0 0 0 2.1265295244043463 33 872 34 902 37 1099 38 1097
815 -0.13247502819960724 2.2360537973012762 2.6457423495748671 140 187 106 1.1719562495769902 32 725 34 907 35 946 36 975 37 1059 38 1095 39 1224 40 1197 41 1240 42 1222 43 1201 44 1260 45 1302 46 1293 47 1295 48 1269 49 1191 50 1152 51 1176 52 1084 54 998 55 919 56 853 57 791 58 670 59 600 60 465
816 -0.98241452433851606 2.5884736009499361 3.2875503390572951 170 180 114 0.29181042424048326 33 883 34 915 35 957 36 978 30 667 29 609 27 580 28 585 26 566
817 -1.9482951281324219 2.7816671940301583 3.1666552828696188 1 1 1 0.072767205948876562 33 919 8 545
818 -1.1180686688492278 3.1526191603134577 2.8367690293413048 172 174 113 1.0191351207168966 33 899 34 933 35 977 37 1083 38 1119 39 1255 40 1172
819 -1.4092125072231907 3.3719796001198032 2.7889389102537234 163 172 111 0.37290314249857565 33 904 34 938 37 1092
820 -0.30012210912960413 3.9504859680135174 3.9706206127249835 1 1 1 0.67871158134314014 33 939 34 969 35 985 36 1002
821 -1.4786372176891887 3.8695151412781787 3.2343118107523141 0 0 0 1.6765067832570839 32 916 33 942 34 979
822 -0.86958358602984398 2.2426470707833146 3.7018145776237867 176 191 121 1.9870090840072183 34 983 35 1041 37 1160 39 1290 41 1319 30 767 29 701 28 664
823 -1.4922037039084168 3.3378296702041617 2.7759729705139597 194 193 129 0.27630235135770398 28 334 31 540 34 654 32 598 33 623 35 694 38 796 39 896 40 897 41 943 42 949 43 911 44 973 45 1003 46 973 47 956 48 942 49 856 51 881 50 638 52 576 53 546 54 499 55 439 56 148 57 108 58 102 59 79 30 505 29 327 27 295 26 305 25 294
824 -0.64791811736477589 1.7439552068544149 3.2068589451063771 65 125 61 0.19238126983709225 28 251 31 290 34 529 32 484 33 515 35 549 36 567 37 645 38 665 39 754 40 745 41 801 42 821 43 787 44 838 45 871 46 882 47 866 48 869 30 409 29 226 27 343 26 357
825 -1.4027342332367148 3.1773571399339784 2.8383246063231402 65 119 60 0.11205708917210243 32 188 34 236 40 349 37 314 42 375 44 382 45 361 46 363
826 -1.6536691247136754 2.6563219779878287 3.1769386906838983 90 174 89 0.044782314881504338 33 408 34 429 36 480
828 0.18134095553473778 1.7203508475778586 2.1791292388162553 183 153 116 0.15219743558975454 34 7 35 3 36 3 37 2 38 3 39 406 40 414 41 450 42 451
829 0.01205138616368534 1.6400369018838319 2.6593204648651434 97 188 96 0.34485418352757241 34 9 35 8 36 350 37 381 38 366 39 408
830 -0.095783165097981515 1.783849304188543 2.6907211798147492 193 201 131 0.11790498919600685 34 16 35 17 36 356 38 378 39 427
831 0.16909941924536526 1.8886634270806577 2.2852886879777166 70 128 65 0.19541837890440056 34 19 35 20 36 353 37 390 38 376 39 416 40 422 41 461 42 467 44 10 47 484 48 8 49 418 50 450 51 6 52 433
832 -0.18728397034173594 1.7291295407478855 3.1670847772827937 236 237 217 0.38111624847612352 34 22 35 21 36 27 37 31 38 27 39 34 40 442 41 483 42 485 43 459 44 518 45 841 46 853 47 838 48 835 49 947 47 1049 53 443 54 92 58 69
833 -0.90689923403003103 1.8116871814096889 3.2372036105553352 161 139 101 0.14002335800453961 34 48 35 42 36 44 38 68 39 82 40 111 41 135
834 0.022548532646681385 2.232715254906541 2.329299367478447 76 143 72 0.089626606944274698 33 40 35 48 37 408 38 400 39 440 40 447 41 489
835 -1.2068439823545511 2.2713418587341714 3.571095644125573 165 187 114 0.23960821094426085 34 370 35 86 36 427 37 479 33 372
836 -0.83163584434947702 2.2779706828588813 3.7422070990669294 168 188 116 0.33600283408628967 32 333 35 88 38 100
837 -0.89115156368683035 2.2962785420021015 3.662129065290936 183 190 122 0.27918978486103319 34 96 35 89
839 -0.031708910239579668 2.6272185262678094 2.5237943262186797 66 129 63 0.19516706588690319 34 111 35 104 38 87 39 107
842 -1.8109819267726626 2.263366638171318 3.6017318133029792 89 176 86 0.26680310941708441 34 112 35 123 3 367 5 142
843 -0.84479054800558273 2.8065024670125425 1.9482778929233258 78 141 71 2.8959958675177528 31 124 35 160
844 -0.27516988972608569 2.9075059957089757 2.4216780368278132 176 204 127 0.21513656912735324 34 165 35 167 36 158 37 188
845 -1.5555800973329381 2.6846197402413083 3.1697896944264463 87 167 85 0.17634546126961545 33 141 35 169
846 -0.95823409339892329 2.835164264666366 3.1242300940392109 173 176 113 0.03679765856949397 34 175 35 179 37 222
847 -1.5989523534198125 2.8195367805856613 3.0554640468417102 82 158 80 0.10204883299286967 34 189 35 191 36 227 37 264 52 324 53 293 54 251
848 -1.1457157745286688 2.8933406729245332 3.0297566898502701 74 143 72 0.082651164458585433 33 174 35 199 36 209 37 250
849 -1.2128035446063496 2.9489755078578632 2.9970043201339847 75 143 72 0.12128139090461977 33 191 35 200 36 210
850 -0.35295987835798437 3.2705230621044752 3.1508046949496213 178 176 112 0.25321992161795392 34 227 35 210 27 179 26 209
851 -1.5094034771897078 3.0040278056635588 2.9378999935966412 78 151 77 0.067060748086665303 34 212 35 218 37 290 51 342 50 333 52 294
852 -1.6292460024995723 3.0303508832610735 2.9442121956438112 204 202 136 0.088222988880262462 34 210 35 232 36 255 37 309 38 302 39 333 40 361 43 376 49 331 50 352 51 366 52 328
853 -1.4777953004475293 3.3873991754842527 2.7614151339902389 66 125 63 0.1685554473718715 34 274 35 280 36 310 37 610 38 343 39 691 40 684 43 695 42 731 30 189 32 228
854 -1.3236145911050918 3.3334762321393088 2.8040938668090072 205 199 134 0.19328037256043828 34 254 35 281 24 105
855 -1.1817881865065536 3.3883288321853295 2.7351089939824922 185 155 118 0.4180364790695732 34 283 35 284 37 343
856 -1.2627602990134752 3.7475192221702067 2.9827672171839636 183 153 118 0.16838651750383127 31 265 35 308 36 324 37 365 38 357
857 -1.6428513536776597 3.8811780208129361 3.1132957929956193 180 150 113 0.16096141323141636 33 316 35 312
858 0.25845346470742075 1.7006365105209882 2.1875221278571346 255 254 225 0.27693178035405674 34 303 35 315 36 341 37 380
859 0.16638127572754285 1.6693857605392133 2.2208793612984747 119 87 58 0.2290878759657736 34 5 35 316 36 340
860 0.16737996130328264 1.7169707705915758 2.2264969187359362 144 111 76 0.12852236687129157 34 8 35 318 36 344 37 628
861 0.22300300117902344 1.7180925082846155 2.1591979738436491 123 93 66 0.22258256420333511 34 518 35 319 36 342
862 0.13556716411968234 1.7206433194827049 2.4114661422111787 96 155 83 0.18961606827869837 34 309 35 323 36 343 37 8 40 4 44 476 45 482 46 1036 48 495 49 417 50 11 51 475 52 13 53 390 54 375 55 342 56 8 58 14
863 -0.079704048848471654 1.699497893191837 2.7491666639862911 94 187 95 0.22535110112420645 34 312 35 325 36 355 37 385 39 722 40 714 41 768 42 771 43 742 44 796 45 818
864 -0.043897716903216755 1.8240572933628634 2.5869043972101426 176 196 123 0.080354047576190038 34 315 35 327 36 357
865 0.10803853265575192 1.9130531716931589 2.3191562907949921 72 139 70 0.16817304599755351 34 318 35 329 36 359 37 391 38 375 39 422 40 426 50 455 51 477 52 437
866 0.10719410559782239 1.9898814383650842 2.2971206867722072 190 188 126 0.077525429045133001 34 324 35 337 36 360 37 396 38 382
867 -0.13929919571005542 1.9538204366514282 2.7256542750440902 156 190 113 0.10461328279746453 34 40 35 344 36 369
869 0.11703822986181861 2.1386022240844338 2.2567243212409847 62 121 59 0.12799329133436649 34 42 35 346 36 365 37 400 38 391 39 433 40 441 41 473 42 473 43 446
870 -0.1656414700672445 2.1141699867173238 2.7476939068921165 87 174 87 0.41770198376521139 34 339 35 351 36 374 37 655 38 660 39 746 40 737 41 792 42 802 43 771 44 823 45 846 46 858 48 826 49 758 50 758 51 789 52 722 54 671
871 -0.12416234674344198 2.1702349381353541 2.6075630996082175 88 174 88 0.18673684218913261 34 61 35 352 36 375 37 419
872 -0.11745713226261581 2.2531667003597269 2.5821887691492544 186 192 124 0.11469371252399178 34 348 35 358 36 383 37 422
873 0.058027736674602148 2.3192367013267536 2.2955877315577853 96 141 77 0.13342672827587385 34 351 35 362 36 379 37 425 38 403 39 445 40 448
874 -0.21551673212125474 2.3708912891758254 2.8481073510889567 88 176 88 0.28915813432502568 34 86 35 365 36 390 37 445 38 684 39 770
875 -0.10938116931681288 2.4385472270971889 2.5618289048983405 80 159 79 0.12497786879004084 34 364 35 369 36 393 37 450 38 428
876 -0.0025547283707890167 2.5697550786037779 2.4587057457404566 65 128 63 0.22439408113275044 34 365 35 380 36 402 37 92 38 442 39 88 40 109 41 117 42 123
877 -0.45157641513838204 2.4331974506511904 3.771211906005806 106 209 106 0.17359674318818469 34 372 35 388 36 111 37 124 38 105
878 -0.18654775475964042 2.6619389205820978 2.7436952818858806 83 167 83 0.16716241240956212 34 133 35 390 36 411 37 469 38 447 39 506 40 500 41 538 42 534 43 515
879 -0.13153644793166308 2.6812208693878832 2.6571756372525082 72 142 70 0.10337456311839159 34 388 35 391 36 412
880 -0.36900737386255694 2.6716482447017036 3.5501012836459522 98 191 96 0.2668852549989304 34 408 35 407 36 436 37 149 38 132 39 158
881 -0.27827510296899438 2.6969618164775162 3.2119927138479234 224 227 206 0.35008281029618282 34 387 35 410 36 437 37 151 38 463 39 525 40 517 41 184 42 553 43 811 44 582 45 589 46 583
882 -0.13367467540456598 2.7111947159357515 2.6783232919398414 142 173 101 0.045072514371672819 33 398 35 411 37 470
883 -1.0233346325315402 2.5076243245975611 3.3788330502370316 77 154 76 0.2473980130751374 34 382 35 423 30 298
885 -1.2449218526557373 2.3308940503270286 10.271569769946387 156 173 107 3.5241245955678449 33 125 35 425
886 -0.55953936024773099 2.684619866614689 3.4578952197417965 76 152 74 0.26232530790290826 33 405 34 407 35 429
887 -0.27589335489100908 2.7583778514507862 3.1849240703647133 222 224 199 0.21090791568162129 33 130 35 430 36 438 37 483 38 479 39 526 40 784 43 536
888 -0.19401915309625034 2.8199814938997507 2.5479354523853082 244 244 229 0.13667340762097521 34 152 35 431 36 441 37 489 38 469 39 532 40 508
889 -1.0436090736909356 2.6446077947956907 3.2303384206843799 72 144 71 0.07900744330222606 34 403 35 435
891 -1.4653315869596892 2.7382119277775416 3.1035364710246038 84 163 83 0.059563168673860356 34 430 35 446 36 481 37 543 38 547 39 622 40 605 41 657
892 -1.8374972855404998 2.8284670425995517 3.12820892118875 79 158 79 0.23657173052663646 34 183 35 468 36 494 37 576 38 767 39 865 40 884 41 927 42 933 43 917 44 983 45 1015 46 1005 47 993 48 977 49 893 50 907 51 925 52 829 53 822 54 777 55 529 56 514 57 446
893 -1.0830365795592551 3.1359619559134511 2.8911243831279272 168 172 110 0.12589755736973959 34 463 35 479 36 502
894 -1.9461070123402975 2.9899644229855 3.2860885474483874 223 227 204 0.19198143386087593 34 205 35 485 36 522 37 587 38 600 39 680 40 673 41 739 42 738 50 918 51 726
896 -1.2317598558238212 3.1962475905997412 2.8535082057754582 163 167 108 0.1248502693421935 34 475 35 490 36 516 37 596 30 356 31 402
897 -1.5411969892834476 3.5555593470770548 2.8053992818900033 200 203 134 0.17085639718980067 34 505 35 520 36 544 37 620 38 633 39 708 40 695 41 748 42 439
898 -1.6075612633081029 3.8109407550068224 2.9996307128527344 169 137 101 0.22113872047618299 34 299 35 526 36 333 37 373
899 0.10772495838192997 1.577003108576394 2.4575575271327001 185 155 118 0.12782776008901109 34 515 35 528 36 549 37 625 38 811 39 713 38 638 40 708 41 761 42 758 43 729 44 784 45 805 46 821 47 803 48 786 49 715 50 718 51 752 52 697 53 669 54 372 55 340 56 362 57 301 58 13
900 0.10774712418805771 1.5769474046151177 2.457339707792753 185 155 118 0.11222069326002346 34 516 35 529 36 550 37 626 38 637 38 812 39 714 40 707 41 760 42 759 43 728 44 785 45 806 46 822 47 804 48 787 49 716 50 719 51 753 52 698 53 670 54 373 55 341
901 0.18383086812075183 1.777730634692362 2.2104021358712549 243 239 226 0.59228292704041963 34 523 35 534 36 729 35 716 37 813 38 816 39 1033 40 1021 41 1058 42 1063 43 1036 44 1103 45 1151 46 1146 47 1136 48 1108 49 1027 50 943 49 928 51 956 52 865 53 851 54 822 55 735
902 0.16486257613013827 1.8700761443055858 2.2227758153473336 243 240 228 0.36517494481736201 34 526 35 539 36 734 37 817 38 817 39 1036 40 1024 42 1065 43 1038 44 1106 45 1153 46 1148 47 1138 48 1110 49 1031 50 1046 51 1067 52 967 53 853 54 824 55 738 56 741
903 -0.12497940132451391 1.8024657043838506 2.7468800709658852 195 201 131 0.12415719868641632 34 528 35 545 37 819 36 736 38 823
904 -0.062898021119219549 2.0889914253322495 2.5130851191777444 82 164 82 0.29605093667214805 34 544 35 552 36 568 37 647 38 653 39 738 40 728 41 787 42 790 43 761 44 808 45 829 47 829 48 810
905 -0.95227191223012575 1.7391107654597744 3.1994992265872488 183 153 116 0.16586994523696225 34 540 35 558 36 574 37 652 38 678 39 767
906 -0.24843488842195527 1.9937880277978084 2.9649946488767056 158 190 113 0.60657296441245134 34 338 35 562 36 576 37 829 38 833 39 934 40 935 41 984 42 983 43 961 44 1024
907 0.028033818717026426 2.2656757907560223 2.3281624048037601 72 142 71 0.16695039375419637 34 350 35 564 36 579 37 650 38 663 39 750 40 731 41 789
908 0.089972627213595058 2.3770825893457332 2.2756309760167621 62 121 60 0.09404024446464293 34 549 35 570 36 581 37 661 38 664 39 752 40 742 41 790 42 794
909 -0.16087388259742841 2.6150434931771622 2.6874868083634524 79 158 78 0.20606634929248213 34 373 35 588 36 604 37 681 38 691 39 781 40 769 41 824
910 -0.78663345555158881 2.5680524392560433 3.4132113960761417 179 181 115 0.14981272320442302 34 573 35 590 36 607 37 703
911 -0.78646718578875152 2.5687437085815841 3.4104997556022201 179 181 115 0.081856915606109595 34 572 35 591 37 704
912 -0.59237632966764664 2.5963724467079818 3.5025655974335335 166 175 108 0.13072387044247608 34 574 35 593 36 609
913 -0.29802511854161573 2.8023881541710298 3.1275705041955519 151 128 89 1.3672680948689517 34 151 35 612 36 620 37 698 38 852
918 -1.5011906651764704 2.838627614705207 3.0369593346911081 181 192 123 0.2134465738697775 34 604 35 644 36 659 48 938 46 951 49 861 50 868 51 889 52 810 53 785 54 755 55 670 56 668 57 609
919 -1.5060804596737269 2.9296895377123882 2.9798896673473414 79 153 78 0.23384825951287899 32 558 35 662 36 674 37 765 38 761 40 996 41 913 42 922 42 1041 43 891 44 952 45 979 47 952 50 869 51 891 53 784 54 742 55 671 56 652 57 612 30 464 29 403
920 -0.23387203941234641 3.3690701198742783 3.1366736514331892 184 154 117 0.14803566454055175 34 626 35 667 36 490
921 -0.29991964401286836 3.3859988489313135 3.177471968387215 218 218 205 0.17970156792207884 34 641 35 670 36 685 38 746
922 -1.8406389794383426 3.0376719145153239 3.0638606257537888 212 209 141 0.35297394820822448 34 468 35 672 36 696 37 783 38 783 39 1017 40 1009 41 1047 42 1053 43 1029 44 1094 45 1140 47 994 46 1006 48 979 49 677
923 -1.5168669091930596 3.0324042362312547 2.9303664157007536 77 150 76 0.10677023933118807 34 619 35 674
924 -1.3502852963333052 3.1551108173386666 2.8563920485639018 62 119 59 0.070338764640287488 34 633 35 677 42 925
925 -1.2273872669354526 3.1166785149463152 2.8812270417054133 145 160 99 0.10966948986245176 31 524 35 678 36 691 30 490
926 -1.3573603165564783 3.225251029956766 2.821996807128623 60 114 57 0.19287669161102572 33 613 35 688 39 873 40 877 41 919 42 928 44 955 45 968 46 732
928 -1.4041693142303204 3.3356494060124029 2.7771260874082864 170 178 115 0.12218921211187846 34 658 35 697 36 708
929 -1.2863915528754086 3.432231455583727 2.7882556403287779 60 115 57 0.42871416465607942 34 661 35 699 37 797 41 719 26 406 25 408 24 281 23 99
930 -0.74880221869527896 1.6768275489718067 3.2699445579502644 150 206 118 1.1635300984854675 33 649 35 722 37 908 39 1045 30 532 29 544
931 -0.43762461469515801 1.7675350036329913 3.3320867352619725 134 153 89 1.1489804829773917 32 295 35 723 37 826
932 0.15173419241259961 2.3209393258676516 2.1724577095456876 128 142 86 0.00012529035364944156 34 550 35 732
933 -0.25433274863793454 2.0990217992981433 2.9815316292601892 87 175 87 0.52105596069654159 34 693 35 735 36 832 37 913 38 987 39 1103
934 -0.25433274863793454 2.0990217992981433 2.9815316292601892 87 175 87 0.52105596069654159 34 692 35 736 36 831 37 912 38 986 39 1102
935 -1.0330319375273813 2.2224786983704146 3.7158057235717648 84 168 82 0.52789172086361658 34 702 35 743 36 760 37 846 39 1057
936 -1.1728578050508272 2.9265996005145447 3.0088337527301414 204 203 135 0.078788979378829921 32 672 35 780
938 -0.59188460888295669 3.2271437569129371 3.0466131139338737 175 184 116 0.26331759116681253 31 630 35 791 30 593 24 481
939 -0.52134427569633957 3.4138137745746864 3.0592538778878007 201 211 138 0.062038600717375082 34 819 35 799 36 807 37 881
940 -0.78602675476361783 3.4753966307435831 2.9366868181590786 95 186 96 0.17907415784208192 34 758 35 808 37 782 38 585
942 0.096501897082443111 1.6745117518685899 2.5105503648639602 86 174 86 1.8901702000314295 34 766 35 814 36 902 37 971 38 979 39 1097 40 1080 41 1122 42 1123 43 1094 44 1202 45 1249 46 1217 47 1206 47 1240 48 1172 48 1253 49 1085 49 1176 50 1195 51 1227 52 1129 53 1156 54 1101 55 1020 56 1022 57 922 58 915
943 -0.086946873580612705 1.6694461641983354 2.8548397732006978 137 194 110 0.49225742683731255 32 285 34 674 35 817 36 905 33 640 37 1046 38 1034 39 1211 40 1182 41 1297 42 1283 43 1252 44 1313
944 -1.1194694912729561 1.8128046703341574 3.3984485587644739 1 1 1 1.8652672353742166 35 825 36 582 37 990 39 944 39 1107 38 682 40 946 44 1125 30 534
945 0.0064042351720011714 2.4964026083683386 2.4047663495558087 140 163 98 0.66437740610150642 33 753 35 827 37 916 38 928 40 1039 41 1069 42 1073 43 1047 44 1112 45 1160 46 1153 47 1046 48 1023 49 746 50 742 51 495
946 -0.2221769530649535 2.5321900438281815 2.8367762978403843 87 177 87 0.92578215009095821 33 553 35 834 36 921 37 993 38 1054 39 1167 41 1251 42 1233 43 1210 44 1269 45 1311 46 1305 47 1306 48 1279 49 1199 50 1214 51 1246 52 1146 53 1101 54 1059
947 -1.1896768944263645 2.8470677469953314 3.0515537592286108 77 149 75 0.39342998756612457 33 780 35 853 36 871 61 551 1 545 2 546 3 523
948 -0.19111464029057354 3.3373034074535211 3.1475854089603019 255 255 255 0.29743235554063935 34 882 35 865 36 797
949 -1.5029322175469793 3.2909673089870246 2.79564516385186 71 138 70 0.573365358657973 32 766 35 870 38 1032 39 1148 40 1117 41 1161 42 1154 43 1125 44 1197 45 1202 46 1206 47 1188 48 1149 49 1061 50 1084 51 1104 52 923 53 909 54 872 55 655 56 639 57 587 58 555 59 503 60 488 1 282 61 288 2 273 3 284
950 -1.4993041024267708 3.445121340553305 2.7582129647963995 125 149 89 0.12069996102090774 33 797 35 873 36 894
951 0.10994512853796218 1.5205868463812107 2.4327778253142753 240 235 218 1.1102676508231901 34 827 35 878 36 900 37 970 38 978 42 1121 43 1131 48 1170 49 1083
952 0.02568798537435879 1.5504380795319066 2.7545843046260345 140 185 105 0.98808084295438237 34 828 35 879 37 1045 35 939 38 1086 39 1210 40 1181 41 1225 42 1203 43 1181 46 1280
953 -0.40257950595055886 1.9114406347564086 3.5526542783663282 1 1 1 1.1444892996263301 33 808 34 839 35 889 36 915 37 1054 38 923 39 1048 37 835 40 758
954 -0.2228568555637086 2.0406460889441074 2.919928612809553 88 176 88 0.27842713973059141 34 840 35 890 36 968 37 1056 38 1046 39 1156 40 1190 41 1236 42 1217 43 1196 44 1255 45 1298 46 1296 47 1299
955 -1.0701508425446307 2.5244072369997745 3.348293001903702 78 155 77 0.070318497369544611 34 857 35 909 36 938
956 -1.7753663790879539 2.9051878176899359 3.0896365763638172 163 184 115 1.3879998262379676 34 877 35 921 37 1030 45 1349 46 1348 47 1350
957 -0.027536618335486707 1.764744783204214 2.5953642183743675 88 174 88 0.41529421808622907 34 833 35 940 36 963 37 1047 38 1035 39 1212 40 1183 41 1228 42 1206 43 1185 44 1244 45 1289 46 1352 51 1233 52 1136
958 -1.5139700941030889 2.8090475472286851 3.0537617501516108 162 185 115 0.1628626700753304 34 869 35 969 36 989 38 1080 39 1200 40 1170 41 1218
959 -1.0582229696370886 3.5944817436648644 2.8969471307402914 153 191 114 1.1476963086597283 34 942 35 983 36 1004 37 1043 38 970
960 -1.4590595416130967 2.8884369813554871 3.0205573801226628 78 152 77 0.98878503478681046 34 956 35 1001 36 1022 37 1116 38 1115 39 1252 40 1230 41 1282 42 1290 43 1262 44 1319 45 1362 46 1361
961 -1.3930342531502129 3.2853950619470189 2.8091970978600953 62 115 57 0.99411006826676551 34 965 35 1015 36 1038 37 1129 38 1127 39 1263 40 1236 41 1292 42 1277 43 1242 44 1303 45 1345 46 1339 47 1341 48 1243 49 1164 50 1179
962 -0.37569235406435886 2.2324058073266522 3.7440375230317162 222 224 202 2.2175102645853118 34 982 35 1028 36 1062 37 1143 38 1155
963 -0.83151594262917661 2.8577426533717296 3.0391223738862099 73 138 69 1.7483290551314583 34 1009 35 1055
964 -1.145622744665997 2.0643251483063403 3.6921803657408265 1 1 1 1.5084406873085257 32 636 31 587 34 695 35 740 33 49 34 78 36 593 30 615 27 449 26 449
967 -1.9519531559027739 2.2402560579406501 6.1127856625804338 91 177 91 2.0124018920978948 28 286 35 417
968 -1.8992243035709535 2.3015259806817623 6.0858957825071007 174 195 123 1.780365827546359 28 393 35 615
969 -1.6975862919393676 2.513495851762277 3.3138983941398918 208 208 140 0.086283959358273668 34 714 35 760 36 780
970 -0.02227258131324944 1.5259204017557204 2.8517408836073992 223 226 210 0.15386873842546808 35 1 36 4 37 5 38 5 39 407 40 9 42 458
971 -0.067813547016857045 1.5888937155714475 2.9484215282024784 223 225 207 0.43118388037598143 35 7 36 12 39 11 40 22 41 26 42 24 45 43
972 0.17219613746037715 1.8413175041546768 2.1996207108286692 124 120 72 0.21998778126728147 35 10 36 15 37 9 38 11 39 7 40 6 41 8 42 6 43 9 44 8 45 5 46 4
973 0.21484829981430903 1.9039106569647153 2.1222154256442813 255 255 249 0.028063939171260498 35 13 36 16 37 12
974 0.20044025851026365 1.9628267153036116 2.1348478979530539 246 241 230 0.15366896089465959 34 21 36 17 37 18 38 20 39 10 40 20 41 24 42 9 43 430 44 11 45 8 46 5 47 7 48 493 49 414 50 4 51 1 52 5 53 9
975 0.027351216353264318 2.0025786634620317 2.3794756061654385 76 146 74 0.11669760354909764 35 28 36 30 37 26 38 25 39 30 40 40 42 37
976 -0.034191609440430648 1.9835562805291174 2.4844746880513555 79 155 78 0.11068099387450239 35 24 36 31 37 35 38 29
977 0.06805335114019273 2.027788716761084 2.322001998812993 190 189 127 0.088451451469648612 35 29 36 32 37 29 38 26 39 32 40 34 41 37 43 46 44 36 45 29 46 30 47 27 48 18 49 27 50 19 51 17 52 19 53 25 54 15
978 -0.21204644105926371 1.8983433271285253 2.9479276716372378 93 183 92 0.35302195261620911 35 35 36 34 37 403 38 387 39 736 40 725 41 786 42 798 43 768 44 819 45 843
979 0.060734665412417455 2.1823444697651717 2.2969439577723421 66 126 63 0.12165584428584747 35 39 36 39 37 44 38 31 39 37 41 48 40 44 43 58 46 43 47 40 48 33
980 0.048656757981854815 2.3631828322407591 2.3021942285131858 64 124 62 0.12747083453939098 35 65 36 52 37 66 38 64 39 57 41 66
981 -0.25471663043911624 2.148700534946161 2.9864460775751462 180 188 119 0.20267418416598612 34 59 36 62 38 413 39 458 40 752 41 806
982 -0.16535373084937408 2.2573068582020115 2.6865851633160216 178 188 119 0.22677032985073495 35 59 36 68 37 80
983 -0.082101751520733901 2.3130233620103438 2.4975904715042199 170 182 115 0.27042415596328889 35 360 36 69 37 424 38 419 39 465 41 502
984 -0.040342446045785518 2.3266034344999711 2.4270933255198148 177 183 119 0.050298559329171127 35 62 36 72 37 59
985 -0.040342446045785518 2.3266034344999711 2.4270933255198148 177 183 119 0.050298559329171127 35 63 36 73 37 60
986 -0.49645405606927828 2.2684296796027534 3.9397125503980992 147 127 87 0.16307374537481725 35 78 36 90 40 494 41 546 44 868 45 901 46 901
987 -0.16685671992901174 2.5388318649052435 2.6820251913704229 170 182 114 0.30746684849195144 35 81 36 98 37 109 38 440
988 -1.1226971023126855 2.1052025961538963 3.8248586274180263 87 118 58 0.061036750852961522 35 75 36 102
989 -1.1226971023126855 2.1052025961538963 3.8248586274180263 87 118 58 0.061036750852961522 35 74 36 103
990 -0.32222823649594751 2.487495725326812 3.3616213092357263 225 225 204 0.24747140317811966 35 97 36 114 37 452 38 445 39 505 40 497 41 549 42 549 43 524 45 586 47 879 52 520 53 471 54 453 55 121 56 116 57 366 58 369
991 -0.61780754461181797 2.6342893803507361 3.4421034801177228 165 176 108 0.33226287432181201 35 137 36 130 37 145 34 147 38 130
992 -0.29504533151679013 2.7777592670342313 3.1966730925232172 119 109 67 0.17615746420089515 35 141 36 132 37 156 38 135 39 164 40 166 41 566 42 201 43 186 44 603 45 181 46 191 47 611 48 609 49 151 50 168 51 151 52 131
993 -0.24138658467414476 2.7062107205558208 3.1205999041015304 213 221 201 0.38174412725685847 35 118 36 134 37 130 38 111 39 524 40 520 43 527 44 175 47 589
995 -0.30979938676773189 2.7806360253305908 3.2385995597893609 214 218 193 0.077784912038824733 35 142 36 152 37 155 38 480 40 533
996 -0.44026320946193509 2.8756783407392281 2.3558430842897189 76 145 74 0.16654260969042928 33 153 36 155 37 187 38 166 30 115 22 85
997 -0.44033117973879099 2.8757381934849295 2.3553565127057596 76 145 74 0.14293841810593505 33 154 36 156 37 186 38 167 30 116 29 82 24 107 22 86
999 -1.6166923299967975 2.458421556739852 3.3362283697150907 92 174 90 0.12352573019949949 35 146 36 166 37 216
1001 -0.90299126603786783 2.6838903137131216 3.2556202868114195 88 149 76 0.13648863209716547 31 111 36 173 30 89 29 67
1002 -1.0172119977515375 2.7567686227959927 3.1656889218615669 167 174 110 0.061373350748175147 34 160 36 174 29 64
1003 -1.6353644287801568 2.5204191227388271 3.2893723302288729 201 204 135 0.058152355539919529 34 155 36 182
1004 -1.4801550945198936 2.6270875547433103 3.1849387213674509 197 204 133 0.24427488782293028 35 152 36 184 58 174
1006 -1.813176081151296 2.6977860597396175 3.1883872871310635 184 193 126 0.085442154308530083 35 187 36 202
1007 -1.4313833188715079 2.7876848757966628 3.0649401097731297 206 206 138 0.10607859188263558 35 192 36 204 37 242 38 253 39 281 40 304 41 319 42 329
1008 -1.1780635707459259 2.8929622175198868 3.0365280256373191 196 199 131 0.0069703361053742603 35 197 36 207
1009 -0.50975442263497339 3.202428732667419 3.1038275969929496 74 143 72 0.072938007181222411 33 234 36 220
1010 -0.2817963843175153 3.2268752778369811 3.1528409746202826 79 147 73 0.36850196010814051 35 211 36 221 37 234
1011 -1.0544346233884747 3.142212620532459 2.9146840689184832 67 125 62 0.042939341742458517 35 222 36 234
1012 -0.93146921294148011 3.2360549918716415 3.8270338431718689 66 125 62 0.17802190303420976 28 187 36 235
1013 -0.58734350743765407 3.2344297351017866 3.047377271078747 165 179 112 0.16236966553532095 31 406 36 239 37 554 29 171 22 291
1014 -0.49556969371138959 3.4005488501490815 3.0809959051229674 145 203 116 0.081121942839835773 33 259 36 242 24 316 20 160
1015 -0.30405733409110502 3.358116697821198 3.1599872465083139 199 199 187 0.15859314849933809 35 230 36 243 37 261 38 241 39 234
1016 -1.3252435321139542 3.2216822040171662 3.6053850098654014 61 118 59 1.6133827251855191 36 259 27 125
1018 -1.4957120213719721 3.1408959590472665 2.8635033394554519 62 120 60 0.19431904409597467 32 184 36 276 38 306 29 95
1019 -1.9333365369264022 3.2062052902856477 3.2736193864698393 134 100 67 0.52320150754291195 35 273 36 290 37 607 39 901 41 952 42 956 46 1029 47 1023 48 995 49 919 50 921 51 729 52 653
1020 -1.711912656980749 3.2357858863524469 2.9183781030783922 96 183 95 0.17550143534818552 35 509 36 294 37 609 39 690 40 680 41 743 42 743 43 701 44 759 45 772 46 787 47 422
1021 -1.6379643262118273 3.2834620893948219 2.8398593720585801 171 186 114 0.27339749370788546 35 277 36 298 37 350 39 379 41 419 44 438 47 421
1023 -1.5551944615681021 3.4031124362227159 2.7664381741367889 68 130 63 0.084197949895210733 35 295 36 311 37 353 38 353 39 390 41 435 40 403 42 424 43 401 44 442 44 443 45 426 45 427
1024 -1.5550509661692733 3.4030386433592379 2.7665002243277952 68 130 63 0.090071647248814404 32 227 36 312 38 354 39 391 41 436 42 425 43 402
1025 -1.6689958016917124 3.4473873899553684 2.9914455728998504 179 205 161 0.31523249385254809 35 294 36 320 37 617
1026 -1.4127016851190852 3.632972492866593 2.8981879856285224 155 201 116 0.24664212907684777 32 271 36 323 37 364
1027 -0.15804974395369595 2.182238359123406 2.7027300322205243 84 167 83 0.21051512369341469 35 357 36 376 37 420 38 415 39 460
1028 0.15726434185581734 2.3562479407020529 2.2087098869478905 55 98 48 0.30199937001192401 35 354 36 380 37 409 38 405 39 442 40 732 41 494 42 484 43 457 44 502 45 506 46 837 47 821 49 31 50 21
1029 -0.036467808840513094 2.3943212452525562 2.4252048633991663 71 139 70 0.17519393912387612 35 370 36 386 37 433 38 421 39 468 40 462 41 503 43 477 44 525 45 531 47 534
1030 -0.21659320629742024 2.3717411980534147 2.8456226213880003 85 170 84 0.11649936696717178 35 366 36 389 37 444
1031 -0.15859516196705162 2.4598455316481171 2.6242601156053134 143 179 104 0.33858745416145525 35 379 36 392
1032 -1.3314077023269872 2.0175345752007612 3.6349977017786372 165 133 97 0.22597616290114508 35 73 36 397 39 533 41 841 42 579 44 897
1033 -0.85736616142872624 2.3137768770882241 3.6492609296745071 180 190 120 0.15225781619372883 35 385 36 409 37 465 38 458 39 540
1034 -0.13027797019604531 2.6810650494783528 2.6630524679120509 69 135 67 0.132412310633235 35 392 36 413
1035 -0.079106625639807249 2.6823226169939445 2.6001615085458272 164 169 105 0.32017753471394655 33 112 36 415 37 458 38 451 39 497 40 137
1036 -0.15215615216029532 2.7271630160757505 2.7131624210846921 71 142 70 0.10394461865118902 35 412 36 416 37 471 38 465
1037 -1.0933276758153949 2.2913502954867506 3.5783192655422025 87 166 83 0.059504960847984852 35 382 36 429 37 481 38 473
1038 -0.62048449259030747 2.508138235211967 3.5321434082377898 172 179 112 0.27501458008641388 35 405 36 433 37 143
1039 -1.1399151530349136 2.4595519609536476 3.3496933418859887 153 177 107 0.35070617820908734 35 401 36 447 39 553 40 558
1040 -0.62171410055549137 2.6728335771317626 3.4216808930122284 78 154 75 0.26001957080737237 35 428 36 451 37 499
1041 -1.7114068560257214 2.3743921782324025 3.4457212771627934 90 175 91 0.22940461618823776 35 416 36 456 37 508 38 724 39 835 40 840 41 881 42 890 43 873 44 932 45 972 46 962 47 960 48 956 49 884 50 900 51 917 52 834 53 828 54 797 55 711
1042 -1.3279879823995284 2.747448669798493 3.0958713569885714 81 155 79 0.11336959871269954 35 447 36 470 37 544 38 548 39 611 40 589 41 642 42 649 43 622 45 699 44 686 46 710
1043 -1.1875056480108857 2.7907001129490201 3.0874995824337126 173 190 119 0.15884937056767809 34 433 36 473 38 549 3 71 5 42 8 56
1044 -1.1186301399504834 2.898627099249619 3.0397907792532646 200 201 133 0.018913427649764579 35 459 36 483
1045 -1.8499844171978972 2.7653816493249561 3.1758837469757486 79 157 79 0.20656684747376253 35 456 36 491 37 762 38 757 39 864 40 872 41 926 42 931 43 903 44 982 45 1014 46 1004 47 992 48 976 49 906 50 906 51 924 52 841 53 821 54 587 55 528 56 515 57 458 58 427
1046 -1.7570853321555211 2.8506578787292871 3.0692115363968901 79 151 77 0.12185831125422558 35 469 36 495 38 574 39 651 40 638 41 705 42 706 43 689 45 754 44 746 46 765 47 755 48 749
1047 -0.35739681531083323 3.3449976741592153 3.1342262951492552 178 192 120 0.36500826580712725 33 468 36 504 38 239 39 235 40 267
1050 -1.8702318763359882 2.9695801601341811 3.1174164866440939 99 194 100 0.18023477474870847 35 231 36 523 37 771 38 899 40 1075
1051 -1.9156225202690811 3.0780279047392884 3.2348755280959827 235 237 219 0.20937424013250319 35 250 36 524 37 599 38 616 39 893 40 892 41 946 42 952 43 712 44 992 45 1025 46 1020 47 1016 48 992 49 917 50 919 51 940 52 842 53 833
1052 -1.670369576612774 3.1076570913104731 2.9205478601156285 73 140 71 0.195030188123891 35 498 36 525 37 601 38 604 39 673 40 663 41 731 42 725 43 698 44 751 45 759 46 772 47 759 48 734 49 658 50 655
1053 -0.72518236216249921 3.4714247391282353 2.9583899250142318 214 217 144 0.052737440440791879 35 508 36 531 37 302
1054 -1.4666174103775194 3.3172905743861922 2.7830191220142519 68 125 63 0.1382071999387178 35 511 36 535 37 788 38 619 40 682 30 167
1055 -1.3175505436560238 3.4204762287721175 2.7782933597598887 149 159 101 0.26937035605265802 34 281 36 538 37 613 38 621 40 669 29 339 27 306 26 316
1056 -1.6407529340179237 3.4173110070067865 2.8588245343805512 192 207 134 0.59188496273045565 35 293 36 540 37 616 39 701 41 948 44 763 46 788
1057 -1.2788909100863544 3.7751928295594199 3.0058463885255415 255 255 252 0.61088484578764923 35 525 36 548 40 407
1058 0.13442126577522345 1.7206285799615686 2.3250739586588729 241 239 226 0.3793374747598659 35 533 36 553 37 629 41 965 42 969 46 1037 47 1031 52 693
1059 -0.10129870982445188 1.7278666082609802 2.763306956898353 186 198 128 0.32491900481044128 35 540 36 557 37 636 38 649 40 927 41 972 42 976 43 950 44 1017 45 1061 46 1048 47 1039 48 1017 49 939 50 962 52 882
1060 -0.17455693210481238 1.8651019833134745 2.8410144972227593 171 193 119 0.083656244371831293 35 547 36 564 37 822
1061 -0.12139303143805139 2.3658908175601341 2.5749701394633533 187 190 123 0.10476391145111415 35 573 36 587 37 671 38 681 39 761 40 753 41 807 42 817 43 775 44 825 45 849 46 862 47 846 48 831
1062 -0.29308859980991142 2.2685300285356687 3.105392114273088 152 183 106 0.29706412802502291 35 572 36 589 37 843 38 931 39 1052 40 1041 41 1071 43 1101 44 1165 47 1215
1063 0.0042514683321443481 2.6740273584333449 2.4796257514448627 238 239 222 0.39824636614204661 35 394 36 597 37 682 38 846 37 845 39 950 40 1042 41 1072 42 1074 44 1114 45 1162 46 1156
1064 -0.69468270972662816 2.5904811083905304 3.4488863857617971 160 176 106 0.13195346413068226 35 592 36 608 37 695
1065 -0.54027052195969594 2.752871025983374 3.3804463326905285 77 155 76 0.11204058232420266 35 609 36 617 37 500
1066 -0.17770996870041877 2.873993888328723 2.4870548775244092 255 255 252 0.5836390433972054 32 668 36 622 30 580 28 502
1067 -1.6633134111942014 2.455727535675432 3.3487073091281601 196 202 133 0.060194010421601968 35 613 36 623
1070 -1.414201505833635 2.6631020774906617 3.1576787302672829 84 164 83 0.13099289642757161 35 630 36 641 37 729 38 740 39 840 40 844 41 887 42 895 44 922 45 945 46 934
1071 -1.3971187740357478 2.7265953411764765 3.1097255688012804 81 159 79 0.11766366469514693 35 631 36 642 37 741 38 741 39 841 40 850 41 888 42 896 43 867 44 923
1072 -0.78055866378047112 2.9444536653671718 2.2763607817225844 185 156 117 0.12165882964562767 35 637 36 648 37 533
1073 -0.81259071095512714 2.9832018682375203 2.2979125291879994 255 255 248 0.14739844265420474 35 649 36 665 37 733 38 538 39 600 40 583 41 616
1074 -1.709176436443288 3.1259811119665204 2.928754020752252 72 136 68 0.13253375106153167 31 385 36 699 37 785 38 784 39 884 40 894 41 939 42 945 43 920 44 987 45 1017 46 988 47 985 48 755 50 672 51 675 52 608 54 257
1075 -1.3202394507564628 3.2168995561728875 2.8338279942253997 199 198 132 0.11762732120188892 35 687 36 702 37 777 38 776 39 871 40 876 41 918 42 926 43 894 44 940 45 966 46 956 47 936 48 924 49 841 50 856 51 871 52 792
1076 -1.5904779702302667 3.3426384231894097 2.7981984207323314 66 131 64 0.14597359474107299 34 653 36 712 45 1002 46 993 47 972 49 865
1077 -1.2501270487794109 3.5963187097092479 2.8645185594892455 141 178 103 0.1615803137251523 35 304 36 716 37 799
1078 -1.3858180527757975 3.6171670124544941 2.8479705480242572 149 199 114 0.32695763004583239 35 705 36 720 38 630 39 394
1081 -1.0930089294723915 1.6845118579754181 3.2922463320999293 181 151 114 1.0108462566270906 33 648 36 746
1082 -1.4402237584380155 2.5799558804275522 3.2228985813213322 212 210 141 0.19176444902942558 35 763 36 771 37 864 38 870 39 987 61 560 2 559 3 531 4 409 5 390 6 264 7 264
1083 -0.70472491492037626 2.8448484079469201 2.3609079259529326 75 149 74 1.0557518678726545 35 621 36 775 37 858
1084 -1.6967253896365408 2.5143147652636886 3.3022352633446332 206 205 137 0.10503083793423455 35 759 36 779 37 863
1086 -1.3640398373765077 2.7638405911439374 3.0858342821174314 197 201 132 0.26051351864251293 35 771 36 791 37 871 38 876 39 990 40 981 43 997 42 1033 44 1063 45 1107
1087 -1.3623787987477809 2.762479859446421 3.0873162035289021 197 201 132 0.1082538819448044 35 772 36 792 37 872 38 877
1088 -1.8025525403884188 2.8571799514315996 3.0903791811504226 182 189 124 0.36916956057248679 35 659 36 801 37 882 38 890 39 1008 40 1004 41 1042 43 1021 44 1087 48 1083 49 1008 50 1034 51 1040 52 940 53 932 54 897 55 801 56 817
1089 -1.805414199779241 2.8558986631964447 3.0908682254161057 182 189 124 0.4514136201315706 35 660 36 802 53 933 54 898 55 800 56 818
1090 -1.9101432538922571 2.9325700287837697 3.2727874951893332 164 206 123 0.87375978412658228 35 671 36 803 37 887 38 897 40 1008 39 1012 41 1046 42 1114
1091 -1.0291219760091328 3.2218534060329453 2.8333604194214401 59 113 54 0.74255660505220455 35 797 36 804 37 955 38 1029
1092 -0.45491182327670754 3.4702465841616483 3.1827394148500998 106 212 108 0.27039565433388946 35 800 36 808 37 757 38 569 39 297
1093 -0.32947180080954919 3.9648848864258519 3.8719437676198178 1 1 1 1.6658022975130347 33 313 36 814 41 1109 40 1068
1094 -1.6807634298179677 3.3760944514772575 2.9044229641386239 115 206 108 0.50138388035179227 35 700 36 816 37 963 38 971 39 1090 41 1120 42 1119 43 1127 44 1158 45 1206 46 1136 47 1110 48 1086 49 880
1095 -0.18077879482684375 1.6689378607599381 3.2032179763375432 245 244 229 1.0979542301980847 33 645 36 825 38 917 40 1029 42 1071 45 1161 46 1154 43 757 47 1048 50 1059
1096 -0.3353362090447265 2.2845287561386582 3.221553328085438 92 179 86 0.59494679915221915 35 739 36 833 37 991 38 1052 39 1164 40 1131 42 1165 43 1207 44 1272 45 1314 46 1307 47 1308 48 1280 49 1204
1097 -1.8571908654366518 2.2693081712903838 3.8531998320551497 228 233 213 1.2746516677664623 38 1062 39 1244 40 1216 41 1269 43 1263
1098 -0.68067874018341112 3.4120893356979121 2.9388449285016076 200 212 138 0.27417764713243836 35 867 36 884 37 885 38 889 39 856 40 618
1099 -1.4126211244221869 3.2175740675110855 2.8426874252258898 164 179 113 0.003283898561693005 32 693 36 886
1100 -0.43016565972438336 3.6875143236828989 3.8502845837260575 1 1 1 1.3881416127680917 35 868 36 887
1101 -0.43016565972438336 3.6875143236828989 3.8502845837260575 1 1 1 1.3881416127680917 35 869 36 888
1102 -0.041017894529482068 1.8594791497281788 2.5658142605930192 148 182 108 0.31795352486227396 35 882 36 908 38 1038 39 1154 40 1123 41 1166 42 1157 43 1132 44 1203 46 1253
1103 -0.21283913973806964 2.6424376036575152 2.8305150555483882 143 180 103 0.20594919232264686 35 895 36 925 37 1000 38 995 39 1168 40 1137 41 1179
1104 -1.69415726719702 2.4019023032519948 3.4174390568333584 128 185 104 0.32696552579428939 35 904 36 939 37 1017 38 1063 39 1188 40 1163 41 1270 42 1253 43 1231 44 1295 47 1366 48 1347 49 1263 50 1278 51 1301 52 1202 53 1226 54 1139 55 1056 56 1057 57 984 58 937 59 865 1 717 61 727
1105 -1.6939282045633892 2.4019706102954737 3.4168698366201236 128 185 104 0.3307577697766701 35 905 36 940 37 1018 38 1064 39 1189 40 1164 41 1271 42 1254 43 1232 44 1296 47 1367 48 1348 49 1264 50 1277 51 1300 52 1201 53 1225 54 1138 55 1055 56 1056 57 983 58 936 59 864 60 842 1 716 61 726 2 696 3 691 4 673 5 620
1108 -1.4016049454151007 3.6019526427535116 2.8492662375476661 149 198 114 0.2612593810634754 35 934 36 961 37 965
1109 -0.43788554842079463 2.7942056455643844 3.4115700608247668 132 163 93 0.51020941026691291 35 912 36 979 37 1070 38 1005 39 1124
1110 -1.5125510653402316 2.5452321896452705 3.2933328952701983 88 172 87 0.59801724252404087 35 960 36 981 37 1075 38 1066 39 1191 40 1217 41 1272 42 1256
1111 -1.5538298270575166 2.7171686290308932 3.1180906130844215 123 173 98 0.46334379588210078 35 965 36 988 37 1081 38 1079 39 1249 40 1224 41 1281 42 1266 43 1234 44 1297 45 1338 46 1337 47 1339 48 1314 49 1230
1112 -1.373389347059121 2.7988257117669542 3.0598800524310694 206 205 137 0.62650418635047522 35 970 36 990 37 1082 38 1076 39 1250 40 1225 41 1275 42 1259 43 1226 44 1288 45 1332 46 1333 47 1335 48 1311 49 1225 50 1231 51 1261 52 1162 53 1191 54 1078 55 995 56 998 57 942
1113 -1.294946552082608 3.3364792282683067 2.8022283376695212 203 198 132 0.25337887353221356 35 981 36 999 37 1091 38 1085
1114 -0.34106729483983428 3.9173467761172795 3.7503674396909745 1 1 1 1.0348777951913344 35 986 36 1001 37 961 39 1203 40 1173 41 1215 42 1194
1115 -1.0544251498760893 3.5870165377441658 2.8671517803812994 152 198 117 0.31047310611577544 35 984 36 1003 37 1042
1116 -0.36960740615084298 2.0501792872990201 3.6455643586305961 229 228 208 0.83601630505577729 34 944 36 1008 37 1100 38 1098 39 1225 40 1198
1117 -1.1300711590791197 3.0594818213217967 2.9937890853163367 88 135 73 0.86714252329759578 35 1008 36 1023 37 1139 38 1117 40 1249
1118 -1.5784324124306057 3.0001457400885534 2.9306415950126512 169 187 119 0.23855195232000673 35 1011 36 1027 37 1122
1119 -1.2810172913395483 3.068795182191729 2.954038915178117 85 132 70 0.77112687407332881 35 975 36 1029 37 1123 38 1136
1120 -0.81165328766796829 3.3713484847150736 2.768156165226586 147 158 98 0.77634941045211459 35 1025 36 1033 37 1124 38 1082
1121 -0.32965059312563144 2.1938957618348929 3.1497638920467743 126 175 95 1.5611662226035583 35 992 36 1045 37 1142 38 1144 39 1289 40 1270 41 1330 40 1279 42 1304 43 1277 44 1335 45 1382 46 1379
1122 -1.8286001693484897 3.3086009964226735 3.2521196916168749 253 249 235 0.45238916705605425 35 1033 36 1065 37 1163 38 1160
1123 -1.0624562667885513 2.4237146089387545 3.4367852141868034 84 159 80 0.081446697483041133 35 113 36 125 34 123
1124 -1.1483027395644041 2.4261448227864078 3.4203280197789958 109 167 90 0.10046866318417511 35 112 36 145
1125 -1.3122134527065401 2.7712392270499309 3.0759450762414562 81 155 79 0.1574032468632755 35 177 36 186 37 246 38 226 39 253 40 277
1126 -1.5213281505640466 2.6542554396543583 3.167958523415503 176 195 123 0.14788936277335873 34 415 36 468 37 541
1127 -1.4791855152528248 2.6689092401982322 3.1577550421089922 84 163 83 0.14689973743901288 35 445 36 469 34 416 37 542 38 545 39 609 40 604
1128 -1.1129904525250096 2.5620615136539775 3.3090996356382951 168 180 114 0.16680479308773991 33 403 35 424 36 614
1130 -1.6602008447018397 2.553410322438312 3.259305406773215 86 170 86 0.69152163964020841 35 761 36 781 34 715 37 941 38 953 39 1072 40 1061 41 1100 42 1149 43 1121 44 1193 45 1240 46 1241 47 1228 48 1195 49 1118 50 1139 51 1165 52 1069 53 1085 54 1038 56 902 57 846 58 785 59 719 60 706 1 623 61 632 2 612 3 594 4 583 5 550 6 552
1131 -1.5841774486277809 2.5492384222660132 3.2592718204640945 88 171 88 0.21400431216519009 35 913 36 943 37 1019 38 1021 39 1193 40 1167 41 1210 55 1007 56 1004 58 896 59 825 60 763 1 676 61 685 2 655 3 645 4 631
1132 -0.11670138765422483 1.7600474429039348 2.7906500150518219 191 197 129 0.10771457540159843 35 15 37 19
1133 -0.019604926155225133 1.8971853515907076 2.4973377218549402 77 149 75 0.019153913981506378 36 23 37 24
1134 0.089319193886932824 2.0067161726446594 2.3082959031611572 67 124 63 0.065727527069644756 36 25 37 27 39 21 40 32 45 27 44 26
1135 -0.10439558282435202 1.9145157574657685 2.6609836031619487 165 185 115 0.11356627754039232 35 22 37 34
1136 -0.1941961836726277 2.0096818225921846 2.8409416980114321 175 185 118 0.11291412701779792 36 35 37 38 38 32 39 42 40 62 41 73 42 86 43 81 44 83 45 86 46 98 47 76 48 70 49 78 50 102 51 94
1137 -0.023661344067875401 2.1005831731484128 2.4302302157048854 151 174 106 0.0027800754516188499 34 41 37 42
1139 -0.31052121955871465 2.0714206033922604 3.140784925227718 171 185 114 0.030627861973294375 36 60 37 54
1140 0.027774316291575285 2.318550184716174 2.3285311876968278 66 125 63 0.029024548692299146 35 64 37 63 38 43
1141 -0.24889157424616523 2.2253890920119388 2.9673161101015348 83 164 81 0.087854265972912987 36 65 37 75 38 71 42 507 45 548
1142 -0.16472509987733119 2.2576015769479354 2.6864078386198722 178 186 118 0.22000667436998078 35 60 37 79
1143 -0.028702395200007724 2.5447196296702859 2.483636113574228 144 160 98 0.13554213103593571 36 82 37 90
1144 -0.2699420584053448 2.428249167797742 3.4119590024232571 220 224 205 1.6127244949870132 36 93 37 101 38 93 41 140 43 146 40 119 44 566
1145 -0.1307391221975116 2.6465554268736811 2.6226107666382479 67 133 66 0.073717974931798685 36 117 37 111
1146 0.010996175778168693 2.7189913694576187 2.4382877142098853 241 236 221 0.095770909557825884 36 120 37 117
1147 -0.62241798936378501 2.4650241785882478 3.5926445643616587 89 169 84 0.087507209153200288 35 95 37 123
1148 -0.42700231013060652 2.5448705431683565 3.6632371741421514 199 214 136 0.10453480855749592 34 131 37 125 38 106
1149 -0.83579391581740392 2.4974133300192474 3.458053381539087 171 179 112 0.096458215774352055 36 128 37 142 39 155
1150 -0.29499434215898268 2.7776793928901728 3.1969738902861162 127 117 75 0.17054830707678206 36 133 37 157 38 136 39 165 40 167 41 567 42 202 43 187 44 604 45 182 46 192 49 152 52 132
1151 -1.478606557109664 2.2428780360325296 3.5571736939482208 100 198 101 0.28975215272994526 36 422 37 164 38 491 39 568 41 859
1152 -1.0639806726604877 2.4512669928059854 3.4075832999775164 161 179 110 0.066654523646406116 34 124 37 172 39 176
1153 -0.344946139747561 2.8393296144738174 3.4398352566405483 98 188 95 0.12601351076545159 36 153 37 183 39 162
1154 -1.6424001963171095 2.3174474947268053 3.4785718559910057 97 179 93 0.13506062966838564 35 126 37 192 38 173 39 213
1155 -1.6341821413921378 2.3852769814379875 3.4032542584788588 104 174 93 0.11505831571261213 35 128 37 193
1156 -1.4128967947429105 2.5487093885234597 3.2400710546402611 88 172 87 0.061845474642051999 36 168 37 195
1157 -1.3852626630399161 2.5528237312632056 3.2488345718706997 200 206 135 0.15686202601411622 36 170 37 196 38 528 39 594 40 579 60 362 1 324 61 329 2 314 3 335 4 287 6 265 7 266
1159 -1.4649198915496018 2.6176447088533004 3.1930485103228694 206 206 138 0.05558070831950903 35 150 37 218 38 225
1161 -1.5528783922748406 2.686215484139733 3.1433762749078844 82 160 81 0.10613769494051364 36 185 37 238 38 223 39 276 40 603 41 316 42 666 43 642 44 708 45 720
1162 -1.4502463195231816 2.7814067312789286 3.0804234571501605 198 201 133 0.060973974443467638 35 173 37 241 38 250 39 279
1165 -1.113589187855875 3.027758562895579 2.9573095436704051 67 131 65 0.0224187969882974 36 232 37 272
1168 -1.8898775007523942 2.7584895643377503 3.188350439327055 82 161 82 0.25699583883736776 36 225 37 281 38 276
1169 -1.8749729923677256 2.8446068963807445 3.1184195487077622 81 156 80 0.37981442028557633 36 246 37 282 39 324 53 335 50 402
1170 -1.6162260130540427 2.953704714192054 2.9814445715182027 200 200 134 0.045347221809769508 36 250 37 286 38 299 39 329 40 341 41 369 50 350 48 399
1171 -1.6269752446667387 2.9925354845140597 2.9633495443706357 204 203 136 0.098797852472062367 36 252 37 287 38 300 39 332 40 342 41 392 42 391 43 375 44 405 46 395 45 415 47 383 50 351
1173 -1.962579659862203 2.9013634251632299 3.3543301572129516 217 222 198 0.2439502825605033 36 245 37 305 40 670 41 727 42 735 43 707 44 766 45 781 46 1015 47 1012 48 988 49 913 50 928 51 938 52 855 53 843 54 600 55 542 56 542 57 476 58 444 59 419 60 173
1174 -1.1251459335259386 3.3660966523849911 2.6955277777079423 235 227 213 0.25129838542875921 36 305 37 317 38 315 39 665 40 648 49 586 50 588 51 231 52 547 53 486 54 469 55 409
1175 -1.1260427834947144 3.3655424597760217 2.6940822295487634 235 227 213 0.18726536569572211 36 304 37 318 38 314 39 664 40 647 41 702 42 674 43 654 44 695 45 712 46 701 47 691 48 682 49 585 50 587
1176 -1.7437417130352799 3.1162379003793221 2.9320313902217729 153 192 110 0.19715395823581652 36 270 37 322 38 322 39 372 40 383 41 413 42 417 47 419
1177 -1.5678328465923235 3.2468172729165943 2.8266431781888981 199 198 133 0.10006134637705033 36 297 37 333 38 327 39 377 41 416 40 389 43 384 44 415
1178 -0.33041338249612617 3.993395400283259 3.9797764041677861 1 1 1 1.3802351415222931 33 314 37 348 39 668 38 782
1179 -1.3572725019275766 3.4616486866883767 2.7699646334241024 141 153 96 1.057448085742023 35 300 36 314 37 354 38 346 36 313 40 392
1180 -1.2615760820069313 3.7531628908770802 3.0080593371297235 183 153 117 0.062631894619450887 36 325 37 366
1181 -1.6033222046912756 3.6441206572201823 2.8712574953042336 71 91 39 0.033904851536816723 35 309 37 368
1182 -1.4928964623488226 3.7114046570179786 2.8789846053897579 185 154 119 0.18965436011102668 36 328 37 370
1183 0.20532518908702219 1.8806433994440135 2.1408887819673881 151 121 87 0.28402434236211976 36 354 37 384 38 13 39 417 40 416 41 454 42 456 43 429 44 475 45 481 46 487 47 479 48 491 49 413 50 445 51 469 52 428 53 384 54 1
1184 0.20561454383052696 1.9295206646062546 2.1316941026269944 155 123 89 0.11336517448299081 35 324 37 392 38 370 39 418 40 711 41 762 42 762 43 730 44 787 45 804 46 819 47 802 48 784 49 712 50 446 51 470 52 429 53 387
1185 -0.20292522764709026 1.7171150148790104 3.1942167928344736 167 139 103 0.73328519877330067 36 26 37 398 38 386 39 734 40 723 41 783 42 787 43 957 44 1023 45 1066
1186 -0.098372507729497349 1.9404205506569143 2.6201441749240613 79 155 78 0.073014925266602471 36 363 37 399 38 389 39 436 40 436
1187 -1.0348697553534534 1.7190355347826158 3.1794054922823598 172 141 104 0.22336800061862147 28 249 37 410 27 213
1188 -0.27993153977255025 2.0846376152289241 3.1120775692249696 172 183 114 0.070349231926267047 36 372 37 417
1189 -0.080405793782419799 2.312573667258361 2.5032053167361479 171 185 117 0.25851354219521389 35 359 36 70 37 423 38 418 39 464
1190 -0.34924277594142372 2.1825254033412276 3.5149601727452651 230 230 213 1.1349961729663696 36 78 37 440 38 434 41 533 43 510 44 562 45 874 48 163
1191 -0.32643491974474254 2.2284287580524307 3.2364589863977375 168 178 108 0.19857160039351884 36 387 37 442 38 435 39 473 40 102 41 524 42 518 43 511 44 564 45 571 46 564 47 582 48 585 49 498 50 165 52 128
1192 -0.19567873064040106 2.5468281467321114 2.7512040331532872 173 182 114 0.090792153927234456 36 400 37 455 38 690 39 493
1193 -0.91038950769244797 2.2667620264620574 3.6927976320736469 182 190 121 0.14015049615765207 36 408 37 463 38 457 39 538
1194 -0.37378062698527681 2.489003448976328 3.4665085315966042 218 223 199 0.52332644194704281 36 112 37 466 38 460 39 503 40 778 41 830 42 1003 43 808 44 1041 45 893 47 1069 48 1039 50 803 48 876
1195 -0.85110175483365214 2.4652517608311433 3.4676861730065669 180 184 118 0.23086329060052191 36 432 37 482 38 124
1196 -0.25315813273131416 2.7795213183275487 2.9220321837664902 228 229 211 1.5967311421471329 35 119 37 486
1197 -1.7131088081847781 2.2212574226642912 3.6082194359195436 203 205 136 0.22527765150325915 36 141 37 491 38 506 39 589 40 822 41 873 42 888 43 862 44 930 45 970 46 959 47 973 48 955 49 883 50 910 51 929 52 848 55 725 56 724 57 684 58 645 59 580 60 571 1 499 61 505 2 492 3 363 4 327 5 301 6 318 7 303
1198 -0.34393697659409733 2.8943422398448169 2.3915841935608051 75 141 72 0.17945818246662404 36 455 37 504 38 485 39 549
1199 -1.6491652466729014 2.3368793683336673 3.4637853337786861 89 175 89 0.11851785762370018 36 443 37 507 38 507 39 591 40 839 41 635 42 889 43 863 44 931 45 955
1200 -1.4882965749565176 2.4377097283988713 3.3569544660002575 90 174 89 0.20683409865216446 36 457 37 509 38 509 39 592 40 577 41 638 42 626 43 617 44 680 45 693
1201 -0.76260828332139585 2.772320731487949 3.2404763728597663 74 147 72 0.027762439740093639 36 463 37 518
1202 -1.3434240178276664 2.612091773259511 3.2033268765057392 87 165 85 0.18450307100324523 36 458 37 525 3 94 1 106 61 109 4 75
1204 -0.51349099852066549 3.2530315554086289 3.0782367780553805 205 204 133 0.16929400760257218 36 486 37 555 38 557
1205 -1.0151331735861253 3.0938318058304342 2.9605726180634173 118 145 85 0.25944865935044054 34 462 37 571 41 668
1206 -1.229377406081243 3.0907642949746275 2.8989158190012638 62 121 60 0.021427643585171605 36 515 37 581
1207 -1.1678347008336263 3.4465069631316516 2.6886970688631568 184 154 117 0.31033211147229922 36 539 37 606 38 614
1208 -1.0972727162558253 3.6812685047783935 3.0019679177302994 255 255 254 0.41300852980552383 36 717 37 615 38 625 39 695 40 686
1209 -1.6872213477493399 3.526958507663188 3.0204714014021894 175 145 108 0.76346244066157565 35 306 36 321 37 618 38 631 39 706 40 698 41 956 42 960 43 935 44 995 45 1027 46 1008 47 996 48 966 49 894 50 893 51 678 52 620 53 296 54 260
1210 -1.6740042087397244 3.5906538363339413 2.9723220574981535 160 131 98 0.57749703153139487 36 545 37 621 38 804 39 909 40 1014 41 1052
1211 -1.6713984966899071 3.6326490000155967 2.9729054692098034 246 240 229 0.36442541914186855 36 327 37 622 38 805 39 912 40 914 41 958 42 962 43 937 44 996 45 1031 46 1023 48 759 49 682 50 377 51 374
1213 0.16253683834118787 1.9631084134373471 2.2355330370439015 53 103 49 0.44129522235501106 32 18 36 361 37 634 38 646
1214 -0.096164265970801688 1.8710068377244911 2.6511660575960754 189 192 126 0.098469795920549733 36 565 37 638 38 652 39 727 40 719 41 775 42 781 43 750 44 1019 43 953 46 842 46 1050 49 739 50 749 51 775
1215 0.042849190736495735 1.9088218979233385 2.3912056542952289 71 138 69 0.051343971871344131 36 559 37 639 38 644
1217 -0.09428073862720443 2.2282442962938172 2.5461435177736038 77 154 77 0.16752945973026245 36 578 37 658 38 671 39 749 40 739 41 794 42 805 43 774 44 814 45 839 46 850 47 835 48 820
1218 -0.13836418878553772 2.271780039632548 2.6598210603393357 189 191 123 0.13006597081103152 36 586 37 669 40 938
1219 -1.4296046955081159 2.171958145108781 3.7127718142765591 231 231 210 0.43104974418694691 33 370 37 692 39 796
1220 -0.29815192698419291 2.8276701634840475 2.741075124094523 231 233 214 2.5528967432264311 36 137 37 699 38 483 39 547
1221 -1.6866665299602299 2.3373454241203278 3.4303458845100541 194 201 132 0.22813349108581263 36 613 37 714 38 723
1223 -1.3481582810241743 2.6258700850466834 3.1887405597787901 85 165 84 0.19596802740895491 36 627 37 728 2 424
1224 -0.18342602759359955 3.2873850102978945 3.0531479845892102 255 255 255 1.361797883179791 36 671 37 737 38 735 40 572
1226 -1.2818793291919088 2.8383353874415111 3.0475383450541114 76 147 74 0.09398646420345598 36 660 37 743 38 743
1228 -1.2778366154439005 2.9286077299785505 2.9947974821954726 180 190 122 0.056699181190141459 36 661 37 750
1229 -1.7713266965500536 2.8344527800298613 3.093462721716199 76 147 75 0.14998208623940185 34 601 37 763 38 758 39 866 40 873 41 928 42 932 43 904 44 968 45 997 46 984 47 982 48 962 49 892 50 889 51 911 52 828 53 810 54 776
1230 -0.2199443787141715 3.6766278037702724 3.4706555322242374 189 159 121 0.018486642604273379 35 809 37 770
1231 -1.009161837192514 3.3811044886317143 2.6574403553655057 166 135 100 0.21959650293570931 36 703 37 779 38 778 39 877
1233 -1.8122107620416619 3.2032824217591855 3.0583205261887136 110 199 109 0.4353765802885094 36 533 37 792 38 792 39 894 40 905 41 1050 40 1010 42 1055 43 1030 44 993 45 1026 46 801 47 774 48 461 49 376
1234 0.16284092298511682 1.6735091295420823 2.2860916281421764 243 239 225 0.31568003778710169 35 531 37 807 38 813 39 915 40 918 41 1055 42 1060 43 1033 44 1100 45 1148 46 1143 47 1133 48 1105 49 1024 50 1043 51 1066 52 962 53 955 56 738 57 698
1236 0.073724708377393811 1.9265299062164516 2.3504710675975646 180 183 121 0.092288400860618791 36 738 37 821 39 924 40 930 49 931 50 951 51 958 52 867 53 857
1237 -0.10780375638955583 2.7786083490884788 2.6354003579754886 88 131 67 0.23676762546579067 36 766 37 847 38 936 39 1056
1238 -0.8879496326211429 2.5755903887452192 3.3391391218909137 147 174 103 0.05716710358584072 35 754 37 851
1239 -0.48002626573284835 2.8868493757780529 2.3454028928103292 71 137 69 0.064882754582524987 36 777 37 855 38 856 39 969 40 955
1240 -0.25543511443682732 3.1497708919185392 3.0008585392320075 231 232 213 0.27738957191560254 36 788 37 860 38 864
1241 -1.3885222401600983 2.6253247645999687 3.1902431787023562 195 201 132 0.12284460252772722 36 782 37 865 38 871 39 988 40 975 41 1021 42 1025 43 996 44 1060 45 1105
1242 -1.8319674525366203 2.7145386265332223 3.1888283959479495 187 194 127 0.14890262584971431 36 798 37 878 40 1000
1243 -1.8301696433861168 2.9752344418847385 3.047985588676656 172 187 119 0.68535292151080629 36 695 37 888 38 900
1244 -1.7423633260360982 3.2261935417189038 2.9427463178310789 184 201 129 0.79544640848695292 34 646 37 894 38 903 39 1018
1245 -1.7333821619886105 3.9895047387062914 3.3831905222345755 254 251 241 0.24812589179033795 35 711 37 901
1247 -0.35690867984774793 2.370454418802999 3.8259694722850148 1 1 1 0.89468980151731692 36 758 37 920 38 991 39 1111 40 1135 41 1178 42 1167 43 1141 44 1275 45 1318 46 1310
1248 -0.2316765140964919 3.2699959973328649 3.0928886826599413 155 139 96 0.14846053537633705 36 874 37 947 38 951 39 1069 40 964
1249 -0.32961540401059192 3.9652660087469225 3.9318132896774647 1 1 1 0.47981121319154396 36 813 37 962 38 896
1250 -1.5277141252572646 3.7853638355533046 2.9875178979951662 255 255 252 0.26423981931187324 36 898 37 968 39 1025 40 1015 41 961
1251 -0.083746544877823903 1.8147024875828635 2.6249797967754569 79 156 79 0.88662297742988816 36 907 37 975 39 1098
1252 -0.27415682757607579 2.6279304719337566 3.2182418923026708 213 219 194 0.49156977859808848 36 924 37 999 38 997 39 1116 40 1093 41 1133 42 1130 43 1106 44 1170 45 1226 46 1234 47 1220 48 1185 51 1148 50 1122 52 1048 53 1054 54 1010 55 926 56 942 57 879 58 760 60 489
1253 -0.95434543434123587 3.3766620464462758 2.6796348425857079 255 255 252 0.15775693267885299 36 955 37 1037 38 966 39 1082 40 997 41 908
1254 -1.7094495223179516 3.3113239877515595 2.9312133705697643 101 199 103 0.56625354069176237 36 893 37 1040 38 1033 39 1206 40 1177 41 1222 42 1201 43 1176 44 1236 45 1279 46 1246 47 1192 49 1003 50 892
1255 -1.5753025528488298 3.5535570724608916 2.8650382088853883 93 183 94 0.56427034263374687 36 960 37 1044 39 1150 40 1119 41 1163 42 1156 43 1128 44 1154 45 1208 46 1119 47 987 48 736 49 643
1256 -0.040404071689617183 1.9577710359677498 2.5020174519664162 93 159 83 0.35198832391108942 36 965 37 1050 38 1039 39 1216 40 1187 41 1231 42 1212 43 1189 44 1250 45 1292 46 1285 47 1287 48 1260 49 1182 50 1201 51 1235
1257 -0.15659652497611301 2.139970464348532 2.7162392644966369 113 168 92 0.23476931645315532 36 969 37 1057 38 1094 39 1220 40 1192 41 1239 42 1221 43 1200 44 1259 45 1301 46 1292 47 1293 48 1268 49 1189 50 1208 51 1240 52 1140 53 1166 54 1108
1258 -0.15659652497611301 2.139970464348532 2.7162392644966369 113 168 92 0.23476931645315532 36 970 37 1058 38 1093 39 1219 40 1191 41 1238 42 1220 43 1199 44 1258 45 1300 46 1291 47 1294 48 1267 49 1190 50 1209 51 1241 52 1141 53 1167 54 1109
1259 -0.97073558571366281 2.1642748787272832 3.6359989004619218 119 179 95 2.6316992363030942 35 950 37 1064 42 1170
1261 -1.5253373016894625 2.547742202883986 3.2670432246072694 86 168 86 1.2493133953605351 36 980 37 1074 38 1065 39 1192 40 1218 41 1273 42 1255 46 1359 47 1365 48 1345 49 1261 50 1275 51 1277 52 1177 53 1205 54 1130
1262 -1.4132147904705183 2.5960171270308163 3.2032238873923102 183 197 126 0.3700245904328795 36 985 37 1076 38 1067 39 1194 40 1219 41 1265 42 1252
1263 -0.24643125018866516 3.7590447245783754 3.4691471277168873 0 0 0 0.14440988373139257 36 998 37 1085
1264 -0.085681419777678181 2.807916186325254 2.6275394507961027 186 187 164 0.96044968128865305 36 1012 37 1105 38 1057
1265 -1.2353577079544442 2.1829016205055112 3.6089835285682796 139 166 93 0.49382966847810189 34 911 37 1106 38 1104 39 1230 40 1207 41 1258 42 1245 43 1217 44 1279 45 1322 46 1321 47 1324 48 1298 49 1218 50 1232
1266 -1.3931463159449617 2.6985227954095286 3.1397203832432696 120 172 97 0.51101407387203257 36 986 37 1110 38 1109 39 1245 40 1221 41 1274 42 1257 43 1225 44 1287 45 1361 46 1357 47 1362 48 1342 49 1223 50 1237 51 1267 52 1165
1267 -1.2538343297261492 2.8782738425934005 3.0247844510471902 75 144 72 1.0275063184100774 36 1017 37 1114 38 1110 39 1251 40 1226 41 1276 42 1260 43 1227 44 1289 45 1334 46 1332 47 1328 48 1302 51 1203 52 1115 53 1123
1270 -1.6786726679687314 3.1493875494846604 2.9057417854767706 94 143 77 0.70148284723026022 36 1036 37 1126 38 1124 39 1266 40 1240 41 1313 42 1300 43 1274 44 1330 45 1372 46 1369 47 1376 48 1323 49 1240 50 1251
1271 -1.5329940179801338 3.2171551363214972 2.833496429424208 116 154 89 0.73339228074065688 36 1037 37 1127 38 1125 39 1261 40 1235 41 1291 42 1276 43 1244 44 1306 45 1346 46 1343 47 1345 48 1318 49 1166 50 1185 51 1213 52 1119 53 1076 53 1125 55 944 56 881 57 814 58 772 59 709 60 688
1272 -0.49649720949886905 2.7261161740221684 3.4763541669181963 117 160 87 0.76387945504582289 36 1046 37 1137 38 1105 39 1273 40 1246 41 1256
1273 -1.5265296731197182 3.0914357191063218 2.7782883100761446 124 154 92 1.9058162191338537 36 1030 37 1140
1274 0.062279917914040361 2.6599564601879995 2.4141378542206398 246 243 228 0.47559907229820431 35 1021 37 1144 38 1145 39 1270 40 1271 43 1253 44 1314 45 1357
1275 -0.11482445478233702 2.9513552250197992 2.669465642758448 252 252 249 0.43681207804425426 36 1050 37 1145 38 1146 40 1272
1276 -0.081085945742524423 2.7207812192882788 2.8840516843248842 134 159 93 0.97274817983103434 36 1063 37 1161 38 1156
1278 -1.1973708364231295 3.4542696295494624 2.7892661868966213 98 89 42 2.0375434595894326 32 254 33 489 34 496 37 790 33 292 34 495 35 513 36 711 38 790 41 1040 40 1006 42 1106 43 1080 44 1148
1279 -0.39643433645194254 3.3000526613427357 3.1568004573122703 70 143 67 0.61058371415758672 36 1020 37 1115 38 1077
1280 0.006292917238723883 1.5506332519057768 2.8013172965847177 150 193 112 1.2102894694939832 36 6 37 6 38 6 42 763
1281 -0.010753535623324983 1.8364884813492253 2.4996917170964088 188 190 126 0.066569320438514629 37 23 38 15 39 16 40 28
1283 -0.084816109340223766 1.8391183895968677 2.6380679142851808 75 148 74 0.096671334295136316 37 21 38 22 39 428 40 434 41 478 43 449
1284 -1.1794145445433697 3.1605277349733423 2.8781754843819569 62 115 57 0.079948798470829405 28 160 31 186 30 153 29 119
1285 -0.13539298042825793 2.101264694256411 2.6703829138753639 92 155 82 0.084282527890343073 37 41 38 37 40 67 41 497 42 496 44 520 45 526
1286 -0.0094907627450435683 2.1911668663363773 2.4021664209273559 187 188 124 0.050722601413586602 37 47 38 42
1287 -0.31227383399495273 2.0046098360212428 3.4614359118944713 210 214 193 0.55879706005183216 36 46 38 50 39 64
1288 -0.18969609017468822 2.1556418338443968 2.7960673904209061 78 155 78 0.039121319706420396 37 56 38 55
1289 -0.15068215331368237 2.2293965409858179 2.6580677960489583 180 187 120 0.093480833768243232 36 67 38 58
1290 0.049911486540412386 2.3630904148970959 2.3053114585866425 61 116 58 0.14978974501225881 35 66 38 65
1291 -0.16278385189646763 2.2784016556469213 2.6975474493152638 78 154 77 0.13644791383630692 37 81 38 74 39 74 40 94 41 113 43 114
1292 -0.20126829864177576 2.5090119004556857 2.774737604741162 169 180 111 0.11174535458278763 37 106 38 83 39 100 40 128 41 148 42 136 43 129
1293 -0.17874790285299727 2.5293272460098772 2.721085242707769 121 164 92 0.067866366505212133 37 107 38 84
1294 -0.068663382958931929 2.6637548891612179 2.5710180143807713 64 124 61 0.066661512289247535 37 113 38 97 39 108 40 135 41 131 42 143
1295 -0.34320991211741986 2.5426892274155799 3.4148225225310167 204 207 182 0.20501198802871218 37 126 38 107 39 141 40 513 41 551 42 551 49 521 50 547 51 576 52 142 53 149 54 141 55 122
1296 -0.32078934148814037 2.7320599655046998 3.3072111832177931 117 107 63 0.67895663752783408 37 154 38 133 39 160 40 163 41 185 42 563 43 533 44 601 37 150 45 613 47 889 48 620 49 525 50 551
1297 -0.30495360291160956 2.7375956393701815 3.2679380936408036 203 204 181 0.36868928140333845 37 152 38 134 39 522 40 519 41 565 42 565 43 534 44 602 47 610 48 608 49 511 50 541 51 561 52 129 52 525 53 134 54 126 55 108
1298 -0.12857286234731893 2.999830162007509 2.7036137731527625 223 226 203 0.63495803388153549 37 505 38 139
1299 -0.54587606370115183 2.8579696911250201 2.2909747986408289 133 181 104 1.1646497655608554 36 178 38 165 40 196 41 208
1300 -0.95845054058423607 2.8348466359916102 3.1207044909564408 197 200 130 0.045702652928490045 37 223 38 202 39 226
1301 -1.8378513728282211 2.4710323747002225 3.4164583643214712 84 158 79 0.10991032447871756 37 214 38 217 39 620 40 600 41 678 42 680 43 659 44 963 45 993 46 978 47 989 48 974 49 903 50 914 51 935 52 852 53 839 54 800 55 721 56 540 57 492 58 459 59 429
1302 -1.7540616245345018 2.4856953499989878 3.3335939153292453 195 200 132 0.0094094677999263313 37 215 38 218
1303 -1.4644586570894169 2.6172848851451014 3.1937940739814632 205 206 137 0.093463676478753394 37 217 38 224 39 246 40 272 41 315
1304 -0.35951004422286925 3.3435590310085375 3.1263574941595738 182 204 125 0.12336126978636629 36 505 38 240 39 236
1305 -1.789190058548739 2.6855113255827701 3.1912597600265613 83 156 80 0.090680409236790702 37 262 38 246 39 302 40 622 41 691 42 683
1306 -1.5403499436983417 2.7437503433606585 3.0993200873543656 78 151 77 0.070913783291402188 37 240 38 248 39 278 41 680 40 607 42 667 43 646 44 709
1307 -1.5049281905563416 2.738952694742566 3.0993782250773836 82 155 79 0.43363662599844355 35 172 37 239 38 249 55 221 56 195
1309 -1.4128965817917389 2.8198486448385012 3.0424004887079668 208 206 138 0.074440973262456023 37 244 38 254 39 282 41 321
1310 -1.4466238621859093 2.9745468111801339 2.8798932267167494 72 132 67 0.021387336170571924 37 288 38 280
1311 -1.0999973889594001 3.2138998222730772 2.8753302037583417 63 117 58 0.12121115548237137 37 297 38 289 39 314
1312 -1.7935841138519291 2.9440588262239014 3.0451370037920666 69 133 66 0.18116412525234121 36 248 38 297 39 672 40 360 41 391 42 416 44 434 45 448 46 459 47 773 48 433 50 401 51 397
1313 -1.6471119863771209 3.0197199449600691 2.9521858462924944 72 139 70 0.18690205526839385 36 254 37 308 38 301
1314 -1.494938508291578 3.1418034547034228 2.8631404640752081 70 133 67 0.06203137228075923 32 183 38 305 48 373
1316 -1.9552982167638318 2.9583749582560896 3.2903453366724098 110 107 53 0.060786384937924209 37 307 38 317 39 343
1317 -1.8516901042931153 3.0838977912370664 3.1281466257339816 96 188 97 0.10721345474559496 37 321 38 321 39 369
1318 -1.5887585239479318 3.1493632238016867 2.8764420673020137 73 137 70 0.091353084123153822 35 255 38 324 40 367 41 400 42 399 43 382 44 409 45 418
1319 -1.6736005523740003 3.1330013349070374 2.922273934066892 137 163 98 0.24963208639403334 36 272 38 325 39 348 41 412
1320 -1.4545695641359693 3.191660609597879 2.8353145790124326 200 200 133 0.099941092593539768 33 246 37 313 38 328 39 357 40 371 41 403 42 401
1321 -1.2487205235552428 3.4451484206990699 2.8000602510315074 80 135 71 0.037901098904353718 33 291 38 334
1323 -1.6372550080134272 3.3837246756746948 2.8428289057763561 90 175 90 0.24343166173148131 37 356 38 351 39 700 40 692 41 746 42 747 43 716 44 762 45 774 46 774 47 424 48 404
1324 -1.6351395882778528 3.7748343057960341 2.9599666880367481 152 119 85 0.30215516853476743 37 624 38 360 39 401
1325 0.027183430377845097 1.7270242073332742 2.5041540641770013 78 152 77 0.023448929364540304 37 386 38 367 39 410
1326 0.028405889230800674 1.7268314437230508 2.5068277158899148 78 152 77 0.072087157280175909 37 387 38 368 39 411 41 457 42 461 44 481
1327 0.15411073453909202 1.8170402776481074 2.3162421261224209 121 145 86 0.26140245087642133 37 383 38 369 40 17 42 455 48 7 49 11
1328 0.0864702860559457 1.8390092627064583 2.3770934902301688 92 136 73 0.10374668912932594 37 389 38 373 39 413 41 460 42 465 40 421 45 488 47 491 44 484 52 436
1329 0.088137808146549479 2.0073354150408669 2.3056778091362973 62 117 59 0.12482087632739833 37 28 38 384 39 22 40 33 41 469 45 28 47 495 48 509
1330 0.17071799055737841 2.2657512930427592 2.1902836893688837 90 116 64 0.070481703383425576 37 48 38 392 39 441
1331 -0.032513400787024083 2.2050844985952507 2.4051583794571276 66 129 64 0.054544363653578384 37 406 38 396 40 445 42 491
1332 0.11091119989967058 2.3903919619859311 2.2558546858082624 59 110 54 0.10105217665234779 34 68 38 407 40 78 41 70
1333 -0.2222236452686914 2.099174089513947 2.9130704171862716 159 179 109 0.19055693874427521 37 55 38 412 39 456 36 373
1334 -0.1786916247528888 2.2248333771699889 2.7557280483298698 78 155 78 0.093718003837222855 37 432 38 414 39 461 40 460 41 513 43 488
1335 -0.21373991717900537 2.4501733791025004 2.8104037193350861 78 156 77 0.077399514709012684 37 447 38 438
1336 -0.26521018175176619 2.4800188361243101 2.9974928493365476 160 177 105 0.32465769729944105 37 453 38 446 39 776 40 767 41 823 42 832 43 805 44 858 45 878 46 887 47 870 48 861 49 789 51 812 52 743 53 721
1337 -0.014733568591907831 2.7072409831514399 2.5388376765801133 213 214 199 1.3885344231694985 37 115 38 452 39 499 40 772 41 816 43 969
1338 -0.014733568591907831 2.7072409831514399 2.5388376765801133 213 214 199 1.3885344231694985 37 116 38 453 39 498 40 771 41 815 43 968
1339 -0.10050844847505863 2.7694994457897248 2.6786298681308893 63 124 59 0.022642854181677191 37 135 38 467 39 122
1341 -0.31351546546250542 2.7973334424914733 2.7114877192970406 118 172 103 1.4538487552885 38 482 40 786
1342 -0.384474955174126 2.9580572170113184 2.4240102739753486 171 211 128 0.06201300396417337 37 711 38 504 39 187
1343 -0.1708687580807311 3.0920736225231678 2.8612912069688194 221 224 201 0.21263727451940775 37 521 38 505 39 567
1344 -1.5085149263450766 2.3030850117294612 3.4981830067561419 96 185 95 0.052220325719450157 37 494 38 508 39 571
1345 -1.6309118206988567 2.4396770570029127 3.3680636439731644 85 165 84 0.040046671851591303 37 524 38 526 39 606
1346 -1.186708368286699 2.7575974163118544 3.1090608606047083 80 154 78 0.082017115035078955 37 527 38 530 39 595
1347 -1.7670512071216335 2.4523067161525902 3.3959917645212423 85 164 84 0.32891612113324786 37 523 38 544 39 605 40 599 41 651 42 661 43 661 44 949 45 975 46 977 47 976 48 959 49 887 50 901 51 919 52 836 53 830 54 798 55 712 56 538 57 472 58 456 59 416 60 392 1 349 61 354 2 145 3 137
1348 -0.36419157113165618 3.3833001050326081 3.1592512866967928 173 208 125 0.11873174314741604 37 558 38 558 39 265
1349 -0.40816349281217346 3.4977102296664171 3.2329815705621816 255 255 254 0.2273656646877161 37 574 38 570 40 288
1350 -1.5188334617851378 3.1432310557334708 2.8643403784250059 145 169 103 0.040089662055139488 37 593 38 594
1351 -0.93488754950643171 3.4471116741594736 2.7699074336485139 63 119 57 0.12037165023376173 37 781 38 598 39 340
1353 -1.7788897191029487 3.1206543553691741 2.9889176154478552 197 199 133 0.21434618668949559 35 251 38 602 39 686 40 677 41 730 42 724 43 699 44 757 45 770 46 786 48 754 49 679 50 673
1354 -1.7787862239639449 3.1220886141926032 2.9936527467861174 197 199 133 0.12049652251721267 35 252 38 603 39 685 40 676 41 729 42 723 43 700 44 758
1355 -1.4876592159146997 3.2523121392549745 2.7968236583705552 200 198 133 0.0039608722717286923 37 603 38 608
1356 -1.4038677606210699 3.3320178016667303 2.7820584161202779 180 182 120 0.16278084974398424 37 604 38 609 39 675 40 667 41 716 42 405 43 694 44 385
1357 -1.40483717001025 3.3317383374237166 2.7788146892301984 180 182 120 0.10999098148557655 37 605 38 610 39 676 40 668
1359 -1.9602609143978313 3.2265727032565743 3.333075565697841 252 247 237 0.2895706150604696 36 291 38 626 39 900
1360 -1.6559628935993043 3.4602224166428814 2.9597063193907003 170 206 142 0.7268602422432664 34 291 38 629 39 702 40 693 42 748 43 718 44 457 45 458
1361 -1.6553417377397364 3.5289727353585389 2.9874281392949613 250 249 236 0.68763796762502338 37 619 38 632 39 908 40 911 41 957 42 961 43 1031 42 1056 44 1097 45 1143 46 1137 47 1196 48 1087 49 1004 50 1027 51 1036 52 933 53 803 54 258
1362 0.19228619424942289 1.6210618908740331 2.2183381735069432 178 147 112 0.14849169545848445 37 806 38 635 39 711 40 413 41 447
1363 -0.10187404901364294 1.727446793067233 2.7631569345563043 184 194 125 0.19673417726632625 37 637 38 650 41 973 40 928 42 977 43 951 44 1018 45 1062 46 1049 47 1040
1364 -0.27493683806846692 2.0039998347252133 3.1005897732643972 176 187 117 0.12622994019877712 37 414 38 668 39 758 40 750
1365 -0.28402741896522421 2.0845067988504664 3.0976783731563362 174 182 114 0.1764539106717673 37 416 38 670 39 760
1366 -0.026587666228843787 2.3749408155400045 2.4042773804651012 65 127 63 0.084959367804760988 37 673 38 673 39 762 40 741 41 797
1367 -0.79971158397920195 2.2829397398216411 3.7170944171331777 156 187 111 0.32473812949095093 35 386 38 694 39 515 40 781 41 839
1368 -0.37044788324382161 2.6241711524419635 3.6245862759991883 211 218 142 0.41465648172740632 37 696 38 704 39 788 40 512 41 179 42 195 44 183 45 193
1369 -0.90745103421849849 2.5411803157627921 3.3791931754580675 78 157 78 0.22209461934493069 37 701 38 708 41 843 8 425
1370 -1.1544130253360205 2.8184880120570721 3.0747092319165792 200 201 133 0.068172996496287983 37 730 38 744 39 842 40 845 41 876 42 884 43 856 44 910
1371 -0.46422558646765111 3.3691049829911455 3.081957101191128 196 215 136 0.2642995826769341 37 756 38 749 40 268
1373 -1.65502232081903 2.6562639617558816 3.1813324605633024 82 158 80 0.24033499001678515 37 740 38 751 39 848 40 862 41 902 42 904 43 889 44 950 45 976 55 696 56 698 57 644 58 606 59 538 60 520 1 458 61 463 2 315
1374 -1.6428247977143691 3.0950961594968378 2.9170455359182026 71 135 69 0.12119243174193399 37 773 38 786 39 886 40 888 41 931 42 939 43 908 44 971 45 1000 46 987 47 969 48 952
1376 -1.7807459442051952 3.2611799666493644 3.0597681841468569 132 199 119 0.26211597031719036 37 608 38 793 39 903 40 906 41 947 42 953 43 931 44 770 45 468 46 465
1377 -1.6183261203856922 3.2956178479955063 2.8274407787401925 64 126 61 0.19932268057324601 37 793 38 795 39 895 40 896 41 942 42 730 43 923 44 988 45 762 46 992 47 971
1379 -1.7025707504028895 3.6776957183910737 3.0421111055564145 254 250 240 0.41200339093521443 36 546 38 807
1380 0.20587040824362307 1.7505273681066615 2.1771638561476294 133 95 61 0.2979420781449576 37 809 38 815 39 918 40 921 41 964 42 968 43 941
1382 -0.41091484615986018 1.8031504648952317 3.2776765513916004 221 222 204 0.1262991094014666 37 827 38 830 39 744 40 734 41 802 42 810 43 778
1383 -0.40678230744539068 1.8019157992480921 3.2885690896414874 221 222 204 0.2257592914671365 37 828 38 831 40 735 41 803 29 475 28 469
1384 0.0043610432760664564 2.2771419928781902 2.3623416011947689 184 184 122 0.11365004458969515 37 836 38 834
1386 -0.2354636855253206 2.4688567906331689 2.8893149771503346 142 174 101 0.11296261605939736 37 844 38 845 39 948 40 942
1387 -1.1106745258140782 2.015196670963844 3.4898234817990152 232 236 212 1.4583312439990301 33 659 38 847
1388 -1.6672112985384682 2.4575718056963267 3.3540612064253228 193 201 131 0.13442485404216978 37 861 38 868 39 985 40 973
1390 -1.8302907584929038 2.7142654245437394 3.1971692661344768 187 192 126 0.15226378315210481 37 879 38 888 40 999 41 1036 42 1048 43 1020 44 1081 45 1125 46 1128 47 1117 48 1091 50 1033 51 1050 52 950 53 936 54 904 55 805 56 826 57 757 58 725
1392 0.13636090933796047 1.9336677681298151 2.2931480571959302 149 160 102 1.5026548368894705 37 818 38 915 39 1037 40 1027 41 1059 47 1139 50 945 55 580 57 523 58 309
1393 0.26650987370773976 2.0626763734211 2.1441657464967214 255 255 255 1.4607575170575438 36 828 38 916 40 1025
1394 -0.92172575891566333 1.7692184054842728 3.2071833025170196 255 254 251 0.06614552057873585 37 911 38 925 39 1050 40 1040 41 1074 42 1077
1395 -0.27763987108467147 3.2788981057351378 3.1361622832569331 224 232 204 0.24278337377613476 37 946 38 950 39 1071
1396 -0.96204260981221945 3.21405381985572 2.8711103358248913 63 121 60 1.2206802856907724 37 753 38 957 39 1136
1398 0.15803034865739513 2.226963762582447 2.2030197921277725 108 134 77 0.27645771642994005 37 977 38 981 39 1099 40 1083 41 1127 42 1124 44 1161 46 1219 47 1208 49 1088
1399 -0.10798872303090734 2.2976072049029961 2.553787197699664 74 147 73 0.89573252959686533 37 989 38 990 39 1105 40 1087 41 1170 40 1129 42 1160 43 1134 45 1251 48 1208
1400 -0.26011130813696104 2.5031400916892541 2.9415499470306137 145 176 101 0.39866855062114992 37 992 38 993 40 1132 41 1177 42 1166 43 1139 44 1208 45 1255
1401 -0.43679571259033634 2.4688045791282396 3.6340348590261571 159 213 122 0.46007980343550409 37 997 38 996 39 1114
1402 -1.7874911659854125 2.2841099325257455 3.5775661894601054 82 163 82 0.65185522478814328 37 936 38 1015 39 1130 40 1160 39 1180 41 1206 42 1190 43 1230 44 1299 45 1341 46 1344 47 1348 48 1326 49 1242 50 1260 51 1289 52 1189 53 1214 54 1146 55 1063 56 1061 57 991 58 944 59 871 60 825 1 684 61 693
1405 -0.48822422488413608 3.3679312057272441 3.0461683294112407 197 217 138 0.19154474303249944 37 1029 38 1025 39 1075
1406 -1.6285859039059098 2.9103836676634804 3.0089005516579439 74 142 72 0.50276274922525888 37 1031 38 1027 53 1083 54 972 56 893 57 827 58 704 59 638
1407 -0.82024755063043187 1.8450847150495362 3.3373184260460032 224 228 206 1.540308616150605 38 1049 40 1130 42 1164 27 570 26 558
1408 -0.29497427669690579 2.1688760321563452 3.1007288677849631 78 157 77 0.7887957077119675 36 918 38 1050 39 1162 41 1246 42 1229 43 1205 44 1266 45 1308 46 1303 47 1304 48 1278 49 1201 50 1215 51 1249
1409 -0.2203972909157875 2.5369050302188527 2.8496489586514318 80 162 80 0.32207015115173404 37 994 38 1053 39 1166 41 1250 42 1232 43 1209 44 1268 45 1312 46 1306 47 1307
1410 -1.765117641391666 2.5805345241496447 3.281482705624243 82 160 81 0.79699647197949186 37 1079 38 1074 39 1247 40 1228 41 1279 42 1273 44 1321 45 1368 46 1366 47 1371 48 1349 49 1265 50 1279 51 1303 52 1204 56 1052
1411 -1.7639498782702401 2.5812731864876306 3.2817260604531446 82 160 81 0.60874983857746912 37 1080 38 1075 39 1248 40 1229 41 1280 42 1272 44 1322 45 1369 46 1367 47 1372 48 1350 49 1266 50 1280 51 1302 52 1203 56 1051 57 979 58 933 59 860 60 812 1 710 61 720 2 692 3 646 4 632 5 552
1412 -0.32119589221476019 2.8193351225755841 2.8259546111467069 225 229 207 2.0759632468504097 37 1067 38 1106 39 1231
1413 -1.8595243381759918 2.6049049371777278 3.3312429384617777 79 155 75 0.84378298127911777 37 1024 38 1114 39 1276 40 1250
1414 -1.83753822805012 2.7903573556463348 3.1360415059503497 100 153 83 0.19284651005709189 37 1120 38 1118 39 1256 40 1253 41 1310 42 1294
1415 -1.5547915558821332 3.5132336130449398 2.8113036935102445 85 166 85 0.17413293668512436 37 1132 38 1130 39 1268 40 1242
1416 -0.42754963550494429 2.2803612133401292 3.9106877776228743 222 232 200 0.48039797584407218 37 1135 38 1133 39 1271 40 1244 41 1300 42 1285 43 1257 44 1316 45 1317 46 1311
1417 -1.701728709367434 2.1632135731694939 3.6741086690938638 141 200 114 1.4544664742353683 37 1136 38 1134 39 1274 40 1247 41 1302 42 1289
1418 -2.0794955777140469 2.8273679657257618 4.6536983816479855 243 240 223 0.73179391583235087 37 1118 38 1137 39 1279 40 1258 41 1325 42 1310 43 1283 44 1342 45 1390 46 1387 47 1393 48 1369 50 1295 51 1318 52 1217 53 1239 54 1164 55 1086 56 1081 57 1016 58 965 59 890 60 870 1 767 61 777 2 754 3 750 4 725 6 670 7 678 8 682 9 664 10 590 11 595
1419 -0.34844612188992924 1.8675084865858598 3.4181275956523018 210 216 189 1.6406418604819095 37 1157 38 1153 39 1302 40 1285 41 1335
1420 -0.83917115456856606 2.8450663972344619 2.5904009591344863 80 152 76 1.2017513450793542 38 1166 39 1307
1421 -1.5713671742965685 3.7062387573881619 3.0717919082992555 103 105 47 1.4922564170797601 37 1172 38 1169 39 1308 40 1287 41 1337 42 1326 43 1298 44 1354 42 1324 45 1403 46 1397 47 1403
1422 -0.68802725228117345 3.3634318730175377 2.8658470105625908 189 211 132 3.05744626206139 37 1174 38 1170
1423 -0.74759954667988504 1.7365580917755448 3.1929328178624301 69 130 65 0.42168273332993206 34 35 37 51 38 408 28 5 31 17 33 339 35 339 37 413 30 11 29 6 26 10 25 231
1425 -0.77231949236403363 3.1487549086343902 2.9961112450719676 0 0 0 0.021608713798627721 31 190 32 197
1426 -0.039284651199261778 1.5493901473203422 2.9049356133788402 222 224 208 1.0895208253834914 36 5 37 13 39 4 40 10 41 25 42 22
1427 0.053372576609859668 1.7761252400149845 2.4254744694263608 175 180 117 0.14343452933539524 38 9 39 5
1428 0.17244591511242241 1.9148978246144654 2.2712870733285646 102 126 74 0.22487692759695846 38 18 39 8 42 20 43 10 48 9 49 12 50 9 53 7
1429 0.012162038301823275 1.7440796636330445 2.5330924498939766 187 188 125 0.092897645272816159 38 14 39 14 40 12 41 16 42 12 43 16 44 15 45 14 46 17 47 15 48 25 50 24 51 22 52 22 53 32 54 20 55 13
1430 0.065961084642788048 1.8784438407389721 2.3785601061445072 64 123 61 0.10659683192950589 38 17 39 20 42 17 48 14
1431 -0.14198329659003531 1.7586814288064594 2.8714839652046247 84 167 84 0.1390145334862545 38 21 39 24 40 431 41 476 42 477 43 447 44 505
1432 -0.043337516834466183 1.9264507309440004 2.5212417271570819 69 135 67 0.097384255493900992 37 25 39 28
1433 0.025436879605928497 1.9818359568133674 2.3650023411779917 189 188 126 0.05889391772403809 38 24 39 29
1434 0.027284041814533366 2.2117704767032311 2.3277507058458662 184 182 122 0.094369405672771967 37 45 39 38 40 53 41 62
1435 -0.32527206042906381 1.8199805304605132 3.2938834774246084 231 230 213 0.038729083914676769 35 32 39 40 41 71
1436 -0.15334679105108484 2.0136253142978107 2.716194938449263 78 146 74 0.10665314363391878 38 33 39 43 40 51 41 55
1437 -0.13483124267194238 2.1023482975089762 2.672150792978961 87 147 77 0.10364054093419028 38 38 39 47 40 68 41 498
1438 -0.12225958826169214 2.172598140032568 2.5989571392249431 74 142 70 0.10401408029230931 38 41 39 50 40 70 41 86 42 92 43 91
1439 0.029229556264222911 2.2831885922091031 2.3133484472561388 61 116 58 0.038474482213990913 37 62 39 52 40 55 41 63
1440 0.029229556264222911 2.2831885922091031 2.3133484472561388 61 116 58 0.038474482213990913 37 61 39 53 40 56 41 64
1441 -0.036171059703822062 2.3053290088482612 2.4155179048765705 185 185 123 0.07716976467715983 38 62 39 54 40 72 41 90 42 73 44 77 43 77 45 78 46 86
1442 -0.24274014921998366 2.1920302559304923 2.9498943046239057 78 152 76 0.10627509156825146 38 69 39 70 40 88 41 510 42 116
1443 0.044793393897407996 2.4694983031325108 2.3555066882448399 172 175 114 0.076651462824807434 38 77 39 79 40 97 41 93
1444 0.044793393897407996 2.4694983031325108 2.3555066882448399 172 175 114 0.076651462824807434 38 76 39 80 40 96 41 92
1445 -0.1502360153982901 2.6023977407918961 2.6544121255998521 68 132 66 0.1010659372290607 38 96 39 105 40 133 42 141
1446 -0.1283075077587672 2.6446780183007057 2.6264305997333319 65 126 62 0.12076785692127151 37 110 39 106 40 136 41 152
1447 -0.46792193760679701 2.2411727138117308 3.8989254069760686 220 226 201 0.26232018575828792 37 95 39 112 40 139 41 163 42 172 43 176 44 596 45 602 46 616
1448 -0.25948290747704394 2.5915897787645203 3.2121268650419301 212 216 199 0.22006589041615016 38 109 39 114 40 145 42 179 46 190
1449 -0.24762764718473235 2.5391168552695826 2.9218597700235707 162 177 107 0.087670998921584684 37 104 39 115 40 131
1450 -0.17349604439129609 2.6353075213386865 2.6980088914853075 70 136 67 0.075451134637445363 38 95 39 118 40 134
1451 -0.12030938330104629 2.752654757180184 2.6805936110719024 161 168 104 0.1043377191091481 38 116 39 119 40 150 41 155 42 162
1452 -0.12030938330104629 2.752654757180184 2.6805936110719024 161 168 104 0.1043377191091481 38 115 39 120 40 149 41 156 42 163
1453 -0.5380286197470121 2.4220137140677189 3.6639871511985289 89 179 88 0.41496656717180186 33 82 39 136 40 157 41 559
1454 -0.44405195079426701 2.5095541510292185 3.6754313865186941 210 215 140 0.2612712842015622 38 459 39 139 40 158 41 177 42 193
1455 -1.3619091421500626 2.0335308513919474 3.6660735087872705 176 148 112 0.34649379072079839 38 119 39 147 42 244 43 563 44 652 45 660 46 678 47 694 48 691 49 624 50 639 51 667
1456 -0.93588937247602177 2.334051659715632 3.6102579931866181 83 163 80 0.1984025428465464 38 121 39 152
1457 -0.83861658181183696 2.4966250142901587 3.4474973988528763 174 181 114 0.026606237894885403 38 126 39 156
1458 -0.48698354203551952 2.8607743864256494 2.3418784604693799 150 190 112 0.25564242846949059 38 164 39 169 40 195 41 191
1459 -1.4730215868889218 2.210572125566062 3.5885053955109409 180 197 121 0.17886733073503827 38 140 39 188 40 221 41 250
1460 -0.95342775652406719 2.4929411950986999 6.4654365658806405 93 181 92 1.8151620452971624 33 126 39 189
1461 -1.3301626536033622 2.3880561060068315 3.4135937834183583 90 178 90 0.024541700199157992 38 175 39 190 40 225
1462 -1.7410158810452092 2.187437508408379 3.6629131526623566 95 183 94 0.19775913712847418 38 170 39 211 41 280 42 641 43 613 44 697 45 727 46 734 47 746 48 737 49 898 50 909 51 928 52 847 53 836 54 805 55 724 56 727 57 688 58 646 59 453 60 414 1 386 61 391 2 357 3 365 4 345 5 144 6 143
1464 -0.37698188302888092 3.2830179481340171 3.1232156039726946 76 149 72 0.28121027936957538 38 542 39 233 40 266
1465 -1.7948057220791991 2.4572487355026418 3.4001714867832269 83 159 82 0.077520250160265328 38 214 39 239 41 341
1467 -1.4809066156594664 2.6059007473686422 3.2016501195924589 84 162 83 0.091422386001237532 38 222 39 245 40 273 41 314 1 109 61 112 2 100
1468 -1.8979204900203734 2.4577390629018439 3.8487801064073746 169 141 107 0.3629160794742638 38 215 39 269 40 619 41 897 42 914 43 899
1470 -1.7199998105963759 2.6567367346839581 3.1941510473394681 80 154 79 0.034541044839733588 37 236 39 273 56 245
1471 -1.3252214127378197 3.0108426272884072 6.7326043487979756 80 154 79 1.5754335503033694 34 197 39 274
1472 -1.4503157725916216 2.7813643695179229 3.0803008843331621 194 199 131 0.07192360202082998 35 174 38 251 39 280
1473 -1.1132107096084753 3.0275257789234415 2.9524635412607214 69 134 67 0.038296770132358285 38 260 39 290 40 309
1475 -1.7885275946376493 2.68617161713368 3.1956253833050794 78 150 76 0.068633833435965574 38 247 39 301 40 623 41 692 43 686 44 745 45 752 46 764 47 754 48 746 49 671 50 684 51 714
1476 -1.6839740814699415 2.8424296909488436 3.0558131409179352 74 141 72 0.080017966176566507 37 283 39 303 42 371 44 403
1477 -1.6834009185067202 2.8423414883610212 3.0572068566489117 74 141 72 0.093729326446810854 37 284 39 304 40 336 41 366 45 410 50 372 54 288
1478 -1.2123776652618621 3.0684959388185473 2.903862975818853 126 152 91 0.023383476396141238 38 282 39 308
1479 -1.1299031275553444 3.2151641255288599 2.8637517162329598 175 176 114 0.033593044686137302 38 287 39 316
1480 -1.1296322178495759 3.2157374470283964 2.8658723092503982 175 176 114 0.042918156309599546 38 288 39 317 40 324
1481 -1.8111823764318287 2.8054615413892741 3.1228730793667778 72 139 70 0.10399718987098432 38 277 39 326 40 334 41 385 42 389 43 371 44 399 45 446 46 454 47 441 48 432 49 374 50 398 51 395 52 371
1482 -1.5372382414620565 3.0806116755825794 2.9169688404226872 70 132 67 0.068247095397915403 38 303 39 336
1483 -1.5817946620413883 3.1043143202506944 2.908007249732012 136 162 98 0.33041401875438831 38 304 39 350 41 396 43 379
1485 -1.8103000870304302 3.1694264534317793 3.0605043687233109 197 205 134 0.1688845039615792 38 337 39 371 41 742 42 431 43 406 44 454 45 465
1486 -1.7958656995717024 3.1455984719691465 3.0111190421748235 89 174 89 0.14067948431250688 37 324 39 373 40 381 41 427 42 429 45 453 46 464 47 448
1487 -1.7958656995717024 3.1455984719691465 3.0111190421748235 89 174 89 0.14067948431250688 37 323 39 374 40 382 41 428 42 430 45 452 46 463 47 447
1488 -1.5597423040725049 3.363318707029809 2.792207713754578 171 178 116 0.15709314701638002 37 352 39 380 43 399
1489 -1.1061435246060094 3.6351375107110386 2.9258832674940094 180 197 142 0.068403009176540019 38 624 39 383
1490 -1.6777747347788499 3.3567207647477417 2.8835830455649734 93 182 94 0.13623833838386898 38 350 39 388 40 691 41 431 42 746
1491 -1.5914545813176388 3.4815031535494763 2.8081944894006257 195 197 131 0.028212537759574056 37 358 39 393
1492 -1.6169222709595181 3.6229997105694034 2.8663258765226742 255 254 243 0.087411251447089985 37 367 39 397 40 409 42 442
1493 -0.034518242183081416 2.867423163553775 -0.54058652235996518 0 0 0 0.8749290518952425 31 82 32 100
1494 0.077455546824684418 1.7615486543803873 2.4300233264120359 72 135 68 0.066922385247072155 37 16 39 412 40 418
1495 -0.11744693262582942 1.7153953213086455 2.8152299272331875 81 161 81 0.1034451735673682 38 377 39 425 40 430 41 774 42 474 43 749 44 805 45 826 46 841 47 825
1496 -0.012447434706356286 1.9621361427080659 2.4523063867469483 68 130 65 0.12635458944199485 38 381 39 430 40 438 41 481 42 471 43 444 44 501 45 501 46 499 47 500 48 515 49 430 50 462
1497 -0.026558001476998661 2.1243624114865138 2.4254562115297542 69 128 65 0.1807622695221813 37 404 39 437 40 443 41 486 42 481 43 453 44 510 45 511 47 518 49 447 50 474 51 490
1498 -0.78505690981682763 1.7380337249747038 3.1905011725533892 66 124 62 0.1667549442431028 38 48 39 451 40 470 41 520 42 515 43 508 44 561 45 569 46 575 47 599 48 614 49 514
1499 -0.16528794518691195 2.2570532525725073 2.7023844683170402 168 178 111 0.088611880082411235 38 417 39 463 42 510 43 474
1500 -0.021737770236667509 2.3456066954272017 2.3791569860581001 143 160 99 0.13512332649824274 38 420 39 467
1501 -0.29006766751721952 2.225677468102067 3.1064140422016022 77 156 76 0.087968155493381467 38 425 39 475
1502 -0.15280793577668694 2.5458877232751265 2.6548562424225777 67 134 66 0.11380185769539752 38 441 39 492 40 488
1503 -0.35718966147292769 2.3889462139265261 3.4467583506707822 223 225 202 0.22862183281939213 38 443 39 501 40 495 41 548 43 523 44 575 45 582 46 579 47 605 48 870 49 516 50 545 51 571
1504 -0.35562250109559151 2.4309878060529435 3.4640791364304446 134 115 74 0.40901631948203626 38 444 39 502 45 880 47 878 50 798 49 517 51 572
1505 -0.13987170759076567 2.708315113149725 2.6624237471391301 135 156 92 0.17685603173635717 38 450 39 507 40 503 41 540
1506 -0.16111799184300216 2.7436035372801775 2.7374033646463833 70 136 67 0.17220960322496009 38 114 39 510 40 505 42 537
1507 -0.06778887193948846 2.7838254489379635 2.6630149215181658 61 121 57 0.16273877201502948 38 118 39 513 40 153
1508 -0.3305159706024226 2.544513547163171 3.3443163343137843 121 109 63 0.21697750448218744 38 461 39 518 40 499 41 553 42 552 43 526 44 864 45 882 46 890 47 607 48 167 49 508 50 184 51 167 53 131 54 125 55 107 58 91
1509 -0.25764617628278919 2.6306776244086421 3.193748642753417 216 220 201 0.14579966210709419 37 467 39 520 43 169 46 581
1510 -0.30503698518308053 2.6694667377485244 3.2538098935081217 107 96 52 0.20713750261063696 37 129 39 521 40 515 41 563 42 843 43 810 44 581 45 883 46 582 47 608 48 606 49 509 51 560 52 513
1511 -0.17374591137280959 2.7651607719558862 2.766051577831345 71 141 69 0.11449798000949803 38 466 39 530 40 506 41 557
1512 -0.27450500497133701 2.8308156759098617 2.5313398827376115 178 202 124 0.75029059122585728 37 161 39 531 40 788
1514 -0.55192281621313066 2.8393647803692694 3.2913853407931049 170 172 107 0.20300120448532449 37 501 38 500 39 563 40 549
1515 -1.2676617409494972 2.3833510362535111 3.4334498596474878 93 184 93 0.045218055310930406 38 493 39 573
1516 -1.1757115514186076 2.5342652696604651 3.3006711480412338 89 176 89 0.23663097528168822 38 511 39 574 40 559 41 622 42 615 2 435
1517 -1.8119502943511321 2.3103136363919607 3.5600233000940911 77 153 75 0.20439695071216205 38 193 39 603 40 585 43 872 44 947 45 971 46 754 47 747 48 971 49 902 50 696 51 932 52 850 53 838 54 806
1519 -1.8378865878645207 2.4712465308940343 3.4167031954256535 78 153 75 0.092804066179480074 38 216 39 619 40 601 41 677 42 679 43 660 44 962 45 992 46 979 47 990 48 973 49 904 50 913 51 934 52 853 53 840 54 801 55 720 56 541 58 458 59 428
1520 -1.497028227709132 2.7401437051908117 3.1034700505137853 79 150 76 0.21468229546727807 38 546 39 621 40 606 41 656 42 668 43 644 44 707 45 721 47 713
1521 -1.2433155293978382 3.0235457432937927 2.9292078051529793 66 126 63 0.0072097193061069539 38 563 39 624
1522 -1.7796191723907502 2.770549642976325 3.1339948953779619 101 153 83 0.098740259039970704 37 563 39 638 40 636 41 693 42 705 43 687 45 996 46 983 47 981
1523 -1.5001259888876566 2.8417696026917749 3.0308417035703958 184 192 125 0.13130081070746799 38 753 39 640 40 626 41 904 42 669 43 647 44 711 45 725 47 716
1524 -1.449791233227133 2.9399411922303442 2.9784124433744807 175 186 120 0.31973435385287741 33 188 39 643 40 320 41 349 42 355 43 332
1525 -1.9083807104516937 2.7191132455423346 3.2902539659994594 96 187 96 0.13954316997549712 38 274 39 650 40 870 41 925 42 930 43 914 44 978 45 1133 46 1127 47 1116
1526 -1.2316179434644652 3.1973011882467879 2.8506288853014765 175 180 117 0.1227059400289728 35 491 39 661 40 633
1527 -1.103782448635491 3.3478422618332306 2.6755199480368499 179 150 113 0.25549183377672707 38 313 39 663 40 646 41 686 42 673 43 653 44 694 45 711 46 700 47 677 48 681 49 570 50 586 51 230
1528 -0.97992117896943887 3.4114829156455886 2.694192697367527 255 255 255 0.28189137391416247 38 779 39 666 40 328
1529 -0.35068212084798955 3.9726183230096148 3.9072207141660287 1 1 1 1.3142385429003383 37 347 39 667
1531 -1.4729007191016494 3.1798186055355493 2.8391614056771317 67 123 63 0.037381982597772825 38 606 39 674 40 664
1532 -1.8977581018437315 3.054595145991899 3.2126633374730749 108 193 102 0.21599427724016493 38 319 39 684 40 675 41 740 42 739 43 711 44 769 45 785 46 800 47 466 48 476 49 394
1533 -1.7827480123791664 3.2221156798370627 3.0551094525531708 196 207 134 0.23230728373854528 38 617 39 688 40 689 42 742 43 407 44 455 45 466
1534 -1.7212181698644839 3.3530288271677406 3.0005035085306364 135 204 130 0.13221798153130832 38 627 39 699 41 745 42 745
1535 0.24459448051274763 1.7014365409519012 2.1640305539722093 219 188 144 0.6110590274702159 38 636 39 712 40 705 41 759
1537 -0.013565844697966289 1.9872398394343271 2.4299225506609057 159 171 109 0.027657726860732798 37 642 39 731
1538 -0.21222222901478988 1.8998552916945144 2.9495828872336789 82 163 81 0.25461831869542828 38 388 39 737 40 724 41 785 42 797 43 767 44 818 45 842 46 856
1539 -0.36739056528108271 1.7889978825951185 3.2878526105395047 156 130 93 0.50092614015119652 38 657 39 742 43 964
1540 -0.3504500018286279 1.7840725597603035 3.3023640662215996 156 130 93 0.93167846079939853 38 658 39 743 40 934 41 982 42 986 44 1027 45 1070 46 1064 47 1058 48 1031 49 1042 50 978 51 1088 52 995
1541 -0.05951062585073319 2.161745886856369 2.4857474445635761 68 134 66 0.18389113871739976 37 405 38 662 39 747 40 729 41 788 41 980 42 791 43 762 47 830 49 743
1542 -0.27820773359341128 2.0045649637446141 3.0936394095198407 171 184 115 0.14026973863205244 38 669 39 757 40 749 41 804 42 811 43 781 44 833
1543 -0.21968321908573182 2.3719676638230722 2.8380802182317364 76 151 74 0.10240565390480372 38 683 39 769 40 759
1544 -0.33281991722353221 2.4463267503500368 3.4202398087123664 219 223 199 0.4131559978348161 36 399 39 779 41 828
1545 -0.12951464064793974 2.6767206728021722 2.6568333884174522 64 126 61 0.13317291939363243 38 692 39 782 40 770 41 825
1546 -0.36018846183966136 2.668585168834146 3.368335893825678 194 203 160 0.24664629613813388 38 478 39 789 40 783 41 833 42 844
1547 -0.15625200888542395 2.8279641407246636 2.5085928917604603 125 106 63 0.20577951744544162 38 698 39 790 40 779
1548 -1.4931312943737167 2.1054572699338316 3.7960879648396517 248 246 234 0.14523129715485569 38 486 39 795 40 807
1549 -0.59065764640129748 2.8244445013847668 3.3144068895597822 97 162 84 0.11568714373664123 38 710 39 801
1550 -1.5393874212781171 2.2493494988707941 3.5771528333371641 96 191 97 0.17132880722038379 38 714 39 808 40 967 41 1014 42 1022 43 1067 44 1141 45 1192
1551 -1.2066820193586543 2.551755180078048 3.2799137066643591 207 208 138 0.045298857218922128 38 715 39 811 40 828 41 864 42 872 43 848 44 902
1552 -1.2110706651902157 2.603138574700897 3.2295585541497331 85 165 84 0.055251716556882956 38 717 39 819 40 829 41 865
1553 -1.0598344113774876 2.7358914391565534 3.1551921904481652 169 188 117 0.11122587040915113 35 619 39 821
1554 -0.82053509060758567 2.9547459794111783 2.2901529585603138 181 149 110 0.21339380639655325 38 730 39 828 40 820 41 855
1555 -0.85770941836016301 2.9976838496173244 2.3176711589332615 177 145 109 0.12624753187183763 38 552 39 829 40 838 41 872 42 609
1556 -0.85770941836016301 2.9976838496173244 2.3176711589332615 177 145 109 0.12624753187183763 38 553 39 830 40 837 41 871 42 608
1558 -1.5489521196659437 2.5948454537042416 3.2226758359679799 186 197 127 0.10618987920978412 38 739 39 839 40 849 41 884 42 893 43 877
1559 -0.95356326976221006 2.9688459484205731 3.0402636154745641 72 141 70 0.036983285212920824 38 745 39 844
1560 -1.8054387778593024 2.5466027861984033 3.3214027614183199 181 189 123 0.33910732349211542 38 736 39 846 40 860 41 900 42 918 43 888 44 964 45 994 46 980 47 977 48 960 49 889 50 902 51 920 52 837 53 832 54 790 55 713 58 443 57 473 59 417 60 171 1 155 61 159
1561 -1.4948737807969823 2.764207239838699 3.0873726917456552 177 190 121 0.23582209283242792 38 752 39 849 40 851 41 903 42 905 43 880 45 961
1562 -1.147702639849798 3.0173318156321365 2.9595018820556445 68 132 66 0.016717838976513803 38 755 39 853
1563 -1.576898903602447 3.0766273016965102 2.9087471776219389 70 133 67 0.089577862571426747 38 772 39 869 40 889 41 932 42 938 43 907 44 970 45 981
1564 -1.1735692760359184 3.3555523597148578 2.7464501276859346 104 100 45 0.34865490006201261 38 597 39 875 40 878 41 1039 42 1044 43 1008 44 1147 45 1193
1565 -1.7149870690653752 3.0108350294573483 2.9763936364992691 177 184 120 0.15783145923389999 38 770 39 883 40 887 41 930 42 937 46 986 49 875
1569 0.040694740567369769 2.149110860553304 2.3204780440235395 161 169 109 0.010358118751783593 37 824 39 932
1570 -0.13899515079492017 2.1929586330890944 2.6471031724504996 177 184 118 0.10793698146588318 38 838 39 938 40 936 41 985 42 984 43 963 44 1026
1571 -0.14156781975399477 2.1928295472705717 2.6413565515762927 177 184 118 0.096736617600145458 38 837 39 939 40 937 41 986
1572 -0.32260412443098929 2.3437444929450226 3.0442584559154877 152 173 102 0.13133804527644843 38 844 39 947
1573 -0.21166760165360057 2.6656230291089074 2.7849748718857228 141 173 101 0.41870723080362876 36 761 39 953 40 949 42 997 43 974 44 859 45 867 45 1077 46 1067 47 1062
1574 -1.3040123638433354 2.5664078278996834 3.2404369334418344 167 190 118 0.61489121618872478 38 869 39 980 3 435 5 488 6 486 7 483 8 485 9 495
1575 -1.9108979154295018 2.4170086156029131 3.8869169621851554 158 128 95 0.24150917830657026 37 724 39 993 40 991 41 1105 42 1104 43 1082 44 1151 45 1204
1576 -1.8571711224269267 2.6296905885263953 3.2736449660313984 73 146 72 0.31477656949819627 38 879 39 1000 40 993 42 1038 43 1018 47 1114 48 1090 49 1016 51 1048 52 948 53 940
1577 -1.8571711224269267 2.6296905885263953 3.2736449660313984 73 146 72 0.31477656949819627 38 880 39 1001 40 994 42 1039 43 1019 47 1113 48 1089 49 1015 51 1049 52 949 53 941
1578 -1.5543387941916609 3.0292724787311518 2.9305214741040873 193 195 130 0.13406410465030943 38 892 39 1010 40 1001 41 1038 42 1042 44 1073 45 1116 46 1111
1579 -1.5543066397453777 3.0292866503193054 2.9305034747939378 193 195 130 0.15747553529683908 38 893 39 1011 40 1002 42 1043 45 1117 46 1112
1580 -1.6835800757368706 3.0836335501938801 2.9365558703729646 180 185 122 0.65963814875730886 35 673 39 1013 42 1117 49 876 50 880 51 900
1581 -1.4931648676218652 3.3404323610107638 2.7790450008791296 205 202 136 0.040948655135461517 38 906 39 1019 41 1048 42 1054
1582 0.12336930487468772 1.6681571793984677 2.3730416911372387 249 247 234 0.38454256085447364 36 728 39 1029 40 1017 41 1056 42 1064 43 1037 44 1105 45 1152 46 1147 47 1137 48 1109 49 1029 50 1044 51 1064 52 970 53 961 54 825 55 740 56 745 57 522
1583 0.12537093061365695 1.6667817123504094 2.370543796141114 249 247 234 0.77903591407054484 36 727 39 1030 40 1018 41 1057 49 1030 50 1045 51 1065 52 971 53 962 54 826 55 739 56 744 57 521 58 499 59 299 60 272
1584 -0.10364322238554047 1.8286437428559159 2.6851671268157129 71 140 70 0.76518798777396013 38 918 39 1038 40 1030 41 1063 42 1070 43 1096 44 1162 45 1219 46 1222 47 1209 48 1176 49 1090 50 1114 51 1137 52 1038 53 1044 55 842 56 851 57 789 59 695 60 594
1586 -0.35783121561745812 1.9679459318578907 3.6596845707166485 228 233 210 0.15857431418757387 34 842 39 1051
1587 -1.008916455858627 1.8434308609725083 3.2892567360723071 235 240 213 0.46089026858982785 37 915 39 1054 40 1044 41 997 42 1001
1588 -2.0011392480603716 2.4556724123492502 4.1749062472206608 1 1 1 0.56280138188486739 38 955 39 1076 40 1066 41 1111 42 1153
1589 -0.22206493844496406 3.7792219924996271 3.5945956438503948 1 1 1 0.86350384257334123 38 961 39 1080 40 990 42 887 5 489
1590 -1.8644589256128474 2.9641495973103438 3.1089752679437774 88 172 88 0.65650022715448053 38 898 39 1086 40 1074 41 1116 42 1115 43 1088 44 1090 46 1133 47 1122 48 1093 49 907 50 908 51 926 52 643 53 614
1591 -1.5229224148527707 3.1797021099657581 2.8514127317696061 201 199 134 0.084319843458090779 38 968 39 1088 40 1071 41 1113 42 1109 43 1086
1592 -1.5229224148527707 3.1797021099657581 2.8514127317696061 201 199 134 0.084319843458090779 38 969 39 1089 40 1072 41 1114 42 1108 43 1085
1593 -0.52083103894156313 1.8016154610118373 3.2191881200798576 115 152 79 0.48185060007948893 38 985 39 1101 40 1085 41 1129
1594 -0.58919013458204827 2.6095253240762792 3.4310905705700159 156 172 104 0.042651820909788654 38 1002 39 1119
1595 -1.2869978730729374 2.2764250833023052 3.5430301188746207 156 200 116 1.1244989416159166 38 1003 39 1121 40 1097 41 1191 42 1178 43 1158 44 1225 45 1270 46 1266 47 1267 48 1305 49 1219 50 1180 51 1262 52 1124 53 1143 54 1091 55 1011 56 1009 57 951 58 904 59 828
1596 -1.3774635014311833 2.4433976113738751 3.359283103741999 158 189 113 0.20751089104371068 38 1008 39 1125 40 1101 42 1187 43 1163
1597 -1.9338763528299909 2.2767743793462709 3.9709946068473871 1 1 1 1.7567025284519873 38 1019 39 1133 40 1060 41 1155 42 1146
1598 -0.27650314716742708 2.0461381564100409 3.0750232218227671 129 170 96 0.19648754774421687 37 985 39 1158 40 1126 41 1171 42 1162 43 1136 44 1261 45 1303 46 1294 47 1303 48 1276 49 1197
1599 -0.064530903261087347 2.3556985814107088 2.4933639296994756 134 157 94 0.0013472122900909504 38 1048 39 1161
1600 -0.33041150752405973 2.6121611689580466 3.3011550623976147 92 100 41 0.25544773126797754 38 1056 39 1170 40 1139 41 1182 42 1237 43 1211 44 1212 45 1258
1601 -1.328678271323922 2.5119544663554803 3.2974802326682342 88 172 87 0.75086303545081368 38 1060 39 1183 40 1154 41 1201 42 1250 43 1222 44 1284 45 1328 46 1328 47 1332 48 1308 49 1220 50 1233 51 1263 52 1170 53 1198 54 1126 56 1041 57 977
1602 -0.86080712664191172 2.9628247713280733 2.317693656833518 184 154 117 0.14591962434556038 39 1187 40 1158
1603 -1.6835563948866066 2.4905261899544571 3.3288280884941206 193 199 131 0.65661356173010621 38 1073 39 1190 40 1166 41 1209 42 1265 43 1233 44 1300 45 1343 46 1341 47 1343 48 1322 49 1239 50 1254 51 1284 52 1184 53 1210 54 1140 55 1049 56 1050 57 982 58 900 59 830 60 811 1 715 61 725 2 660 3 648 4 588 5 554 6 558
1604 -1.4120440632390783 2.5973818214447078 3.2141564983206297 147 182 109 0.59047232925578719 38 1068 39 1195 40 1220 41 1264 42 1251 43 1224 44 1286 45 1331 46 1330 47 1334 48 1310 49 1222 50 1235 51 1265 52 1171 53 1199 54 1084 55 1001 56 1002 57 946 58 892 59 821 60 803 1 704 61 714 2 688 3 680 4 665 5 617 6 613 7 613 8 618 9 613 10 542
1605 -1.8245782750595831 2.4362032103330606 3.4399722168484077 111 163 89 1.4100232013842111 38 1020 39 1199 40 1165 41 1278 42 1264 43 1239 44 1320 45 1367 46 1365 47 1370 48 1351 49 1268 50 1283 51 1305 52 1208 53 1215 54 1144 55 1062 56 1060 57 989 58 942 59 835 60 769 1 577 61 586
1606 -0.0082890478790380584 2.2499286991307175 2.3850506489137282 121 147 88 0.9336840062864632 38 1092 39 1222 40 1193 41 1235 42 1216 43 1193 44 1254 45 1293 46 1286 47 1288 48 1261 49 1183 50 1202 52 1083 53 1096 54 1050 55 916 56 929 57 784
1607 -1.0371533721559918 2.8550588023080041 3.0742198590811944 76 148 75 0.90512544340686429 38 1108 39 1241 40 1214 41 1263 42 1249 43 1220 44 1281 45 1324 46 1320 47 1322
1608 -0.18828985830519304 3.4445970841137985 3.1789029799541284 1 1 1 0.99685334337647447 38 1078 39 1243 41 1198
1609 -1.2743708747891918 3.0541865105601707 2.9010578166784553 114 144 84 1.1815737759815266 32 864 39 1253 40 1232
1610 -1.434101698414421 3.7823153162720642 2.9347630261251787 1 1 1 1.1558089647888496 38 1131 39 1269 40 1243 41 1224
1611 -1.9489332494956444 2.5363241814639981 4.1316761724987785 250 247 235 1.5139542818029597 38 1113 39 1275 40 1227 41 1287 42 1293 43 1272
1612 -1.9517943482270623 2.8971385064751747 3.6416671320146721 222 225 201 0.67425106942750201 38 1120 39 1281
1613 -0.41270364275781496 4.0593965862494823 3.9137523809289756 255 255 241 0.67402088241655223 37 1150 39 1282 40 1255 41 1304 42 1271
1614 -0.39624874840682373 4.0779699543785721 3.9774466326981126 255 255 241 0.18967069566003797 37 1149 39 1283
1615 0.10206854245824615 1.8432191662522268 2.389113589018288 103 140 79 1.1045350192764498 36 1044 39 1288 40 1268 41 1316 42 1302 43 1275 44 1333 45 1380 46 1377 47 1382 50 1286 55 1065 56 1063 57 995
1616 -0.05551649277306403 1.6996965231689147 2.5183833847051549 90 156 82 0.74746017872744941 38 1151 39 1294 40 1277 41 1328 42 1315 43 1286
1617 -0.11406469660752339 2.7446272381219892 2.8502039785822051 94 143 75 1.9918528584073201 38 1157 39 1298 40 1282
1619 -1.8117138727586402 3.610198498279749 3.1159293028774662 1 1 1 1.8166828432293367 38 1162 39 1304 40 1284 41 1333 42 1317 43 1293 44 1344
1620 -0.78353620709120664 2.821997839704693 3.4431301082013928 137 179 102 1.0721162579287691 36 1078 37 1175 57 1035
1621 -1.827214899141161 2.6388790613857918 3.256200170556601 196 196 131 0.10658233573582314 38 244 39 300 40 319 41 690 42 682 43 683 44 743 45 750 46 762 47 771 48 766 49 689 50 685 51 712 52 652 53 612 54 329 55 539 56 281 57 222
1622 0.17031666819061614 1.7402974628840755 2.2334215156753334 141 114 74 0.043296675585172938 38 4 40 5 41 7
1623 0.18365950919781909 1.8925721429175533 2.1996918947917288 188 159 124 0.17078687133692452 39 9 40 18 41 11 42 457 43 11 44 9 45 484 46 489 47 480 48 492 49 8 51 7 52 11
1624 -0.074098906516123553 1.6441734071994552 2.7950660395463696 93 161 84 0.091954070595769058 39 12 40 23 41 29 42 469 43 437 44 490 45 494
1625 0.0010586273056364948 1.8179152849256059 2.501188557144022 192 190 128 0.06115154791176225 39 15 40 26 41 34 42 32
1626 -0.11685640893515023 1.6712315269316189 3.0517305667198844 218 220 204 0.21344693514537749 39 23 40 36 42 43 44 44
1627 0.048026969877549064 2.0071553735878589 2.3520831019944235 188 185 123 0.049308398273196795 39 31 40 41 49 26
1628 -0.2138463512372244 1.7473509555348261 3.19974333806279 152 131 90 0.076746355605074437 36 28 40 46 43 80
1629 0.02611414350461605 2.2114397666444159 2.3244931244792935 179 179 119 0.0096932479242034207 37 46 40 54
1630 1.6611681335867057 2.0064164233596826 7.0179274127185343 90 155 80 2.1783839129126288 38 39 40 59
1631 -0.1849503968550289 1.9899056459364886 2.813534475825052 70 139 68 0.078174157445785403 39 41 40 61 41 74 42 84 43 470
1632 -0.16640871613604971 2.0020045699123821 2.8075832873177706 172 182 115 0.15781767694139098 40 64 41 76
1633 -0.19680211624671504 2.0494183679578595 2.8233629066172017 182 184 120 0.035159990819608099 39 46 40 65
1634 -0.042283228892444014 2.2657025409411355 2.427294066843833 187 185 123 0.077518031991088268 39 51 40 71 41 88 42 70
1635 -0.15633573988117161 2.2568488101981337 2.7080055053396368 175 182 116 0.01929463619508949 39 73 40 91
1636 -0.13605575445727766 2.299927010670539 2.6268257481702704 177 180 117 0.13228310136197866 39 75 40 95 41 114 42 120 43 96 44 93 45 98 46 111 47 84 48 83 49 88 50 88 51 81 53 70 54 60 55 36 56 41 57 25 58 38
1637 -0.31455015247048346 2.322382900314055 3.1971776224415374 82 167 80 0.13935267911114968 38 80 40 116 42 529 46 565 47 140 48 143
1638 -0.29880891197113651 2.3349086257669494 3.180882565117729 161 175 104 0.31684963670904676 38 81 40 117 41 139 42 528 45 157 44 151 46 169 47 139 48 145 49 136 50 152 52 125
1639 -0.24748567847160019 2.5387736344374363 2.9217569238183265 160 175 106 0.083952000686013037 37 105 40 132
1640 -0.2293900101954546 2.694928082214715 2.8943305244931667 81 162 80 0.15615592444415771 39 143 40 148 41 168 43 155 42 180 44 160 45 164 46 175 47 149
1641 -0.35464278370971108 2.6299882265238139 3.3577457493022935 85 90 38 0.17749757362634114 38 110 40 160 41 180 42 198 43 182 44 186 45 197 46 205 47 170 48 187 49 169 50 186 51 169 52 143 53 132
1642 -0.34741510773652307 2.664718210930904 3.332466917734707 89 94 42 0.24873001843182924 39 142 40 161 41 182 43 185 44 187 45 198 46 207 47 171 48 188 49 172 50 187 51 170 52 146 54 127
1643 -0.29936600337884928 2.7508014753700607 3.2204946932180007 99 94 47 0.088973401454078352 39 163 40 164 41 186 42 566 46 585 47 163
1644 -1.1788924121227407 2.0842690365963139 3.5337220956954423 112 142 78 2.3116464526656744 40 170 41 572 42 580 43 206 39 792
1645 -0.93924162920684973 2.1777860858487923 3.8099888545147382 158 188 112 0.13568428202196364 39 130 40 175 43 207 44 214
1646 -0.54008921971117996 2.5845002174461311 3.5332597736474813 170 179 109 0.21027324229211375 38 128 40 182 41 200
1647 -0.61750712517237938 2.6205587805094503 3.4774968506081416 84 165 81 0.23980428911781268 39 157 40 186 23 110
1648 -1.2607318036291302 2.2510513427895358 3.6031038605335168 189 200 126 0.14887137289498567 39 170 40 201 41 235 42 250 43 245 44 263 45 272 46 288 47 284 48 324
1651 -1.0378289866352093 2.6026866232006696 3.276746325534869 194 202 130 0.25327976449444384 39 194 40 235 41 237 42 259 43 231
1652 -1.0371531691866931 2.6021699465905437 3.2769100872304362 194 202 130 0.28732682057328812 39 195 40 236 41 238
1653 -1.1159238355335479 2.6497925248042224 3.2015131634964091 84 165 83 0.11084913508517596 39 196 40 255 41 258 42 278
1654 -1.0668009161554821 2.8073197832589631 3.0849213802445776 185 196 126 0.078795296508755372 39 227 40 258
1656 -1.1163881108864933 2.8965897079943659 3.0372103870208584 178 179 116 0.14282227982661019 39 613 40 282 41 297 42 312
1657 -1.8256610046624349 2.3318250689430817 3.5460354479485914 170 196 115 0.10795548937915875 38 194 40 291 41 305 43 319 45 396 46 415 49 379
1658 -1.7540365837101615 2.4865432284749298 3.3558591478349307 191 197 130 0.18781907960192146 39 240 40 294 41 343 58 237 59 213 60 170
1659 -1.7543324895601471 2.4868756038790725 3.3560296408340227 191 197 130 0.16836943387485273 38 219 40 295 41 344 44 722 45 731 46 758 48 744 55 538 56 537
1663 -1.1966955075349393 2.9612964782843498 2.9744307952176285 185 184 121 0.0090389833873554433 39 287 40 308
1664 -1.1400992035659567 3.2872309211945345 2.8274248720821014 63 118 59 0.64886289918777185 38 311 40 325 42 910 39 874 44 693
1665 -1.5816973657377922 2.9495229758610346 2.9780720597362622 69 131 66 0.074080718773746196 39 330 40 339 41 371 43 347 44 376 46 392 47 382
1666 -1.5140343165465691 3.0523336827221734 2.9219190250750655 68 129 65 0.030618694170159312 39 334 40 345
1667 -1.5140343165465691 3.0523336827221734 2.9219190250750655 68 129 65 0.030618694170159312 39 335 40 346
1669 -1.8704826527895759 2.910536339785958 3.1194536938944029 84 158 80 0.11978619047525151 39 344 40 358 41 410 42 414 43 393 44 433 45 447 46 457 47 442 48 456 49 392
1670 -1.6033648131420131 3.088962181254133 2.9075420483324179 68 127 64 0.038623230738292068 39 349 40 362 41 395 42 393 43 377 44 408
1671 -1.5270426070071674 3.1262236102348204 2.8741659751019992 67 124 63 0.088433145883966641 39 354 40 364 41 397 43 380 42 395
1672 -1.6328394032994906 3.1467885648534253 2.891684093165134 141 161 100 0.38945998292111228 36 273 40 366 44 410 42 398
1673 -1.5918362001528208 3.1933958042505108 2.8582778466648109 80 132 70 0.009271617000190361 39 353 40 368 42 400
1674 -1.4968870883594163 3.1394905246508076 2.8601797276124659 66 123 62 0.066563186113379288 39 355 40 369 43 353 44 381 46 401 47 358
1675 -1.5117032219813522 3.2646832820341616 2.8148505176630838 64 115 59 0.087949044284250169 39 359 40 372 41 404 42 403
1676 -1.5122737956612835 3.2639286916975982 2.8122621521854945 64 115 59 0.085963702792970567 39 360 40 373 41 405 42 404 43 386
1677 -1.3233393969800396 3.3296013042317161 2.7854416577771128 208 203 136 0.21058287148989233 39 364 40 376 41 406 42 381
1678 -1.6577684510108324 3.1608541646986272 2.9106141167654975 135 158 96 0.54149557604458387 39 352 40 384 41 414 42 418
1680 -1.9130043608194114 3.2026028653493848 3.2551492287976918 240 234 221 0.15698894246120343 39 385 40 399 41 426 42 440
1681 -1.6253235758931317 3.390328349141384 2.8014910584682036 84 162 83 0.10188214281487604 38 352 40 402 41 434 42 437 43 400 44 445 45 459 46 429
1682 0.14642630295882192 1.5813283682383532 2.3642562229617452 150 125 87 0.33813814417333227 38 364 40 412 41 446 42 449 43 426 38 0 44 471 45 478 46 486 47 477 48 488 49 416 50 448 51 473 52 8 53 12 55 333 58 4
1683 -0.081423758292125337 1.6263189849215902 2.8849578136028793 181 201 126 0.1934586872774274 39 13 40 423 41 463 42 770 43 740 44 795
1684 -0.048221414614469493 1.8235931319968592 2.5768739421788673 163 173 110 0.14546722782998797 39 419 40 424 41 464 42 772 44 798 47 816 48 807 49 736 50 735
1685 0.10788403963449722 1.9904315592734805 2.2954146078879929 185 181 122 0.064846721812707717 39 423 40 427 41 467 44 488 45 490 47 493
1686 -0.094489458720006358 1.7847101717607394 2.6887511211530479 189 190 126 0.03258759849126789 37 20 40 432 41 477
1687 -0.14880528291813933 1.7885683968478483 2.8067610607381388 178 187 120 0.23675192067658424 36 20 39 26 40 433
1688 -0.10799516227755662 1.9158246923831466 2.6468000862204044 155 174 108 0.01710605581675953 39 434 40 435
1689 -0.033833110784001585 1.9826382119835801 2.4779950355234681 66 126 63 0.093374793104166881 39 431 40 439 41 480 42 479 44 508 43 452 46 500 47 501 48 516
1690 -0.014454130660426556 2.1905545966310966 2.3878735684641739 185 183 122 0.00011136586750738461 39 438 40 444
1691 -0.15421144297881204 2.0482221873684687 2.7050195196771867 70 138 68 0.024164183193027836 39 443 40 451
1692 -0.11416261663724919 2.2544792879710562 2.5850630642609262 179 183 118 0.031805243125296562 39 462 40 452
1693 0.092815079360369535 2.4047479180629767 2.2759888328809161 173 175 114 0.27407408625115703 38 423 40 455 44 517 46 516 45 63 47 507 48 522 49 43 50 35
1694 -0.18790792985258051 2.1570520982265053 2.8047780417734973 72 141 70 0.13853161631226071 39 459 40 459
1695 -0.16883812182051833 2.4421215053191614 2.6876320784154122 70 139 68 0.074392186465181837 39 480 40 477 41 530 38 439 43 493
1696 -0.17372369320476741 2.4404708213451323 2.6758565948679642 70 139 68 0.19999539329522786 37 449 39 479 40 478
1697 -1.0236900555158264 1.7802194967724738 3.2058108827638416 251 252 238 0.18628365297592389 39 485 40 482 41 133 42 167 43 160 44 179
1698 -0.20758186536835208 2.4485779264627094 2.8326361752425986 72 143 71 0.13233528245273735 39 491 40 487 41 528 43 499 44 556 47 572
1699 -0.11917383257718944 2.6015653812297681 2.6252947762515864 82 130 68 0.074043378378097296 39 494 40 490
1700 -0.30274501053943331 2.4362760145808107 3.320636830789347 222 224 206 0.13796100517631496 39 504 40 496 42 548
1701 -0.19605366917246358 2.6825889679528792 2.7611476249392553 71 141 70 0.15619496249558693 38 112 40 501 41 556
1702 -0.20206793100801596 2.7098942772642118 2.7941244055436458 74 145 72 0.19185830176091823 37 131 38 113 40 502 41 169 42 535 43 518 44 570 45 576
1703 -0.15422476669864973 2.7238225757139634 2.7049747070586454 65 130 63 0.085700131230256951 39 508 40 504 42 536
1704 -0.29621773148117558 2.7121683679819926 3.2338284814154084 114 102 57 0.29540591877935213 34 150 40 518 41 564 42 564 43 532 44 583 45 590 46 584 47 609 48 607 49 510 50 540
1706 -1.3457540107320347 2.3300387340294337 3.4920663971344816 90 178 90 0.060066058286700315 39 572 40 556
1707 -0.98288551639988797 2.6485006355180771 3.2521957280156344 89 174 88 0.084019322306067165 39 576 40 560 41 608 42 598
1708 -1.0476060625468058 2.6456999882273688 3.2325618435750068 86 169 86 0.10557205152764264 39 577 40 561 41 607
1709 -0.26639579067161612 3.2976591152367276 3.106576170756957 222 228 201 0.12615394726920473 37 557 40 573 41 617 45 214
1710 -0.26715319275124139 3.297481443926356 3.1050570343410495 222 228 201 0.12478224383553453 37 556 40 574 41 618
1711 -0.20175985427708731 3.3391213946641023 3.1121242333357979 255 255 255 0.45771759664031136 39 833 40 575 41 619
1712 -1.4902054615082552 2.4373965711263956 3.3521100464648792 86 168 85 0.12982648875048836 38 510 40 578 41 639 42 627 39 593 43 618 46 946 48 932
1713 -1.6341117234791935 2.3861510376306678 3.4177283736148802 100 164 87 0.082185012938494006 39 214 40 586 38 196 41 637
1714 -1.4921692802347173 2.4661415376229656 3.324376515553777 177 195 123 0.040330491008582055 35 130 40 587 41 640
1715 -1.3354958480630728 2.6868207909045472 3.1378619801051135 102 158 85 0.013164960050698733 38 529 40 588
1716 -1.8761757175327731 2.4094123750261685 3.8199615195426824 250 248 236 0.25101699096150165 39 618 40 597 41 895 42 912 44 1078 45 1129 47 1124 48 1095 49 1018 50 1038 53 949 54 916
1718 -1.8993188650978312 2.4499361993201765 3.8204471271776268 168 138 104 0.4773287450353948 39 270 40 620 41 898 42 913 43 898 44 958 45 1008 46 1001 47 1006 48 982 49 922 50 933 51 947 52 681 53 660 54 363
1719 -1.9266934245467857 2.4556531300107407 3.8924910341689576 253 248 236 0.15002806189153151 39 268 40 621 42 677 41 337
1721 -1.8905956861429496 2.6244042092360278 3.2896317852417312 162 183 114 0.20940599799404086 39 635 40 634 41 689 42 702 43 684
1723 -1.5096991356247651 3.0050239701465151 2.9353658429275593 70 129 66 0.053367948843309573 39 655 40 641 41 696 42 692
1724 -1.3214837833738988 3.1626456778323275 2.8509264211448695 67 125 63 0.094527631544502402 39 659 40 643 41 699 42 696
1725 -1.0901011991580716 3.4365426646713644 2.668220549960981 176 146 109 0.062900331437904855 39 879 40 649
1726 -0.99910865790491976 3.4308844985877331 2.7178619556317312 255 255 250 0.20999605028098167 39 878 40 650 41 361
1727 -1.9656304564074483 2.8231690968268919 3.425510611242395 235 238 220 0.18463858713677178 39 670 40 656 41 725 42 717 43 704 44 765 45 1022 46 794 47 1011 48 987 49 912 50 927 51 1058 52 955 53 844 54 807 55 722 56 718 57 681 58 461
1728 -1.6492762803887941 3.0211138589836577 2.9523114202464664 69 129 65 0.090197372123904745 39 654 40 660 41 710 42 708 43 691 44 748 45 757 46 769 47 742
1731 -1.4042631497128335 3.2208679420722941 2.8132371002820147 167 175 113 0.21229868460327186 38 607 39 890 40 665 41 935 44 734
1732 -1.8998650789154532 3.2500888679229227 3.2714476038555214 251 246 234 0.24872569004404202 39 697 40 688 41 749 42 753 43 415 44 1001 45 1041 46 1031 51 441
1733 -1.9499514942525349 3.2664273561024326 3.3139942761601415 254 251 241 0.79132832190813962 39 698 40 696 42 752 43 933 45 1040 46 813 47 798
1734 -1.8909857644603685 3.3215172047641035 3.3028192798616312 174 142 104 0.076164129024137051 38 349 40 697
1735 0.18915980026970597 1.9791413621116472 2.1602731470190779 165 143 101 0.16191861660225423 39 720 40 713 41 767 42 769 43 732 44 789 45 808 46 825 47 807 48 789 49 718 50 717 51 750 52 695 53 667 54 630 55 573 56 567 57 518 58 493 59 459
1736 0.035381878408381584 1.8443825443698416 2.4382822326979836 64 124 62 0.030465146603096339 39 724 40 715 41 771
1739 -0.24493233780117774 2.0389322982709697 2.9875770371730983 71 143 71 0.11623200323528861 39 759 40 751 41 805 42 812 44 834 45 856 46 868
1740 -0.22712722628493567 2.5129113706864405 2.8981086841866106 75 151 74 0.11381395808513983 39 778 40 768 41 822 42 833 44 845
1741 -1.4158246959220158 2.2731723437991951 3.5476330072025459 181 200 125 0.18719035727229097 39 569 40 808 41 860 42 868 44 907 45 929 46 930 47 926
1742 -1.3151637663482478 2.2644589388989149 3.5507469966347509 200 205 133 0.02055256968074334 39 797 40 809 41 848
1743 -1.2632042534286654 2.3013063626576362 3.5212598860730226 191 204 130 0.11745850456871498 39 798 40 811 41 846 42 862 43 845
1744 -0.96073098782913302 2.7113831946674289 3.2095807295455816 85 168 85 0.067416182432702421 39 815 40 815 41 852 43 840 44 894
1745 -1.507991187380235 2.2647020730195875 3.5454321070317496 204 205 136 0.12346612867447622 39 810 40 823 41 861 42 879 43 852 44 917 45 940 46 941 47 941 48 928 49 867 50 883 51 905 52 822 53 815 54 784
1746 -0.94718952826647773 2.9092461884176659 3.0723925406693082 177 179 116 0.025259808254380157 39 822 40 830
1748 -1.3517822418841505 2.6265565710557151 3.1769313540529667 82 158 80 0.016084125105918785 39 820 40 843
1749 -0.91041671832664273 3.2012460878741478 2.9204457244076436 202 201 132 0.030901583787505894 39 631 40 854 41 880
1750 -1.4140210925530095 2.92432016188654 2.9785460190019437 70 134 67 0.12340098170968088 38 754 40 865 41 905 42 908 43 882 44 937 45 962 46 952 47 931 48 922 49 853
1751 -1.5164017114782358 3.0311619307394699 2.9203294412074312 67 128 64 0.049053409936941551 39 868 40 874 41 915 42 923
1752 -1.3513666231939905 3.1546576690147434 2.8532337921407636 64 121 61 0.086045467623520916 39 870 40 875 41 916 42 924 43 884
1753 -1.9101148099127629 3.2748678910239368 3.2451142694371691 171 139 102 0.10669654664974694 39 902 40 909 43 934 44 1002 45 1042 47 1025
1754 -1.6782028066605961 3.4826853201711208 3.0152019169239077 254 250 239 0.22223666122457822 39 907 40 910 41 954 42 958 44 1096 45 1142
1755 0.089259136261178096 1.7286700348035162 2.4424852464008562 156 171 107 0.31280350386530004 35 537 40 923 41 968
1756 0.048577570855710239 1.7963466817598144 2.4489409500254959 181 184 122 0.18005133229248413 39 922 40 925 41 970 42 971 43 944 44 1009 45 1048 46 1039 47 1033 50 948 51 962 52 868 53 854 54 827 55 742 56 749 57 702
1757 -0.17344574318665737 2.56083490098578 2.6846382122419614 169 176 112 0.18464817786451548 39 949 40 943 41 990 42 990
1758 -0.26424955815195017 3.1534480509798342 2.8928397784081645 102 108 51 2.5764792874005282 39 970 40 961
1759 -1.7323183832107585 2.3040831088455787 3.5192549298719409 204 202 136 0.092454738210043783 39 978 40 971 41 1026 42 1029
1760 -1.6859207498249447 2.336952703687023 3.4765643363743224 197 200 132 0.14692118595354461 39 979 40 972 41 1020 42 1030 43 1003 44 1065
1761 -1.3883110898557007 2.6255434727050422 3.1909382796154016 200 203 134 0.12613269810129527 39 989 40 976 41 1022 42 1026 43 995 44 1061 45 1104
1762 -1.3648426037635142 2.7654854981671151 3.0936772059967019 194 198 130 0.22202141588684635 39 991 40 980
1763 -1.9346635531885785 2.7041222304574148 3.4422673693681038 109 210 109 0.54464146621546783 39 862 40 998 41 1041 42 1107 43 1087 44 1152 45 1209 47 1198 48 1164 49 1076 50 1102 51 1124 52 1073
1764 0.021836004267368481 1.7751549679449303 2.5159481696762644 192 191 128 0.058475785820068286 39 920 40 1026
1765 -1.0949472869252623 1.7210471882949057 3.3148295764349611 177 147 111 0.83923698756205445 39 1053 40 1043
1766 -1.368779816267145 3.0282029633481757 2.9279876490641503 112 151 85 0.093171953881249367 34 809 40 1067 41 1107
1767 -1.0066839804196455 3.7091733937285385 3.0621613725535473 255 255 255 0.42929675290524322 39 1149 40 1073 41 1115
1768 -1.6840591885217924 3.7575018908771662 2.9990789904336852 166 134 98 0.26543583229804285 39 1092 40 1078 41 1164
1770 -1.3752228533344775 2.2280339610453637 3.5986019301434298 98 196 98 1.0523549829878449 39 1120 40 1096 41 1144 43 1157 46 1325 47 1329 48 1304 50 1246 51 1273 52 1173 53 1209 54 1137 55 1054 56 1055 57 985 58 935 59 866 60 843 1 722 61 732 2 697
1771 -1.2458376287396695 2.4437686509935763 3.3679525933013541 191 202 130 0.83155383450181009 39 1126 40 1098 41 1146 42 1185 41 1200 43 1159 44 1226 45 1271 46 1322 47 1325 48 1299 49 1215 50 1229 51 1260 52 1161 53 1189 54 1124 55 1041 56 1039 57 975 59 823 58 895 60 807 1 706 61 716
1772 -1.2332057546372042 2.5198975774918932 3.3092072605539471 86 170 86 1.3662590702386495 39 1065 40 1104 41 1147 42 1138 43 1114 47 1224 48 1191
1773 -0.20950985666813937 3.563036227036227 3.2951639144054528 1 1 1 1.0138654141432439 39 1134 40 1106 41 1148
1774 -1.0982306854778772 3.4288110401713103 2.6981203286739559 175 145 109 0.13977633137659823 39 1143 40 1114 41 1159 42 1103
1775 -1.6578095516661762 3.2196585641745328 2.8662488717654808 149 164 101 0.26778883048863888 39 1147 40 1116 41 1160 42 1155 44 1200
1776 -2.009843293702513 3.1366194885073102 3.4334136092676162 171 140 104 0.81708004726857342 38 902 40 1118 43 1129 45 1247 46 1248 49 1080
1777 -0.16896624540353009 1.7671244367137673 2.9637933537373282 117 180 97 0.58724307086834904 38 980 40 1124 42 1213
1778 -0.27406730446501293 2.8752574523271233 3.4433869886512327 177 216 129 0.41105205891692459 39 1175 40 1142 42 1241
1779 -1.2602835550111293 2.3711441178420749 3.508118123789711 127 189 104 1.4321285248535074 39 1178 40 1146 41 1192 42 1184 45 1326
1780 -1.2599070617899004 2.3711209340091148 3.5057031325993813 127 189 104 1.6082027788803752 39 1179 40 1147 41 1193 45 1327
1781 -0.91907069307783584 2.8027651156650935 3.2136438967625907 141 178 103 0.24284269722077625 39 1185 40 1156 41 1203
1782 -1.7133523337832821 2.3175067886204772 3.5020530617150438 187 194 127 0.069713323616882275 39 1182 40 1162 41 1208 42 1192
1783 -1.5838526046603962 2.5495121035819466 3.2593884043764652 80 156 79 0.21407307978683099 38 1022 40 1168 41 1211 55 1008 56 1005 58 897 59 826 60 764 1 675 61 684 2 656 3 644 4 630
1784 -0.36224371760761204 3.8976201113315061 3.6980239057938551 0 0 0 0.26348098279318694 39 1204 40 1174 41 1216
1785 -1.6288263152072804 3.5940585551108475 2.9061855538095811 254 255 240 0.18610825118456872 39 1208 40 1178 41 1223 42 1202 43 1177 44 1237 45 1281
1786 -0.20539880873183591 2.2280759586230587 2.8213143718966385 99 152 81 0.39625910752988319 39 1160 40 1196 41 1243 42 1225 43 1202 44 1262 45 1304 46 1298 47 1301 48 1274 49 1195
1787 -0.30831398811662303 2.4268002434900526 3.0587969553968186 97 165 83 0.3971932135368007 39 1229 40 1202 41 1247 42 1231 43 1208 44 1273 45 1315 46 1308 47 1309 48 1281 49 1202
1788 -0.32164899987620715 2.3336249881460991 3.5772378490724708 224 228 204 0.54097665027143482 38 1103 40 1204 41 1253 42 1234 44 1315 45 1359 46 1354 47 1311 48 1338
1789 -0.38348940827669331 2.8607426697326428 2.7617655727058468 218 222 198 1.8698075448490752 40 1206 41 1301 42 1287 45 1386 47 1385
1790 -0.41296350570529256 2.9348723456086478 3.3060500822737646 81 163 81 1.1694358422360107 39 1236 40 1208 41 1189 42 1176 43 1062
1791 -0.63084178256550727 2.8774664852685103 3.1890448311785717 79 158 78 0.71319151625148258 39 1239 40 1211 41 1259 42 1244 43 1215 44 1278 45 1321 46 1313
1792 -1.1083302254046579 2.6794317410096036 3.1860630714231015 124 177 99 0.63760787831831234 39 1240 40 1213 41 1262 42 1248 43 1219 44 1280 45 1323 46 1318 47 1321
1793 -0.81595760589413491 2.8833272884882861 3.1798871641478219 75 149 74 0.4848709611295049 39 1242 40 1215 41 1261 42 1288
1794 -0.77028890284001195 2.5264282880809197 3.2842996334997001 81 166 80 1.5690033031318282 39 1291 40 1245
1795 -1.4139580253226374 3.0743068724501255 2.8898148733879356 148 167 104 0.5430288935593669 39 1258 40 1254 41 1308 42 1275 41 1309 43 1241 44 1302 45 1339 46 1338 47 1340 48 1312 49 1226
1796 -1.5553093380116636 3.1097934073808311 2.890775724454409 93 140 77 0.40635389366011643 38 1123 40 1262 42 1298 43 1271 44 1327 45 1366 46 1363 47 1368 48 1316 49 1232 50 1240 51 1270 52 1116 53 1132 54 1081 55 998 56 962 57 897 58 845 59 767
1797 0.072795002989487045 1.516534704089231 2.5294383537734562 247 244 229 1.7606663874577082 39 1287 40 1267 44 1331 47 1395 48 1371 49 1280 50 1297 51 1307 52 1210 53 1231 54 1158
1798 -0.59954776344783589 3.5324235372079342 3.2960589785831553 78 148 75 0.5750746144824922 39 1310 40 1289
1800 -1.4928774596946395 3.3387671971424622 2.7798500002095761 202 201 135 0.18046589022383966 32 599 34 655 40 898 35 695 39 897 30 506 29 328
1801 0.096335165030919656 1.7230029266276852 2.4504088075069421 155 186 112 1.6106085379941388 34 669 35 536 36 732 40 922 32 9 33 320 34 308 35 321 38 641 41 967 47 1140 48 1111 50 1048 52 974
1802 -0.84421697593566281 2.8423890785018191 3.232911624024946 0 0 0 0.022489817733927005 37 516 38 187
1803 -1.756705439614265 2.851591668800586 3.070505132999052 73 137 70 0.079429291401447055 39 652 40 639 41 706 43 690 44 747 45 755 46 766 47 756 48 750 50 670
1804 0.17523119373691592 1.6955860654093713 2.2057957560292278 173 142 105 0.26959110757430249 40 2 41 2 42 5 43 5 44 5 45 3 48 4
1805 0.0058498484743202406 1.4709508869091015 2.7925726587280191 250 248 235 0.48073469080121173 37 0 41 3 43 431
1806 0.13346373370631753 1.637782097409451 2.3896553849302538 187 158 123 0.15652659130094898 40 3 41 5 43 2 44 472 45 479 46 488 47 482 49 10 50 8 53 13 54 8
1807 0.012440780644575988 1.7442922366940146 2.5332050078812851 188 188 126 0.098553406716348768 40 13 41 17 42 13 43 17 44 16 45 15 46 18 47 16 48 26 50 25 51 23 53 33
1808 0.091783359475311577 1.8833575915646126 2.3546171165239689 59 112 55 0.049921408138348423 39 19 41 21 45 22
1809 -0.010671264532498781 1.8169013264173415 2.5208628660526333 64 123 61 0.11548934462271977 40 25 41 33 43 39 44 31 48 29 49 37
1810 0.03159935582634732 1.9817282519952184 2.3772292223429399 189 187 125 0.009285867796270655 40 30 41 36
1811 0.068220473248161162 2.0280531349628776 2.3222701941034072 186 184 123 0.066313164094322072 40 35 41 38 43 47 44 37 48 19 49 28 50 20 51 18
1812 0.1583768987505117 2.0542561657281597 2.2404699585144412 156 161 102 0.19430130645207883 39 424 41 39 50 10 51 8 53 16 56 354 57 295
1813 0.16444081793922499 2.1837902635073005 2.2128025993856446 67 108 62 0.62337408051242593 39 33 41 40 42 779 39 733 44 804 45 31 45 1056 46 830 47 1036 48 796 49 30 49 724 50 725 51 756
1815 -0.088057828758507872 1.9108496862975932 2.6107060076935715 65 125 63 0.10041097501643804 40 39 41 47 42 51
1816 -0.17313866700995559 1.9737595819014575 2.788866760130178 179 183 119 0.058322542093959623 40 50 41 51 42 63 43 68
1817 0.40516708252222117 2.1040246449778439 3.6769991328572105 70 133 67 0.66415476826856246 36 49 41 54
1818 -0.15836204770495679 2.0352397160867448 2.7426023033477063 175 180 116 0.06897297427484135 39 44 41 77 44 71
1819 -0.15671698343403306 2.1017853610920469 2.7107561204542105 68 132 66 0.047441570526865685 40 66 41 78 44 86 46 102
1822 -0.29016868596045237 2.0397441799471383 3.1093221760438801 176 184 116 0.12149855170272984 39 66 41 103 42 111 44 109
1823 -0.69910513695823839 1.7851982121380547 3.2297315083692615 168 184 110 0.12546519592531552 40 98 41 118 43 118 44 147
1825 -0.42075437388109393 2.1864965558426261 3.7491607341635107 217 222 199 0.20900478636188649 39 90 41 136 42 173 43 163 44 170 45 174 46 199 47 616
1826 -0.29647855895846087 2.3237297548889679 3.0771846893639592 159 174 105 0.055462445111528411 40 120 41 138
1827 -0.26399836914206293 2.390619212367886 3.0238466754281919 85 149 75 0.089616532391443154 39 96 41 142 42 153 45 142
1828 -0.26194962387290294 2.3913263618619687 3.0284462845763129 85 149 75 0.0030207803886934202 39 97 41 143
1829 -0.2005145194486706 2.5094573984356203 2.7767383436983675 173 179 113 0.10309668683753009 39 101 41 149 42 137 43 130 44 136 45 145
1830 -0.35995369967556518 2.46066542597308 3.4279918961614002 107 103 57 0.18816066536643358 40 142 41 165 42 546 44 578 45 583 46 186 47 606 48 184 49 519 50 182 51 165
1831 -0.35997119012141565 2.4606841669011317 3.427998918409346 107 103 57 0.20363874460077908 40 141 41 166 42 547 44 579 45 584 46 187 48 185 49 520 50 183 51 166
1832 -0.25842854689473455 2.5530929757155421 3.0091187178420991 159 171 102 0.47635027950173864 40 144 41 167 42 156 44 156 45 574 47 586 49 139
1833 -0.30847941039567345 2.8588706111584568 3.4461419490768819 106 201 103 0.054287456426611237 40 190 41 204 42 220
1834 -1.031676532309638 2.4338761876241226 3.4362516378556407 99 187 96 0.21321545925604901 40 205 41 219 42 254
1835 -0.55472516678962824 2.8647373087795058 3.2904492448019118 81 163 80 0.050035167924705047 39 180 41 226
1836 -0.43115485687567795 2.8959617017181642 3.3421607140082634 84 166 82 0.14963325062052688 40 213 41 227 42 223
1837 -1.4382375664598193 2.091778765538201 3.6706864121205514 181 153 115 0.11205425503234637 40 199 41 233 42 246 43 244 44 281
1838 -1.4632146848857934 2.2139140678285516 3.6337553965672966 172 197 117 0.26239472262489466 40 222 41 251 43 597
1839 -1.2589194147732694 2.4878783146399455 3.3243876351851065 203 206 135 0.07187460004013245 40 230 41 255 42 275 43 253 44 290 45 300 46 297 47 295 48 300
1840 -1.0618527134841873 2.7078178431000284 3.1729929241999351 85 166 84 0.00037628849549966133 40 257 41 260
1842 -1.3443685614324083 2.650160232626066 3.1921035399901276 80 154 79 0.042334473087778227 40 274 41 290
1844 -1.0528126407308964 3.1418618372531597 2.9151282147049242 75 137 69 0.026133810632111773 40 312 41 330
1845 -1.4426380983052574 2.981367252460589 2.9461547877785863 70 130 66 0.13251704653392654 36 229 41 350 43 649 44 356
1846 -1.8199136527869051 2.7596888100834556 3.1574581408751277 70 136 69 0.064576803340325048 40 332 41 365 42 387 43 370 44 398 45 445 46 453 47 440 48 428 49 373 50 399 51 419 52 370 53 334
1847 -1.6827334045046547 2.8427303592616564 3.0583014874568888 71 132 67 0.07097467063375365 40 335 41 367 42 372 44 402 45 409
1848 -1.4978367265284764 2.9871828851257116 2.9426868235835881 200 198 133 0.03080232388570665 39 305 41 370 43 348
1849 -1.4008848017691746 3.1787892229261216 2.8422804821416712 65 120 60 0.098286144643750212 40 348 41 375
1850 -1.5387743422176376 3.078121116306674 2.9006657697124743 64 120 61 0.13298231804935676 40 347 41 394 42 394 43 352 44 379 45 385 46 399 47 385 48 372
1851 -1.6177875325589046 3.148177601757046 2.9110900228438341 142 160 100 0.57369435769347277 38 323 41 399
1852 -1.5432478616120073 3.2755606147832874 2.8111982258870376 206 202 137 0.027735505280812461 38 342 41 418
1853 -1.5899467503774365 3.3535410503257119 2.8066961489262416 55 105 49 0.22293292100570894 40 401 41 420 43 703
1854 -1.7927690670387684 3.2087028122181493 3.0282519323756141 208 206 139 0.1957794866101529 40 400 41 429 43 408
1855 -1.6979339193625478 3.3909786687858068 2.995641722675634 138 199 130 0.1752237493878063 39 387 41 432 42 436 43 409 44 456
1856 -1.6499906290551161 3.5721965006325886 2.9367042734280693 253 250 238 0.16149491548995251 39 707 41 440 44 460
1857 -1.6006862912442927 3.5892727840156495 2.9054509285627383 238 252 225 0.058379327367661438 40 408 41 441
1858 0.17722254862762227 1.7200779559066717 2.1735495523975645 182 150 113 0.14779186242721096 38 2 41 451 42 450
1859 0.23563942506336238 1.7530127674246014 2.149974938570995 208 174 133 0.70093403434334023 40 706 41 452 42 452 45 476 47 2 49 0 52 0 54 0
1860 0.088908641357322127 2.0082930510432129 2.3059180112153399 56 104 52 0.054590553055781747 38 383 41 468 47 494 48 508
1861 0.18381664641328938 2.1273475899697902 2.2448765063155243 136 146 94 0.29717815829345001 40 429 41 472 42 41
1862 -0.04193840674071958 1.9271982152211224 2.5221779829026691 64 123 62 0.048738040440485367 40 437 41 479 43 451 45 500
1863 -0.055099666670000602 2.0856079604620348 2.4859199666925038 63 122 60 0.060976768714773671 39 35 41 485
1864 -0.015584457344980651 2.2455700754225196 2.3716889437955038 118 142 85 0.046218749989721447 38 401 41 490
1865 0.0075309127304565293 2.2557631680241417 2.344560908383547 179 179 119 0.15232990390237455 38 402 41 491
1866 -0.29266089130876866 1.9933641308522856 3.1425835334598475 77 155 76 0.37121269109190497 39 62 40 458 41 505
1867 -0.16674569337008416 2.2112146003202695 2.7180989340676032 129 161 94 0.20448249558847778 40 90 41 512 42 497 43 473 44 532 45 540 46 531 47 541
1868 -0.74386607146886818 1.7374613089449507 3.1917672646066717 71 136 68 0.0084221236507957854 40 456 41 521
1869 -0.28287427180479219 2.400513031041061 3.0929684559048467 74 150 73 0.39934835427239146 40 486 41 534 42 831 43 804 44 857 45 876 46 886 47 869 48 858
1870 -0.039218657879842689 2.7856619750698335 2.4887156690855901 168 138 100 0.14896112323692004 40 776 41 542 43 139 45 124
1871 -0.33853149707247804 2.5113503741255099 3.3765363311502514 104 96 54 0.22754507549567077 40 498 41 550 42 550 43 525 44 580 45 587 46 580 47 881 48 605 50 546 51 573 52 524 53 472 54 461
1872 -0.49495134583940947 2.4917625930078455 3.6548443336600087 99 177 91 0.15608647927242272 40 511 41 561 42 560 43 529
1873 -0.34277185091160089 2.7233235352638832 3.3389648147033504 194 209 170 0.31336517367812528 40 162 41 562 42 845 43 535 44 188 45 615 46 607 47 172 48 622 49 173 50 549
1874 -0.23993957908824232 2.7618504325360331 3.0527485908711518 222 225 207 0.19196263135218283 40 521 41 568 44 585
1875 -0.46716979036645379 2.8472619814951061 2.4562760581911203 95 187 95 0.14504818574331099 41 571 42 848 43 979
1876 -0.31708432176556606 2.8615602239553835 3.2123354760480645 1 1 1 0.9543929092407224 40 534 41 582 43 978 44 1043 46 1077 48 1129 51 1091 52 899 54 855
1877 -1.2707695073076344 2.1855193950680518 3.6876203101631613 123 165 86 0.27676013965256357 40 801 41 603 42 249 43 222
1878 -0.79590587558326931 3.0928410729916753 3.002510259949438 81 159 80 0.03355883122491421 40 593 41 627
1879 -0.8818825595569153 2.9689992410801862 2.3355829507113115 153 126 88 0.18211661360500991 40 835 41 629 42 866 43 843 44 889
1880 -1.3340460023762446 2.6879276741280278 3.1452347052551959 97 158 84 0.042427758762773951 39 610 41 641
1881 -0.93446391335629087 3.1391248181210383 2.9546920740608886 73 141 70 0.0051188147455408315 40 594 41 647
1882 -0.93446391335629087 3.1391248181210383 2.9546920740608886 73 141 70 0.0051188147455408315 40 595 41 648
1883 -1.6161350452760479 2.5802289363356623 3.2399132885510111 78 152 77 0.17941929382261884 39 608 41 654 42 664 43 640 44 703 45 717 46 742 47 731 48 729 49 653 50 667 51 690 52 616 54 574 55 513 56 509 58 426 59 401 1 334 61 338
1884 -1.5117543508294446 2.6777380885563855 3.1470846889797981 78 149 76 0.2553443874520942 40 602 41 655 42 645 43 643 44 706 45 719 46 727 47 712 48 712 49 632 51 659 52 603
1886 -1.3571233696217921 2.8463551239531246 3.0320348160853143 71 136 69 0.026850767268477311 40 609 41 660 42 650
1887 -1.3571233696217921 2.8463551239531246 3.0320348160853143 71 136 69 0.026850767268477311 40 610 41 661 42 651
1888 -1.9034030137137461 2.3633517201873411 3.8473398564862538 167 138 103 0.305443469974298 40 290 41 674 42 676 43 657 44 741 46 998
1889 -1.8426579019331366 2.3921580790320069 3.8457700661436323 143 202 117 1.3209181092464859 40 292 41 675 42 348 42 902 43 658 44 740
1891 -1.8847312800292941 2.463212221837368 3.5010970737639076 188 205 132 0.53528354104433162 40 317 41 679 42 917 43 887 45 991 49 908
1892 -1.8921469870163805 2.5464180775618517 3.4140602235879771 200 205 136 0.15365208115019702 40 318 41 687 42 681 43 679 44 742 45 767 46 780 47 769 48 765 49 687 50 700 51 722 52 669 53 643 54 599 55 547
1893 -2.0099550970612934 2.829692429032133 3.554300324649796 164 132 96 0.55145997645770806 40 355 41 722 42 716 43 929 44 990 45 1034 47 1131 48 1102 50 938 51 953
1894 -2.0065800216488934 2.8287817136528988 3.5527770579315399 164 132 96 0.36429565260430558 40 356 41 723 43 930
1895 -1.9652767881811277 2.9006159961372346 3.3489633946871207 220 223 200 0.24026237966328665 40 671 41 728 42 736 43 708 44 767 45 782
1896 -1.5976016051930055 3.2355136284559145 2.8464685891097425 65 120 60 0.19265422052562262 40 681 41 734 42 729 43 702 45 761
1897 -1.7066780162392596 3.3038584730853677 2.9129963662668934 88 172 88 0.10718384734954835 40 690 41 744 42 744 43 715 44 760 45 773
1899 -1.6667493833061566 3.7660975061907158 3.0031611521321038 147 113 79 0.08417495336517189 40 700 41 753
1900 -0.064290220990927072 1.7629799566269988 2.6580413283871653 68 131 65 0.12988681419494241 39 723 41 769 43 743 44 797 48 805
1901 -0.028520051109636291 1.8804516149836661 2.5155899294989696 133 157 95 0.31247524104984459 39 729 41 770 42 773 44 1014 51 767 53 678 54 644 55 592
1903 0.005958898930566614 1.9466244107971562 2.4304159794364559 59 114 56 0.079273960588837927 39 730 41 773 42 776 43 746 44 801 45 821 46 834 47 817 48 800 49 729 51 761
1904 -0.15597582657018361 2.1797389100731488 2.7023918485926508 68 133 66 0.14552632010255506 40 738 41 793 42 804 43 773 44 824 46 860
1905 0.0080645213783189229 2.4734668176353933 2.3800670874373964 151 162 102 0.27112619391907222 37 675 41 799 42 809 43 777
1906 -0.12418659824555722 2.3647819877448031 2.5719777424016685 176 181 117 0.09985723353198743 40 754 41 808 42 818 43 776 44 826 45 850 46 863 47 847 48 830 49 759 50 760 51 791 52 724 53 700 54 661 55 600 56 377 57 322 58 328
1907 -0.11030251781731565 2.4368178293202005 2.5551389046432935 64 125 62 0.030754933503742522 40 762 41 809 42 819 43 785
1908 0.11975063249369505 2.3258086207750628 3.8256878736212561 155 173 104 3.0034162529794535 37 670 43 793 44 841
1909 -0.20430812668456474 2.4152785684302844 2.7918802721132305 176 180 115 0.10888615168074629 40 761 41 814 42 827 43 796 44 844 45 860 46 872 47 857 48 838 49 768 50 505 51 520 52 482
1910 -0.94208973789490957 1.779779270639279 3.214909300375123 249 249 233 0.312833829651118 40 764 41 818 42 829 43 521 44 573 45 599
1911 -1.1187160207329621 2.563483044957549 3.2749995347684511 181 196 123 0.16802768723847286 40 812 41 849 42 870 43 846
1912 -0.95599211653680727 2.6165258070098885 3.2947485548590243 187 199 126 0.12242132868343863 40 813 41 850 42 864 43 839
1913 -0.95599211653680727 2.6165258070098885 3.2947485548590243 187 199 126 0.12242132868343863 40 814 41 851 42 863 43 838
1914 -1.5040656993614805 2.23270631962566 3.5781798468682462 94 185 94 0.46786620173325383 38 487 41 858 45 1103 46 1192 47 1180
1915 -1.5142337826898233 2.3036921749690173 3.4878877682687111 90 176 90 0.28701772516661977 40 825 41 862 42 881 43 854 44 920 45 942 46 944 47 943 48 930
1917 -1.8861519113904752 2.325970797837456 3.8698560681725787 252 249 238 0.67948381843985395 39 237 41 894 42 901 44 1150 45 1243 46 1244 47 1235 48 1202 49 1173 50 1193 51 1223
1919 -1.8227133440684602 2.9840279534501937 3.0303136343225141 170 180 116 0.26214253253861608 40 659 41 937 42 943 43 918 44 984
1921 -0.052846968559228269 1.718486957040414 2.6364256617956685 162 176 112 0.22432222142082608 40 926 41 974 42 973 45 1057
1923 0.063553737542593081 2.1126817874986901 2.300956779114077 56 105 52 0.031979912752952228 39 927 41 978
1924 -0.099350699071905191 2.6928450907925763 2.6200102007884949 166 170 106 0.51445183280249085 40 945 41 993 42 991 44 1031 43 970 45 1074 46 1063 47 1055 48 843 49 772 51 514
1925 -0.056341619731972103 2.7282019155131869 2.6113312589534381 118 144 81 0.12180315462045836 40 773 41 994 42 993 43 971 44 1032 45 862
1926 -1.1875337318686485 2.265787222066999 3.5959137904937677 162 195 116 0.08598396682816993 40 959 41 1005 42 1017
1927 -1.5402386379214446 2.2485474223614843 3.5728853183764775 92 182 93 0.13144871043712569 40 968 41 1015 42 1021 43 1068
1928 -1.6208260960513623 2.2883062049833947 3.514030391803475 172 192 120 0.34668600331121047 37 713 41 1019 42 1023 45 1194 46 1200 47 1185
1930 -1.6651204090392242 2.462154113497236 3.3749419008186994 198 200 132 0.20206835894797601 40 974 41 1028 42 1032
1933 -1.6868248960219874 3.9374380222490601 3.2611482765679622 183 153 116 0.34337078190739684 40 1079 41 1054
1934 -0.065838197063027681 1.7270743136601321 2.680832227689192 170 180 116 0.41508884740914498 39 919 41 1060 44 1107 47 1146 49 1033
1935 -0.086729665930401767 2.7879113169576022 2.6759998448763174 87 135 67 0.17473707561414029 40 1048 41 1075 42 1078 43 1055 44 1117 45 1165 46 1068 47 1056
1936 -0.40353026283824966 2.4563021607938325 3.501659068774257 1 1 1 1.0702833708621453 40 1091 41 1076 44 1123 42 1079 45 1172 47 1222 48 1040 49 964 50 799 51 831 38 696
1937 -1.4192194015837054 2.2815392772776488 3.5348011980776959 181 198 125 0.22012946175315662 40 962 41 1095 43 1069
1938 -1.372519746415803 3.1143739750865311 2.8694367118632731 118 149 88 0.57859350919335262 40 1112 41 1157 42 1152
1939 -0.26966456243080711 2.6245536159127401 2.9825312119024585 82 172 82 0.41419196127142716 40 1136 41 1181 42 1235 43 1213 44 1274 45 1316 46 1309 47 1310 49 1138
1940 -0.31968091888063194 2.6851085665383749 3.5272633766483925 180 215 130 1.0018885671828364 39 1173 40 1140 41 1184 43 1107 45 1176
1941 -0.9753008033938031 2.5849305261470157 3.3122110028653493 137 187 106 0.10773285695639118 40 1149 41 1195 42 1180 43 1156
1942 -1.308454409081089 2.8824876372845187 3.0182557200856568 70 136 68 0.6404066715880592 40 1169 41 1212 43 1166
1944 0.035027500363122577 1.7782508185298334 2.4856124023702031 182 183 121 0.22755224754127015 40 1121 41 1226 42 1204 43 1182 44 1238 45 1283 46 1277 47 1280 48 1254 49 1178 50 1197 51 1228 52 1130 53 1157 54 1102 55 1021 56 1023 57 966
1945 -0.18428172438977114 2.5256830101820142 2.7106556326092752 95 147 78 0.31487180119106145 40 1133 41 1248 42 1230 43 1206 44 1270 45 1310 46 1301 47 1302 48 1275 49 1196 50 1155 51 1178 52 1088 53 1100 54 1056 55 922
1946 -0.55692111288611124 2.9164213166397626 2.4159598201574761 87 138 74 0.58590590141920373 40 1209 41 1257 42 1173
1947 -1.1849600560694378 3.010213323304022 2.7887332202770296 94 144 77 1.3251170845424143 40 1248 41 1277 42 1261
1948 -1.9475678060273365 2.7724432935777021 3.6976151957974666 254 250 239 1.4886967139402019 40 1175 41 1290 42 1299 43 1273 44 1341 45 1389
1949 -0.31813548592032398 2.084691023860346 3.3918689785708951 136 177 98 0.81991280367879049 40 1199 41 1299 42 1284 43 1254 44 1334 45 1381 46 1378
1950 -1.6935118393332445 2.7451091091619961 3.1246037578264536 118 159 91 0.20894809019020114 40 1251 41 1306 42 1291 43 1264 44 1323 45 1364 46 1368 47 1373 48 1346 49 1262 50 1276 51 1299
1951 -1.6966094479837239 2.7417729195379494 3.1111038589306554 118 159 91 0.15203058530911701 40 1252 41 1307 42 1292 43 1265
1952 -1.5110543236741951 3.6698035463876129 2.8937488702528711 255 255 238 1.1179212944068888 40 1265 41 1314 42 1301 43 1250 44 1310 45 1350 46 1272 48 1246 49 1235
1953 0.18896169169958804 2.0615663177832926 2.1262746083334854 245 242 227 1.2193674088058595 40 1269 41 1317 42 1303 43 1276 44 1332 45 1379 46 1376 47 1381 48 1355 50 1285
1954 -2.0779426129701055 2.829022675705819 4.6551954085307479 244 241 227 0.56031138344195319 40 1257 41 1324 42 1311 43 1282 44 1343 45 1391 46 1388 47 1394 48 1370 50 1296 51 1319 52 1218 53 1238 54 1163 55 1085 56 1080 57 1015 58 964 59 889 60 869 1 766 61 776 2 753 3 749 4 724 6 669 7 677 8 683 9 665 10 589 11 594 12 558
1955 -0.37629465368124593 2.175542591743314 3.6531384231412223 228 230 207 0.60233207854692183 39 1297 40 1281 41 1331 42 1307 43 1279 44 1338
1956 -0.26875374666129037 2.8182566655198085 3.140437764022904 218 222 196 0.22097250903796017 37 487 38 481 41 187 39 546 40 522 45 592 46 586 47 612 48 610 49 150 50 542 52 514
1957 -0.63571343596710117 2.876029013664692 2.3399218374502038 79 149 76 0.17624808995488148 36 177 37 208 38 190 41 209 39 185 40 218 42 225 43 203 44 197 45 202 46 197 47 166 48 154
1958 -1.5425109620202111 3.274940569644996 2.8109012418548751 201 199 134 0.096546560329075881 35 279 36 301 37 334 38 341 41 417 39 378 40 390 42 422 43 387 44 417 45 421 46 407 47 389 48 379 50 336
1959 -1.5209158088383603 3.741645564882675 2.9806541394182968 124 103 78 0.93627233720095404 35 709 36 724 37 803 41 752 39 911 40 913 42 444
1960 -1.5320016104264451 2.0133436521954802 3.8129124396439624 1 1 1 2.1828973065063635 35 1029 39 1299 41 1323 35 995 39 1233 40 1210 42 1309 43 1291 44 1340
1962 0.29779958941812451 2.1899328923694297 4.4623240565336761 148 176 102 0.064727154015580712 37 78 41 122
1964 0.16861159039947154 1.6579183960873176 2.2526607494649245 175 145 109 0.27160706598659679 41 1 42 1 43 3 44 3 47 478 48 489 49 708
1965 0.090638606498079533 1.8833315326549558 2.3536002264955154 57 107 53 0.070037009879088327 41 20 42 18 45 21 46 24 47 20 49 21 48 15
1966 -0.086090203329951598 1.7097403188969034 2.7100289783568017 68 130 65 0.0010577261254447667 41 30 42 29
1968 -0.099758712064342003 1.6371660144403359 3.004711317907514 217 221 205 0.23267767768917474 41 41 42 42 43 51 44 43 45 45 46 49 47 60
1969 -0.13931840384650773 1.7072706786704583 3.0926173779380282 212 215 198 1.1186759876641768 41 42 42 44 43 62 42 57 44 61
1970 -0.14887692304257558 1.8059967765872216 2.7947080737128478 69 135 67 0.19297168305994727 41 44 42 49 43 55
1972 -0.1759726040090161 1.7963007235530111 2.9220871189248623 75 148 74 0.036130992859595 41 50 42 60 44 65
1973 0.34500245208959807 2.12831072244964 3.4763217097643828 68 128 64 0.094835471048873368 36 48 42 65
1974 -0.089857973213741449 2.1395627512594033 2.5427638681473206 65 123 62 0.090495031439307122 41 58 42 66 46 79 45 72 47 70
1975 -0.088763388646905472 2.1402957434908743 2.5453838699382847 65 123 62 0.074035564335948864 41 59 42 67
1976 -0.042704785284165825 2.2247612555776102 2.4372336249441617 184 184 122 0.021610851325300912 41 60 42 68 43 75
1977 -0.043828712913593137 2.224269864021128 2.4353707542010525 184 184 122 0.042670318060344395 41 61 42 69 43 76 44 75 45 55
1978 0.083114246533201042 2.366701786071741 2.2892951102557406 61 115 56 0.020868833856154359 41 67 42 78
1979 -0.18762855472883472 1.9894518149374916 2.8083033017506174 66 128 64 0.047232793341842584 41 75 42 85 44 82
1980 -0.19133597140083275 2.1112704986604451 2.8324281441209318 170 177 113 0.12297352774060977 41 81 42 89 43 88
1981 -0.1857099405603764 2.1124770977651903 2.8420002105522539 170 177 113 0.15788902315891701 41 80 42 90
1982 -0.1461671416883627 2.1471033462965821 2.6842074988963986 65 128 63 0.10792788886521679 41 82 42 91 43 90 44 87
1983 -0.11821322313182411 2.1734829898655366 2.6041314830100575 65 125 62 0.023983818078241157 41 87 42 93
1984 -0.28867590313407254 1.9699481000558769 3.4309275535928903 198 205 185 0.21844645420306064 41 100 42 103 43 119
1986 -0.30864818450958936 2.0675530032433214 3.135944414912915 169 179 111 0.065738673058296407 41 105 42 112 43 109
1987 -0.30232647627115239 2.091660193872094 3.1467035225368645 73 142 69 0.16351132366136956 41 106 42 113 43 122 44 128
1988 -0.15197933334891817 2.2587844510846975 2.7102472613210842 174 177 115 0.07592339330235881 41 112 42 119
1989 -0.31397429438390573 2.0131733897973327 3.4852461296802359 212 217 195 0.60577860174385767 40 471 42 125 43 494 45 553 46 562
1990 -0.27182282449150463 2.4610234440558809 3.3144402921938374 119 159 99 0.27884963296562593 41 552 42 151 45 572
1991 -0.25013869233445796 2.458906373494433 2.956728452227015 72 143 70 0.11850713141559566 41 144 42 154 43 148
1992 -0.19807619698135276 2.5490701862558014 2.7661251669289091 177 180 114 0.036045564889252132 41 150 42 158 44 137 43 133
1993 -0.058703167649944044 2.7877662120676123 2.6770583612671888 71 136 68 0.018039987466417363 41 157 42 161
1994 -0.27825500499864497 2.7796947005750514 2.8777150509270908 119 169 100 2.1115341484155352 39 528 42 181 43 170
1995 -0.63426320199222164 2.8762484279249643 2.3408915964087242 73 138 71 0.097994804251855139 41 210 42 226 43 204 44 198 45 203 46 198 47 165 48 153 49 144 50 158
1996 -0.66572025940722179 2.8997863992066448 2.3260825936269991 125 149 89 0.31094805188691937 35 180 42 227 43 544
1997 -1.4350168901472884 2.0933157695945348 3.6800124047068046 178 152 112 0.11260418652682845 41 232 42 245 43 243 44 280 45 291 46 702 47 696
1998 -0.23284621557112573 3.0509170890334736 5.760035350373987 95 181 93 0.14297398584904811 39 198 43 249
1999 -1.5020729659217853 2.1278914351356168 3.8361456353612033 114 139 86 0.054526720292884863 41 247 42 265 43 267
2000 1.5038949120782548 3.8255891869337773 12.186393709998885 95 177 91 1.1394946580478456 40 234 42 266
2001 1.4987162396372182 4.2148235835031773 12.311716666297169 86 168 86 0.3691690751273955 40 256 42 268
2002 -0.34559496685247826 3.1342828138193251 5.6495159374744972 205 205 135 0.20884218629836854 39 224 43 250
2003 -1.2585999775979895 2.487948213572257 3.3248688586113464 196 202 131 0.06245824948080677 40 229 41 256 42 276 43 254 44 291 45 301 46 298 47 296
2004 -0.874919110307671 3.0188309168483496 3.0017903474418848 84 162 82 0.15345890616528857 41 272 42 295
2005 -1.456856651376701 2.4436070649020687 3.3407309591411871 84 163 83 0.012907958276051731 41 284 42 303
2006 -1.4481927710128295 2.5531715269264503 3.2484871456722182 202 204 135 0.11968136854210715 41 287 42 305 44 315 45 322 46 326 48 337 49 323 50 321 51 333 52 315 53 284 54 278 55 234 56 215 57 190
2007 -1.341701069826839 2.6100505734551533 3.2071825007846795 82 155 79 0.1008209515638992 41 289 42 307 43 279 44 293
2009 -0.66707556029566772 2.9784736510651491 7.0029401994187461 83 158 81 0.48176021276073461 39 220 42 322
2010 -1.6727047551657963 2.378417985292689 3.4508851141260215 79 152 78 0.12813075772333776 41 309 42 323
2012 -1.3729466016746039 2.6734316071989555 3.1650413384050662 77 149 76 0.073663276843385084 41 291 42 326
2015 -1.3896344621798071 2.8513274649251286 3.0262585829150965 201 200 134 0.041606308115924792 41 323 42 333 43 312 44 325 46 338
2016 -1.0494618625920278 3.2946447394719001 2.6668663837640465 182 153 117 0.073214437496162924 41 360 42 345 45 314
2017 -1.6366466037652747 2.5235892126607662 3.2902973260838535 204 203 136 0.087384946081566731 41 313 42 351 43 323 44 348 45 374 55 259 56 241 57 218 58 210 39 244 60 162 59 186
2018 -1.1439899147378443 3.1840556004294274 2.8801811201480763 205 203 135 0.018993937224725432 41 358 42 358
2019 -1.9197338094338021 2.3768799222582766 3.9105085376897102 243 237 226 0.29381656521842919 41 335 42 364 43 674 44 737 45 1007 46 1012 47 1001 48 997 49 920 50 932 51 949 52 863
2020 -1.919823615253198 2.3763593705281125 3.9091943967602831 243 237 226 0.29349377709759478 41 336 42 365 43 675 44 738 45 1006 46 1011 47 1000 48 996 49 921 50 931 51 948 52 862 53 848 54 816
2022 -1.7792963412747211 2.8165750263220057 3.1063736828164425 69 131 67 0.070533981294699497 41 386 42 388 44 400 43 372
2023 -1.8269453145985974 2.9196969275134261 3.0691121771578938 194 196 126 0.13983051565148935 41 708 42 415 47 444 48 459
2025 0.032610132346862331 1.7276235605725183 2.5122875549800616 63 121 61 0.063758474070783153 41 456 42 460 44 480
2026 -0.12948465499766559 1.7005030828107757 2.9772770978990697 173 191 119 0.28564262638790205 41 474 42 475
2027 -0.13904130670402934 1.7265916338656775 3.0097683692713386 171 193 119 0.043339569594981892 41 475 42 476
2028 -0.14498775695052094 2.046568684136663 2.7219271016590176 66 127 63 0.019701967095487539 41 484 42 488 43 462
2029 -0.18748884249155714 2.0474320117854052 2.8309516574113136 178 181 117 0.24464373219069921 38 395 42 495 44 528
2030 -0.1270419795488 2.1605313229181178 2.6280975035948306 65 127 63 0.076750515031671449 41 499 42 498 43 472 44 521 45 528 46 526 47 533 48 544
2031 -0.10634564494775051 2.2577822118842019 2.5973831791550319 181 181 118 0.078324092345061047 41 500 42 500
2032 -0.26886011420907457 1.9349432585980715 3.1980810976147844 82 164 82 0.25195357589272716 41 496 42 504 43 481 44 832 45 855 46 867
2033 -0.24747862179439381 2.2248586501315759 2.9687928229991156 68 135 67 0.06645083496641245 41 526 42 506 43 487 44 543 46 540 47 568
2034 -0.0056052525495154382 2.791580003223558 2.4799963911518357 255 255 245 1.5524730001897771 41 543 42 523
2035 -0.26050300276171939 2.4470174989503399 2.9745877021956377 72 143 70 0.1207360030390829 41 536 42 530 43 512 44 568 46 553 45 560
2036 -0.27141628915843768 2.4644943671749142 3.0584572212979366 76 153 75 0.46496803450832969 41 535 42 531 43 513 40 125 44 567 45 877 46 566 47 584 48 860 49 790 50 786
2037 -0.17945210284791133 2.6298742658670551 2.7249445230951923 132 154 92 0.057865789080768101 41 537 42 533 43 502 44 557
2038 -1.1030766700807439 1.7861801982787064 3.2200790750974346 160 137 98 0.056158562904704772 41 544 42 543 43 528 44 594
2039 -0.24232677531258776 2.6477944763484662 2.9284043316415898 163 171 104 0.14011282490257992 41 555 42 554 43 514 44 569 45 575 46 568 47 590 48 590 49 503 50 522 51 537
2040 -0.21470457620103817 2.7619687155643802 3.1214902688976354 218 222 203 1.050307355027803 37 485 39 527 42 556
2041 0.013371665306224634 2.9145837372781238 3.4548254472563604 225 225 209 1.3345668525673109 41 569 42 557 45 180
2042 -0.28484280524717953 2.8853679736063236 2.4198603734152204 140 189 108 0.20549294076633218 41 836 42 558 43 173
2043 -0.34871401843768424 2.5833199685196475 3.4197560560727158 104 92 53 0.67339983432227768 40 159 42 562 43 530 44 600 45 611 46 894 47 620 48 617 49 522 50 185 51 168 53 151
2044 -0.38018532162690893 2.8957903014315951 3.3354937717575996 86 172 85 0.058294839699649992 41 581 42 578 43 543
2045 -1.0929828527530678 2.2527430465187064 3.6418377823424128 206 204 134 0.087392919239936917 41 590 42 581 43 564 45 645 44 639
2046 -1.0306233968890721 2.4784323244298672 3.4008879777911614 197 202 130 0.15997846810787913 41 606 42 597 43 567 44 641 45 649 46 664 47 907 48 895 49 827 50 839 51 860 52 784 53 769
2047 -1.3546645540612783 2.3311180564218072 3.4676574379920475 89 174 88 0.1716822676997746 41 620 42 613 43 583 44 664 45 679 46 683 47 698
2048 -1.3302212472634447 2.3901634279493793 3.4225240401899022 87 171 87 0.13476577607332435 41 621 42 614 43 585 44 665 45 681
2051 -1.195158114150686 2.8208200089122317 3.06325231787521 76 147 74 0.17881003866493775 39 612 42 635 43 606 8 55 9 272
2052 -1.7359852081075868 2.1883613778325008 3.6712716813861777 88 167 85 0.35661287412213966 39 212 42 642 44 698
2053 -1.454116492042989 2.6595121455195438 3.1615857192116139 155 180 110 0.37086898884306796 39 248 42 647 8 62 9 65
2054 -1.6649556616392762 2.5336444083705763 3.2864685563927534 76 149 75 0.041749831059368317 41 653 42 663 1 127 61 131
2055 -1.8924467646697609 2.4651663955389167 3.6084247476309907 135 210 127 0.5191441823866898 41 338 42 678 43 901 44 960 45 1130 46 1123
2057 -1.5000382595278834 3.0917121221480688 2.8812993475474142 88 128 71 0.099006348422725488 40 642 41 698 42 695 43 670 44 733 45 742
2058 -1.9154443945167878 2.6529964608189647 3.3476600221269925 200 203 135 0.48492877040601157 41 688 42 703 43 681 44 977 45 1013 46 1003 47 1128 46 1125 48 1098 49 1019 50 1036 51 1055 52 953 53 942 54 911 55 819 56 715 57 475 58 240
2059 -1.9282142411826384 2.7329614525754362 3.3653083290674983 170 202 124 0.15175227418509815 41 704 42 704 43 913 44 980 45 1020
2060 -1.6308549740326073 3.0322306590100316 2.9443345112299806 205 202 136 0.036620236372728494 41 711 42 709
2061 -1.4861681324161786 3.2541681232525126 2.8088412063778194 201 199 134 0.095845464842932743 40 666 41 715 42 712 43 692 44 752 45 744 47 722 48 720
2062 -1.9133512318964048 2.9403175527989309 3.3286899958614313 163 186 113 0.42097274021270537 41 411 42 722 49 405 48 474
2063 -1.694310999291204 3.2075838106786376 2.8855442628104897 168 181 116 0.79084685386499864 38 794 39 376 42 728 45 771 46 991
2064 -2.0244009818723074 2.8876408504813069 3.6131990254182091 252 249 239 0.29096715181612737 41 724 42 733 44 999
2065 -1.61963737176176 3.5290910670519957 2.8931827423109855 100 193 99 0.17646570516488735 41 750 42 750 43 720 44 459 45 461
2066 -1.5714497759206083 3.6575435017117366 2.867577672932474 255 255 251 0.18363934154138128 41 960 42 754 43 721 44 462
2068 0.15860818632580292 1.8021511865257891 2.210733458192164 185 155 118 0.73655860324909161 36 347 42 760 51 749 49 709 52 694 53 664 54 629 55 572 56 569 57 516 59 297
2069 -0.12093452751136027 1.8924707455864223 2.6755411910454194 65 125 62 0.14676686260202645 41 776 42 782 43 752 44 806 45 827 46 843
2070 -0.094812354381681341 1.9398222474297628 2.6276701506788851 64 123 60 0.040966663262175219 41 777 42 783
2071 -0.1773020879243587 1.8679615424270613 2.8203973861767686 168 178 113 0.075440183567381788 40 726 41 784 42 788 39 735 43 758 44 812
2072 0.027544019282627952 2.3898991313844808 2.3062668301842888 63 120 60 0.028263274212938408 41 796 42 795
2073 -0.21389095461249502 1.9728446610713601 2.9249658425624361 67 133 66 0.047167199221980212 40 450 42 801 44 822
2074 -0.21844180729985449 2.3737013155473949 2.8496659999466165 69 135 67 0.063017118229427529 41 812 42 825 43 794
2075 -0.29131043534005113 2.3451418407802596 3.1029249032217061 160 172 104 0.073103402227356451 41 821 42 830 49 788
2076 -1.43949560687252 2.0835918529704442 3.6944606988413886 184 154 117 0.37160688299500355 40 800 42 861 43 844 44 906 45 928 46 929 47 925 48 927 49 857 50 882 51 684 52 630 53 618 54 332
2077 -1.2069440202173203 2.5510956625032213 3.2762978888612575 200 202 133 0.19810818978124761 41 863 42 871 43 847 44 901 45 932 46 922 47 917 48 905 49 836 50 853 51 877 52 797 53 780 54 751 55 667 56 665 57 627 58 588 59 535 60 511 61 460 1 455 2 434 33 567 34 579 30 445 31 338 29 268 5 388 32 526
2078 -0.71997748209233703 3.1013341361370519 3.0492764032640021 86 169 85 0.048398167433428597 41 869 42 876 43 841
2081 -1.3195859541165165 3.2170030172373987 2.8335655545087026 208 205 137 0.061312362415643959 39 872 42 927 43 895 44 941 45 967 46 957 47 937 48 925
2082 -1.9216494845333889 2.7738111685856457 3.3342296576331032 90 178 91 0.25344826524140329 40 655 42 942 43 916 44 981 45 1021
2083 -1.8140038902719882 3.0256606474673791 3.0202854161040271 76 154 76 0.21980222373501451 41 938 42 944 43 919 44 985 45 1016
2084 -2.0745155501070252 2.956095029923139 4.8369211446618356 250 247 236 0.20175176825344554 41 945 42 951
2085 -1.934364995330448 3.2096903027167101 3.275349356231346 148 115 81 0.442160868662896 41 953 42 957 46 1030 47 1022 48 994 49 918 51 730 52 654
2086 -1.6788880097678678 3.4801575887471969 3.0117179589692897 254 251 240 0.19224093058241484 41 955 42 959 44 1095 45 1141
2087 -1.6677228722520412 3.6338716346869742 2.9694396939756036 248 243 232 0.96283213659243971 41 959 42 963 43 938 44 997 45 786 46 468 46 1024 47 452 48 758 49 681 50 378 51 375
2088 -1.6859991281778302 3.6995236073554367 3.0023562192541795 175 143 107 0.3120813677316846 41 962 42 964 43 939 44 1005 45 1032 46 1025 47 999 48 980 49 897 50 895 51 680 52 623 53 582
2089 0.074593279428863457 2.4122892081348613 2.3000262727495575 180 180 118 0.51873293219576622 40 1037 42 981 45 1064 43 959 46 1054 47 1044 48 1015 49 935 50 733 51 484 52 448 53 30
2090 -0.87187425518074035 2.587635309112517 3.4065908628569836 172 198 120 0.2818270166283568 41 1006 42 1013
2091 -0.82621379083523716 3.1260605740819587 3.0085452628697946 165 188 115 0.20957614503344035 41 1023 42 1020
2092 -1.6707362560856125 2.4592812840853719 3.3546921222051025 190 194 128 0.12921754013 41 1027 42 1031 44 1068
2096 -1.861262004209993 2.6731899852650338 4.2142905635287606 1 1 1 1.0634344309718919 42 1045 43 1083 44 1198
2097 -1.5589953238259797 3.145909808905528 2.8707360343483956 61 114 57 0.13426243800854451 38 901 42 1049 43 1023
2098 -1.8283728237484849 2.9229698841830896 3.0879827964398534 195 203 127 0.12382507088110778 41 1043 42 1050 44 1088
2099 0.071069468383110901 1.9278164182218793 2.350144573933628 189 187 125 0.15880238657021914 41 1062 42 1067 43 1039
2100 -0.069649646736488657 2.0480908921205483 2.536530655585016 118 144 84 0.41224776530631596 41 1065 42 1072 43 1043 44 1110
2101 -0.010387552351981855 2.7171956069588306 2.4625342266727683 180 152 113 0.80188007941006989 41 1073 42 1076 50 752
2102 -1.0361856395560018 2.2231455867787129 3.6837397174464628 94 189 94 0.19219245248560385 41 1086 42 1085 43 1064 44 1183
2103 -1.0429058923082741 2.2207061248285238 3.6658837320522881 94 189 94 0.11625280776960194 41 1087 42 1086 43 1065
2104 -1.1907891470750736 2.4656488784913124 3.3555989588294861 171 193 119 0.096451303031646896 41 1091 42 1093
2105 -1.0514227146329049 2.9374120191040682 3.0543968929795686 163 173 109 0.50098491671276157 41 1098 42 1094 44 1140
2106 -1.4095888590622772 3.0154547262156886 2.9089550818755963 170 184 117 1.4867656394133233 41 1108 42 1100 43 1072 44 1144 45 1195 46 1240 47 1175 49 1060 48 1144 50 1083 51 1103
2107 -1.3935968614999688 3.124584262770854 2.8559696380885784 195 196 130 0.33963096980001373 41 1112 42 1105 43 1079
2108 -1.8648153975529818 2.9628357649232751 3.1077981450811492 78 153 78 0.60417687471514636 41 1117 42 1116 43 1089 44 1089 45 1136 46 1132 47 1121
2109 0.15559833537942275 1.6229667311272158 2.3814067056802464 173 143 106 1.1685857045400645 39 1096 42 1122 46 1215 51 1130 53 960 54 922 55 834
2110 -0.4806749940212941 1.9589965867308776 3.5414489217840086 1 1 1 0.81198491445884147 41 1174 42 1126 43 1053
2111 -0.4806749940212941 1.9589965867308776 3.5414489217840086 1 1 1 0.81198491445884147 41 1175 42 1127 43 1054
2112 -1.0728702192498494 2.0247889571856037 3.4582840747450425 0 0 0 2.2078554824268939 41 1135 42 1132 43 1110 44 1176
2113 -1.4313361797720279 2.1208641839426647 3.7009203425427515 109 79 44 0.040968108342572168 41 1142 42 1136 43 1113 44 1185
2114 -1.8289918510942935 2.3706936283376643 3.4850712931155488 153 171 104 0.31968289964380614 41 1151 42 1147 43 1122 44 1192 46 1243 47 1232 48 1200 49 1123
2115 -0.66335458116006474 2.4704628608383841 3.2953038117404407 82 167 82 1.948102337636793 42 1172 43 1144 44 1177
2116 -0.92105780578342289 2.5106678585072566 3.4076458833674494 95 188 95 0.33202582120434837 41 1188 42 1175 43 1154 44 1220 45 1264 46 1262
2117 -1.1194580423856013 2.5119582063180341 3.3265528237563537 92 180 92 0.28825467817318901 41 1194 42 1179 43 1160 45 1268 46 1317 47 1319 48 1295 49 1213 50 1226
2118 -0.9845151738345308 2.5769662639876496 3.3052805683365993 131 188 104 0.8380475659295562 41 1196 42 1181 43 1155 44 1221 45 1265 46 1263 47 1262 48 1232 49 1156 50 1177 52 1112 54 1074 55 992 56 991 57 937
2119 -1.4040229035934781 2.3636337233277089 3.4304045136620336 118 178 98 0.42616796045758004 41 1199 42 1183 43 1162 44 1283 45 1330 46 1326 47 1330 48 1306 49 1228 50 1248 51 1275 52 1175
2120 -0.22301527712828842 2.0352530019178814 2.910509204347079 66 131 64 0.72349713951165917 41 1237 42 1218 43 1197 44 1256 45 1297 46 1295 47 1298 48 1272 49 1193 50 1211 51 1244 52 1145 53 1171 54 1058 55 976
2121 -0.069126815480032855 2.2410906628032814 2.4890942211413098 62 120 60 1.2387350780188726 41 1242 42 1223 43 1194 44 1253 45 1296 46 1289 47 1291 48 1265 49 1187 50 1204 51 1237 52 1137 53 1162 54 1053 55 971 56 931 57 870 58 816 59 690
2122 -0.20587421359467289 2.2285223055640362 2.8217202683538876 93 142 76 0.37935570058361417 41 1244 42 1226 43 1203 44 1263 45 1305 46 1297 47 1300 48 1273 49 1194 50 1212 51 1245
2123 -1.7675276684484245 3.6693799820566877 3.2451775248132191 1 1 1 1.6014788449009387 41 1334 42 1318 43 1294 44 1345 46 1386
2126 0.16967121487715692 1.7308494753874055 2.2522257207386285 143 113 76 2.239816935993391 38 814 39 916 40 919 42 1061 33 508 34 670 35 714 36 823 37 902 38 910 39 1031 40 1019 41 1123 43 1034 44 1102 45 1149 45 1215 46 1034 46 1144 47 1135 47 1203 48 1107 49 1026 49 1082 50 1041 50 1109 51 1062 51 1132 52 964 53 956 52 966 54 920 55 837
2127 0.1651141999676195 1.547031458832627 2.3792090907152503 208 208 208 1.6645482764268649 31 444 33 505 34 301 35 527 36 725 37 375 38 363 39 405 42 756 39 403 41 757 43 725 44 780 45 799 45 800 46 1032 51 1063 53 959 55 914 56 925 57 867 58 814 59 748 60 783 1 692 61 702 2 671 30 249
2128 -1.1749352018661854 3.3920993125044543 2.7417605387716408 183 154 117 0.5454358399237097 37 342 38 612 39 678 40 880 42 929 40 879 41 920 44 715 44 942 45 952 46 719 46 940 47 311 48 323 49 265 49 266 50 254 50 255 51 264
2129 -0.14377369766403164 1.7856430887518064 2.7995123871117724 184 186 123 0.070375754837409391 41 43 42 48 43 54
2130 -0.28291741329804287 2.0290406529358611 3.2040065411453367 147 172 101 0.1080963615634267 41 102 42 110
2131 -1.4846042883950137 2.6709247597448464 3.1494624842578949 75 145 73 0.10083219115311912 41 886 42 897 43 866 44 934 45 959 46 949 47 949 48 936
2133 0.14358127080364702 1.7793905401850199 2.3411770988580387 111 129 76 1.5650169281502015 39 6 43 8 44 786 45 483 47 483 47 805 48 496
2134 0.055709900513830124 1.7195549020429393 2.499465420995604 187 184 123 0.059698717332108207 41 13 42 11 43 18
2135 0.057530103385852627 1.8357998955412229 2.4107723496616176 63 120 60 0.11203608278368508 41 18 43 24 46 21 45 19 47 23 48 13 49 18 50 15 51 13 52 23 53 24 54 14
2136 -0.058740115855997699 1.6108779051243731 2.8518252649638942 82 162 81 0.2005530914225104 42 27 43 29 44 27 45 493 46 504 47 510 48 524 49 436 50 743 51 772 52 717 53 694 54 655 55 603 56 591 57 551 58 528 59 491
2137 -0.072466685726537305 1.611818248252612 2.8802873730957348 180 195 122 1.0217117915021756 41 27 43 30 44 28 45 33 47 822 50 960 49 938 51 974 53 866 54 843 56 603 57 713 58 678 60 479 1 424 61 429 2 396
2138 -0.082386466395931557 1.6070437355327796 2.9717773210921989 222 222 208 0.33050531263950783 42 26 43 31 44 42 45 44
2139 -0.10473398385892901 1.6829696722811283 2.7921596452676378 69 133 67 0.14279772436962254 42 28 43 36 44 45
2140 0.026783510972674895 1.9612340968076123 2.3934916946584268 77 122 64 0.049791299243373208 41 35 43 43 44 33 45 39 47 37
2141 -0.16022192726136755 1.7732288655688502 2.8882085228457175 71 138 69 0.22538085828784213 42 45 43 53 44 64 45 519 46 519 47 525
2142 -0.12067683000846388 1.8288547398672892 2.7316394683520167 184 184 122 0.14284472433825168 42 50 43 56 44 49 46 55 45 50 47 50 48 54 49 62 50 60 51 52 52 59 53 62 54 50 55 48 56 53 58 48 59 38 60 27
2143 -0.12163506206311869 1.9613554031021656 2.679187789414252 63 122 61 0.061621875271641119 41 52 43 69
2144 -0.12161915590941344 1.9612226866706588 2.6790897808944392 63 122 61 0.053646528815510498 41 53 42 62 43 70
2145 0.026336161561678395 2.3200000491051296 2.3261851734363179 64 122 62 0.073734818652400766 42 75 43 78 44 55
2146 -0.19489270120137916 2.0095212586015898 2.8413928960713757 177 180 116 0.053617714767923749 42 87 43 82 44 84 45 87 46 99
2147 -0.20915604056633749 2.0882459260495883 2.8288683846475351 66 127 64 0.15848994151008289 42 88 43 87
2148 -0.051734720754062935 2.4217393021255571 2.4570987693937361 64 124 62 0.06447941315356831 42 94 43 98 44 95
2149 -0.30857425003010425 2.0400620126034319 3.2076468950352606 70 141 69 0.11395054942718252 40 82 43 104
2150 -0.31588907726491988 2.0381846341211225 3.1967191449053747 70 141 69 0.032446349398782659 42 108 43 105
2151 -0.27307561681102538 1.9823402315562166 3.032621377597799 69 134 66 0.020370940701190381 42 82 43 106
2152 -0.26850751166151327 2.0636823672489011 3.0154503213693369 172 176 112 0.058414236220291696 42 114 43 108
2153 -0.25132146020781942 2.1199578815689857 2.9680816109892416 68 130 65 0.065543538324404793 41 107 43 110
2154 -0.21489436033647111 2.2051917359088273 2.847550312060585 67 131 65 0.060549006537592563 42 117 43 112 44 112
2155 -0.19177925694561038 2.4914134416642821 2.7480172437594428 70 134 67 0.074103582775263868 41 123 43 127 46 129
2156 -0.19254266993135846 2.4914930426004851 2.7474490680020769 70 134 67 0.0060267227717113606 41 124 43 128
2159 -0.2738774354751724 2.4346094278983839 3.0357168769065552 71 144 71 0.17866386579748786 39 98 43 147 44 153 45 159 46 170 47 145 48 147
2160 -0.24402598621090307 2.5405495613448457 2.9312853187539765 166 173 107 0.065737972679151352 42 157 43 151 45 161 47 125
2161 -0.17603061422761204 2.7631287994647509 2.760351213741135 66 134 65 0.15560608616503829 42 182 43 158
2162 -0.43170488655037442 2.2057166124500145 3.7851064710619364 146 132 91 0.16477371104241248 42 174 43 166 45 189 46 200
2163 -0.43067734876755459 2.2057512426012873 3.7862753745038065 146 132 91 0.17223288570964249 42 175 43 167 45 190
2165 -0.40090928316339597 2.6595022062967453 3.516038344859751 92 181 90 0.050756061483745875 42 197 43 183
2166 -0.43086300137591832 2.6874995519117011 3.2460810941177836 108 209 106 0.87074547669919222 41 183 44 190
2168 -1.0672033702468235 2.4518178780936775 3.4096862067105587 180 200 123 0.061227736826766896 40 206 43 226
2169 -0.89563732127702766 2.6437031345595781 3.3423386182924002 91 178 91 0.06551932572622042 42 257 43 227
2170 -1.047466987653741 2.5871339476365947 3.2903111341958788 89 174 88 0.14835478461106999 42 258 43 230 45 277 44 268
2171 -0.76654395318195279 2.9390415772579841 3.1233535255868876 174 179 113 0.040466037428108753 42 260 43 236
2172 -0.65734110573923887 3.1453128251775131 3.0616095290291279 93 176 90 0.12938988904375745 42 297 43 240 44 257 45 261 46 243
2173 -1.3206458335769138 2.4235717391854932 3.375763752652543 193 201 130 0.12299233798449553 42 271 43 247 44 288 45 298 47 317 46 294
2174 -1.3153427200454233 2.4276043685401558 3.3903586524071234 193 201 130 0.099389801266449071 42 270 43 248
2175 -1.2277071254371752 2.4862742466808245 3.3350840177234393 90 172 88 0.077580865642764896 42 272 43 251 44 266 47 293 48 298
2176 -1.2277071254371752 2.4862742466808245 3.3350840177234393 90 172 88 0.077580865642764896 42 273 43 252 44 267 47 294 48 299
2177 -1.0150298150539356 2.7573221308351186 3.15827987749755 190 199 127 0.018663006288763852 42 282 43 256
2178 -0.97382724258964148 2.8008777310361856 3.1414437056713318 192 194 126 0.18847455756089063 42 285 43 259 44 272
2179 -0.95564226973927435 2.8380596780072462 3.1279935351873869 172 177 113 0.13371167447898416 42 289 43 260 44 273
2180 -0.73806872008369084 3.1947581487749508 2.9905243210443269 212 211 138 0.077316861078828417 42 301 43 265 45 264 47 223
2181 -1.2395431699833899 2.7744349323712885 3.0849793766850127 80 149 76 0.0353872853745026 42 310 43 281
2182 -1.0112283582805057 2.9557424658176252 3.0330343200127921 78 147 74 0.099158336755792359 42 315 43 284
2185 -1.9563477112860319 2.2766576022995739 1.7133339954128155 206 204 137 2.9332779407810263 40 296 43 305
2187 -1.3087755039635471 2.7731776648693871 3.0871929656107904 77 144 73 0.10861878647733016 41 293 42 328 43 307
2188 -1.3082626568072682 2.7733673923108997 3.0872426464993037 77 144 73 0.095513796058841485 41 294 43 308 44 320 45 330
2189 -1.773065292362922 2.3362415168739727 3.5117601148845963 74 142 71 0.17827950929609726 41 306 43 318 44 367 45 370 55 299 46 414 56 314 57 257 58 268 59 232 60 214 1 180 61 184 2 177 3 157 4 124
2193 -0.71938255982894161 3.4664762667892997 5.271689626418774 148 175 107 1.6032191923713177 39 289 43 328
2195 -1.411674724067457 2.820141270678806 3.0455885852120854 203 203 135 0.041561596272893436 42 330 43 331 44 354 46 336
2196 -1.4980188881513337 3.1389870986125512 2.8574584780047854 63 115 58 0.00079445314745446756 42 397 43 354
2197 -1.8723680284174065 2.6858182002905595 3.2460861785415647 196 200 128 0.17759914191714596 42 384 43 368 44 426 45 441 47 437 51 418 53 353
2199 -1.7383708328836718 2.861170396342271 3.0602733998137488 201 199 134 0.09278024098327374 41 390 43 374 45 414 44 404 46 426 48 429 49 349
2200 -1.5261504348654242 3.1266100144261908 2.8760942720782197 61 113 57 0.11828946162406853 40 365 43 381
2201 -1.947697801475859 2.8001014298337692 3.3970430293513521 99 190 96 0.25558743605248896 41 384 43 389 44 764 45 464 46 793 47 784 48 772 49 404 50 432 51 740 52 407 53 369 55 304
2202 -1.7000595707369999 3.2644623733001317 2.9104901510315018 81 153 79 0.055699187440910146 42 432 43 398 44 437
2203 -1.5785955297531986 3.3936654665767483 2.7693053790579505 154 183 106 0.11514207564416074 42 426 43 403 45 425
2204 -1.8747049690999666 3.0353593421077378 3.1284146341192467 189 196 128 0.11670231754072985 40 379 43 404 44 452
2205 -1.8747049690999666 3.0353593421077378 3.1284146341192467 189 196 128 0.11670231754072985 40 380 43 405 44 451
2206 -1.605049429325857 3.6401546067902659 2.8562312878653766 98 109 47 0.084462318995186886 42 443 43 412 44 463 45 462 46 469
2207 -1.7057283667267036 3.4933003006839187 3.034365408921325 176 148 115 0.097218852561778007 39 395 43 416
2208 -1.6912817515390002 3.7632182129745475 3.0423612223073224 174 142 105 0.012316133928547641 42 445 43 421
2209 0.17468221241121612 1.5686523037737352 2.2981076472127464 199 167 127 0.35818318397979593 39 0 43 425 44 1 47 3 48 1 49 1
2211 0.08658731631150951 1.8393154249073076 2.3772517521923371 83 118 65 0.11172274536330223 39 414 43 434 46 493 44 485 48 502 49 423 50 454 52 435 53 393 54 379 55 345
2213 -0.090069175871779372 1.786237946643972 2.6961380735640534 186 186 123 0.022816542374212437 42 478 43 448
2214 -0.014670910075251564 2.189940487790476 2.3879738331797915 187 186 123 0.06417952159344574 42 490 43 454 44 511 45 513 46 511 47 519 48 530 49 448 50 475 51 491
2215 0.026094975789800412 2.2341605216488425 2.3334474213422975 64 119 60 0.040534579137182052 42 482 43 455 44 512
2216 0.39260237537716675 2.4251372031457805 4.0188080296618889 73 136 68 1.0184667010948218 38 426 43 486
2217 -0.18895012020169499 2.239380683842616 2.7781634414637719 65 127 63 0.033873769149102624 42 509 43 489 44 545 45 549
2218 -0.17806398544717567 2.3451013963260143 2.7234094159907545 153 167 103 0.054747747525401902 41 514 43 491
2219 -0.13267549290033076 2.5957561974872321 2.6042981058944346 91 137 73 0.0834114395812319 42 521 43 503
2220 -0.3569941908986875 2.5732146357444243 3.3973722833125661 115 106 61 0.47216401531630775 41 178 43 531 44 599 47 619
2221 -0.78657796917619849 2.5653379886175283 3.412832554662149 190 198 125 0.07606940902051923 42 587 43 551 44 627 46 631
2222 -0.79579557627038944 2.5600199306135631 3.392959325260871 190 198 125 0.074824532211282629 42 588 43 552
2223 -0.54121545696760454 2.9464677841613649 3.212196079270099 201 202 130 0.11928219046910099 42 591 43 556 44 631 45 639
2224 -1.0944305936558776 2.252578496217112 3.6393384828218811 198 201 131 0.093538678762116953 42 582 43 565 44 638 45 644 46 661 47 664 48 684
2225 -0.66799286501379729 3.0330504898865787 3.1856680039980088 182 198 123 0.36931953652378929 42 604 43 574 44 645
2226 -0.73565642484017213 3.0323659184536838 3.0764583992720902 88 174 88 0.19702113735950491 42 606 43 576 45 655 46 650 47 650
2227 -1.2910945795423145 2.3294689789722973 3.4798815081811543 90 177 90 0.062487979798574747 42 612 43 584 44 655 45 678 46 682
2228 -1.2637483262890781 2.3831913194664032 3.4317499428495273 89 175 89 0.12859966965318143 41 604 43 586
2229 -1.158527832280893 2.4819167237075717 3.3419683870394064 90 178 90 0.10726840826536815 40 232 41 605 43 587
2230 -0.79490060232779358 3.0946689775564602 3.0162471956133659 86 169 85 0.017923838532330906 42 623 43 596
2231 -0.85729423604982213 2.9259925479515005 4.989140086810405 83 160 82 0.84800673669585747 38 200 43 598
2233 -1.188495541497737 2.7565889540348514 3.1079060598416048 81 155 79 0.062674040936475744 42 633 43 602 44 667 46 690 47 683
2234 2.0942767390145116 5.4849066189104825 10.347913200133043 81 156 79 1.7816836110042633 41 300 43 603
2235 -0.93826247281235875 3.1362074235346218 2.9450131075652819 77 151 75 0.17079843390945962 42 639 43 611 44 661
2237 -1.4835647821118918 2.6075340819599515 3.2028897528547482 77 147 75 0.092385393223484422 42 644 43 619 44 683 45 718 46 724 47 711
2238 -1.4509582219133408 2.6573179729581273 3.1632946774184409 138 169 100 0.12545564891945515 42 646 43 620 45 697
2239 -1.2841655615294916 2.8355039751404889 3.0409468072477517 74 139 71 0.16162411554867209 41 659 43 623 45 701
2240 -1.6158371958258924 2.4618120625874518 3.3418594778416999 77 147 75 0.16919489046732927 41 312 43 639 58 209 57 217 56 266 60 167 2 120
2242 -1.3599112671280229 2.9719212384164826 2.9508968581846178 69 131 66 0.11835718357325682 42 670 43 648 44 713
2243 -1.8830757503287707 2.3773936406831697 3.8192933765884018 248 246 233 0.33586051877672402 42 363 43 656 45 766 46 776 47 458 48 466
2244 -1.7983979118382964 2.459980269675389 3.4050949365202476 72 140 71 0.28640580732829068 42 660 43 662 44 720 41 342 47 752 49 686 50 698 51 721 53 627 54 597 55 545 56 539 57 490 58 457
2246 -1.9485764648981703 2.3862172587059138 3.9588593911758125 164 133 97 0.25314749764992805 42 911 43 676 44 739 45 765 46 791 47 779 49 703 48 482 50 440
2247 -1.1189275050634679 3.552389841785935 5.2351519391780306 94 139 76 0.5939848998261974 39 658 43 688
2248 -1.4687534471261114 3.3154419549276937 2.7756052960563093 64 118 60 0.040107250743100939 42 713 43 693
2249 -2.0117248579449485 2.8903596271769123 3.5439582248333266 174 143 106 0.37369255584327937 42 734 43 706 44 773 48 1000 49 925 50 940
2250 -1.968082437605666 3.014858967792752 3.3150740339295779 150 115 78 0.096184507827502555 42 428 43 710 44 775 45 793 46 808 47 794 48 775 49 699
2251 -1.6415140721686083 3.4950971608867869 2.9181505297733223 118 199 111 0.060717946856686716 42 749 43 719 44 458
2252 -1.6825999886354219 3.6535316054521707 2.9891259059765227 247 241 229 0.18417187975922883 42 441 43 724 44 777 46 802 48 437
2256 -0.15294563526284316 1.9418884269088772 2.7573351567600777 63 123 61 0.12322061351986074 42 789 43 759 44 813 45 838 46 849 48 818 49 755 50 756 51 787 52 721 53 698 54 669 55 606
2258 -0.20931360037386107 1.9399732359882234 2.886600402398158 181 183 119 0.026288439837351352 42 800 43 770
2259 -0.1909380947036049 2.1592432948571112 2.8020265025565911 65 128 63 0.0019137286356879506 42 803 43 772
2260 -0.24807977543161175 1.8992542866551343 3.220707424797737 170 183 110 0.30306148273916733 41 495 43 779 44 830 45 1071 46 1060 47 1054 48 1032 49 950 50 975 51 989
2261 -0.25706216024797196 2.1519256910974849 2.9872407934700824 173 178 113 0.054087982292322312 42 814 43 782 44 835 45 857 46 869 47 854 48 852 49 781 50 773 51 802
2262 -0.13993161922182812 2.387527619410585 2.6065937846090095 63 123 61 0.15062692182592816 39 772 43 784 44 837 45 851 47 848 48 832
2263 -0.40951210069741523 2.8814465037512793 2.3697539767283047 88 171 87 0.16947503705014588 42 849 43 815 44 590 45 580 46 180
2264 -0.48568536693014447 2.8859758483686062 2.3387560440824 85 164 83 0.037039693702960577 42 1006 43 818
2265 -1.0245887384380499 2.2623112011846023 3.6084140204640778 177 199 122 0.075427945404204347 42 853 43 827
2266 -0.98459993375590016 2.3179637291647883 3.5914868978140317 171 197 118 0.22967556747209111 42 854 43 828 44 892 45 1097
2267 -0.78783948753871003 2.6138404234768382 3.3583002731278726 96 190 96 0.17008976351890881 42 589 43 830
2268 -1.213195848503418 2.6029162912633339 3.2277394950631746 83 162 83 0.08289965086362687 42 873 43 849 44 909
2269 -1.5071110068376705 2.2648686190164389 3.547049868816333 205 203 135 0.087549487649870972 42 880 43 853 44 918 45 941 46 942 47 942 48 929 49 868
2272 -1.4700073606380348 2.7374713529716606 3.1008481515054824 72 138 70 0.1504269978366421 42 898 43 879 44 935 45 960 46 950 47 950 48 937 49 851 50 867 51 888
2274 -1.9539818584699991 3.1798885482249708 3.320376157380176 181 151 114 0.68470755498768587 42 955 43 932 45 1039 48 782 50 712 51 440 52 410 53 355
2275 0.15032435956173057 1.8191825694437869 2.1697703966013107 160 128 90 0.99894703215493763 42 970 43 943 44 1007 45 1045 46 1035 47 1029 48 1004 49 1028 50 1042 51 1128 52 1034 53 1041 54 994
2277 -0.19152859581274156 2.2744573829898251 2.7721387662447428 142 161 97 0.26308753159316933 41 988 43 965 45 1073 46 1062
2278 -0.32665140612326016 2.2595539868640442 3.3878986469860513 116 164 82 0.44622761271931261 42 995 43 972 44 1035 45 1080
2279 -0.26727953568162699 2.5336779558617324 3.171551842729313 87 174 81 0.36947580703621191 39 952 42 838 43 973
2280 -0.3820052299699454 2.3660843770448472 3.5448011410720164 222 229 204 1.2851401048730742 41 999 43 975 45 1169 48 1038 49 963 50 988
2281 -1.0964309878479246 2.6242974368813603 3.2362270647503091 166 191 116 0.35699186215786244 41 1016 43 993 45 1098 47 1080
2282 -1.4361480885415707 2.559066754025304 4.220886360302945 196 198 132 2.3980439444230366 28 389 43 1004 44 1066
2283 -1.576269755282717 3.0752071577195106 2.9067009747517276 60 113 56 0.17675566953811925 40 1005 43 1022 44 1082 45 1118 46 1113 47 1099 48 1073
2284 0.12829947403102776 1.6478863642817183 2.3188757638899 171 141 105 0.59210848214496226 42 1059 43 1032 44 1006 45 1044 46 1033 47 1028 48 1006 49 929 50 944
2285 -0.14682487012072568 2.8267447062776885 2.524722852234857 112 97 52 0.781784859827103 42 1000 43 1057 44 1120 45 1079 46 1069 47 1057 48 1030 49 948 50 970 52 886 53 702
2286 -0.18935033256361999 2.9094061442991568 2.8321118290520682 105 152 80 0.96418036492241699 42 847 43 1058 44 1171 45 1167
2287 -1.3215118833511759 2.5790315342436858 3.243757264442972 180 195 123 0.61189248348959591 41 1096 43 1070 46 1193
2288 -1.1705986663326318 3.2108215706884065 2.8807244762227162 80 136 70 0.21745710194756518 42 1101 43 1074 44 1142 46 1194
2289 -1.8752121520513472 2.6463650218259502 4.1425437399906055 1 1 1 0.20565407763591681 43 1084 44 1199
2290 -1.6521796926190451 3.1332478615972028 2.8921809944563481 65 114 59 0.27627990921565376 41 1118 43 1090
2291 -1.9917170098306722 2.8328473112135217 3.51285264010945 178 147 110 0.43630126817294312 42 1112 43 1092 44 1155 45 1245
2292 -0.95490379988551211 3.1054323182273862 2.975695743442448 152 179 107 1.7329501172873181 42 1095 43 1119 44 1139
2293 -1.2929765124660684 3.3245945123001408 2.8029630021309644 148 172 104 0.29561625892572169 41 1158 43 1124 44 1191 45 1239 47 1179
2294 0.12842475250995727 1.4280861586930547 2.574940478976997 0 0 0 0.79769331643343488 39 1151 43 1130 49 1126 50 1147 51 1172 52 1078
2295 -0.26588408804787483 2.7227655237377304 2.8980606857262257 118 170 89 0.25000620471205048 42 1168 43 1142 45 1256
2296 -1.153992071254254 3.5958716763167833 2.8681030060134116 255 255 255 0.61229252648915222 42 1279 43 1172 44 1195 45 1197 46 1199
2297 -1.99045637174235 2.695105873856833 4.5873771229473155 1 1 1 1.4093397165714163 42 1110 43 1174 44 1235 45 1282 46 1350 47 1354 48 1331 49 1246 50 1263 51 1224
2298 -0.022864221559865783 1.7651095821940175 2.5928995249949436 61 118 58 0.94214949186517294 42 1207 43 1184 44 1243 45 1288 46 1351 47 1357 48 1334 49 1249 50 1267 51 1232 52 1135 53 1161 54 1103 55 1022 56 1025 57 967 58 878 59 801
2299 -0.03910281469287491 1.9572674651185955 2.5023990375909553 85 126 69 0.35147073783520566 42 1211 43 1188 44 1249 45 1291 46 1284 47 1286 48 1259 41 1232 49 1181 50 1200 51 1234 54 1049 55 970 56 979
2300 -1.0272086136972993 3.2269739104024335 2.8217734619727937 62 124 59 0.55243099289491826 42 1263 43 1228 44 1285 45 1329 46 1324 47 1323 48 1297 49 1211 50 1224 51 1254 52 1152 53 1181 54 1115 55 1031 56 1032 57 931 58 882
2301 -1.2761702818224367 3.051428898684875 2.9053113749230852 77 138 71 1.117098942215224 42 1267 43 1235 44 1291 45 1335 46 1334 47 1336 48 1303 49 1217 50 1228 51 1205 53 1117 54 1072 55 940 56 959 57 896 58 840 59 766 60 687 1 607 61 616
2302 -1.8965988023242795 2.2626649250214346 4.0813969415498752 1 1 1 2.3820698393383117 41 1217 43 1238 44 1304
2303 -1.6787296250947854 4.2201565403553047 3.4875750793095341 1 1 1 0.94791416022605601 40 1180 43 1251 44 1312 45 1354 46 1276 47 1279
2304 -0.20662630053529424 2.7759228270571903 2.7613635959224458 110 150 83 1.3700848535657788 41 1318 43 1280 42 1308 44 1336
2305 -0.29881899127412026 2.9405439845605743 2.67201296224072 135 185 102 0.78999405131602207 42 1325 43 1296 44 1357 46 1399
2306 -1.8263572446091605 2.4507813864992989 4.0353934625994281 198 175 147 1.3573118712754018 45 1405 46 1400 47 1404 48 1382 51 1329 52 1228 53 1248 54 1179 55 1101
2307 0.039217025885489309 2.3280224841400114 3.0557341408060097 76 133 68 1.4311651210368421 43 1299 44 1359 45 1406
2308 -1.5858719186951391 3.2159195275670509 2.8475282465524301 158 157 105 0.10620572425895834 33 244 34 249 36 295 37 330 43 383 38 326 39 358 42 420 40 388 41 415 44 412 45 419 46 427 47 391 48 402 49 332 50 337
2311 0.16355333069059436 1.7301957672783999 2.2482369411257555 185 155 118 0.18358716559775198 43 6 44 6 45 4 49 6
2312 0.029849827533481421 1.5387558320772627 2.7327906484600915 104 135 77 0.2806545970150699 42 10 44 13 47 9 48 21 49 426 50 726 51 485 52 31
2313 -0.077450924488759287 1.6873895473196019 2.7719560681236195 63 122 60 0.060870802150302356 43 34 44 29
2314 0.17246658113047336 2.3133037827800518 2.1937897375808646 66 111 62 0.082542409749250284 42 56 44 41 45 42 47 29 48 20
2315 -0.13448355311545113 1.6987296341050482 2.916072580300515 76 150 74 0.17580206574656135 43 52 44 46 45 47 47 523 48 535 49 453
2316 -0.080211030493630486 1.9484366330354415 2.5902961058252196 146 159 100 0.090000604562509384 42 53 44 51 47 52 50 39
2317 0.031493334640273485 2.2832587333262069 2.3169492911886636 64 122 61 0.046158995945888952 43 61 44 54 45 60
2318 -0.20333389670697793 1.8945872327555597 2.9265574856997403 66 128 64 0.014890033956620325 43 67 44 79
2319 -0.19446378263154898 2.0892881397099976 2.8158037025488478 179 181 118 0.025411291614919167 43 86 44 85 45 88 46 101
2320 -0.14820399422939626 2.279555140617477 2.6618012061037604 180 181 118 0.012897404461471682 43 93 44 90 45 97
2322 -0.25491290631594032 1.9879479253771022 3.0601606877279202 68 131 65 0.049136568849451487 43 107 44 108
2323 -0.19459485524693534 2.4028436847106311 2.7575268956617625 73 129 66 0.17762595337709053 42 132 44 114 45 114 47 101 48 97 50 108
2324 -0.32014349066921671 2.027617045639281 3.3115305169393885 78 156 75 0.070227599440395444 42 126 44 125
2325 -0.29538615473448881 2.2624097036433657 3.1474166847951275 159 171 104 0.16927957630439716 42 128 44 129 45 139
2326 -0.14610669267845763 2.6052708089790064 2.6588508071028505 67 131 66 0.043557954097635125 43 134 44 139 45 121
2327 -0.067350837425205978 2.757130101445338 2.5503260603347044 217 222 195 1.4951268157246029 42 164 43 137 44 143 47 106
2328 -0.75170680861899841 1.7112831050184125 3.1750294948534568 150 188 111 0.5905115171181966 43 117 44 146 45 152
2329 -0.18357438284191355 2.6916105885967134 2.7837331896996544 67 134 65 0.045734214046338206 43 157 44 159
2330 -0.14811439837527748 2.8601292952559376 2.7910477232727087 72 141 66 0.12666872011287833 42 183 44 165
2331 -0.15883594237892806 2.8697612986354892 2.8267712018568285 73 147 69 0.11188334371121109 43 171 44 166 46 177 45 166 47 150
2332 -0.40092054504028324 2.5277745376654499 3.4468441058126711 1 1 1 0.22737088197515742 43 180 44 181 45 608 47 617
2333 -0.37940520689997159 2.5394645132685656 3.4801933621020882 1 1 1 0.35702550203474198 43 179 44 182 45 607 48 616 49 167
2334 -0.5662750055842265 2.8386798404275457 2.3735862331786528 85 166 85 0.30185635918721204 43 190 44 192 45 595 47 596 48 152 49 504 50 137 51 543 52 98 53 93 54 79 55 62 56 61 57 326 58 35 59 26 60 19 1 13 61 14 2 16 4 10 3 269 6 225 5 214 7 217 8 245
2335 -1.2057886460280187 1.9423912423208707 3.558386565986507 186 156 120 0.2039514639660201 43 205 44 212 45 237 46 639 47 254 48 663 49 587 50 605 51 649 52 588 53 567 54 567 55 520 56 519 57 465 58 226 59 425 60 401 1 367 61 372 2 347
2336 0.26916946815896564 3.0025401403224077 6.0445667718015308 100 187 95 2.9619642454925312 40 187 44 216
2337 -0.7546267231036472 2.7780750906347391 3.2546875088679195 81 161 80 0.41329712233888338 43 553 44 220 45 224 46 632
2338 -0.53283369306717765 3.1857300464045077 3.1033780939501372 97 188 95 0.12405730881269472 43 242 44 228
2339 -0.96691621860428767 2.4074851426725514 3.5155759812565508 172 196 119 0.050251407338304015 43 211 44 242
2340 -1.068884310802126 2.4234698274808588 3.438593282464069 93 183 93 0.073977407798398204 42 253 44 243 45 247 47 260
2341 -0.9554128614153603 2.5454164746545023 3.3592910863009 191 198 127 0.14772586574806854 42 255 44 246 45 251 46 261
2342 -0.94845244876042156 2.661514971555532 3.2547290370120554 90 176 90 0.11752728119185761 43 232 44 248 47 236 50 240
2343 -0.89470386014927294 2.7455396483942698 3.2090623922596868 92 177 90 0.080896420082083711 43 233 44 249 45 256
2344 -0.67403005744293054 3.0125114548407419 3.1208248394786575 94 180 91 0.23471577443533526 43 235 44 255 45 230 47 221 48 233
2345 -0.77716972742630364 3.0941600331352634 2.9911142842073049 166 196 118 0.7240720296029366 43 263 44 258 45 263 15 55
2346 -0.95564226973927435 2.8380596780072462 3.1279935351873869 172 180 113 0.13371167447898416 42 290 43 261 44 274
2347 -0.69413613412668052 2.9390235397914823 5.0367732894997728 84 163 83 2.1531187650910737 39 222 44 287
2348 -1.2386240439625884 2.775161720550591 3.0870105474570098 79 149 76 0.029467684556094366 43 282 44 294
2349 -1.6263798855115907 2.2052533111757144 3.6229599246335105 184 196 126 0.2669987877795254 43 298 44 310 45 341 46 722 50 678 52 648 53 623 54 795 55 717 56 723 57 683 58 644 59 579 60 570 1 370 61 375 4 325 5 134 6 135
2351 -1.3484372942379095 2.6502007670382688 3.1760976084029613 76 147 75 0.014312998184996296 42 308 44 317
2352 -1.3739811978002159 2.672512492988905 3.1590938457785658 74 144 73 0.029965257863105409 43 304 44 318
2353 -1.3573049356208149 2.8433407402736495 3.0315067732759506 73 134 69 0.10973149043364339 43 310 44 322 46 334
2354 -1.1657900146940618 3.1752525383751231 2.9020019154900494 74 137 69 0.13590128100443949 43 313 44 331
2355 -1.7544118835284785 2.2013513877491016 3.8211621098103072 81 158 80 0.98335107418231704 43 316 44 334 45 367
2357 -1.1778832244392248 2.708101780447338 4.7127952906429078 82 152 78 1.8127389219332481 38 199 44 337
2358 -0.86484752757158589 3.1795380538857541 5.4543057815178528 75 144 73 1.3677859460714412 33 204 44 343
2360 -1.5967064921674521 2.4728641084603691 3.3396182674277601 200 200 134 0.042035710671245299 43 301 44 345
2364 -1.8760903906382007 2.2528250286238762 3.9011448628933443 140 130 81 0.091765331272305115 43 336 44 364 45 393 46 432
2367 -1.8874592989185164 2.3000900599970575 3.8927783666089888 249 246 235 0.19290916697296026 43 337 44 387 46 775
2368 -1.9090507032949839 2.3565705801640298 3.8578711486888415 173 144 108 0.1340538583753684 43 339 44 391 45 430 46 437 47 457 48 467
2369 -1.8774181682871045 2.5235326278512806 3.3909129458858311 74 143 72 0.094683134138367486 42 368 44 395 45 403 46 443 47 432 48 449
2370 -1.8523622636380344 2.6476618798302805 3.2666432812041428 66 127 63 0.11963049099898654 42 382 44 396 45 440 46 450 47 436 48 451 49 386 50 702 51 416 52 383 53 352 55 281
2371 -1.6252318581351421 3.0561806615789 2.9347235210292806 66 113 58 0.095033320338594435 42 392 44 407
2372 -1.542164382224164 3.2751864994160198 2.8111904141091797 207 203 137 0.076445773283378579 43 388 44 418 45 422 47 390 46 408 48 380
2373 -1.4766538903199788 3.3864258746545755 2.7588491820652954 67 123 62 0.13611306701677939 41 421 44 420 45 424 46 409
2374 -1.955252438018386 2.4053774690336232 4.036409399997666 156 125 91 0.35980078366630852 42 362 44 421 45 431 46 470 47 470 48 483 49 410 50 441 51 465 52 424
2375 -1.9133627478544972 2.5777904045566649 3.51893130347226 209 209 140 0.23514524695354239 43 366 44 424 45 438 46 444 47 460 49 400 51 454
2376 -1.9026341380813627 2.7449550876369457 3.2427695767052662 79 148 75 0.073199578188955852 43 390 44 428 45 444 46 452 47 439 48 453 49 388 50 417 51 437
2377 -1.8534146359705808 2.892554090755513 3.092321510848755 180 197 122 0.98680293142907638 40 357 41 389 44 432
2378 -1.8599526438926175 2.9360598310024475 3.1003702529136166 72 140 70 0.12547816564695166 43 394 44 435 45 449 46 460 47 445 48 460
2379 -1.6639561615433986 3.5927783451021158 2.9457309669380929 176 146 111 0.14944793716529453 43 418 44 461 45 470 46 466 47 450 48 436
2380 -1.605182565555759 3.8263880719158263 3.0053093072871593 253 230 176 0.032089225969775675 43 420 44 468
2381 -1.7001012624106242 3.8442304216878607 3.1327733376259554 184 154 120 0.048271570572898798 43 422 44 469
2382 0.045094084132892009 1.5810856374610862 2.6743392737066491 92 130 72 0.22467783983519637 43 13 44 478 45 485 47 485 48 512 49 725 50 727 51 480 52 449 53 403 54 386 55 353 56 376 57 19 58 37
2383 -0.043600583221031719 1.7183512039157594 2.6325601249943684 153 166 105 0.11391035126129591 43 441 44 492
2384 -0.072945101071595686 1.7125339222751486 2.7281642243689985 65 121 61 0.0098957332233953268 43 438 44 493
2385 -0.072945101071595686 1.7125339222751486 2.7281642243689985 65 121 61 0.0098957332233953268 43 439 44 494
2387 -0.0087410351165521649 1.8343683950613796 2.5027728559845199 178 181 119 0.02556206944765612 43 443 44 496
2389 -0.015901586835446235 2.344878581463564 2.3889502646943397 118 146 85 0.05008102689699432 43 466 44 523 45 530
2390 0.011173491300737914 2.4354929352741319 2.3699631012193301 73 142 71 0.18236389755596363 43 467 44 526 45 532 47 522 48 49 49 54 50 46
2391 -0.023773030812342888 2.4735109879399486 2.4225176106472075 75 145 73 0.19277807216033821 43 478 44 535 45 533 46 91 47 74
2392 -0.29444832190377923 1.9935684705605774 3.1460274501597389 68 136 67 0.075708463944881024 43 482 44 539 45 544
2394 -0.20033049214383425 2.1773507573122113 2.8197266574545119 65 126 62 0.022301624561338319 42 508 44 544
2395 -0.15201164390306993 2.4206868791006899 2.632163259506779 145 158 98 0.15177739648496391 41 529 44 547
2396 -0.14658819773913115 2.5488011627204106 2.6610387111068587 65 127 63 0.042699845423986221 43 501 44 549
2397 -0.62765768542142597 1.7833830322699844 3.2200180978202346 175 192 116 0.09954744103244853 42 517 44 552 45 570 43 790
2398 -0.88832494779976079 1.7389031363185081 3.200274070536429 131 153 93 0.16076135986280374 43 507 44 571 45 171 46 595 47 614
2399 -0.093186671060455861 2.8349299684265565 3.2900547593334522 218 221 203 0.24387664851637664 43 812 44 584
2400 -0.21475201475006395 2.8513519800945475 2.9519159361089709 115 168 103 0.28012028037275238 42 839 44 586
2401 -0.21715302634852113 2.8501478035651711 3.016492233619724 227 230 211 0.30930717040683986 41 570 44 587 47 592 46 587 48 864 51 554
2402 -0.44786973808447411 2.2170127946558371 3.8606705582920413 161 141 101 0.14221639031814398 41 162 44 595 45 601 46 600
2403 -0.75111728332001126 2.9865361870599032 2.3136456545026398 255 255 253 0.51850357801618197 43 992 44 618
2404 -0.72749340679319974 2.8416283420979784 3.2153965388440922 166 175 108 0.11172471529927079 43 573 44 630 45 638 46 634
2405 -0.3955830089329746 3.1644282995106199 3.1848736084515616 99 195 99 0.096459493306644495 43 561 44 634 45 629
2406 -0.73352018806839481 3.035203186258371 3.0820610589430237 89 175 89 0.13869472113750539 43 577 44 647 45 656 46 651
2407 -0.80227363664608309 3.0297318538269211 3.0610368802421428 86 171 86 0.095068123049506251 43 594 44 648 45 657 46 652
2408 -0.68823597120745994 3.1555324030867991 3.042027153079701 194 207 131 0.054498241210899155 43 578 44 650 46 654 47 651
2409 -0.9491641705432674 2.9060785567119609 3.0729118086744407 177 180 115 0.014147951472453251 43 590 44 658 45 668
2410 -0.94745636682557022 3.2402442454414717 2.5956625997852423 185 155 118 0.15539956068042662 43 612 44 663 45 289 46 275 47 250 48 244
2411 -1.2369586348870516 2.8197714304767985 3.0629346200642487 167 183 115 0.16991129118645304 43 604 44 670 46 693 47 686
2412 -1.0343068695907005 3.2117227478115553 2.8884955951969196 71 137 68 0.29527786874696271 43 634 44 678 48 283 47 277
2413 -1.35082467687537 2.6294309473743143 3.1852339297167127 77 150 76 0.092968384828949438 43 600 44 684 45 696 46 708 47 704 48 697 49 610 50 630 51 640 52 584 53 557 54 541 55 491
2414 -1.3346054370267453 2.6885920771541305 3.1428160574929378 104 154 85 0.019876261014572658 43 621 44 685 45 698
2415 -1.2403314329691271 3.023706185637959 2.9346379076812688 71 135 68 0.12270216919573611 43 629 44 689 45 703
2420 -1.4711523717897541 3.1804109463094332 2.8411841558692821 64 119 60 0.017930806290185786 42 710 44 735
2421 -1.4881252900460384 3.0986269357480647 3.8629430835669951 71 132 67 0.79943562185574413 37 289 46 763
2422 -1.9301776055393629 2.6022536990747969 3.511777003444676 107 194 101 0.3165570499982111 43 680 44 753 45 1012 46 1014 47 1008 48 986 49 910 50 925 51 944 52 859 53 841 54 612
2423 -1.9029943946590253 2.8491007633263701 3.2057186538747584 76 147 75 0.073629756443571878 42 412 44 755 45 780 46 797 47 786 48 455
2424 -1.6957003698357564 3.3948811342917975 2.9301288716916551 121 199 116 0.12393092749416416 43 717 44 771 45 775
2425 -1.669185181509329 3.5629655602300101 2.9394206880720173 159 129 93 0.37035241133660712 43 722 44 772 45 1028 46 1009 47 997 49 659 50 675 51 677 52 332 53 267
2426 -1.7209626919661916 3.5277153956363745 3.030425989524991 253 250 239 0.94228573511982372 40 699 43 936 44 776
2427 -1.6631246071039585 3.6666544994478039 2.9698132860153135 150 116 80 0.077517154057681503 43 723 44 778 45 471 46 477 47 453
2428 0.0052015597939824021 1.6476871570734033 2.6510180064042568 64 124 61 0.1882850852189408 43 733 44 790 45 810 46 831 47 814 48 798 49 726 50 728 51 766 52 708 53 677 54 650 55 591 56 586 57 535 58 505 59 478 60 462 1 421 61 426 2 394
2429 -0.097690624288528094 1.938984233255622 2.6227365096734867 61 119 59 0.063375325249304934 43 753 44 807 45 828 46 844
2431 0.029510015338913786 2.2645223196513835 2.3282704044772209 63 123 61 0.041892299765731104 43 756 44 810 45 833 46 847 47 820 48 802 49 733
2432 0.0048694178119400577 2.3320591130542754 2.3569977762192642 65 126 63 0.17419649057757802 43 763 44 815 45 834 46 848 47 831 48 813 49 744 50 739 51 771 52 455 54 385 55 19
2434 -0.086771767100817465 2.31445915930966 2.4908371377905225 158 167 107 0.10222261712688037 42 806 44 827 46 851 47 836
2435 -0.10688453081348676 2.4345941669427158 2.5530198975887446 64 124 62 0.3711923605919934 43 786 44 829 45 853 46 865 47 850 48 834 49 762 50 763 51 779 52 465 53 689 54 402 55 360 56 37
2436 -0.25772433403536132 2.1511559012982424 2.9859081269545316 174 177 113 0.10155899976597259 43 783 44 836 45 858 46 870 47 855 48 851 49 780 50 772 51 801 52 738 53 451 54 426 55 392
2437 -0.31371932271579139 2.0839756581348263 3.2262358013651133 134 161 94 0.32740957777856949 43 792 44 840
2438 -0.31704652280236562 2.1534517993922719 3.1753783369348136 0 0 0 0.0047925847459822169 41 811 42 824
2439 -0.12751222421081815 2.6687092349009922 2.6490282916353518 72 143 71 0.37271547370668806 43 798 44 848 45 866 46 874 47 860 48 844 49 771
2440 -0.72415066475171375 1.7446705264887481 3.2028602825936971 76 147 75 1.1670260845997091 43 789 44 850 45 873 46 880 47 874 48 601 49 165
2441 -0.45957043580127227 1.9604701144900987 3.5559863797891391 0 0 0 2.2727513850447369 43 142 44 852
2442 -0.29115938881452469 2.752932877531455 3.2283726984884171 89 91 42 0.35091899720459535 43 816 44 871 45 884 49 795 50 791 52 752 53 731 54 695 55 630 56 619 57 573 58 355 59 339 60 74
2443 -0.30985102440231488 2.8128656177437477 3.2323929838303327 217 220 191 0.47426902786760422 43 817 44 872 45 896 46 897 47 890 48 871 50 792 52 753 53 732 54 455 57 72
2444 -0.69270778709298642 2.8956396466287764 2.3485330553162727 233 230 223 0.3631366227405694 43 824 44 879 45 899 46 899 47 884 48 873 49 793 50 788 51 814 54 420 56 395 57 332 59 312 60 285 1 261 61 266 2 255 3 11 4 13 5 9
2445 -0.69814288050609175 2.8901666864616153 2.3395218578462234 233 230 223 0.087326068257105288 43 825 44 880 45 900 47 885
2446 -1.2646824155320957 2.3834696786669531 3.4325410160186913 88 173 88 0.07324122490465465 42 869 44 900
2447 -1.4914308367926152 2.1058616914304906 3.8431708906702258 252 250 239 0.64438452856532502 43 851 44 905 45 939 46 1101
2448 -1.3379085316652688 2.5431224508155967 3.2606188383885497 81 159 81 0.071286608525681541 43 855 44 908 45 931
2449 -0.96611767787578029 3.2941124720571824 2.6212337083957 184 154 117 0.16086626160760983 43 860 44 914 46 673 47 253 48 265
2450 -1.0291999116518333 3.3252365545768323 2.6221779012835418 175 144 107 0.34113119334426928 43 1001 44 915 45 936
2451 -0.97851816592916974 3.3505609207919087 2.6235122232808119 255 255 255 0.29945530417286348 43 1002 44 916
2452 -1.2022542685356012 3.0936472593819633 2.9101104677208571 71 137 69 0.14156406070595878 43 870 44 927 45 950
2453 -1.0853531406866173 2.9872775274636716 2.991721089157966 0 0 0 0.050604302324502241 33 599 39 845
2454 -1.3834213855855797 2.9846739862438136 2.9384792941344133 67 127 64 0.057105919459024136 43 883 44 938
2455 -1.8583751297918545 2.3252482235936442 3.6963766540035858 194 207 134 0.26438619896454513 42 347 44 946 45 990 46 997 47 988 48 970
2456 -1.5171369142528159 3.0301484398745191 2.9199199442553616 63 117 59 0.042115718314353193 43 892 44 953 45 980 46 969 47 953
2457 -1.9097215144862996 2.5063458075525937 3.5848409764726834 159 204 138 0.62302904915178325 43 677 44 961 45 1011 47 1007 48 983 50 710 51 452
2459 -1.9090072300663781 2.7195452779590132 3.2902642451302624 78 154 78 0.10536506696208552 43 915 44 979 45 1132 46 1126 47 1115 48 1092
2460 -1.7511099611785492 3.2928218599343766 3.0005403242161726 130 204 111 0.67969084592896445 42 954 44 994 46 1007 48 757
2461 0.076087988045545729 1.9279675668783853 2.3537825895766344 190 189 126 0.061556826042304919 43 1040 44 1012 45 1055
2462 -0.16883236424316109 2.0579046770608311 2.7479121278300691 176 180 117 0.073744657263061467 43 962 44 1025 45 1067 46 1058
2463 0.013102885452994761 2.7238182196249778 2.4183579725720499 249 248 234 0.68863287063793588 43 966 44 1030 47 851 48 1024 53 681
2464 -0.25743850544893054 3.132545479263134 3.040708002028893 231 233 213 0.58128627682607159 43 984 44 1046 45 1177 46 1168 47 1152
2465 -1.0650552613529123 2.0071442307873806 3.461743436377001 1 1 1 1.7885441274323512 44 1047 45 1091
2466 -1.2298291771495438 2.0054161182935371 3.6574041266680437 178 146 109 0.1359466515224439 43 987 44 1049
2467 -1.5785498261450126 3.1122648063788261 2.8886997412187716 88 127 70 0.1729280667222122 35 796 44 1083
2468 -1.7348961323199734 3.1747972825817414 2.9597443364419025 157 176 110 0.56725786154469859 42 947 44 1091 45 1137 46 1135 48 1085 49 1002 50 891 51 902 52 619
2470 0.20303388664847949 1.9678257730359738 2.1022120405956852 255 255 255 0.85689844238916235 43 1095 46 1216 48 1169 50 1107 51 1129 52 1035 53 1040 54 993 55 913 56 923 58 812 59 590
2471 -0.011646602234164749 2.7189376750988781 2.471938485560945 167 141 102 0.086564430334017423 43 1052 44 1115 45 1164 46 1158
2473 -0.83529055043429601 2.4481292223875042 3.523464832032166 183 199 123 0.032236441913358366 42 1087 44 1134
2474 -0.77255011173135735 2.7498808293700638 3.2755919764132337 135 192 107 0.44408727891912952 43 1066 44 1135 46 1177
2475 -0.82800720505556236 3.0010881394731759 2.3948919381718943 156 130 91 0.47359933985901903 43 1112 44 1136
2476 -1.3544142705482221 3.1155796471403261 2.8787936311371589 129 157 93 0.32442864372831709 43 1073 44 1145 46 1202 48 1145 49 1057 50 1081
2477 -1.8470951337635624 3.1238244269184752 3.15038522881698 93 184 94 0.40699769972950844 43 1126 44 1157 45 1210 46 1213 47 1201 48 1159 49 1017 51 927
2478 -0.52098100273403813 1.7989542462707995 3.2618839694290496 139 188 101 0.26837688712130398 43 1100 44 1164 45 1223
2479 -0.14505907248342431 2.8468119717494833 2.6244194990107639 221 228 203 0.15836423368772989 43 1056 44 1167 45 1253
2480 -0.40587533202818943 2.8384475916626166 2.5657357130404259 217 224 198 0.97997242047201372 43 1109 44 1172
2481 -0.39457282306107677 2.68385329146862 3.5704613620617951 133 178 99 2.0222614318587602 43 1146 44 1178 45 1085
2482 -0.98499645910198441 3.2872257206197846 2.6477252966343272 167 138 100 0.12079819730232129 43 1120 44 1186 45 1189 46 1188 47 1167
2483 -0.37252154798628129 2.1939165138192154 3.2989446281836359 114 168 87 0.068080973146054755 43 1138 44 1207 45 1254
2484 -0.45822996896183465 2.7827822149835115 3.4061528371301648 124 172 92 1.0152892131994611 43 1147 44 1214 45 1319
2485 -0.19613064226694518 3.1771500945652464 3.2366988495157036 1 1 1 0.74509300622993746 43 1149 44 1215 45 1259 48 1284 47 1312 49 1141 50 1161 51 1182 52 1091 53 1105 54 1011 55 853 56 617
2486 -0.80339431999179434 2.4774454054821389 3.5175818132434125 147 196 110 0.57038731642809892 43 1152 44 1217 45 1261 46 1258 47 1261 48 1231 49 1152 50 1171 51 1194
2487 0.037978631005762931 2.0907600203006202 2.3522475791314688 61 116 58 0.43728246895420392 43 1190 44 1245 45 1356 46 1282 47 1284 48 1258 49 1180 50 1198 51 1229 52 1133 53 1159 54 1100 55 968 56 977 57 920 58 815
2488 0.21682564154100975 2.3469514827923623 2.2776542141369323 117 140 82 1.0883443904584844 42 1158 44 1247
2489 -0.050972156859392714 2.0570254265080941 2.6673791617889338 122 147 87 0.17720815503203879 42 1215 44 1252
2490 -1.0315927085696506 2.0171928333248439 3.4580470243095363 0 0 0 1.5842702716826693 42 1239 43 1214 44 1277
2491 -0.84945264049499247 3.2094441405443317 2.8565393244592379 86 168 84 0.25218160586641197 43 1223 44 1282 45 1325
2492 -1.1692045772608231 3.2497200987686266 2.8453199299211991 76 148 74 0.50837251472711631 43 1237 44 1293 45 1337 46 1335
2494 -1.8358888812598444 2.6868725570315544 3.2316981922963461 143 163 101 0.36296545950510106 43 1243 44 1305 45 1348 46 1347 47 1349 48 1327
2495 -1.9083261956905984 2.6957132257840026 4.117560480937712 1 1 1 1.5540908239536655 43 1246 44 1307 45 1351 46 1372 45 1375 47 1379 48 1365 46 1384
2496 -1.8735298688033939 2.7527869224363339 4.266997092397264 1 1 1 0.75512900872258393 43 1245 44 1308
2497 -1.0582564382854145 1.8928116386385536 3.4585033734469222 245 244 229 0.32253301404215817 43 1259 44 1317 45 1360 46 1355
2498 -1.8354076805738511 2.7878455729882199 3.1385070851570238 81 132 69 0.15887152472373819 43 1266 44 1328 45 1373 46 1371 47 1378
2499 -1.8364370433179951 2.7898965906251449 3.144545596937327 81 132 69 0.52783927473472692 43 1267 44 1329 45 1374 46 1370 47 1377 48 1352 49 1267 50 1281 51 1304 52 1185 53 1211 54 1135 55 1050
2500 -0.89931235987526392 1.7690034788436935 3.2844618862086268 222 195 157 1.1130090890178304 43 1288 44 1337 45 1387 46 1382
2501 -0.70750272324886376 2.0678046714665932 3.7266686959259872 0 0 0 0.7870652955258971 42 1321 43 1289 44 1350
2502 -0.31491440523783981 3.4717911911184882 3.4016243461027122 255 255 252 1.4642519721971601 28 685 27 671 26 657 26 658 25 682 24 657 23 595 22 598
2503 -0.53020696929563516 1.908758796833506 3.3749527343631329 245 249 225 0.84363611755593249 46 1398 48 1379 47 1402 49 1289 50 1306 51 1326
2505 -0.32868794636499865 2.2740934570849176 3.4506169643148068 224 227 207 1.2579752063319634 37 443 43 144 44 563 42 527 43 145 46 576
2506 0.16751923424440168 1.7314911751190345 2.2535798956352902 126 108 78 2.0530116434773413 37 903 38 911 39 1032 40 1020 41 1124 44 1101 42 1062 43 1035 45 1216 46 1145 47 1202 45 1150 47 1134 48 1106 49 1025 49 1081 50 1040 50 1108 51 1061 51 1131 52 963 52 965 53 957 54 919 55 836 56 841 57 780 58 656 59 462 60 445
2507 -1.019666380386486 2.4662273983659366 3.5346211115583159 93 183 93 1.5192499124317593 43 224 44 244 46 280 19 63
2508 1.2988756339101719 5.394141359564447 10.51155587245297 0 0 0 0.5596048691873976 41 354 43 329
2509 -1.7800674020830534 2.8158446560372425 3.1044996363605888 65 121 61 0.058892365719334594 41 387 43 373 44 401 46 425 47 415 45 413 48 431
2510 -1.6348167073341673 2.2605070593438414 3.5432965516034005 82 159 81 0.2529896500337171 42 878 43 861 44 919 45 954 47 958 48 944 49 882 50 897 51 915 52 831 53 826 54 796 55 718 56 722 57 676 58 637 59 569 60 555 1 491 61 497 2 478 4 440 5 292 7 300 8 303
2511 0.19779734546847622 1.6578562962516656 2.1998346915970148 86 59 35 0.056546749677763478 44 0 45 0 46 0 47 0 48 0
2513 0.0040396312568951598 1.7814964862145062 2.5184383608819436 197 193 130 0.036956391867652212 44 17 45 18 47 34
2514 0.056738086227455742 1.8353154194035732 2.4095378856586285 64 119 60 0.17821385518471722 43 25 45 20
2515 0.12100968755031749 2.138141551727188 2.2588338581236589 63 114 57 0.1320748237760713 44 38 45 30 46 31 47 28 49 29
2516 0.049844285076233175 2.0076487088532282 2.3522241436889186 206 202 136 0.093354666145407272 42 40 45 41
2517 -0.04549248004293821 2.2232285072167994 2.4334490631290957 190 190 126 0.037524841448211922 44 74 45 54 46 59 47 54 48 45 49 50 50 43
2518 -0.12581678683125075 1.9599278407131675 2.6726766075236315 64 120 60 0.042378272868775671 44 67 45 67
2519 -0.17624531600717819 1.782861440140038 3.0835472351129645 91 168 84 0.14393690731890493 44 63 45 81 46 94 47 536 48 548 49 470 50 497 51 528 52 486 53 435 54 424 55 623 56 616 57 567
2520 -0.15635409145461829 2.1008667671696504 2.7104854191481036 64 123 61 0.07783516899032758 43 85 45 91
2521 -0.26829357290381134 1.9168402375403182 3.1070710319351735 85 141 73 0.097563892128417373 44 105 45 104
2522 -0.28207545780614585 2.1099266978142617 3.0686837436108729 173 176 112 0.094251782977609264 44 110 45 111 46 148 47 120 48 123 49 115 50 127
2523 -0.11920610161317891 2.6028187641067304 2.6234275221813599 90 146 77 0.11932726994359943 43 504 45 119 46 133 47 105
2524 -0.028587715897867405 2.7134149157935448 2.5905757325577339 135 158 95 0.19547170933026928 42 144 45 123 46 137
2525 -0.41271175998278309 1.789852391506525 3.2714805355668375 250 250 236 0.090803295423507888 44 537 45 125 46 139
2527 -0.2385331615355919 2.4433508580959566 2.9242799225061318 80 137 70 0.045165073863654502 43 125 45 143
2528 -0.15524493902862738 2.8123616138079419 2.5551700417678846 238 238 219 0.21199472486033591 44 144 45 150 46 162 47 107 48 109 49 102 50 115 51 87 52 71 54 64 55 40 56 45 57 28 58 32 59 24 60 17 1 18 61 19 2 21
2530 -0.30606934154826537 2.2784540778651605 3.1679085374483664 72 145 71 0.053699397077042132 44 150 45 154
2531 -0.28442889730049709 2.3914498165125311 3.0661466956782881 70 140 69 0.19809987261183612 44 152 45 158 47 144 48 144 49 137 50 153 51 139
2532 -0.26236064936756598 2.5801377751965155 3.0046995656620097 77 156 76 0.1866602578802668 44 157 45 162 46 172 47 147 48 588
2533 -0.26127261756215969 2.5795933467530618 3.0043161894736756 77 156 76 0.10628347904561454 44 158 45 163 47 148
2534 -0.3894486079978946 2.8627128281397449 2.3773015388020244 94 184 94 0.13111663327578957 44 178 45 167 46 179 47 131 48 136
2537 -0.62109770653985974 2.4660525537413953 3.6138219618966949 99 192 97 0.26322744860928526 41 197 44 206 45 206 47 211 46 221
2538 -0.72244437618379886 2.8904369804226202 2.3815488620199874 252 251 239 0.23981669436090142 44 211 45 216 47 629 48 611 51 816
2539 -0.54680392271877531 3.0110103751937043 3.1866755899784063 98 191 96 0.040170665252544112 44 225 45 229
2540 -0.51558542423008813 3.2510849376063469 3.0755523500241821 212 216 140 0.10671572622308594 44 259 45 232 46 245
2541 -0.58530478223457238 3.235393788804775 3.0489457410624858 175 202 123 0.019443796762101759 44 260 45 234
2542 -1.2431944454534802 1.9533880961184376 3.5938078607951662 166 136 101 0.096171388255562526 44 236 45 239 46 659
2543 -0.99003649756416534 2.3670648336674014 3.4486018177754749 95 186 94 1.0488028468202535 44 241 45 245 20 46
2544 -1.0320970070719091 2.4356817254225107 3.4435040293620571 92 181 92 0.040335134421156091 44 245 45 250
2545 -0.77506794381076394 2.9303550586499596 3.106578239427829 180 182 116 0.1612141816204341 44 254 45 258
2546 -1.2005384399755241 2.4086616474090845 3.4188742361859568 91 175 90 0.035028674687686938 44 265 45 274
2548 -1.0972697258610911 2.7093278793784585 3.1725467920234665 84 161 82 0.028104815670301063 43 258 45 279
2549 -1.0001718763971255 2.7908863516233438 3.1619397942818628 89 167 86 0.16121689269653441 44 271 45 282 46 285
2552 -1.3232494164048965 2.4208221082321968 3.3705682860667019 193 200 130 0.090016563639947089 44 289 45 297 46 293 47 316
2553 -1.0491289604275851 3.294395626415823 2.6667916424786009 181 155 119 0.033660528128124881 42 346 45 315
2554 -1.1613529271771486 3.1537063426152119 2.8945635322246805 205 204 135 0.049091648665121043 44 329 45 335
2555 -1.2069987283817456 3.3206027468765127 2.8083076056937997 111 144 74 0.83343163583837698 43 334 45 338 46 341
2558 -1.5152742060703224 2.7219656139667876 3.1109128460288669 150 171 106 0.43468324150612792 44 352 45 352 50 346
2559 -1.362503946892494 3.1003908973770749 2.8798179367882701 169 179 115 0.11029413981418516 44 357 45 359 46 361
2560 -1.32312468945887 3.162234036160577 2.8517291214406768 71 135 68 0.066150317869354019 44 360 45 360 46 339 48 349 47 334
2561 -1.7387827290482269 2.2820782302469098 3.5505872540609027 201 200 135 0.089842053742244146 44 338 45 368 46 373 47 398 48 409 49 359 50 408 51 430 52 397 53 361 54 351 55 295 56 311 57 269 58 267
2562 -1.6194686590933174 2.7283875558178927 3.1197120871473936 68 126 64 0.043891021801842879 44 373 45 378 46 390 47 377 48 394 49 347
2563 -1.6194686590933174 2.7283875558178927 3.1197120871473936 68 126 64 0.043891021801842879 44 374 45 379 46 389 47 378 48 395 49 346
2565 -1.6241289937284449 2.8318470940575424 3.0478220314617031 152 167 105 0.12441218047011003 44 375 45 381 47 380
2566 -1.5270858889077659 3.1279674336515355 2.8767397246689956 63 116 58 0.023808861948951321 44 380 45 390
2567 -1.8583018650499301 2.3674287694619061 3.5742695253371655 99 169 90 0.073013747390816383 44 368 45 397 46 416
2568 -1.8356754799913706 2.4204286167227935 3.4659455157840839 66 128 62 0.11386057449417462 43 341 45 399 46 418 48 447 49 382 50 414 51 435 52 400 53 366 54 610 55 301 56 315 59 235 60 216
2569 -1.8772405842330502 2.4876662264749392 3.466828119042078 190 193 128 0.084910709739286272 43 343 45 401 46 442
2570 -1.6157387076130989 3.1783654452702428 2.8748458113056814 62 110 56 0.0041979180752085383 40 387 45 420
2571 -1.8947721315149924 2.3438928428543191 3.835786238723514 248 245 231 0.23821065304301459 43 338 45 429 46 435 48 465
2572 -1.9031818787101644 2.4842280042682288 3.8008309618086997 178 151 121 0.10495487217099331 44 393 45 433 46 438
2573 -1.9031818787101644 2.4842280042682288 3.8008309618086997 178 151 121 0.10495487217099331 44 394 45 434 46 439
2574 -1.9039489531591991 2.7173892766021797 3.2619606465893614 74 146 73 0.14574733263966619 44 427 45 443 46 451 47 438 48 452 49 387 50 419
2576 -1.6292395628340322 3.4862410845373897 2.8764770393716108 202 209 135 0.065796098942142694 43 410 45 460
2577 -0.0067611830806244555 1.5344351398525926 2.8224655396868603 78 136 69 0.11693120159999519 44 477 45 492 46 495 47 30 48 511 49 435 50 36 51 496 52 457 53 410 54 390 55 25 56 47 57 31
2578 -0.023130975492628936 1.9006936040148275 2.493776107838813 61 117 58 0.075930150827419995 44 497 45 499 46 496
2579 0.021720756689201537 1.9829911378826868 2.3954998426245289 189 189 126 0.062073441808197849 44 500 45 504 49 432
2580 -0.059673430001784156 1.5984284052463553 2.9213960911701458 126 172 96 0.2378052849046525 42 25 45 507 46 503 47 509 48 803 49 747 50 744 51 781 52 716 53 695 54 842 56 764 57 552 56 602 58 531 59 490
2581 0.057597974022092047 2.3187895992561196 2.292452348539773 99 141 78 0.063901901313666909 44 514 45 514 46 513 47 505 48 520 49 434
2582 0.091869535839562866 2.3788797439018952 2.2831703312317466 79 150 76 0.25583259583330364 44 516 45 516 46 514 47 506 48 521 49 42 50 34 51 33
2583 -0.13671281788210884 1.9224633836355309 2.7029766042137426 150 162 102 0.17680722503613766 43 461 45 523 47 526
2584 -0.15101557032762314 2.0439280849539112 2.7130082031268934 63 123 61 0.043057208100425688 44 519 45 525 46 524 47 527
2585 -0.18257415928674192 2.1269842297931483 2.782929190224007 137 156 95 0.14332081810428512 44 529 45 538 46 530 47 540 48 554 49 467 50 493 51 516 55 59
2586 -0.27479797467096567 1.9704185895722692 3.0640163690530682 64 128 62 0.064398498720322148 44 538 45 543 46 534
2587 -0.20849617515954863 2.2587753534345669 2.8036611152472495 65 126 63 0.013733786816197018 44 546 45 550
2588 -0.082569197034676245 2.683240546504031 2.5984626100475516 183 192 120 0.51287600660323795 44 142 45 552 46 134 47 561 50 94
2589 -0.300071610158816 2.0260482940621323 3.1703070811239242 136 161 95 0.039904258906691151 44 540 45 554
2590 -0.32998652283122709 2.0764737689650188 3.26154229561108 73 145 70 0.19410919234760229 43 495 44 127 45 556
2591 -0.43253711597615735 2.8236768163599102 2.4137026859635657 89 176 90 0.18869254584116302 44 589 45 579 46 572 47 872 48 856 49 784 50 777 51 800 52 735 53 713 54 675 55 602 56 589 57 540 58 515 59 475 60 457 1 409 61 414 2 384 3 395 4 372 5 350 6 355
2592 -0.87879668806465916 1.7644089417220448 3.1879798634879397 146 171 102 0.041322385801060936 44 572 45 581 46 596
2593 -0.33765849639478018 2.45075004196487 3.4115424349756549 223 224 200 0.2135836925745041 44 577 45 585 49 518 51 825 52 521 52 756 53 737 54 703 55 413 56 432
2594 -0.26781610425184921 2.6985551357480779 3.0023991562536967 98 167 81 0.10657183980452067 42 555 45 591
2595 -0.94321391969853696 1.7793516375730858 3.2118641365186305 255 254 238 0.21851451525593335 44 574 45 598 46 597 47 185
2596 -0.3034795330061551 2.868421822014767 3.1393959695783638 214 227 190 0.92083662279018619 42 203 45 617 46 611 47 613 51 562 53 464 54 442
2597 -0.58557809815986772 2.2777761105981504 3.9406110110145982 72 150 68 0.33749055323419141 44 607 45 622 46 902
2598 -0.85802391601060135 2.9064544918149746 2.3277314171952113 181 153 114 0.21227028363986872 44 232 45 630 46 625 47 630
2599 -0.78670250812128417 2.5651163246759108 3.4130015081924876 186 199 123 0.029774803071187624 44 626 45 635 46 630
2600 -0.90144099253786525 2.4534521092289094 3.4739440371287165 101 186 96 0.1469257042262502 42 585 45 648
2601 -0.7264930689628708 3.1044117779332887 3.0481880765487035 92 182 92 0.23206683777507586 44 649 45 658 46 653
2602 -1.1098907380045626 2.6526891383489022 3.2128542805640277 85 166 84 0.012578401607564916 44 656 45 666
2603 -1.4931803440467801 2.4360552593145188 3.3489253954984202 77 151 76 0.071710032587311623 44 681 45 694 47 946
2605 -1.801942465014295 2.265187149685894 3.6024135034958356 68 133 64 0.13807782803928551 44 943 45 729 46 974 47 974 48 967 49 900 50 911 51 931 52 849 53 837
2607 -1.597742157788006 2.8195416036098364 3.0558596825045821 63 118 59 0.14617281779421035 41 681 45 736 42 685 46 744 47 737 43 664 48 733 49 636 50 651 40 624 39 639
2608 -1.5045701688298596 3.0090853128849675 2.9457122616549412 66 119 61 0.012605768516097817 44 730 45 740
2609 -1.5045701688298596 3.0090853128849675 2.9457122616549412 66 119 61 0.012605768516097817 44 731 45 741
2610 -1.4973616872953484 3.185359416173418 2.8457614456095932 196 195 131 0.027516829365702569 42 711 45 743
2611 -1.8508095762731747 2.3045697450075524 3.6384303547130892 88 173 89 0.14889883229363851 44 365 45 747 46 755 47 764 48 760 49 691 50 705 51 732 52 677 53 649 54 361
2612 -1.874794389938705 2.3666117129904385 3.6282539257921922 97 191 98 0.15786597467957061 44 390 45 748 46 777 47 765
2613 -1.8055374688237014 2.405136993358818 3.4601106122733003 69 132 66 0.11157017703693894 44 719 45 749 46 756 47 749 48 762 49 684 50 697 51 720 52 666 53 640 54 598 55 546 56 550 57 258 58 269 59 233 60 201 1 178 61 182
2614 -1.9817781069829112 2.8570169209743463 3.4681416069593407 159 128 93 0.17823435883760486 44 991 45 778 46 804
2615 -1.9027629594621416 2.8507061154537663 3.2083829341052374 76 147 75 0.15602785764286164 44 754 45 779 46 796 47 787 49 390 48 454 50 420 51 439
2616 -1.9080707174358909 2.9051638231322969 3.1921946910328001 166 185 116 0.17268886924704904 42 721 45 783 46 798
2617 -1.5747476075810891 3.7565078855861516 2.9337492402673568 242 215 165 0.13400598092616225 44 998 45 788 46 789
2618 -2.0171308179386651 2.9528143596889338 3.51632413216196 153 120 85 0.099153644220975543 44 774 45 790 47 790
2619 -1.9849217526536262 2.9282147674380203 3.3797903116213273 149 115 78 0.1733079515186218 44 450 45 792 46 807 47 793 48 1001 49 914 50 434 52 409
2620 -1.9735710685855476 3.1541417094445028 3.3914929909260181 158 127 92 0.082515806797098828 43 413 45 795 46 811
2621 0.23009050986152429 2.1941484637729447 2.0671192419243636 255 255 255 0.38427491423248666 40 931 43 947 45 809
2623 0.043662982787121052 2.3930697107918948 2.3257285811029638 75 146 73 0.26942149522667136 44 816 45 835 46 515 47 832 48 814 49 451 50 732
2624 -0.20549527057930356 1.940983506322965 2.8894344378289132 183 183 120 0.12807118273719872 44 821 45 845 46 855 47 840 48 824 49 753 50 766 51 793 52 729 53 707 55 384 54 418 56 403
2625 -0.17919349081478314 2.2249128846690205 2.7563101113127471 63 124 61 0.10433541134482965 42 815 45 848 46 861 48 829
2626 -0.10666339185944679 2.4343971266127582 2.5528192278236213 66 130 64 0.35569004099085261 44 828 45 852 46 864 47 849 48 833 49 761 50 762 51 778 52 464 53 690 54 401 55 361 56 38
2627 -0.16685319811620353 2.6172266046276582 2.6872312540433834 68 135 67 0.038437057129119163 44 846 45 865 46 876
2628 -0.64339890189188043 1.7455397077419548 3.2141132725597075 81 159 80 0.15715252247573697 44 839 45 870 46 883 47 865
2629 -0.28547696677322199 2.346622739964459 3.1077323312541791 159 170 103 0.25463953593651867 43 803 45 875 46 885 47 868
2630 -0.27289145642780721 2.758249339169252 3.1795016825992355 219 223 198 0.25988896860465954 44 1042 45 885 46 891 47 882 50 790
2631 -0.37934003405518973 2.9218956929221607 3.3322657417734978 100 199 99 1.8731485268665182 44 875 45 903 46 619 47 176 48 195
2632 -0.81322910906038171 2.4466139597213208 3.5529670815301486 189 200 126 0.11449040885754899 44 883 45 909
2633 -0.5177709909334387 3.1946768029301227 3.1056109516601396 102 194 99 0.17473848629578786 44 885 45 912
2634 -0.53156611690543709 3.1827827883716253 3.0850959561036699 102 194 99 0.16800057062757578 44 886 45 913 46 637
2635 -0.95445832869720659 2.6193436313509375 3.297617472918672 194 203 129 0.15437678320666595 44 893 45 919 46 910 47 901 48 889 49 817
2636 -0.68925149652657858 3.0151790712446727 3.1496642943355866 194 205 129 0.18120626095268352 44 646 45 921 46 909
2637 -1.2613467954413919 2.3040198315848843 3.5294389697055593 193 201 129 0.14519981533363988 44 898 45 924 46 918 47 914 48 902
2638 -1.2554660426587825 2.3084293942262089 3.5411391968183676 193 201 129 0.15442713913810405 44 899 45 925 46 919
2639 -1.0580093831925454 2.6456424857489962 3.2248680465086497 87 171 87 0.1226380440508742 44 903 45 926 46 914 47 908
2640 -1.2172144887739973 3.0209735805632492 2.9415574006615564 72 138 70 0.076882785467857068 44 925 45 948
2641 -1.6326336601044369 2.4405461315288881 3.3619229952757284 72 138 70 0.077718775766841983 43 875 45 956 46 963 47 961 48 946 50 886 51 908 52 825 53 818 54 787 55 700 56 704 57 667 58 615
2642 -1.3823119662786343 2.9847317014459676 2.9386054668143102 0 0 0 0.00023952524636700853 41 906 42 909
2643 -1.8306257330290883 2.2759079907093334 3.8307707927081602 101 202 102 0.16957083963020966 44 717 45 987 46 1116 47 1193
2644 -1.828003408616963 2.2816662449211877 3.6223239402977838 151 175 108 0.42388212815740706 44 944 45 988 46 975 48 968 49 901 50 924 51 943 52 856 53 845 54 812
2645 -1.8368976042153831 2.3073016355772813 3.5970393093874491 148 176 107 0.80684502956783455 44 945 45 989 48 969 52 957 53 948 55 824 56 838 57 685 58 647
2646 -1.6778381736940295 3.6446883616965491 3.0309803255808307 166 134 98 0.095782030960552933 44 1004 45 1029 46 1022
2648 0.033939256265049622 1.8796453760097123 2.4179953984705587 72 124 64 0.4008304872254857 42 975 45 1051 48 1008 51 964
2649 0.037013030126666624 1.8771545296478354 2.4163516441289086 72 124 64 0.71323111338606271 38 643 42 974 45 1052 48 1009
2650 0.0087273130288959 2.2776397522127745 2.3574544352600753 187 188 125 0.28394413000673657 44 1021 45 1063 46 1053 47 1043 48 1018 49 936 50 958 51 967 52 706 54 649 55 589 56 578 57 529
2651 -0.12829491311573013 1.9320463857612498 2.7160718659273231 170 175 113 0.10176224579211084 43 958 45 1065 46 1056
2652 -0.56017406193156793 1.9387800858243756 3.5319327944691494 255 255 243 2.20648214226427 44 1033 45 1082
2653 -1.2466005856479125 3.1140069562285109 2.8780413341840951 158 174 109 0.23202515176975974 43 1007 45 1108 46 1100 47 1085 48 1057
2654 -1.5246563504130586 3.1763054420906838 2.8447301746515472 200 198 133 0.058750374591383658 44 1085 45 1120
2656 -1.8304745553247825 2.2584055771087153 3.7169340585389339 171 199 123 0.13220753545851507 44 1070 45 1122 46 1207 47 1194 48 1157
2657 -1.8002076335692165 2.4857562607740489 3.3848200994321354 179 185 121 0.57384736543768267 41 899 45 1123 47 1191 48 1158 49 1072 50 1035 55 811 57 669 58 630 59 557
2658 -1.9093839598357121 2.3353544194247702 3.9582919636244687 163 130 94 0.9642576065111822 42 657 45 1128 48 1204 49 1174 50 1194
2659 -1.7956217006658501 2.9524178213044507 3.027271415616144 57 109 53 0.11080341171139789 42 1051 45 1134 46 1130 47 1120 49 1010
2660 -1.7988947262696584 2.9447506029482291 3.0140812061170008 57 109 53 0.46683588479204158 42 1052 45 1135 46 1131 47 1119 49 1009 50 1091 51 1113 52 1019 53 1023
2661 -1.9273460657290251 2.8954361307781746 3.2652243072167306 147 182 108 0.11098066314457855 44 1093 45 1139 46 1139
2662 -0.042214757353146226 1.4435734874076831 2.9248315234849391 253 251 236 1.6955395949330159 37 810 45 1156 50 959 55 844
2663 0.11419860481031213 2.200370089330669 2.2410458955587238 123 144 87 0.66188695104020034 44 1109 45 1158 46 1151 47 1142
2664 -0.34078009213502825 2.0572204206609026 3.4625631151932947 127 164 89 0.27765302538901254 43 967 45 1166 46 1231
2665 -0.67256336891865498 2.9429008415861739 2.3209776136954026 253 252 250 0.24659553498127271 44 1180 45 1179 46 1169 47 1154 48 1126 49 960 50 983 51 986 54 678 55 755 54 846 56 599 57 541
2666 -1.239022218622494 1.9930765155970818 3.6236652467943675 162 131 94 0.33259765035360306 44 1050 45 1186 46 1186 47 1170 48 1190 49 1111
2667 -1.2998340920904503 3.2529930396839331 2.813570855711311 76 146 74 0.51247133681971124 44 1146 45 1196 46 1198 47 1178 48 1068
2668 -1.8776024231175366 2.3821015659200029 3.6511443221726001 101 197 102 0.41856415302930194 44 1079 45 1203 49 1075 48 1163 50 1101 51 1123 52 1030 53 1034 54 915
2669 -1.6171277281362801 3.7138860815017423 2.9689584304837422 168 136 101 0.61045187965879921 44 1201 45 1212 46 1210 48 1088 49 881
2670 0.02426166081860881 1.5600936576544682 2.6969279770681545 123 144 86 0.43347115720166518 44 1160 45 1217 48 1206 49 1089 50 1113 51 1136 52 1037 53 967 54 927 55 841 56 848
2671 0.035694953116493677 2.0454283406871605 2.3599397550614847 68 122 62 0.12091284020415345 40 1081 45 1218 46 1220
2672 -1.2446330815881184 3.2563365238811062 2.8540397663834574 74 143 72 0.11907005069387473 44 1190 45 1237 46 1197 47 1177 48 1140
2673 -0.69800837716161657 2.5391223102102085 3.4832194995785244 98 193 97 0.31349416942402086 44 1218 45 1262 46 1259 47 1258 48 1228 49 1148 50 1168 51 1193 52 1103 53 1114
2674 -0.69800837716161657 2.5391223102102085 3.4832194995785244 98 193 97 0.31349416942402086 44 1219 45 1263 46 1260 47 1257 48 1227 49 1147 50 1167 51 1192 52 1102 53 1113
2675 -1.0851150846926862 3.1842733125140197 2.9006435533584618 155 181 109 1.6396087948885576 44 1231 45 1273 46 1267 47 1268 48 1238 49 1160 50 1176 51 1199 52 1109 53 1112 54 1069 58 830 1 429 61 434 2 404 3 409 4 251 5 228 6 238 8 384
2678 0.052950892042351538 1.8735144728578979 2.4112490369234121 74 124 65 0.45845596483768342 44 1239 45 1284 47 1356 48 1333 49 1247 50 1264 52 1131 53 1158 54 1099 55 1019 57 919 58 876
2679 -0.15620455555333065 2.3728994994085038 2.6729436321648428 63 124 61 0.17756010897088331 44 1265 45 1306 46 1299 47 1296 48 1270 49 1192 50 1210 51 1242 52 1142 53 1168 54 1054 55 973 56 983 57 873
2680 -0.29567071353667768 2.1742628480213946 3.1059397559366868 66 133 65 0.20392753896645063 44 1267 45 1309 46 1304 47 1305 48 1277 49 1200 50 1216 51 1250
2681 -0.13379309249623322 2.6386052000074769 2.6766289262013601 120 154 88 0.46691265685311795 44 1271 45 1313 46 1302 47 1243 48 1214 49 1134
2682 -1.2522314193119963 2.8875961897712004 3.028001968215781 72 139 70 0.87185258733369952 44 1290 45 1333 46 1331 47 1327 48 1301 49 1216 50 1230 51 1202 52 1114 53 1122 54 1071 55 991 56 994 57 936 58 886 59 813 60 792
2683 -0.073324463637521764 2.8324712548118147 2.3812055470295221 1 1 1 1.0845434954272135 46 1393 47 1396 48 1372 49 1282 50 1299 51 1322 52 1221 53 1242 54 1167 55 1088 56 1082 57 1018 58 968 59 891 60 862 1 768 61 778
2684 -0.10239841898952518 1.6602262600155486 2.867675497109639 75 148 74 0.27668489720854245 42 470 43 741 45 825 41 28 44 503 46 838 47 823 48 815 49 748 50 746 51 782
2685 -1.6274638149678082 3.3420335017513509 2.7856238770142396 159 180 113 1.6545468325956969 34 652 35 810 36 815 37 895 38 904 40 1011 45 1019 37 794 38 800 39 905 40 907 43 925 44 989 46 994 47 986 49 866
2686 0.010245184634253335 2.1593669318655166 2.3621303972441576 73 144 72 0.23972514840905815 34 340 35 345 36 570 37 649 34 546 39 741 40 730 41 781 42 785 45 832 43 755 44 809 48 801 49 732 51 765 50 731
2687 -1.3368387334280063 2.2943571912199494 3.5245126643476254 196 201 131 0.12839531076425545 44 283 45 296 46 291 47 313 49 297
2688 -1.4650626170147825 2.6168290536641865 3.1950005734198612 206 205 137 0.026633381005233006 44 316 45 325 43 303
2689 -1.6386070352609881 2.4270167905835103 3.3785346088768922 74 140 71 0.07040152240577667 44 344 45 345 48 389
2690 -1.6365991217855929 2.3860347333385525 3.4110774719550405 102 151 83 0.17146917331182221 44 699 45 716 42 643 59 414 58 454 60 389 1 154 61 158 4 119 5 98 7 78
2691 0.16297500422058403 1.5933161426735158 2.3406523977855755 240 234 220 0.33953274954667628 45 1 46 2 47 4 48 2 49 2 50 6 51 3 52 6 53 2 54 6 55 1 56 2 57 1 59 7 60 2 1 253 61 258 2 250 4 8
2692 0.15905333706412733 1.5899822239565391 2.3382616150224167 240 234 220 0.11037158534696773 45 2 46 3 47 5 48 3 49 3 50 7 51 4 52 7 53 3 55 2 56 3 57 2
2693 0.19820533864678397 1.9613541753351247 2.1341494568095833 253 247 234 0.18148474563398512 45 9 46 6 47 8 50 5 51 2 52 4 53 8
2694 0.1116295916458076 1.9130423543824469 2.319205618508442 58 108 53 0.066831747211989784 45 25 46 26 47 24 49 20
2695 0.11128758782357917 1.9128140709562262 2.3188003762090625 58 108 53 0.075534443242542784 45 26 46 27 47 25
2697 -0.12186454168677918 1.8284518077992467 2.7308592408202528 188 188 124 0.088179409861875391 45 51 46 56 47 51 48 55 49 63 50 61 51 53 52 60 53 63 55 49
2698 0.023995066469304493 2.2323125508782882 2.3296731501262937 67 127 64 0.089325953209453468 45 58 46 61 48 37
2699 0.022773532981205713 2.2783459720285029 2.3083508507698474 70 130 66 0.0064494049700570752 45 59 46 64
2700 0.027952764135156405 2.3197638119922526 2.327331680898614 70 136 68 0.088113934773855332 45 61 46 65
2701 -0.0068498393410992287 2.3547516834542379 2.3726397358937996 74 140 71 0.027923971421374247 38 63 46 67
2702 -0.146297895323766 1.7182742641518678 2.9343317361862167 72 139 69 0.17793032118461732 45 66 46 70
2703 -0.14705663961850768 1.8068211095559634 2.7995699467202986 63 121 60 0.013758518342223478 44 48 46 73
2705 -0.087716647113648072 2.1403531313640634 2.5445139322337833 65 125 63 0.094473835689749069 45 73 46 80
2706 -0.026869739591162789 2.3305315543908307 2.4060622539280603 79 136 71 0.066290947642282272 43 79 46 88
2709 -0.12949382246626182 2.2733346838912221 2.6002714569652947 65 126 63 0.10889687388711243 45 94 46 109 47 81 49 86 50 86 52 64
2710 -0.12950814221474979 2.2731769897583782 2.6003291835914468 65 126 63 0.11477601863901195 45 95 46 110 47 82 48 82 49 87 50 87 52 65
2711 -0.13699378273886828 2.2999158433966227 2.6263105804177318 183 183 120 0.10008085289015903 45 99 46 112 47 85 48 84 49 89 50 89 51 82 52 67 53 71
2712 -0.10922927717318662 2.4040767089922963 2.5336834302048756 69 134 67 0.034393658098345013 45 100 46 113
2713 -0.27468795467786983 2.0862129295521181 3.0437156810688557 68 131 65 0.1277536987405396 45 109 46 122 47 118 48 121 50 124 51 119 52 106 54 99
2714 -0.18604871312490193 2.469844508569508 2.7178408841538872 170 175 110 0.08345318267402331 45 116 46 128 47 102 50 110 51 102 52 84
2715 -0.15147973668095221 2.5196829505027378 2.6611352307943075 71 135 68 0.019649291409147146 45 117 46 130
2716 -0.3243807946918853 2.0559661597963106 3.2292125978566721 69 136 66 0.14770794173141363 45 134 46 144 47 114
2717 -0.2910339310573869 2.0902236875098001 3.1053649884223669 173 177 112 0.035016353833158799 45 136 46 147 47 121
2718 -0.28131479974729989 2.1109365670668949 3.0697165896352678 170 177 111 0.069561385006317256 45 112 46 149 48 124 49 116 50 126
2719 -0.16492820722003151 2.7347431727292482 2.7233734126893716 77 153 76 0.31541185717403547 45 149 46 161 47 128 48 131
2720 -0.15663420223734212 2.8930018525080299 2.4930292841242156 255 255 253 0.49946633012781128 43 520 46 164 47 109
2721 -0.25157578810249004 2.5194180077186314 2.9892524413719124 105 150 81 0.042819618813279101 45 160 46 171
2722 -0.41930872484139625 2.1209335451425857 3.707985718915404 115 113 66 0.10097219839382328 44 169 46 184
2723 -0.31914525857890824 2.6025864572581945 3.3267628030682643 87 93 39 0.1341202554317199 45 179 46 189 47 160
2724 -0.43773008218838971 2.2188379043572639 3.8267838593427181 225 228 198 0.11242136227041316 43 164 46 201
2725 -0.82776230009632101 2.556105800270132 3.3989813390631758 95 186 95 0.32568597646330666 43 212 46 239 47 233 44 625
2726 -0.78642240768808769 2.8276422556027598 3.1698064632934035 82 163 82 0.020143723325219333 45 653 46 242
2727 -0.51656766709809132 3.2502928565775875 3.0739712066497451 207 215 138 0.11976333394957976 45 233 46 244 47 204 49 198
2728 -0.63175110611451979 3.2390504607440178 3.0188637383852699 103 194 98 0.17716047572726035 44 261 46 246
2729 -0.8527145674088048 2.4726479303362052 3.4849876108554634 193 199 126 0.049872839215291953 45 221 46 258
2730 -0.92230214965647606 2.6254907706855724 3.2897652206519794 93 181 92 0.01318077878503358 45 253 46 264
2731 -0.81418948875335562 3.2778108205716636 2.9050875579454574 97 178 91 0.090588122210785146 45 286 46 274
2733 -1.2749535874044595 2.4607015892787278 3.3512669476094179 203 206 134 0.063490606886183881 45 299 46 299
2734 -1.2750417832270371 2.5947561570114037 3.2273205360633428 86 159 81 0.12626487187772187 43 277 44 292 46 301
2735 -1.2748862908217513 2.5939630286626749 3.2255789359652791 86 159 81 0.048606483692586244 43 278 46 302 47 298
2736 -1.0643033957623049 3.118921843228065 2.9269307692527216 84 159 80 0.099954952168181427 45 309 46 313 47 276 48 281 49 260
2738 -1.3859723612462129 2.5507308555812598 3.2513570806429795 202 202 134 0.07741772438019974 44 313 46 323 47 318 48 335 49 301 50 318 51 328 52 313
2739 -1.4486779623960868 2.5529834513062828 3.2485906573364396 202 201 134 0.070691827678687771 45 321 46 325 48 336 49 322 50 320 51 332 52 316 53 285 54 279 55 235
2740 -1.3741168747099288 2.6726449444863949 3.157685131991312 73 141 71 0.028992699366699543 45 327 46 328 47 322
2741 -1.3654018037923925 2.7161430672774229 3.1232253185684069 71 136 69 0.10247518150196068 45 328 46 329 47 323 48 340
2742 -1.3089141804133286 2.770857849633432 3.0837420301633194 76 142 73 0.050746084441435975 45 331 46 331 47 326
2743 -1.4294533047406717 2.7245660577476927 3.1067627886257232 71 134 69 0.026413732580122636 45 329 46 333 48 341
2744 -1.3574446183326774 2.8425500512946185 3.0304925476247626 71 134 68 0.10626283934718052 44 323 46 335
2747 -1.6136707833741952 2.462433743669338 3.3457640320809632 72 135 69 0.04641312154761492 45 349 46 348 44 346 47 373 48 392
2748 -1.5435865614487065 2.4566510149368965 3.3347222406570718 76 142 72 0.07358473387675582 45 346 46 349 47 344 48 360 50 342
2749 -1.5407266807752189 2.459012633387808 3.3399536741359834 76 142 72 0.039423612236696576 45 347 46 350
2750 -1.4312948773888166 2.7888760729195643 3.0660087389720676 204 203 136 0.064141477489567597 45 354 46 354 47 328
2751 -1.4399466047345362 2.9816950076553406 2.947517005440587 71 128 65 0.0016230592261939677 45 356 46 357
2753 -1.738869421079567 2.2820958697477431 3.550713603728791 204 202 136 0.083707753859254747 44 339 45 369 46 374 47 399 48 410 49 360 50 409 51 431 52 398 53 362 54 352 55 296 56 312
2754 -1.6393591316202367 2.3178457071978111 3.4856942158495299 77 145 74 0.03824153803513889 45 342 46 376 47 366
2755 -1.6393591316202367 2.3178457071978111 3.4856942158495299 77 145 74 0.03824153803513889 45 343 46 377 47 367
2756 -1.6527846080847584 2.3503396988175251 3.4468589134401166 73 140 71 0.080710907962116399 44 340 46 378 47 368 49 340 50 384 51 405
2757 -1.6771447709034306 2.3751483904378667 3.4333933288742275 71 136 69 0.068192802239963782 45 372 46 379 49 363 50 386
2759 -1.5147498555679069 3.0532885752482937 2.9129318893338896 63 117 59 0.026673327390701797 45 384 46 398 47 356
2760 -1.5121247657447563 3.2615831972666789 2.8074957900625246 66 120 61 0.076409273873487074 44 413 46 406 48 378
2761 -1.7978204525474053 2.7297409697892774 3.1653034612898217 61 114 58 0.038384896732589033 45 408 46 423 47 411 51 415
2762 -1.780673636526602 2.8148578515215394 3.1032785371321379 61 110 56 0.046866978592551088 45 412 46 424 47 414
2763 -1.9205960301038316 2.3456102767857661 3.8798218658706625 248 244 232 0.11592905823438467 45 428 46 436 47 780
2764 -1.6502226326999507 3.6366938985428381 2.9271834727759156 167 135 98 0.13082239649929361 45 787 46 467 47 451 48 438
2765 -1.9316864044830069 2.3865247956198137 3.9264043655895553 245 239 227 0.28113616044740836 44 389 45 764 46 471 48 777 49 702
2766 -1.6094842150576538 3.8379825462535369 3.0153701017674512 218 183 139 0.66509686461787076 45 789 46 478 47 777 48 439
2767 -1.9934962300366044 2.8011624085120279 3.5870464079676898 252 248 237 0.36533488186674934 45 463 46 480 47 473 48 778 49 704 50 936 51 461
2768 -1.9230367548211871 3.1568863104015037 3.236652395460947 175 143 106 0.08134430714801627 45 796 46 484 47 467 48 477
2769 0.013756490426564627 1.9960543986856201 2.3668814937457574 65 123 61 0.1644857246927211 45 505 46 498
2770 -0.087283526446135906 1.9115003070907099 2.6120854149526695 62 120 60 0.10169252639175826 43 450 46 509 50 472
2771 0.057197324463852506 2.3185876483654235 2.2915036582364054 90 138 74 0.1109306256742682 45 515 46 512 47 504 41 493 48 519 49 433 50 465 51 32
2772 -0.14530431641427832 1.7588905021708676 2.8669343573121582 62 122 60 0.0014356243781914616 45 518 46 518
2773 -0.17235355665504598 1.8708546371036974 2.8231313628222372 160 169 108 0.041718474423838157 45 522 46 522 48 550
2774 -0.20922052678712291 1.7075649962614983 3.2188035330873062 177 146 112 0.29878723605918994 45 80 46 529 49 469
2775 -0.2114318658216309 2.2077556087823034 2.851334892505287 65 127 64 0.028031718032568272 45 546 46 539
2776 -0.14655835386470842 2.5502414060102514 2.6582677808061783 70 136 68 0.12832383000011285 45 551 46 543 47 558 48 569 49 482 51 513
2777 -0.33602978897472613 1.8194964361486006 3.2889291822799378 255 254 240 0.59916749060692975 45 542 46 544 47 563 48 848 49 955 50 780 51 820 52 508
2778 -0.30020188390743557 1.9793916919099277 3.2961560538648986 147 173 100 0.27264920054269437 42 105 45 130 46 545
2780 -0.1858169826261668 2.6650433922949084 2.7460740566551589 70 140 69 0.1413817395616157 45 564 46 557 47 578 48 578 49 483 50 508 51 522
2781 -0.15989660094547073 2.7143793436481727 2.6963047284681414 79 157 78 0.2247732136100295 45 566 46 558 47 579 48 105
2782 -0.15407334693271521 2.7529118132500185 2.7071154802191093 153 177 104 0.18217069344484382 45 567 46 559 47 580
2783 -0.25943443397475452 2.5520772985373692 3.0078649735861935 157 169 100 0.14225977624654118 45 573 46 567 47 587 50 534 51 141
2784 -1.4919895779712218 1.616824583779777 1.7195540351325804 98 167 95 0.72389280828362523 45 156 47 588
2785 -0.14477697299287329 2.9534760158735693 2.8306476719011737 212 216 193 0.42274727421583796 45 577 46 571 47 593 48 579 49 491
2786 -0.4975262126324862 2.8307739286611739 2.3944395944981602 85 167 85 0.20981773125328573 45 594 46 573 47 594 48 867 49 785 50 778 51 805 52 484 54 677 55 377 56 590 57 325 58 333 59 309 60 281 1 259 61 264 2 253 3 266 4 235 5 218 6 356 7 358
2787 -0.41423545062269623 2.2546762156686322 3.2848634745112686 227 228 209 0.2825078193908 44 565 46 577 47 603
2788 -0.32895524314973834 2.718579117310973 3.2921659600875719 115 104 62 0.36559912622326102 45 614 46 608 48 621 49 526 50 552 51 171
2789 -0.5154199399723981 3.0122368631244081 3.2099419914944183 100 196 99 0.43270577319033365 45 911 46 622 47 201 48 218
2790 -0.86385670550354354 2.3902173033187042 3.5501471981686912 94 188 95 0.34762954475456259 44 623 46 644 47 655 50 576
2791 -0.91327128839579808 2.5450437958167997 3.3716531455765786 94 186 95 0.11299144297003143 44 642 46 647 47 658
2792 -0.8074651706854602 3.0870602843252266 3.0062904345762269 91 180 91 0.056123650924494901 45 659 46 655
2793 -1.1961473406546588 2.8181659935664451 3.0616928684438429 78 150 76 0.13797266636975025 45 686 46 692 47 685 48 689
2794 -1.1767091203509321 3.0105597253458876 2.9613485840427276 165 181 113 0.084127927529949242 45 688 46 694
2795 -1.1361936548131601 3.0886420879658445 2.9215395358195808 78 152 76 0.11709869476542686 45 690 46 696
2796 -1.1660278430280056 3.1017658777372592 2.9085476565673272 168 187 117 0.043823069672426565 45 706 46 697
2797 -1.1660278430280056 3.1017658777372592 2.9085476565673272 168 187 117 0.043823069672426565 45 707 46 698
2798 -1.4975006980834775 2.229133710713088 3.5144918021830009 85 164 83 0.034562231054968556 45 691 46 703
2799 -1.3805988591235905 2.3352375654755519 3.4623890912739075 83 162 83 0.10574296937765298 45 680 46 704 47 699
2800 -1.4610818863704922 2.4433448935598387 3.3425222112628403 78 150 76 0.22268645521314759 45 692 46 707 47 710 49 630
2801 -1.2781351596480186 2.9195360526893395 2.9868445307769544 185 190 124 0.02260710694248496 45 702 46 712
2802 -1.3562583768586423 2.9711970539674635 2.9524034892114517 70 132 67 0.12970246698362028 45 726 46 713 47 708 48 346 49 287 50 299
2803 -0.047145021791357988 1.6868465687791614 2.8265831748331198 0 0 0 3.2213474938175346 31 655 32 778
2804 -1.5499571313878902 2.5871215066916284 3.2220835474308993 184 190 124 0.1466421758298517 44 704 46 725 48 709 49 631 50 648 51 672
2805 -1.5497552851286598 2.587831359710655 3.2224902166705793 184 190 124 0.03048814340353314 44 705 46 726
2807 -1.6755043834724466 2.3198217546987712 3.4699967033692412 194 196 130 0.091499187932743184 45 715 46 736
2808 -1.645344761380281 2.462721933632777 3.3443958766353088 196 197 130 0.24984381667232458 44 701 46 738 47 728 52 636 57 471 58 442 60 168 1 152 61 156 2 122 3 135 4 97
2809 -1.6981771877182625 2.541007287652262 3.28794798722903 205 203 136 0.074839737216533725 45 733 46 740 47 732 48 730 49 668 50 666
2810 -1.698462314397245 2.5404804026677859 3.2870943516294808 205 203 136 0.071716759054434212 45 734 46 741 47 733 48 731 49 669
2811 -1.5712419738640375 2.9920328281936639 2.9473318650075853 125 149 90 0.22354718315137456 42 693 46 747
2812 -1.8699438457043358 2.4404867824758583 3.7131501505190005 146 203 138 0.74265465566544409 43 340 45 432 46 778 47 431 48 469 49 697 53 650 54 618
2813 -1.869918702612956 2.4368909226920867 3.5141485755847865 81 159 81 0.12870384978916372 45 400 46 779 48 763 49 685 50 709 51 735 52 667 53 641
2814 -1.9157703259405752 2.5774502836475461 3.5667654564658071 128 199 122 0.29874905327445966 45 768 46 782 47 783 48 985 49 909 50 711 51 739 52 679 53 376
2815 -1.8009371491333592 2.8935211076774694 3.0705867015004724 113 139 82 0.15928566867280222 41 707 46 785 48 752 49 674 50 688 51 694 52 642
2816 -1.6592669457322144 3.9069005744171235 3.1410612408344742 0 0 0 1.7246531419537403 31 443 32 279
2817 -1.9139107199952199 2.7796227429788192 3.2637529368435909 153 174 108 0.094455004155938577 43 391 46 795 47 785 48 773 49 690
2818 -1.6976657851402395 3.7884244215575613 3.0644722356339442 177 146 110 0.19012664850617123 45 798 46 803 47 788 48 463
2819 -1.9312447869590588 3.1129878274219318 3.2747867125328867 162 130 94 0.11492795314676446 45 1038 46 812 47 1017 48 993
2820 0.17083352812787939 1.5675090899094437 2.356842486323488 255 255 250 0.14367122923289644 43 727 44 781 46 816
2822 0.075795160198664224 1.7878213098750195 2.4228928249910568 64 121 61 0.087715879795474822 45 813 46 826 47 808 48 791 49 719 50 720 51 754 52 701 53 674 54 639
2823 -0.06521421004839012 1.7630687552698827 2.6578307986471437 62 118 59 0.046284768830427814 45 819 46 832
2824 -0.21767424190386078 2.8118876705520024 2.5254940891622106 239 239 221 0.12297130597421596 45 868 46 878 47 863 48 847 49 774 50 973 51 984 52 889 53 871
2825 -0.21767424190386078 2.8118876705520024 2.5254940891622106 239 239 221 0.12297130597421596 45 869 46 879 47 864 48 846 49 775 50 972 51 983 52 888 53 870
2826 -0.35953274347292324 2.6247979745595531 3.4234266116665175 206 212 182 0.45509691650460632 44 870 46 895 47 623 48 618 49 524 50 550
2827 -0.33853843335318157 2.6869105403971489 3.3998948346475668 212 216 188 0.36672069474962582 45 894 46 896 47 888 48 877 49 523 51 172 52 144 53 133
2828 -0.85890503936159401 2.9892314195259151 2.3648452341736226 166 138 100 0.21312548061943473 45 915 46 908 47 643
2829 -1.2728860702531846 2.3835120650577437 3.4259768547991385 86 170 86 0.23197924656837771 45 930 46 920 48 903 49 846 50 861 51 883 52 804 53 792 54 761 55 692 56 693 57 651 58 600 59 398 60 374
2830 -1.154139968233328 2.819892432278202 3.0775139387642407 203 205 135 0.055115619236016065 45 933 46 924 47 918 48 896 49 829 50 841
2831 -1.1459376203284428 3.0157185842100271 2.9520809260947107 79 153 77 0.15164909376973623 45 934 46 925 47 920 48 898
2832 -1.2831986588794462 2.8347916151828536 3.0391377223909681 74 141 72 0.14175927987427414 44 924 46 936 48 908 49 598 50 854
2833 -1.2342030558140435 3.1941376213907522 2.8598002045139359 183 191 123 0.19950202334771944 45 951 46 938 47 922 48 909 49 838 50 844 51 867 52 778 53 758 54 712 55 432
2834 -1.24711777235363 3.3009825550718106 2.8201166935202844 174 195 119 0.3516865807622549 45 1110 46 939 47 935 48 910 49 840 50 604 52 243 53 219 57 103
2835 -1.4985974622419784 2.4952923266096301 3.2964659693926746 74 143 72 0.26841568552269157 45 944 46 947 47 948 48 934 49 860 50 875 51 896 52 813 53 806 54 764 60 519 1 470 61 475 3 448 4 303 7 269 8 288 9 279 11 62 12 61
2836 -1.3838839676791823 2.9861392966310736 2.9400194890254436 69 129 66 0.081869569847006066 45 963 46 953 47 932 48 920
2838 -1.805311121818683 2.5497526364538294 3.3249438040097496 175 182 119 0.15407222612918473 44 965 46 981 47 978 50 903 51 921 52 838 54 791 55 714
2841 -1.6816778544403586 3.7795864110368305 3.0995470110263632 253 249 239 0.24959014814752978 45 797 46 1026
2843 -0.073902201651079191 1.6252971419371149 2.8880138601264345 180 187 121 0.10736896641188502 45 1060 46 1047 47 1038 48 1016 49 937 50 961 51 975
2845 -0.13931840617386948 2.1968581087574912 2.6507020654069513 171 175 113 0.19311597063959837 45 1068 46 1059 47 1051 48 1026 49 941 50 966 51 977 54 659
2846 -1.1306613338099243 2.97241620788698 2.9830448665467033 200 204 133 0.18856205854123964 45 1100 46 1094 47 1083
2847 -1.4311655089829263 2.1066610928929683 3.9327744610518374 0 0 0 0.073615811430580186 45 938 46 1095
2848 -1.6875262672551126 2.3382585195385142 3.4763702934031011 193 196 130 0.27293105509321497 45 1111 46 1103 47 1092 48 1081 49 1006 51 1045 52 946 54 908 55 818 56 829 57 769 58 740 59 673 60 652
2849 -1.6892770263944239 2.3354682598519023 3.4736138096474267 193 196 130 0.12064158446520365 45 1112 46 1104 47 1091 48 1082
2851 0.0023893178336000798 1.6177694759107977 2.6827832046253763 131 156 93 0.82861815933764615 45 1155 46 1149 47 1144 48 1175 50 1050 52 975 53 971
2852 -0.64687185961120475 2.8927519488910503 2.3535705679329562 164 177 114 1.3248066100657176 45 1178 46 1165 47 1153 49 959 50 982 51 985 54 935 56 600 59 310
2854 -1.4358927882523216 3.2099885135070823 2.8255434942827615 184 188 124 0.37970751635365169 45 1201 46 1203 47 1183 49 987 48 1146 50 1006
2855 -1.353735330842017 3.2329174454157452 3.7433026814720765 188 189 126 0.23650764377491776 46 1205 55 893
2856 -1.9035048449441034 2.4109172894015898 3.8883634985255218 182 152 115 0.54685717192357874 45 1205 46 1209 47 1197 48 1161
2857 -1.9526666316559733 2.9432625755593578 3.3179760380081103 118 120 85 0.24460888241097509 44 1156 46 1211 47 1199 48 1165 49 1077 50 1103 51 1120
2858 -1.9533694123825835 2.9415723459322196 3.3164834550611255 118 120 85 0.23237321484678822 43 1027 46 1212 47 1200 48 1166 49 1078 50 1104 51 1121
2859 -0.082752473345538702 1.9778876131006538 2.5964451841897613 127 149 90 0.19868049089278422 43 1042 46 1223 47 1211 48 1115 51 1076
2860 -0.082797996544323682 1.9781045604769365 2.5966650121219645 127 149 90 0.21322300167481334 43 1097 46 1224 47 1210 48 1116 51 1077
2861 -0.26501017262017412 2.1094658672766258 3.0140998203484739 68 134 66 0.19431585447523073 45 1222 46 1229 47 1214
2862 -1.4777411925278705 2.5950706277357414 3.2702384052407973 74 141 72 0.13816567914558744 45 1236 46 1239 47 1226
2863 -2.0336224334692683 3.015535495771049 3.5218453367293829 159 128 93 0.90923609441090114 45 1246 46 1247 47 1237 49 1125 49 1175 52 958
2864 -1.9239127655259074 3.1709940359274911 3.2793960883541735 183 152 114 0.20118640489693962 45 1248 46 1249 47 1236 48 1167 49 1079 50 1100
2865 -0.94099710863963582 2.7789204929428348 3.1538205989553139 157 192 114 0.70933628455664555 45 1266 46 1264 47 1263 48 1292 49 1210 50 1223 51 1195 52 1107
2866 -1.8817665942746684 2.4344919159224703 3.5925569683343626 93 179 92 0.69611886810656742 44 1196 46 1273 47 1276 48 1251 49 1171 50 1192 51 1220 52 1075 53 1035 54 989 55 825
2867 -1.8837517707509481 2.9720588152822658 3.130002658229694 83 163 83 0.62312347196156526 45 1280 46 1275 47 1278 48 1250 49 1124
2868 -0.13960609714843028 1.8924139965317894 2.773555417195579 63 122 61 0.57408373450489802 45 1295 46 1288 47 1289 48 1263 49 1185 50 1205 51 1238 52 1139 53 1165 54 1106 55 972 56 982 58 825 59 756 60 682
2869 -1.1603816073853765 2.9255797427691546 2.987980221260965 149 179 108 0.87668831003857373 45 1272 46 1323 47 1326 48 1236 49 1159 50 1132 51 1153 52 1055 53 1070 54 1024 55 939 56 958 57 894 58 837 59 706 60 697
2870 -1.97352614812017 2.6294014526607015 3.9843724086965415 1 1 1 2.3240444171874213 45 1376 46 1373 48 1364 46 1383 49 1286 50 1300 51 1323 52 1223
2871 -1.6773874772178563 3.7764863431700526 3.359017223800846 1 1 1 1.0904725877580312 45 1378 46 1374 47 1352 49 1243 48 1328
2872 -1.6760236002827165 3.7824064126824566 3.366687839308653 1 1 1 1.1730537034131403 45 1377 46 1375 47 1353 48 1354 49 1244 48 1329
2873 -0.27924203100402273 2.5604708067072637 2.8520712502675796 69 139 69 0.86365944342683132 45 1383 46 1380 47 1384 48 1357 49 1271 50 1287 51 1309 52 1212 53 1232 54 1159 55 1066
2874 -1.284404179360233 2.0844771379481553 3.6815800843110202 255 255 255 0.24358278275394099 45 1399 46 1394 47 1400
2875 -1.0513245841269234 3.3260902351648918 2.7233056915084255 255 255 247 0.84757090077055086 45 1400 46 1395 47 1399 49 1276
2876 -1.8275864212219572 3.3317900619559437 3.2679405233502696 255 255 247 1.2558601606043462 45 1401 46 1396 47 1390 48 1363 50 1284 51 1288 50 1292
2877 -1.4006443161395565 2.5135645095809047 3.2808120689813896 84 167 84 1.2121347377174503 37 938 38 1018 39 1131 40 1102 41 1149 42 1141 43 1117 44 1187 45 1234 46 1268 44 1229 45 1274 48 1240 49 1116 49 1163 50 1182 53 1137
2878 -1.742513221695466 3.1770960028802131 2.9489260534824306 196 198 132 0.26811967563974715 37 325 38 338 39 687 40 678 41 732 46 461 43 396 45 454
2879 -1.1863212028432657 2.7577740380021121 3.1110592878235508 81 155 79 0.12867775278649429 36 472 37 528 38 531 40 591 46 691 42 634 43 601 44 668 47 684
2880 -1.6442383956340116 3.0444853960254501 2.9403928228060972 196 198 132 0.15462469015075866 32 160 33 214 34 232 35 234 46 770 37 590 40 661 41 712 44 749 45 758 49 655 51 367 52 329 53 265 54 255
2881 -1.6444554177631179 3.0449353116339077 2.9404396797595229 196 198 132 0.11707658198273301 32 161 33 213 34 233 35 235 46 771 37 591 40 662 41 713 49 656 51 368 52 330 53 266 54 256
2882 0.047869223261471527 1.7962531249298321 2.4487763627242582 191 193 127 0.19650174064024611 36 733 37 816 38 819 39 921 40 924 41 969 42 972 43 945 46 1040 44 1010 45 1049 48 1113 50 949 51 963 52 869 53 855 54 828 55 743 56 750 57 703
2883 -1.4062035067389707 2.5138934324201165 3.2778390239008139 84 167 84 1.0232072691111798 37 937 38 1017 39 1132 40 1103 41 1150 42 1142 43 1118 44 1188 45 1235 46 1269 44 1230 45 1275 48 1239 49 1115 49 1162 50 1137 50 1181 51 1161 52 1065 53 1081 53 1136 54 1035 55 953 55 1005 56 969 57 906 58 855 59 782 60 762 1 674 61 683 2 654 3 643
2884 -1.6107861166041264 2.7801508321027413 3.0758921878475509 161 171 110 0.081691984192759345 45 380 46 391 47 379
2885 0.25723062771824418 1.6943818824354933 2.1817216965927844 184 155 118 0.23964452036492945 46 1 47 1 49 412
2886 0.064827740756520869 1.6345768130267115 2.5762020187429218 167 177 112 0.16548451227594982 44 14 47 10 56 16
2887 0.026230287699732513 1.6454021319772638 2.6279528882602365 66 128 63 0.022050226062583375 46 9 47 11 51 20
2888 0.031981380606470045 1.7287007530503407 2.510026179419834 65 122 61 0.05089703581052351 43 19 46 15 47 13
2889 0.033418265457002549 1.7298810613404139 2.5119405430771269 65 122 61 0.11242901086882261 46 16 47 14 49 34
2890 -0.046399211741342761 1.5825389677289639 2.8617076497987912 78 143 72 0.086699805465160817 46 32 47 43 48 38 49 44 50 48 51 43 53 414 54 391 55 366 56 383 57 335 58 338 59 323
2891 -0.063081782391510133 1.69486024577742 2.7251907048423858 183 184 122 0.007734801279180633 46 33 47 45
2892 -0.029804277735582529 2.2055779039328782 2.4066113766755151 72 132 67 0.036274481901088153 46 62 47 53
2893 -0.14952481908413523 2.0142490153146975 2.7203020324196769 68 129 65 0.0042835013656613852 45 71 47 68
2894 -0.11500679026625213 2.2564697389022901 2.5826472288462736 182 184 120 0.090947678263257017 46 85 47 72 48 63 50 68 51 63 49 69 52 50 53 48
2895 -0.15662469125797077 2.2579556056633501 2.6954610347908408 186 186 121 0.035440315260687721 45 96 46 106 47 86
2896 -0.26924505869007592 1.9814121294942324 3.0395702216530394 66 127 63 0.055110806027065376 46 120 47 94
2897 -0.29666773522122625 2.2633306475713648 3.1431453810858376 165 173 106 0.18570676300334599 46 153 47 138 48 141 49 135 50 151 51 138
2898 -0.27059684155633562 2.5702516940602953 2.962445421513352 152 166 99 0.026840975958125464 46 173 47 146
2899 -0.86904305411353078 1.7149611605592592 3.2048791646879731 70 131 67 0.10471537656306039 46 183 47 167 48 179 49 184 50 205 51 203 52 173
2900 -0.31820889013277642 2.910192563261675 3.3962620425669536 189 199 128 0.21426657087918657 46 213 47 174 48 193 49 175 50 193
2901 -0.31820889013277642 2.910192563261675 3.3962620425669536 189 199 128 0.21426657087918657 46 212 47 175 48 194 49 174 50 192
2902 -0.23793257118980868 3.1901914516077223 3.0496466337059962 143 129 84 0.13431469533999668 46 214 47 178 49 158 50 173
2903 -0.23793257118980868 3.1901914516077223 3.0496466337059962 143 129 84 0.13431469533999668 46 215 47 179 49 157 50 172
2904 -0.3806780187557135 2.6143512999577267 3.6082328505066918 191 198 128 0.10738256820022715 46 203 47 192 48 631 49 534
2905 -0.40580366312217037 3.0896004397733559 3.214227610542336 101 199 100 0.17508803520191116 45 213 47 199 48 216
2906 -0.36968004583647218 3.3103734817216695 3.1171962059655769 72 149 69 0.13145216824845771 46 232 47 203 48 219 49 181
2908 -0.94356587130175162 2.2860744634521128 3.6514458447126308 99 183 93 0.01416011297079978 46 252 47 229
2909 -0.88972751245436466 2.4574355228638618 3.4863549737926935 94 183 93 0.12042126350458075 46 256 47 232 48 252
2911 -0.94777430394731543 3.238269485335401 2.5939803464101066 186 156 120 0.03743306997501758 46 276 47 251 48 243 49 222
2912 -1.2061683344762815 1.9421225287950241 3.5583962904753026 186 156 119 0.18555408669494361 45 238 47 255 48 664 49 588 50 606 51 650 52 589 53 568 54 568 55 521 56 520 57 466 58 225 59 424 60 400 1 366 61 371 2 346
2913 -0.97409540649297632 2.5754062313465931 3.4211607462320273 193 200 128 2.020670841268696 46 262 47 263 15 63
2914 -1.0198633214883259 2.5687778824981859 3.3129297521093903 203 203 132 0.17091645510559184 46 281 47 265 48 272 53 537
2915 -1.0737935665566098 2.9999025883668251 3.0078113340111798 86 163 83 0.053530463442405245 46 305 47 273
2916 -1.2612718568439543 2.1836604708117133 3.6672803940281353 109 156 85 0.29075002908429037 46 680 47 279
2917 -1.1729164843065336 2.2544156362779435 3.6096317119825208 163 187 113 0.12977733562702135 45 271 47 281 48 289 49 268
2918 5.3322567895868636 9.1339947842412634 15.304792490175641 139 182 104 0.77851594313136752 44 673 47 285
2919 -1.1977688744105475 2.4856291116961153 3.3463454864267606 197 202 132 0.070452354427565089 46 296 47 292
2920 -1.156159907352228 2.7688898603653009 3.1086733670050424 81 157 80 0.044202431678570346 45 303 47 299 48 275
2921 -1.1783615112990629 2.8926054882602559 3.0233677752477686 205 206 136 0.069113325030660755 46 303 47 302 48 310 49 255 50 273 51 285 52 235 53 215
2922 -1.1781619349574055 2.8928642402316012 3.0236289051561243 205 206 136 0.075022015352431692 46 304 47 303 48 311 49 256 50 274 51 284 52 234
2923 -1.2127652379071219 2.9707327378784303 2.9662498954897449 193 199 130 0.10541619990017352 46 309 47 305 48 313 49 257 50 275
2924 -1.2127652379071219 2.9707327378784303 2.9662498954897449 193 199 130 0.10541619990017352 46 308 47 306 48 314 49 258 50 276
2925 -1.1790161665897305 3.1606918549970175 2.8746641133602271 77 149 75 0.064422557676497794 46 316 47 309 48 320 49 262
2926 -1.3071537858916287 2.2086919199985706 3.6472618289343512 174 185 110 0.032561939065675269 45 292 47 312
2927 -1.3081013140151516 2.7718784041329219 3.0855760952178031 77 142 73 0.070668008493748144 46 332 47 325 48 308
2928 -1.3126974367500488 3.2925442879973033 2.8047789453456788 210 210 139 0.10018502226928973 46 365 47 335 48 350 49 288
2930 -1.5266976758161648 2.2164613671197371 3.6089593743699302 190 194 126 0.064211627331935639 46 343 47 340 48 357 49 335 50 360
2931 -1.4595871112204282 2.5831093360523245 3.2190005867371383 209 206 139 0.010128743484550002 46 327 47 346
2932 -1.4673627483101221 2.6132776360626351 3.1908630697086009 208 205 138 0.056848288602097216 46 352 47 347 48 363 49 325
2933 -1.4408703267360532 2.9801269538314736 2.9454518167405057 71 128 65 0.031106679094059494 46 356 47 349
2934 -1.5062696654853678 3.0067737019910279 2.9395061223403252 68 122 62 0.064630799886292611 46 359 47 351 48 369
2936 -1.6018602150685664 2.4671595796300085 3.3278359902850472 196 197 131 0.016750092173757211 46 351 47 372 49 344
2938 -1.7586931410148865 2.3408480002665155 3.4969715174363234 205 202 136 0.16643836510215737 46 417 47 401 48 412 49 362 50 411 51 433 53 364 54 342 55 298 44 366 56 313 57 256 58 266 59 231 60 213 1 179 61 183 2 175
2939 -1.7366565508435288 2.490613876041619 3.3465202093759183 205 202 136 0.041448886836898395 46 420 47 404 48 420
2940 -1.7759760705245204 2.6694443578732514 3.2045284632836943 199 197 133 0.093325852009865123 45 405 46 421 47 409 48 425 49 371 50 395 51 413 52 369 44 397
2941 -1.7973849642090516 2.7304515119250481 3.1658060455311734 60 110 56 0.05859306895174695 45 407 47 410 50 396 49 372 51 414 53 332
2942 -1.7404109204266942 3.1792971070041385 2.951022714162236 202 203 136 0.10746169059456244 46 462 47 420 48 434
2943 -1.864009085483527 2.3060264297624311 3.7857435374720643 100 192 99 0.20542320494287025 46 433 47 427 48 769 49 692 50 706 51 460
2944 -1.9098922724476015 2.5659945059173896 3.4426562917572125 85 164 84 0.15522659654267759 46 446 47 433 50 428 51 737 52 404 52 670
2945 -1.9098922724476015 2.5659945059173896 3.4426562917572125 85 164 84 0.15522659654267759 46 445 47 434 50 429 51 738 52 405 52 671
2946 -1.8990146233026326 2.6260125482126022 3.3432398057662298 78 144 73 0.082365143516435146 46 449 47 435 48 450
2947 -1.8720208266481848 2.9062900002971088 3.114578619551311 77 146 74 0.11534207470873659 46 458 47 443 48 457 49 391
2948 -1.9284263334207608 2.4695541336345346 3.5538717996640501 159 200 147 0.51015742025975175 45 436 47 459
2949 -1.9357404567210139 2.7211760897961219 3.3587863188698219 194 197 130 0.11610013167576665 46 473 47 463 48 472 49 402
2950 -1.9357404567210139 2.7211760897961219 3.3587863188698219 194 197 130 0.11610013167576665 46 472 47 464 48 473 49 403
2951 -1.8483443876432286 3.4137680774720658 3.2053433615462184 202 170 129 0.13656653615483352 44 467 47 468 48 479
2952 -2.0001201404996967 2.8908700410412216 3.50967242820475 227 216 200 0.070590594309280927 46 481 47 474 48 485
2954 0.088135322431131813 1.9246036859019862 2.3337810845908686 194 192 129 0.086804918284804675 38 374 47 492 48 507
2955 -0.11700830496492193 1.4928569713151867 3.0218710334243473 1 1 1 0.54752418838677896 39 721 47 508
2956 -0.075937014468146602 1.6452322120348513 2.7939438488496524 87 128 69 0.04822775640023369 46 505 47 511 48 525
2957 -0.079515757654777697 2.1809959443918991 2.517862945434338 156 168 106 0.10359502963432712 44 522 47 530
2958 -0.00031430614609745389 2.6774612061086693 2.4662193522737246 244 245 228 0.35227336433962997 46 866 47 544 48 547 49 459 50 483 51 503 52 466 53 49 54 38 55 23 56 24 57 18 58 29 60 11
2959 -0.26145417670435461 1.9194031046214772 3.116758728559796 89 135 72 0.00032761615835686048 46 117 47 548
2960 -0.21754038422457905 2.3763483354824722 2.8561437315279536 68 134 66 0.11415289140217849 45 559 46 542 47 557 48 564 49 478 50 503 51 534 52 489
2961 -0.30947344826405393 2.0420938277051501 3.2106553001284128 66 131 64 0.066022262071535734 46 546 47 566 48 573
2962 -0.2869740738805498 2.2329858447797166 3.1083593331693558 70 139 69 0.036848292104123319 46 549 47 569
2963 -0.23951401170876796 2.5086901613832393 2.8888193888190128 69 137 68 0.1168161634810332 45 561 47 574
2964 -0.52550683919737762 2.8328974307145627 2.3839857127980957 81 160 81 0.20902724976977122 46 195 47 595 49 492 50 528 51 542 52 485 53 432 54 413 55 378 56 382 57 30 60 282 2 13 3 267 5 212 7 215
2965 -0.56572023881214206 2.8377501839153672 2.3746556313091061 79 155 79 0.16509736878707143 45 596 47 597 48 151 49 505 50 136 51 544 52 99 53 92 54 80 55 63 59 27 60 20 1 12 61 13 2 15 4 11
2966 -0.54897827848455893 2.889256382587349 2.3301326021543445 83 159 81 0.32629998915220404 45 890 47 598 48 595 49 129 46 590 50 138
2967 -0.34790235129136637 2.6832434252687647 3.5920628850265657 91 180 90 0.38019589474757892 46 605 47 621 48 209
2968 -0.26151083100945322 3.2990100117479768 3.1143711430159238 223 228 201 0.14624863313012909 46 624 47 628 48 625 49 529 50 174 51 564 52 134 53 129
2969 -1.065054761545835 1.690915596930852 3.2186991208701876 171 140 105 0.14746323955918031 46 613 47 632 48 635 49 809
2970 -0.52208385667343948 3.194301441909988 3.1009831246857074 102 200 101 0.21524862728481117 46 636 47 640 48 634 50 213 49 537 51 179 52 152
2971 -0.8812240210618203 2.9300682412127053 2.3580294425802499 164 141 101 0.11288725589284306 46 626 47 642 48 629 49 530 50 543
2972 -0.94342727781484514 2.3829496564899424 3.5149295077734894 92 183 92 0.1207027810847455 46 645 47 656
2973 -1.0693207173888255 2.4805995044015847 3.3849711870644663 90 176 90 0.1912751515323213 45 662 47 670 48 671 49 573 51 626 52 568 50 596
2975 -1.2399442152950713 2.557175489505823 3.2835043667265547 83 161 82 0.10080909818373079 46 686 47 680 48 906
2976 -1.2110397104106529 3.024281163962268 2.9460197691525258 74 144 72 0.12714458386097971 46 695 47 687
2977 -1.2386767967029622 3.0232639368163023 2.934901510269238 74 142 72 0.079135677880379909 46 714 47 688 49 602
2978 -1.2046860385132787 3.0887336803652219 2.9022436128951017 75 145 73 0.074040157888073957 46 699 47 690 48 690 49 582 51 630
2979 -1.4146757756088872 2.34081438536235 3.4561607582729659 81 158 80 0.09627666472690094 46 705 47 701 48 694
2980 -1.3262088255401216 2.8407367956312535 3.037773606397109 202 202 134 0.10033024749153699 46 711 47 707 48 701 49 599
2981 -1.2678121220001832 3.0895377830629638 2.8950765679773851 74 140 71 0.0076672207374475802 46 717 47 709
2982 -1.5515853296264663 2.6864737158185847 3.1426936586972376 66 125 63 0.064451527797871125 46 728 47 714 48 713 49 633 50 649
2984 -1.63915057522945 2.3850007063740617 3.4101827390094535 95 140 77 0.040624833079439919 46 737 47 727 48 727
2985 -1.6362306274403349 2.5243020128455518 3.290409908269996 208 205 138 0.066339734409907952 46 739 47 730 48 728 49 650 50 665 51 689 52 637 53 592 54 573
2987 -1.4978689871050617 3.4072300077695075 2.757769190588709 72 136 69 0.25830542292108893 44 976 47 744 48 722 49 623 51 646 52 271 54 194
2988 -1.7548291572066654 2.4868472634667618 3.355481958871481 187 191 126 0.15232162168507185 46 757 47 750 45 730 44 721 43 663 48 743 49 666 55 537 56 536
2990 -1.8926399269527918 2.5473850725037415 3.4155076792321681 192 193 128 0.11002921433020198 46 781 47 770 48 764 49 688 50 701 51 723
2991 -1.5914914087729557 3.8331116428893814 3.3211286942160152 0 0 0 0.010063594260598866 46 476 47 776
2992 -2.0151349251567652 2.9554097598491218 3.5215085127228298 157 125 90 0.24959783607016925 45 791 46 806 47 791 49 409
2993 -3.3516786040125472 0.60945166273953311 0.085960537498995709 254 251 241 0.29351674030192182 46 814 47 799
2994 -0.081084741056624887 1.7001481335861524 2.7496184793085989 62 119 59 0.085629093820530661 46 839 47 824 48 804 49 734
2995 -0.04441211893926128 2.1327785998532049 2.4558842901629796 194 193 128 0.078179696869629528 45 830 47 828 48 811 49 740 50 737 51 769 53 680 52 711 54 648 55 352
2996 -0.21922034673983956 1.9721183269165796 2.9219997190214992 65 128 64 0.25665858893195354 46 857 47 842 48 836 49 764 50 768 51 796 53 715 55 614 57 347
2997 -0.15305706356786028 2.1767227405832896 2.6991990202293166 67 131 65 0.2611121766577022 45 847 47 844 48 828 49 757 50 759 51 790 52 723 53 699 54 660 55 371
2999 -0.18846684077306811 2.9537970337751314 2.8715512428398489 225 228 207 0.32980935185600413 46 888 47 871 48 594
3000 -0.28454153382023162 3.3356280816727608 3.1445433621363987 171 148 107 0.22171192452422428 46 905 47 894 48 879 49 802 50 553 51 565 52 519 53 466 54 117 55 97 57 61
3001 -1.3432098839909961 2.3862358773831889 3.4114869242231149 81 160 81 0.075537207962314876 46 921 47 927 48 915 49 848 50 862 51 885
3002 -1.3429057740190526 3.1584214362425329 2.855094392519554 74 140 71 0.2036081713374496 46 955 47 934 48 923 49 839 50 857 51 870 52 573 53 520 54 497 55 436 56 454 57 106 58 100
3003 -0.94718952826647707 2.9092461884176659 3.0723925406693096 0 0 0 0.025259808254351809 39 823 40 831
3004 -1.548708076257491 2.2594642169050854 3.5428492509837257 80 156 79 0.16351440612492471 46 943 47 944 48 943 50 885 51 907 52 824 53 816 54 785 55 708 56 710 57 675 59 567 4 439 6 406
3005 -1.6498009354360172 2.3398078950513495 3.4655501181859223 70 134 68 0.091372457181566072 46 961 47 959 48 945 49 870 50 898 51 916 52 832 53 827 54 788 55 709 56 711 57 677 58 627 59 568 60 543
3007 -1.659155738866529 2.6566555311035609 3.1805623793448521 63 119 60 0.10380039233175836 46 966 47 965 48 949 49 872 50 888 51 910 52 816 53 809 54 775
3008 -1.8197251239434258 2.6995559478016191 3.1962088305837097 187 188 125 0.04385621052249615 44 966 47 991
3009 -1.8838409724262815 2.9835054596270258 3.1580452528466099 88 172 88 0.043712660086862289 46 1019 47 1015 48 978
3010 -2.034698006660332 2.8452148938438619 3.6043499610012644 254 250 240 0.39438933475064486 43 928 47 1020
3011 -1.9597804812658104 3.23722407669838 3.3382589270500276 255 255 248 0.884326741070803 46 1142 47 1024 48 1002 48 1104 50 929 51 728
3012 0.17113035293932083 1.8908896099297423 2.2869036938398204 57 107 53 0.32934100728735982 45 1154 47 1032 55 579 56 353 57 297 58 8
3015 -0.26300282389480606 1.9174986363178568 3.3169491369054969 100 160 80 0.21973553784681962 46 1066 47 1059 48 1120 49 1044 50 1063 51 987 52 898 53 881 54 854
3016 -0.49733886987187947 1.8048968718551899 3.2717473234960108 146 194 106 0.57074021262400376 46 1065 47 1063 48 857
3017 -1.3903969016148097 2.6256732287866908 3.1898873996029318 192 198 129 0.29711209895974466 46 1096 47 1086 48 1061 49 982 50 1011 52 930 53 913 55 790 56 804 57 742 58 713 59 637 60 633
3018 -1.3575393723044502 2.7701685849292073 3.0931657453020525 195 197 130 0.086028003558357422 46 1098 47 1088 48 1063 49 986 50 1005
3019 -1.685503529704937 2.6090937930026357 3.2451879670718684 65 122 61 0.022287805471824455 46 1109 47 1096
3020 -1.5949232769247705 2.8692955288777404 3.0258962529851838 208 204 137 0.11634205681856354 33 595 47 1098 48 1078 49 993 50 878 51 1033
3021 -1.5753635653181752 3.1130839363919272 2.8903417302190211 67 119 60 0.23484257209966461 44 1084 47 1101 48 1080 53 788 54 743
3022 -1.5219272931796022 3.1781846644185547 2.8483199218253201 202 200 135 0.18464874431259956 46 1115 47 1103 48 1075
3024 -1.9016876646069185 2.6021695529937716 3.3229660430463381 74 146 73 0.30038147506442531 46 1124 47 1112 48 975 46 1002 49 905 50 916
3025 -1.8756220093095137 2.2881482271664755 4.02939367787042 186 156 119 0.19803594093291202 46 996 47 1123 48 1094
3028 -1.9751081995448607 2.8106709248993305 4.4335353123804424 252 249 237 3.0485198026348828 43 1026 47 1132
3029 0.15392795265204501 2.3460038115064821 2.2082670306764944 104 138 76 0.63310876703455299 43 1045 48 1012
3031 -0.20361706656626921 1.7310999604748358 3.211234138942586 168 141 103 0.098845199085300095 46 1155 47 1148 48 1118 49 1037
3032 -0.2142085906730736 2.1597715178788759 2.8476734721283488 138 158 95 0.54648126575981948 46 1159 47 1150 51 981 52 892 54 681 52 730
3035 -1.3214358099738004 2.0319293093461086 3.6826042335968356 182 152 115 0.1424316796273685 46 1189 47 1171 48 1193 49 1114
3037 -1.5239212545977781 2.7599432768886385 3.0644127026570116 149 168 104 0.005427764238174153 46 1201 47 1182
3038 -1.6684256802540156 2.459583459365041 3.3562449980807663 196 197 131 0.14718430969526689 45 1199 47 1186 48 1150 49 1066 50 1090 51 1111 53 1028 55 900
3041 0.16247857411568106 1.9869635728088948 2.2572330897650303 60 116 57 0.5004251356640258 46 1218 47 1207 49 1084 50 1110 51 1133 52 1036 53 1042 54 995 55 915 56 842
3042 -0.15068401837916401 1.8450746167886922 2.7735038310621882 64 122 61 0.2137299197089344 46 1226 47 1213 49 1091 51 1139
3043 -0.24835760743910268 2.4979665406821643 2.926362152483426 145 163 98 0.23959911413644938 46 1230 47 1216 48 1180 49 1041 50 1062 51 1083 52 986 53 981
3044 -0.40819772428884382 2.4496835623845215 3.5040252594020438 1 1 1 0.80489977152849301 45 1227 47 1221 49 965 45 1173
3045 0.029820896798242902 1.6113315899471468 2.6313206905624038 76 133 68 0.5315899082829062 46 1250 47 1239 48 1207 49 1127 50 1148 51 1173 52 1081 53 1094 54 1052 55 969 56 978 59 751 58 817 60 735 1 595 61 604
3046 -0.25275793284872949 3.0532165383767955 3.3599643312438952 164 195 117 1.0428510637383857 42 1134 47 1254 48 1223 49 1098 48 1186 50 1123 51 998 50 1069
3047 -0.62294409798517225 2.9517145883861273 2.4916511409412436 189 188 158 0.4339505761679785 46 1257 47 1255 48 1283
3048 -0.83988144788787511 3.102364898743132 3.0497709287595907 118 159 89 1.5832755999209487 47 1264 48 1233 49 1150
3049 -1.646277073671957 2.1771061298955519 3.6352680480398747 158 184 112 0.17549782074233464 46 1270 47 1273 48 1245
3050 -1.8427010081926238 2.6076873736027477 3.2930263250658669 64 121 61 0.52905102878124954 42 1197 47 1277 48 1249 50 1190 51 1219 52 1126 53 1149 54 1093 55 1014 56 1011
3051 -0.24360278454994494 3.2754608529958529 3.1398396225180152 227 234 208 0.47894260738726252 46 1312 47 1313 48 1339 49 1254 50 1269 51 1294 52 1193 53 1218 54 1149 55 1067
3052 -1.0996357483538295 2.5290404954405785 3.3434617277905012 88 173 88 0.66012521350019626 46 1316 47 1318 48 1294 49 1212 50 1225 51 1258 52 1158 53 1188 54 1122 55 1037 56 1037 57 974 58 928 59 856
3053 -1.1017759780252403 2.6826394993083191 3.1922551101335235 92 169 87 0.28486403761538165 46 1319 47 1320 48 1296 49 1214 50 1227 51 1259 52 1159
3054 -1.4114388454608002 2.356125533475014 3.4253093764075904 101 162 87 0.57656343642255192 46 1327 47 1331 48 1307 49 1227 50 1247 51 1274 52 1174 53 1203 54 1134 55 1047 56 1047 58 899 59 829 60 810 1 714 61 724 2 695
3055 -1.3238260059225955 2.5204030340178893 3.3018015721341691 79 153 78 0.65843014386013188 46 1329 47 1333 48 1309 49 1221 50 1234 51 1264 52 1169 53 1197 54 1125 56 1040 57 976 58 929 59 857 60 839 1 707 61 717 2 687 3 687
3056 -1.6148172336587614 2.234141539771759 3.5739259328935034 78 153 77 0.1849815788998514 46 1336 47 1342 48 1320 49 1236
3058 -0.15033552131983682 2.8832452440261824 2.8700733800378235 148 171 101 0.88848214996934038 46 1353 47 1358 48 1336 49 1251 50 1268 51 1247 52 1148
3059 -0.82050524431408045 3.116622151677102 2.5355810833404444 246 245 230 0.53164785665380299 46 1356 47 1360 48 1340 49 1256
3061 -1.5409906820729178 2.5421710724683741 3.2587649389497075 70 133 67 0.15961731992409156 46 1360 47 1364 48 1344 49 1260 50 1274
3062 -0.95958997810665547 1.7355939641994811 3.2157702082209769 181 151 114 1.130957932513353 32 482 28 376 31 451 35 557 33 514 34 539 36 573 37 651 38 677 39 766 47 1159 45 1171 46 1166 48 1187 30 408 29 364 27 340 26 444 25 455 24 436 23 420
3063 0.097183215531069678 1.8976919856911874 2.3404007553415194 65 124 62 0.11095523134468828 36 560 37 633 38 645 39 726 40 717 41 765 42 767 47 810 44 793 45 816 46 827 48 793 49 720 50 721
3064 -0.0078919506525563232 1.8354858848320239 2.5048307809031818 185 187 124 0.1426581673215743 37 22 38 16 39 17 40 27 47 498 43 442 44 495
3065 -1.6798722520495561 2.2721413728354811 3.5415763896349191 200 200 134 0.11904813184747062 42 319 44 336 47 726 45 714 46 735 49 661 48 740 50 679 51 704 52 649 53 624
3066 -0.00033645902355428081 2.0639411902716929 2.3999995866535557 171 174 114 0.1283069319886827 39 739 40 721 41 778 47 818 42 784 43 754 44 802 45 822 49 730 51 763
3067 -1.4417217755717329 3.24607118089334 2.8033703658690667 64 120 61 0.21290604614338848 36 707 37 787 38 789 39 891 40 891 41 936 42 941 43 910 44 956 45 984 47 955 44 1074 45 1121 46 1102 48 926 49 854
3068 -1.6121995284675528 2.4641998946272854 3.3483560875539018 69 130 66 0.024906829264279118 46 347 47 374 48 391
3069 0.071084138486715465 1.8029793087096475 2.4092772272929635 61 111 55 0.05722074037944732 47 18 48 11 50 13
3070 0.10767754567916776 1.9904978750750866 2.2961955830998613 205 202 136 0.11556746375221964 46 28 48 17 49 24 51 16 52 18 53 17
3071 0.022816175124834803 2.2317452619809011 2.3290166914925918 70 132 66 0.096938443285923298 46 60 48 36
3072 -0.039805333540879617 2.3036699333745703 2.4127153162984158 200 199 132 0.10737115486154891 47 59 48 46 50 44 49 51
3073 -0.047793834498754351 2.3009876207535926 2.4330506502438971 76 143 72 0.078282859122235884 47 73 48 47 49 52 50 45 51 39
3074 -0.12671406821671122 2.2497366315701801 2.6043644743853203 177 182 118 0.11965503196024223 46 108 48 64 50 67 51 80
3075 -0.19250805881256816 2.0114050239063888 2.8429939745827122 182 184 119 0.10120095902132516 47 77 48 71 49 79
3076 -0.059675611556867403 2.7019633100090861 2.6107220121102408 175 200 118 0.91015696643019206 47 560 48 88 50 95
3077 -0.23797159121648992 1.9494062640034731 2.9831462943951652 70 130 65 0.043755081535120519 47 92 48 90
3078 -0.21173863717059258 2.3650553679272783 2.8206728410874784 71 138 68 0.0080748449648491288 45 113 48 96
3079 -0.18875222921410856 2.5626990492136668 2.7171932363507261 184 186 120 0.18136835681682567 42 138 48 101 50 111 52 86
3080 -0.19288164831266749 2.8323849239833598 2.496148879302154 239 238 226 0.57242963048192463 47 108 48 110 49 104 50 116 51 88 48 111
3081 -0.27778272018082995 2.0842405455734188 3.0398817208784128 73 140 69 0.027242551789644874 46 123 48 122
3083 -0.32282997411712588 2.2589695028732177 3.2794493520374477 84 160 78 0.19178047178452987 44 148 48 142
3084 -0.62501741416463519 1.6915173292891912 3.2445306259840652 95 189 96 0.010971926995607287 47 134 48 155
3085 -0.35598698984696353 2.3243949821387768 3.3159733367241593 214 219 201 0.2250812912581914 46 578 48 165
3086 -0.21869806525426494 3.1378618599608861 2.9494078308792937 132 123 79 0.1704900653244189 46 194 48 174 49 142 50 157
3087 -0.22846406520236562 3.1602905205792733 3.0243754437449297 222 228 200 0.10262007381992662 45 618 47 164 48 178 49 156 50 171 51 143 52 115 53 116
3088 -0.25710935815421315 2.7598943296250109 3.5885363962554488 96 188 95 0.26545214574418302 46 606 48 186 49 170
3089 -0.76990934814665279 2.9104251355381598 2.4027571691166809 121 119 65 0.12678483273052651 47 181 48 200 49 512
3090 -0.74565180307464185 3.0881552837816777 3.0286471118874339 95 189 94 0.16705387901238211 47 652 48 236
3091 -0.7817449551645872 3.1346006551940593 2.9885575599237115 201 212 135 0.91312962040384082 46 271 47 245 48 240 14 230
3092 -0.70924044226857264 3.3424665209917928 2.9363242290136462 183 210 128 0.27240444126614605 47 248 48 241 49 558 50 215 51 200 55 115 56 109
3093 -1.1302462866680905 3.1413969719562576 2.890406313825721 211 210 140 0.16293389346016063 46 315 48 282 51 262 52 238
3094 -1.2123156563502182 2.3021281005325518 3.5593353166398591 90 168 85 0.0076510423191230494 47 282 48 291
3095 -1.2750571425198414 2.5940752028693015 3.2254602778996162 80 153 78 0.069216152932509226 47 297 48 305 49 277
3096 -1.2316351285462024 3.0912752569602677 2.9006778418199501 76 145 74 0.066052039488903341 47 308 48 317 49 286 50 284
3097 -1.2766864348871878 3.0287721289786118 2.9277527112217365 74 141 71 0.0060347533148985607 47 333 48 318
3098 -1.3509768409624396 2.2857281303333741 3.5357766449205692 82 157 80 0.048421719895757824 47 314 48 327
3099 -1.3003022929899972 2.3796803660972592 3.4235104468830708 84 163 83 0.24301337882873383 47 288 48 328 49 298 50 312
3100 -1.3383591184723505 2.6121234186936175 3.2100269863914654 77 144 74 0.049997362943199154 47 319 48 333 49 302
3101 -1.3887774685340601 2.850818545950311 3.0261962762992094 205 204 136 0.038908101135049944 47 332 48 344 49 310 50 298 51 309
3102 -1.4423713476997444 2.8043402630113459 3.0563851286887069 70 130 66 0.21243776635637671 46 355 47 330 48 345
3103 -1.5268577407370303 2.2161437482353099 3.6084008024056646 194 195 128 0.063444588385703549 47 339 48 356 46 344 49 336
3104 0.20364434628120615 4.9621468926546601 6.525794047251698 73 135 69 2.8172851916919801 43 356 48 361
3105 -1.4977844157409008 2.7755484485240589 3.07185127600895 174 183 118 0.014807689188051034 39 283 48 365
3107 -1.4914276467679579 3.5444837868614063 2.806146142188068 76 147 74 1.0441227249004816 47 745 48 382 49 333
3108 -1.5970098494085565 3.6574686613774152 2.8709872014245885 147 139 85 0.086046461413553765 47 762 48 405 49 351
3109 -1.7069460645693213 2.2755587781608315 3.5433742846200245 71 134 68 0.060339048774594388 46 375 48 407 55 293
3110 -1.7527543027302852 2.3126679596876567 3.5255718410519497 206 203 137 0.05415717965809258 47 400 48 411 52 399 55 297
3111 -1.7322043189610672 2.4340409731416099 3.3948561160806934 64 120 61 0.091160926294083761 47 402 48 415 49 364 51 409 52 379 50 391 54 325
3112 -1.7204835082781911 2.5175557827890174 3.3174732872841526 212 207 140 0.10720989086217951 46 387 48 419 49 368 47 405 50 393 51 412 52 364 56 277
3113 -1.7930530296139382 2.646530349781862 3.246279415885271 182 186 123 0.019439074964639456 47 408 48 424
3114 -1.8111334469492222 2.2188948753531168 3.6358802401356947 151 186 105 0.067776118929869747 47 397 48 441 49 378
3115 -1.8596929768473793 2.3673191314133462 3.5663963598245858 92 157 83 0.010863085016248867 47 430 48 446 49 380
3116 -1.8790873464318392 2.4856860173714268 3.462337068845045 195 194 130 0.28973936053555993 46 441 48 448 50 416 52 668 53 642 54 611 55 303 56 317
3117 -1.8434572541982372 2.5293629994625655 3.7813231429938212 154 200 143 0.85796755388873025 47 767 48 470 56 336
3118 -1.9345441829339978 2.3582761243261743 3.9711834186417714 184 154 117 0.17988537950294767 47 454 48 481 49 408 50 439 51 464 52 423
3119 0.080224177067445224 1.7606591120217485 2.4338840171478044 64 116 58 0.071155224115273946 47 488 48 498 49 420 51 476 50 452 52 445 53 399
3120 0.054115076203429535 1.7195361214363598 2.4980559773787947 203 199 134 0.065068734269407874 47 486 48 499 49 419 50 451 51 481 52 444 53 398 54 381 55 348 56 363 57 314 58 18
3121 0.056056271330505669 1.8166139547744893 2.4208268340864403 133 151 93 0.055837294263908557 41 458 48 503
3122 0.070447363921850692 1.8933053778250728 2.3650563386743424 142 155 97 0.11157962325311599 44 487 48 504
3123 0.10790774412087578 2.0632369241063588 2.2730156975973781 71 123 63 0.10727747033380182 46 494 48 510 49 424 50 456
3124 -0.092852867641760928 1.7869842847457185 2.6911121021812963 194 193 128 0.064849646811979161 47 514 48 526 49 442 50 479 51 500
3125 -0.045699987208978943 1.9273941686213623 2.52167709547764 67 128 64 0.20566435453146092 47 499 48 527 49 444 51 488 52 37 53 37 54 35 55 20 56 22 57 16
3126 -0.0011195427026924887 2.4650810647642349 2.3734423303657026 176 199 123 0.27176301617070037 47 535 48 533 50 476 49 745 51 494
3127 -0.13246173696153635 2.1660249737901478 2.5887880427729875 74 136 69 0.010775716698220573 47 532 48 542
3128 -0.17012215042640128 1.8718057713869194 2.8247518910711551 162 171 109 0.084202184595645754 46 521 48 551 49 464 50 490 51 508 52 475 54 407
3129 -0.17286077922220827 1.9726345483686534 2.7883384889346154 188 188 124 0.12837927417042286 45 524 48 553 49 466
3130 -0.13202277373257645 2.230378405966027 2.6303548160223476 120 155 89 0.028200270984711742 42 499 48 555
3131 -0.22663361017431743 1.8908541943991586 3.1873452810869649 71 139 68 0.16104916930573326 47 545 48 556 49 485 50 513 51 529
3133 -0.22113151176948972 2.1027079010084533 2.9120486329571169 162 174 109 0.076964508918652405 47 550 48 560
3134 -0.22113151176948972 2.1027079010084533 2.9120486329571169 162 174 109 0.076964508918652405 47 551 48 561
3135 -0.2017732352323694 2.1793279743254037 2.8225178325817377 69 135 67 0.24233863162149882 47 552 48 562 49 472 50 500 52 480 51 517
3136 -0.18294348218931544 2.3399174932849971 2.7179208925256901 157 170 105 0.079283747996702791 47 555 48 566 49 476
3137 -0.16661795990146397 2.6177168210550672 2.6888242321399858 77 154 76 0.21043494370772997 47 559 48 570 50 506 49 770 51 521
3138 -0.3043775272650856 1.9753889658674675 3.250916238444006 68 135 66 0.10827568109625829 47 564 48 572 49 495
3139 -0.18428958190162523 2.6664703818466635 2.7466449583427588 77 155 77 0.11568425180470882 47 577 48 577 49 484 50 507
3140 -0.23288603606323671 2.6749975531662988 3.1234741692562751 103 168 98 0.014764394017211678 46 569 48 589
3141 -0.32930532492528974 2.2629158515491348 3.3920362611740775 103 168 88 0.24117519467491741 47 602 48 604 49 794 50 539
3142 -0.24289554801918781 3.2645179044879047 3.0824123919871456 168 146 104 0.10067108816966824 46 612 48 624 51 158
3143 -0.28628965757776748 3.4087401525630132 3.1683980902212476 255 255 250 0.49876609252191728 47 898 48 627 49 180 52 136
3144 -0.55881364940430833 2.3721572684528676 3.7654330223516435 96 191 96 0.053854527952537853 47 636 48 638
3146 -0.908082812980048 3.2033975112926041 2.9256141576498274 180 185 118 0.10522640424317053 47 663 48 660 49 568
3147 -1.0653484409450522 2.6559691605159736 3.2321413982948148 87 168 86 0.11535402066347104 47 672 48 672
3148 -1.0410329014162023 2.7090279796626393 3.1794032999365651 87 169 86 0.10384028778338107 47 673 48 673 49 575 50 598
3149 -1.218898014961697 2.6024779677858842 3.2228052064184407 81 158 80 0.039229319653588481 47 682 48 687 49 595 50 614 51 637
3150 -1.2875533879234933 2.5582730988932783 3.2606779003964497 165 189 116 0.17969655490588332 45 684 48 688
3151 -1.3254652705456116 2.7502500218396877 3.1003361564170242 73 140 71 0.044883463271652962 47 706 48 700 49 597 50 619
3152 -1.3007586065196266 3.5284725128664682 2.8050427785802121 142 197 111 1.6011800906397593 47 723 48 703 49 292 50 301 51 290 53 220
3153 -1.5422492494803519 2.7414480876408982 3.0977419996726403 66 124 62 0.056499127116369299 46 730 48 715 49 635 50 650
3154 -1.6285847304571131 2.2031096458424715 3.6134185498111386 183 192 124 0.14805903102509052 47 364 48 724 49 355 51 403
3155 -1.7748642217466448 2.3381726114092696 3.5137761184651897 66 124 62 0.10053427715236039 47 748 48 741 49 683 50 695 51 719 53 639
3156 -1.751532520168755 2.5058893521325856 3.3381106141839187 64 117 59 0.19442700178460603 47 751 48 742 49 667 50 682 51 711 53 609
3157 -1.7892732407397314 2.6854625337201061 3.1947809787891268 60 110 55 0.076524434794135898 44 744 45 751 47 753 48 745 49 670 50 683 51 713 52 640 53 611
3158 -1.7811973125827181 2.8613096514056302 3.0815987326951944 201 198 133 0.081648669080125191 47 757 48 751
3159 -1.8817978041698691 2.4136939576109184 3.5791070408403187 88 173 89 0.1214512895649585 47 766 48 761 49 696 50 708 51 733
3160 -1.65385369568732 3.714842628371017 3.2032869571422764 0 0 0 0.12994819272232594 47 775 48 767
3162 0.033359218900453846 1.8458307096040165 2.4380712902335917 63 117 59 0.095767643023206422 47 809 48 792 49 727 50 729 42 766 51 758 52 702 53 676 54 640
3163 -0.051737025905577216 1.8220756003367742 2.5754567899397913 175 180 118 0.1388695003983639 44 799 48 808 49 737 50 734 51 768 52 709 53 683 54 651 55 593 56 583 57 536 58 506 59 470 60 463
3164 -0.18956925588769347 2.2590222912867866 2.7572590733155713 141 163 97 0.066235125246911802 47 856 48 837
3165 -0.27123473729124692 1.9390295924031129 3.2018257717970684 66 132 64 0.19172027265268235 47 861 48 849 49 778 50 781 51 807
3166 -0.97679574500241073 2.6503088841594118 3.2502848337036068 89 176 89 0.1610502702140956 47 902 48 890 49 820
3167 -0.92461161658799429 2.7603816528086891 3.1921193448603233 192 200 128 0.1036001541858232 47 904 48 891 49 818
3168 -1.1535280061947306 2.8212256645266045 3.0786701687137517 201 205 133 0.051110821263026629 47 919 48 897 49 830 50 842 51 863
3169 -1.0981202238553136 3.1291007683684828 2.9094098137451923 197 205 132 0.12495571059540317 47 911 48 899 49 832 50 835 51 853 52 777 53 749 54 711 55 637 56 635 57 586
3170 -1.3286237182896432 2.0166233241619844 3.7966296386273108 252 247 235 0.43138518113061802 47 693 48 911 49 988
3171 -1.2832970425107939 2.3338744508047231 3.4850861349421369 84 164 83 0.15157390672709617 47 915 48 913 49 845 50 859 51 884 52 803 53 793
3172 -1.4098409684186424 2.6644837336478395 3.1565759000087188 70 134 67 0.11033800369109791 47 928 48 917 49 850 50 864 51 886 52 808 53 782 54 753 55 680 56 667 57 629
3173 -1.6350540849146524 2.8814441504510531 3.0229307094767477 64 119 60 0.070727364059920222 45 978 48 951
3174 -1.648483075512458 3.1991636458444708 2.8727649897769414 167 174 113 0.29139823003420462 46 1118 48 954 49 878 50 881 52 607 53 565 54 525 55 474
3175 -1.7156946790380392 3.3222697544489765 2.9718324354494268 110 212 109 0.42876325269338877 47 995 48 965 49 680 50 376 51 370
3176 -1.8583540173268875 2.398626366622933 3.4693580332686422 160 184 111 0.60107898016749495 44 948 48 972 50 699 52 403
3177 -1.9251759369335419 2.4679613879124713 3.8249945773449254 253 249 239 0.74806258406947812 47 781 48 998 51 950 52 683 54 818 55 568 56 337
3178 -0.099012211484026003 1.648025161186975 2.9806351151228072 99 156 81 0.74929313983794188 47 1045 48 1020 49 1035 50 1054 51 1078 52 983 53 975 54 936 55 848 56 858 57 797 58 758 59 697 60 602 1 430 61 435 2 274 3 296
3179 -0.16344024570272025 2.059663299840075 2.7514098661612016 182 185 120 0.076135294597399442 47 1050 48 1025 50 964 51 976 52 883
3180 -0.14081654758945591 2.1960892715617941 2.6499942624594195 186 187 122 0.082494978642263489 45 1069 48 1027 51 978
3181 -0.0073576664201322473 2.7096436444640251 2.4572657016983284 171 143 108 0.48207367629609421 47 1052 48 1028 49 940 50 751 51 780 53 691 54 389 55 356 56 375
3182 -0.067747395444836989 2.7595119173721083 2.5207283370784785 183 148 106 1.6661336048527877 44 1116 48 1029 49 944 50 967 52 879 55 596 58 331 59 307 60 280 1 258 61 263
3183 -0.74378442480345874 2.9639037268045874 3.0869205189676507 194 206 130 0.40235138656268576 47 1074 48 1046 49 552
3184 -0.85075611737159207 3.0946123595608563 2.6464863257030045 0 0 0 1.6033719589944591 47 1075 48 1050
3185 -1.2677902978796591 2.3030921993640896 3.5260922606838543 194 201 129 0.25448248198567608 46 1090 48 1058 49 980 50 1008 51 1026 52 925 53 920 54 893 56 809 58 732
3186 -1.3995935313721222 2.3156358772272325 3.4813580547816581 154 179 109 0.50870182844306577 44 1058 48 1060
3187 -1.3908323943969212 2.6275920110693347 3.1929024207633945 195 198 130 0.14048290516760026 47 1087 48 1062 49 983 50 1012
3188 -1.5768002832242871 3.1131159653549387 2.8901702742034798 82 127 69 0.18072322378684669 47 1100 48 1079
3189 -1.701934192694263 4.0921975391687884 3.3816865846471171 1 1 1 0.082801146876442577 45 1146 48 1101
3190 -2.0108251977327551 2.8235813641635703 3.5466525913883582 178 147 111 0.71366319816438961 47 1130 48 1103 50 937 51 952 53 651 54 613 55 314
3191 0.021429522075293361 2.1893582825783611 2.3368214813389661 173 181 117 0.22236410446386065 45 1159 48 1114
3192 -0.15348610598071491 2.4676105649935609 2.6543570265144245 152 169 104 0.84904298704145353 46 1160 48 1119 50 1057 51 1080 52 885 53 868 54 841 56 596
3193 -0.43458574988746124 2.9759431706777342 2.6100741890106458 230 234 210 1.9233831945552413 47 1066 48 1125 50 1065
3194 -0.88877495654940564 3.2582775621746007 2.6020532263952951 255 255 255 0.19354061660963129 46 1185 48 1134
3195 -0.86262676492995682 3.2630629446635715 2.8592624392434125 188 206 129 0.53800291698160752 47 1166 48 1137 49 1105
3196 -1.0702186802966085 3.380086231416402 2.6517713907251754 180 150 113 0.4387672810654612 47 1169 48 1138 49 975 50 994 51 1010 52 908 53 893
3197 -1.5385243144413459 2.4150250222426859 3.3679113511820917 146 175 106 0.68502462541766751 47 1181 48 1148 49 1064 50 1088 56 909 57 845 3 547 1 567 61 576
3199 -1.7698628417650974 3.212729597999509 2.9850386660725978 185 202 129 0.48683564421591152 47 1195 48 1155 49 1011 50 1026
3200 -0.35111708439083245 1.8585786128161601 3.3293052830745684 251 252 229 0.43031342469079376 47 1244 48 1181 49 1043 50 985
3201 -0.24716370477530245 2.454077290801385 3.3113280350194469 136 165 86 0.29817570976711943 47 1217 48 1183 49 1095 50 1121
3202 -0.46267466282008446 2.9273566560238002 3.2810864058037614 84 170 83 0.96704703849340201 47 1223 48 1188 49 1102 50 1124
3203 -1.1822282958783148 3.3835045304365283 2.7610088616543629 110 83 45 0.087213822156919668 47 1225 48 1192 49 1110 50 1133 51 1152
3204 -1.6778344751315557 3.5973311474827097 3.0051364286907289 164 134 99 0.36667895191042488 47 1234 48 1199 49 1071 50 1093 51 1110 52 1021 53 928 54 759
3205 -1.8331499221692922 3.0120241910039272 3.0560107556962683 156 185 113 0.28811074444336565 47 1233 48 1201 49 1121 50 1096 51 1114 52 941 53 811 54 312
3206 -0.16020469787092317 1.759444120181646 3.0819493695208338 86 152 78 0.26340496007860492 47 1241 48 1210 49 1132 50 1153 51 1243 52 1144 53 1170 54 1110 55 1027 56 1030 57 971 58 923 59 853 60 791
3207 -0.3116246771642846 2.2683584727282251 3.0921368235001121 134 160 93 0.28884497320236108 47 1246 48 1217 49 1137 50 1156 51 1181
3208 -0.58268634828197174 2.6686786561900884 3.256868414163276 106 171 88 1.0355290267537665 47 1256 48 1225 49 1100
3209 -1.0063324955973396 3.0621347664326097 2.9573804568484374 157 191 113 1.0201357125223596 47 1265 48 1237 49 1153 50 1175
3211 -1.8312404885530937 2.1633390381584059 3.684312560715953 87 173 88 1.7335535202308863 47 1231 48 1248 49 1170
3212 -0.16635753932332106 2.9824701117717267 3.1624124947907726 223 229 203 0.87422023366349899 47 1359 48 1282 49 1205 53 1176 54 1111 55 1028
3213 -0.90169159065829962 2.5210980658210236 3.4171326787486374 93 183 94 0.3906342165023543 47 1315 48 1287 49 1207 50 1220 51 1256 52 1157 53 1187
3214 -0.81816799792473371 2.9050929264253296 3.1522445140674735 79 158 78 1.4153999903279704 47 1317 48 1291 49 1149 50 1169 51 1189
3215 -1.5540453475149247 2.7155905890590377 3.1214009808254271 79 131 69 0.35388624356834542 47 1338 48 1313 49 1229 50 1249 51 1278 52 1172 53 1200 54 1086 55 1002 56 1003 57 944 58 893 59 820
3216 -1.5488735148587005 2.3794603392677156 3.4178887723753633 123 161 94 0.603964251374006 47 1337 48 1321 49 1238 50 1253 51 1283 52 1183 54 1153 55 1048 56 1048
3217 -0.14145206655914033 1.6582827410126211 3.1342981589701115 255 254 240 1.0424395878050252 41 1298 48 1356 51 1308 52 1211 54 1160 55 1076 56 1072
3218 -0.36930416861957249 2.0334554779664775 3.3016634156114377 101 148 78 1.2033401543137501 47 1383 48 1358 49 1274 50 1290 51 1311 52 1213 53 1233
3219 -0.20141273263004553 3.0606756447384207 2.9892936097877771 249 249 228 1.2022977834491069 47 1386 48 1359 49 1273 50 1288 51 1310 54 1169
3220 -2.087653285625128 2.9758153810964192 3.6259084323750064 1 1 1 1.4730891286066279 45 1392 48 1368 55 1072 60 720
3221 -0.32763376927448579 1.8684620108995689 3.4173254414171814 151 205 114 0.36721554914829163 47 1398 48 1374 49 1272 50 1289
3222 -0.6412078440317317 2.9741812139473294 2.4229486683568724 182 157 122 0.18465892607093284 47 1387 48 1375 49 1283
3223 -0.4026680602765943 3.2760171597804093 2.8586727676133612 1 1 1 1.3817451592148657 50 1303 51 1325 52 1225 53 1247 54 1176 55 1097 56 1092 57 1027 58 977 59 900 60 884 1 780 61 790 2 764
3224 -0.13224400184407284 2.9634340580375702 2.665789448735544 227 233 208 1.9753710938185693 49 1288 51 1324 50 1302 50 1305 52 1224 53 1246 54 1175
3225 -0.11038347784293853 2.2930944325076048 2.932419418071583 0 0 0 0.60864338226842296 46 1401 47 1405
3226 0.035379300971046745 1.6800351678191017 2.5622834135787524 66 127 64 0.14412151728457276 42 459 43 432 44 479 46 490 48 497 45 12 47 487 51 482 52 443 53 405 54 643 55 347 56 581 57 315 58 324 59 305 60 279 1 262 61 267
3227 -1.4969417659503261 3.0937425649717958 2.88510769657365 100 158 85 0.11135519376484582 32 420 31 388 33 451 34 472 48 719 46 750 47 720 50 636 49 618 51 644 26 86
3228 -0.046606110013559077 2.131735507510133 2.454928306334053 195 197 130 0.099702086650041863 32 490 31 299 33 529 34 545 38 661 36 569 37 648 48 812 43 955 45 831 46 1052 49 741 50 738 47 1042
3229 -1.8084864711683695 2.2289553202523846 3.9195375351468793 176 177 165 0.89965817659755654 47 1275 48 1247 40 969 41 1025 42 1028 44 1233 45 1277 46 1271 49 1169 50 1261 51 1306 52 1209
3230 -1.8782278435778055 2.4627356297324279 3.7867938808437742 254 251 240 0.13291093494445552 45 1010 46 1000 47 1005 48 1096 46 1121 47 1126 50 935
3231 -1.88106008821348 2.4588567168017104 3.7804602637924622 252 249 238 0.13487665571614901 40 316 41 676 42 915 43 900 44 959 45 1009 46 999 47 1004 48 1097 46 1122 47 1127 50 934
3232 0.17486143225174317 1.6975251410234693 2.2071182577281707 178 148 111 0.1126886961691254 48 5 49 5 50 1 51 0 52 1
3233 0.13519045358731679 1.655220862987641 2.3398910090739866 138 121 74 0.22623707351213479 47 6 49 9 52 9 54 7 55 3 56 7 57 3
3234 0.085980094145964747 1.8805396246300248 2.3504798425802402 61 111 56 0.021652374116915483 47 21 49 22
3235 -1.6678833459795002 1.2668407337378325 0.64800525139786591 0 0 0 1.556807554338806 43 12 46 45
3236 0.0025575015590031946 1.7813920419022624 2.5188150924051889 203 199 134 0.049825099347404145 48 27 49 35 50 26 51 24 54 21
3237 -0.085283039509823744 1.6856021399362549 2.7656780782860153 64 123 61 0.11198685845753714 47 47 49 48 52 44 51 50 53 51 50 52 54 43 55 46 56 50
3238 -0.042987219305573809 2.3900171302892166 2.4216578047623472 82 159 80 0.15442032947716702 48 65 49 53 50 47
3239 -0.14482432648679175 1.9951463825875231 2.7216214386374604 185 188 123 0.048397027661411053 46 76 49 64 50 79
3240 -0.085261911716723426 2.1427651446574218 2.5462582190815137 72 139 70 0.0021807199319694437 48 61 49 65
3241 -0.10999760888943008 2.1541880684084251 2.6031654393868888 168 177 113 0.034680589578872316 46 81 49 66
3242 -0.067458152690655471 2.4106943533496232 2.4450152953548399 83 162 82 0.090775192887620398 48 66 49 70
3243 -0.15285157584609205 2.0142160888598544 2.7188003633696716 72 139 70 0.093885916915046663 48 59 49 76 50 80 51 73 52 63 53 66 54 52 55 55
3244 -0.15254667133302738 2.0139970021639457 2.7183108029711538 72 139 70 0.066000525761433781 48 60 49 77 50 81 51 74
3245 -0.19412607784825914 2.0898013423314716 2.8169346621123204 189 191 124 0.077367341602035719 47 79 48 73 49 80 50 104 51 97 52 79
3246 -0.082613854627840322 2.8241495983169496 2.650214036597391 215 223 194 0.86888096479857857 49 98 51 792 52 726 48 845 54 662 55 362 49 101
3247 -0.23952630752685738 1.783471205312759 3.2221185908083516 241 242 220 0.0076364263833696502 48 89 49 107
3248 -0.21836874656978986 1.8760824455957672 3.27190108573941 136 166 92 0.090276556362010249 48 113 49 109 51 127 52 102
3249 -0.27083046856447623 1.9691037747286271 3.1391883543106807 66 130 64 0.054507973192031496 48 116 49 110 50 123
3250 -0.22652192132225107 2.4302385770651433 2.8948111274258319 77 147 73 0.057120266948502252 48 126 49 120
3251 -0.3021145581107037 2.0757751884559008 3.1644211095768702 172 178 112 0.14123970274839184 48 118 49 133 50 147
3252 -0.18254362518884926 2.9189054461411277 2.9369341769299084 117 158 101 0.31295903314201184 48 591 49 140 50 535
3253 -0.3197328809076001 2.0166123841469106 3.4002784951439589 73 145 68 0.31135497811129537 48 138 49 147 50 162
3254 -0.23743408924732179 3.231300098884621 3.0771526188155045 221 228 200 0.0041697778407587763 46 216 49 159
3255 -0.25900137675302304 2.8064896294368746 3.5238610219212605 96 184 93 0.19940657341478546 48 623 49 171 50 189 51 173
3256 -0.32565609058488409 3.1145685370248439 3.2500610861033126 104 206 104 0.29206829839040743 48 196 49 177 50 197
3257 -0.39467336351374488 3.1743924350111099 3.1887445603771103 108 206 105 0.39864915405381746 48 217 49 179 50 199
3259 -0.44172049793198798 3.315628993054244 3.0724370378970542 63 136 60 0.21401446242092567 48 221 49 196 54 120 56 92 58 59 59 56 3 45
3260 -0.44157291491881878 3.3151702740168654 3.0728892805104548 63 136 60 0.21030750580603996 48 220 49 197 50 202 52 151 54 119 55 98 56 91 57 62 58 60 59 55 60 39 1 31 61 32 2 50 3 44
3261 -0.75817960246733618 3.1124835911072704 3.0268638869557014 177 207 125 0.056938829691535214 48 237 49 215
3262 -0.95787934156283261 3.1263756855991689 2.6698339986694832 66 129 59 1.6970289643072707 48 650 49 221
3263 -0.91507453110029013 2.7219565437942883 3.1824067161719598 94 181 92 0.10138315281309793 48 254 49 233
3264 -1.0714895419239361 3.2103869180411624 2.8836369830352777 203 211 135 0.19240987481551003 47 278 49 261 50 252 48 284 51 261 52 545 54 171
3265 -1.2010260468831335 2.4807880563702054 3.3395384971420765 201 204 133 0.07349096838317172 48 297 49 273 50 292
3266 -1.2368777123893564 2.8175192597890999 3.0592637154674751 181 192 123 0.017606732484733767 48 309 49 280
3267 -1.3075773895583134 3.2999058819011835 2.8104818658916852 216 217 142 0.0011448453166410816 48 351 49 289
3268 -1.3223165106764461 2.2478000625555903 3.5895324004776779 192 197 127 0.076111838943193566 48 325 49 295 51 352 52 340 53 303 54 302 55 252 56 257
3270 -1.2995306520859549 2.3794576857216039 3.4230028076003141 82 160 81 0.14583132398549814 47 289 49 299
3271 -1.3118001970902451 2.4488061268206165 3.3671577184524142 83 156 80 0.096884858669518958 48 331 49 300
3272 -1.3723696205928799 2.672252483115551 3.1569879962414027 73 136 70 0.071204313599011387 48 338 49 304 50 322
3273 -1.3723696205928799 2.672252483115551 3.1569879962414027 73 136 70 0.071204313599011387 48 339 49 305 50 323
3274 -1.4127214704133078 2.820091601193162 3.0450617892721588 211 208 140 0.0079364015304382515 47 329 49 307
3275 -1.4344928135932611 2.7845832463269478 3.0631550553782101 203 202 135 0.051765383691383247 48 342 49 308 50 329
3276 -1.471942437727038 3.1767514512806367 2.8383512886190849 74 133 68 0.099770928702937745 48 376 49 313 32 185
3278 -1.5755249564731184 2.298952323829401 3.4945289158682571 76 144 73 0.11359484204206566 48 383 49 338 50 363 52 358 53 326 55 276 58 234 60 196
3279 -1.6703707142497433 2.4150360914537119 3.3948333200399197 63 117 59 0.078127029028842956 47 370 48 390 49 343 50 387 51 408 52 363 53 328 54 321 56 270
3280 -0.64481742528885344 4.1447165987133001 5.0289914071762869 179 186 121 3.1458707268791049 42 402 49 345
3281 -1.6615736517566444 2.1531044158812587 3.7181168097060286 75 146 73 0.15229683789961701 48 406 49 356 50 406 51 428 52 395 53 635 54 349 55 308 56 557 57 271 58 281 59 271 60 430 1 219 61 224 2 217 3 375 5 166 6 161 7 125 8 152 9 322 10 114 11 135
3283 -1.6825782596383152 2.2235651571879473 3.5945819272272259 74 138 71 0.18013003812938444 46 372 49 358 51 703 48 739 52 663 53 636 54 609 55 292 56 549 57 497 59 439 58 477 1 372 61 377 3 197 4 142
3284 -1.7397323803437772 2.3859339335550671 3.4447479018079998 64 115 58 0.063255031822046393 48 414 49 365 50 388 51 411 52 380 53 351
3286 -1.719443534943798 2.656768026560683 3.1954376965811142 64 115 58 0.09656371837730468 47 407 49 369 50 370 48 422 51 392 52 367 53 311
3287 -1.7189205882352816 2.6569796594648643 3.1952600099124759 64 115 58 0.084250893473180488 47 406 49 370 53 312
3288 -1.868978887344892 2.4863296681727269 3.3999854580917384 167 187 113 0.12886800994765243 45 402 49 385 50 415 51 436
3289 -1.9287229456728976 2.9636824025508726 3.1921793900627917 161 196 114 1.2969893706663997 48 774 49 393 50 422 52 387 53 336
3290 -1.9153718909891577 2.5750896413789697 3.5153318893223964 207 207 138 0.060266108653281858 47 461 49 399 51 453
3291 0.083114195098650201 1.8372687948377953 2.375550956358992 92 124 69 0.026748140671026609 48 501 49 422 51 479
3292 0.16826009023335115 2.3834301899186601 2.2003486988976113 222 223 209 1.3986827062200822 47 42 49 425 51 19 52 20 53 20 55 6
3293 0.021808005923767193 1.6451512846699365 2.6272029100041752 66 124 63 0.13094232435422321 48 513 49 427 50 457 52 450 53 404 54 387 55 354 56 372 57 320 58 325 59 31
3294 -0.023140167580228688 1.906254333274656 2.4996947594398624 67 127 64 0.18092143897361171 48 514 49 429 50 471 51 487 52 452 53 407
3295 -0.01511324004056841 2.3426008115420247 2.3873566612308004 167 185 116 0.090344359718431633 48 531 49 449
3297 -0.062132292367765907 1.6008651791417043 2.8781301550120846 174 182 117 0.072730494147455305 48 523 49 452 50 477 54 403
3298 -0.1411544923767318 1.7249934046337145 2.9427649010755772 64 125 62 0.18025494248957416 48 537 49 460 50 484
3299 -0.15587331020374764 1.7756320793784626 2.8883760163099406 66 126 63 0.33460813975105291 48 538 49 461 50 486 51 505 53 422 54 405 55 381 56 401 57 345 58 52 59 45
3300 -0.20543793865379045 1.8952416149892941 2.9232323639231197 67 131 65 0.056363717813795122 48 552 49 463 50 498
3301 -0.19024103674400925 2.1604269475587254 2.8037424440680221 72 142 71 0.08452163129087692 45 539 49 471 50 499 52 478 53 427
3302 -0.17559834677435648 2.3463450586182897 2.7242517933792403 165 177 111 0.082000696253861305 48 567 49 477
3303 -0.21654267854118478 2.3784761498701728 2.8587407566988849 72 144 72 0.13717437427516591 48 565 49 479 50 504 51 535 52 488 53 440 54 87 55 77 56 76 57 45
3304 -0.30241127891102537 2.0244696268490121 3.166678281857966 151 163 101 0.098936927466933444 48 574 49 488 51 551
3305 -0.2411339678288264 2.4010968087397644 2.9609237126849539 108 153 83 0.37219108324285732 46 551 49 489
3306 -0.33846484341872457 2.7960772986964528 3.267531907270635 0 0 0 0.34603003744217736 47 625 49 528 50 190
3307 -0.37657040433263606 2.6175666626645691 3.6121441104781957 197 205 133 0.18733301775847219 48 632 49 533 50 554 51 577 52 534
3308 -0.53293555429243522 2.4332410376801343 3.7182012033799725 97 191 95 0.051582966182155465 48 639 49 544 50 562
3309 -0.62017268037184747 2.5103417035780087 3.5653391801476673 185 197 122 0.15494751098949147 48 641 49 545 50 565 51 593 52 553 53 507
3310 -0.61971551818083825 2.5109241695381934 3.5661157967563235 185 197 122 0.14848918859616445 48 642 49 546 52 552 53 506
3311 -0.7824917142397525 2.5707107796702582 3.4179382112998651 188 196 123 0.11154210842318518 48 643 49 562 50 579
3312 -0.97527004633713688 2.7070973926639126 3.1967157945410043 89 176 89 0.052271412551145778 48 653 49 565
3313 -0.90707043785273367 3.2042620468395762 2.9260287351575935 181 183 118 0.13266270928824281 48 661 49 567 50 571 51 602
3314 -1.0635905490229292 2.4281225683951195 3.4449739220755893 90 175 89 0.004551878871473309 48 669 49 571
3315 -1.0635905490229292 2.4281225683951195 3.4449739220755893 90 175 89 0.004551878871473309 48 670 49 572
3316 -1.0661075356278205 2.7052228806201355 3.1728956121978 86 166 85 0.1857406521462788 47 674 49 576 50 599 51 628
3317 -1.098196541024526 2.7086084675781739 3.1713581095290224 86 164 83 0.061520547168117612 48 675 49 577 50 600
3318 -1.1390248755595955 3.0864765970167203 2.9177636801788256 83 162 82 0.099352634717672153 48 679 49 578 50 602 51 616
3319 -1.1104544099511555 2.2857254093096633 3.5655440172977415 85 167 84 0.0081427347835404309 48 666 49 589
3320 -1.1080355424192758 2.2887990962527445 3.5697364828166824 85 167 84 0.050937202570678942 48 667 49 590 51 633
3321 -1.1572654499462065 2.4812364358458603 3.3503447003706266 86 167 85 0.014274590303421424 47 671 49 592
3322 -1.2355351327713389 2.3006560111606129 3.511806860405029 85 166 84 0.0012721077099995732 48 686 49 603
3323 1.6951144484717604 6.5264858785931157 7.9059418331003206 188 196 127 3.1038442982084913 45 708 49 605
3325 -0.078980807632950234 4.08486130626925 5.7736986474939949 182 191 122 1.6428367694220796 43 625 49 626
3326 -1.479344136590002 2.2536076600359873 3.5598342575270823 85 155 80 0.25384972119196053 48 358 49 627 50 362 51 685 52 356 53 602 54 584 55 533 57 489 60 402 1 356 61 361 2 348 3 356 4 136
3327 -1.5006546881157199 2.7388849605361814 3.0996411461747386 67 127 64 0.09669181255462149 48 714 49 634 50 634 51 662 52 602 53 581
3328 -1.6660847862446369 2.4911973018228721 3.3261766555952876 146 161 102 0.1550606877402505 47 729 49 652 2 121
3329 -1.9225838465802498 2.6040398858318023 3.4728440012550141 197 202 133 0.14374877010186429 46 447 49 698 50 430 51 455 52 406 53 367 54 353
3330 0.25865891016199188 1.6718585875917129 2.2372310640950541 185 155 118 1.5954269782366413 48 487 49 706 53 661 55 570 56 737 58 751 57 779 59 685 60 580 2 518
3333 -0.14516197680062867 1.7599788160887544 2.8668800908487615 64 126 62 0.17098144643072805 48 817 49 750 50 754 51 786 52 720 53 706 54 667 55 613 57 338 58 346
3334 -0.089305938159955911 2.3150036530421665 2.490978372913542 175 186 118 0.18916027490748427 48 821 49 752 51 777 52 715 53 688 54 653 55 595 53 865 56 584 57 533
3335 -0.14640994987912265 2.0480104045088825 2.7181455945696942 72 140 70 0.040125774098113201 48 819 49 756 50 757 51 788
3336 -0.17070919777464932 2.5537973209475622 2.6817140885544899 178 186 118 0.20384009106829801 48 842 49 769 50 771 51 798 52 733 53 711 56 394
3337 -0.28195499979768518 1.9963006523692948 3.1533127855653333 67 133 65 0.3338997493473424 48 850 49 779 50 783 51 808 52 742 53 728 54 693 55 624 56 618 57 571
3338 -0.27154151059094361 2.1720424890457548 3.020973722074316 73 145 72 0.24086202554372571 48 853 49 783 50 520 47 567 51 533
3339 -0.25683601733497796 3.208499462179828 3.0760977224972632 242 245 221 0.31191778426768657 48 878 49 797 50 793 51 563
3340 -0.71742942992052594 2.9312233485897941 2.4551025442919281 228 230 209 0.50375875017067873 48 628 49 798 51 817 52 748 53 722 54 684 55 618 57 559 58 520 60 467 1 419 61 424 3 403 4 381
3341 -0.69032973671073261 3.3093395415643281 2.9519887196900974 203 215 136 0.2110741377834893 48 885 49 811 50 809 51 837 52 762 53 741 54 698
3342 -0.86328469004797315 2.315247434026444 3.6625672788002768 190 197 125 0.044365463340145329 48 887 49 814
3343 -0.93006763069858778 3.1340183861269106 2.9413103352497516 79 157 77 0.48347867816875217 48 893 49 823 50 822 51 845
3344 -0.95997427715508499 2.4120445716095458 3.5020165988069305 156 189 112 0.26205800235338367 48 894 49 825 50 838 51 858 52 914 53 768 53 906 54 748 54 880
3345 -1.1790472562090997 2.764320831570295 3.1126319827659614 80 156 79 0.13454421384312315 48 907 49 828 50 840 51 864 52 788 53 771 54 724 55 451 56 467 57 409 58 382 59 366
3346 -1.1407310544044893 2.2438283478961152 3.625659854066575 81 161 80 0.10962015675543024 48 901 49 835 50 852
3347 -1.3531158064731414 2.3357411844358791 3.4725886447531313 79 154 78 0.048109408254920348 48 914 49 847 50 860
3349 -1.7308491062858364 2.6224543646006269 3.2311514949162365 163 174 112 0.29571339115641149 47 979 49 888 52 826 56 243 44 723
3350 -1.5326449523731522 3.9953317655507328 3.4488085747048518 0 0 0 1.2873932270260742 48 768 49 896
3351 0.18839397812416886 1.6494966516487652 2.2563048495919333 140 111 79 0.26610685479449309 48 1003 49 927 50 942
3352 0.033717831951645072 2.1533118602977868 2.3212302693027489 181 186 123 0.34414192904137136 48 1014 49 934 50 956 51 965 52 871 53 858 54 642 55 584 56 361
3353 -0.24625583488685579 1.7839739992450809 3.2798406426890794 162 131 94 1.0524422048502566 47 1053 49 949 50 1061
3354 -0.2832340420496392 2.0077496202293075 3.0954238235049862 176 181 115 0.1674168071907641 48 1033 49 951 50 976 51 990 52 896 53 879 55 760
3355 -0.1672060999064599 2.9192721142062683 2.8528398187510913 121 161 88 0.16552307337210714 48 1034 49 954
3356 -0.70579881448696791 2.8769180790552489 2.372840553263377 255 255 250 0.10165779428681813 48 1037 49 962 50 1067 51 1086 52 991 53 982 54 939
3357 -0.43841154721503156 3.2527301148210834 3.1194277602632803 188 213 130 0.32698600448760418 48 1044 49 967 50 989 51 999 52 903 53 887 56 769
3358 -0.51761042793735124 3.2388522978098688 3.072565037078228 212 216 140 0.19342852593599311 48 1045 49 968 50 991 51 1000 52 904 53 888
3359 -0.61109528379229949 3.2215637390862693 3.0484787495719621 177 208 126 0.31779943842623137 48 1048 49 969 50 808 51 836
3360 -1.0119671061652689 3.1857188248097996 2.9117606886096898 184 200 126 0.78720927299201093 48 1056 49 974 50 996 51 1008 52 912 53 898 55 766
3361 -1.3584732779230719 2.7685399488026263 3.0917603854379929 199 200 132 0.085470362378263817 48 1064 49 985 50 1004
3362 -1.3734003636861458 2.030255802732774 3.7368897278656568 164 132 96 0.20254665375453224 48 912 49 989 50 1085 51 1164 52 1068
3363 -1.5605913557429125 3.0259251005682262 2.9265507914849254 197 197 131 0.099675781840330407 48 1072 49 995
3364 -1.8704585901141955 2.4852064518781569 3.4549586350997732 158 176 110 0.061060903468857487 47 1111 49 1014 51 1054
3365 -0.19394381449494263 2.279689709326147 2.7669443346498208 154 172 105 0.19672803495366392 44 1113 49 1040
3366 -0.32340747545996207 2.8222007020927062 2.8162116414139824 250 253 231 1.022566315999561 48 1123 49 1046 50 981
3367 -1.3416624003118034 3.260751628652292 2.8239215190031413 82 159 81 0.12301542762464115 48 1147 49 1058 51 1018 52 917 53 903 54 726 55 645
3368 -1.3269740811738735 2.3091002473615241 3.6298413857858494 87 156 81 0.3325057606723798 48 1142 49 1062
3369 -1.6805659760807807 3.5927789006713784 3.0030970969927653 160 131 97 0.32492699509637968 48 1198 49 1070 50 1092 51 1109 52 1020 53 927 54 758 55 673
3370 0.10125757369910166 2.0375666954594367 2.2899579672831645 66 126 62 0.73708196697308981 48 1173 49 1086 50 1111 51 1134 52 972 53 964 54 924 55 839 56 747 57 701
3371 0.0954381709638078 2.0344657973179645 2.2922740221254929 66 126 62 1.0185650427908701 48 1174 49 1087 50 1112 51 1135 52 973 53 965 54 925 55 840 56 748 57 700 58 497 59 463 60 273 1 251 61 256
3372 -0.32327367255767087 2.093304928835297 3.4998454584588683 84 154 74 1.2090761677333361 48 1218 49 1094 50 797
3373 -1.3357092981600884 2.8763160632959348 3.0061629749789387 71 137 69 0.61220569507381539 43 1167 48 1241 49 1112 50 1134 51 1158 52 1060 53 1074 54 1027 55 869 56 885 57 818
3374 -1.3476130406053677 2.8572092526182007 3.0027698111447099 71 137 69 0.81049203457052343 48 1242 49 1113 50 1135 51 1159 52 1061 53 1075 54 1028 55 868 56 884 57 817 58 774 59 711 60 615 1 546 61 552 2 547 3 518 4 514 5 475 6 478 7 473 8 478 9 484 10 424
3375 -1.6254613348077838 2.2259932528381752 3.9958343297519323 254 250 236 0.20021561446210834 48 1154 49 1122
3376 -0.18043618061116759 1.9378533163190879 2.8278089494886887 70 138 69 0.74379295360386 48 1211 49 1130 50 1150 51 1140 52 1039 53 1046 54 1000 55 924 56 937 57 794 58 757
3377 -0.18108579459190993 1.933271815424408 2.8205277679698142 70 138 69 0.78456799054369497 48 1212 49 1131 50 1151 51 1141 52 1040
3378 -1.2795451103881359 2.9577473205334837 2.9648674465756488 152 179 109 0.1602991508233074 47 1271 49 1161 50 1178 51 1204
3379 -1.5405545768883961 3.2055513529084712 2.8297607876847986 151 168 105 0.52941421679224498 48 1319 49 1165 50 1186 51 1214 52 1118 53 1077 55 945 56 882 57 815 58 771 59 708 60 689
3380 -1.9320246023787651 2.7383056917776578 3.302171537320449 84 165 84 0.76380747067946098 48 1252 49 1172 50 1191 51 1167 52 1074 53 1032 54 984
3381 -0.74744032818285366 3.1246918367566052 2.6982888955405269 0 0 0 1.2511150529135662 47 1259 48 1286 49 1206
3382 -0.89931633123906263 2.5234449275573247 3.4186152444834721 92 183 93 0.29525027451937463 48 1288 49 1208 50 1221 51 1255 52 1156 53 1186
3383 -0.95495582715063598 2.7247131003952534 3.2618204793299705 104 176 92 0.95319737598494914 48 1289 49 1209 50 1222 51 1257 52 1153 53 1185
3385 0.064624082694919871 2.3707862702138165 2.3363695821872748 104 158 86 0.57781949698799184 48 1335 49 1250 50 1266 51 1231 52 1134 53 1160
3386 -0.59311654184872054 2.9162997363353975 3.2493975497965799 82 167 81 1.0930265518329303 48 1341 49 1255 50 1271
3387 -0.70769245785265533 3.1344369596574189 2.9297002544007493 101 201 100 0.75213124163071587 48 1361 49 1275 50 1291 51 1313 52 1214 53 1234
3389 -0.6669509625462724 2.6666567465602031 3.2680297205267199 157 199 114 1.492793268792064 47 1406 48 1386 49 1291 50 1308 51 1330 18 524
3390 -0.33360584006052785 2.182828331283333 3.2753940850928172 73 148 72 0.13111667357044074 43 123 45 153 49 134 47 581 48 140
3391 -0.0062017367428425785 1.8821273368208109 2.479389986179648 45 87 43 0.050292571510656102 42 774 43 745 44 800 45 820 46 833 49 728 47 815 48 799 50 730 51 760
3392 -1.5605312940661193 3.1459276509967453 2.8691052662722361 74 142 72 0.11078379161223377 32 578 31 533 33 610 49 864 37 774 38 788 39 887 41 933 43 909 45 983 46 972 47 968 48 941 50 871 51 893 52 801 53 786 30 345 29 303 28 323
3393 0.023561671799285033 1.6177841969020352 2.6592814746218489 157 169 108 0.050660216635405569 48 22 50 23 52 32
3394 0.00065674379896468738 1.8181059201613856 2.5009914867077514 202 200 135 0.02334984331155486 48 28 50 27 52 35 51 25
3395 0.039556766961551915 2.1479595734257058 2.3232244095980046 171 179 116 0.062713575830929 38 390 50 30
3396 0.016562773729563884 2.2277364042517265 2.3274857134770621 75 138 70 0.070134469173425806 49 41 50 31 52 29 51 30
3397 0.015471289477208161 2.2264763141304447 2.3264098693891353 75 138 70 0.042397498521303922 49 40 50 32 51 31
3398 -0.13679991785394449 1.7883665909146576 2.8022828478667221 199 196 131 0.06499561290181366 48 53 49 59 50 58 51 68 52 58 53 60 54 69
3399 -0.11127361136965327 2.1833961340868382 2.6067524625473766 79 147 75 0.074510510839581379 49 67 50 63
3400 -1.1540631084285786 1.4865240618600621 1.6811609732556794 183 157 120 2.3224517899363231 43 64 50 71
3401 -0.097028502808475858 1.656228425787829 2.9493375410088634 189 189 124 0.14974149888363988 49 55 50 73 52 72 53 75 54 66 55 64 56 65 57 49 58 51 59 49 1 43 61 43
3403 -0.11568643186036606 1.6674346577778121 2.9496059351025457 178 183 118 0.15440225851129194 49 57 50 76 51 65 52 74 53 78
3404 -0.14521817620061422 1.8101645883719191 2.8079929845249461 69 132 66 0.16528144645942683 49 61 50 77 51 69 53 81
3405 -0.16529442340373285 2.2608158894569921 2.7183143031431851 179 186 119 0.0014413209047896458 48 79 50 85
3406 -0.13988124567170271 2.4585238837524401 2.6038125847617741 89 160 82 0.019470790889605037 47 89 50 90
3407 -0.16156742782211461 1.7539105648348339 3.0694609513234994 73 140 69 0.1208994863641189 49 93 50 99 53 434 54 423 55 388 56 412 57 348 58 348 59 338
3408 -0.20572257890223059 2.5862771396248925 2.7724504634560074 79 155 77 0.13730125285876085 48 127 49 122 50 112
3409 -0.19737798979451765 2.5965542884754065 2.7543515546894972 178 186 117 0.055522740661616582 49 97 50 113 51 105
3411 -0.14174588829320839 2.9501893051781383 2.8668261451229862 115 148 97 0.2675639924683319 48 149 50 133 51 124
3412 -0.31178123939048302 2.0674926646536949 3.1559561470565334 168 177 110 0.0099930373457460114 49 132 50 146
3413 -0.6709042046812792 2.8691211762284574 2.3521437318464606 119 140 85 0.029872890860672581 45 201 50 159
3414 -0.33135353959794772 2.047403218237589 3.4169936866140036 73 143 68 0.005631367399387105 49 148 50 164
3415 -0.28358633756212198 2.8415446578067449 3.1464094801653224 141 129 88 0.18862152305617164 43 188 50 169 52 130
3416 -0.80827540591775193 2.8956461230833153 2.3603975719819594 234 235 217 0.084942069087992775 49 162 50 175 51 557 52 499 53 453 54 421
3417 -0.76345883673832116 2.9424147058815824 2.4152320677494661 113 115 60 0.25756196456084962 49 160 50 176 51 556
3418 -0.76345883673832116 2.9424147058815824 2.4152320677494661 113 115 60 0.25756196456084962 49 161 50 177 51 555
3419 -0.35463166853366029 3.0014843108464566 3.2932623603475535 207 211 137 0.1348362593628932 49 176 50 195 51 174
3420 -0.87024931593835175 1.7149370313880279 3.2052935314702808 65 121 61 0.11565398633839898 49 185 50 206 51 204 52 172 53 172 54 176 55 159 56 155 57 127 58 134 59 145 60 129
3421 -0.57348750688945005 3.3192736299127539 2.9858180210349548 121 154 84 0.058391793232581063 48 223 50 214
3422 -0.76035873773072726 2.6189308496844079 3.3828203495341085 94 187 94 0.14494493141644593 49 210 50 222 51 218 48 229 52 214
3423 -1.0895173592961791 1.7876280305229828 3.1931892505412733 253 249 231 0.19442741854683854 49 204 50 233 51 242
3424 -0.78795874458644555 2.4267753649322623 3.563616800289406 94 182 93 0.086763651080134285 49 228 50 234
3425 -0.79664798041834173 2.6146407950793722 3.3513689382788519 93 185 93 0.14394544657169994 49 211 50 237 51 247 52 216 46 240
3427 -0.93691644282908881 2.7086749632169007 3.2264135100450284 90 177 90 0.042470395608922962 48 256 50 241
3428 -1.0095969369317617 2.7809348196430985 3.1427426010309834 90 173 88 0.10227886774194389 49 236 50 245 51 256 52 221
3429 -1.0593856747065071 2.5773246365591005 3.2754128750404705 88 168 86 0.054285138678496402 49 246 50 269 51 279
3430 -1.1033104821758108 2.6596686848746107 3.2202475102569696 83 163 82 0.10238760715799267 49 251 50 270
3431 -1.1059394725364444 2.9715623202945354 2.9983408828446914 195 205 132 0.031456742234208739 48 279 50 272 52 231
3432 -1.2464341026131005 3.0203650733149914 2.9309346879519 81 150 76 0.071016947523328808 49 284 50 277
3433 -1.1764728456556923 3.1397291913736907 2.8838173577576853 197 203 132 0.08652016362168026 49 584 50 279
3434 -1.2426358139810751 3.1046783452884981 2.8855518993308915 185 196 126 0.063959575675167843 48 319 50 285
3436 -1.2353868998456579 2.385820269698431 3.4538948629731956 82 162 81 0.06312998696617679 49 270 50 310
3438 -1.3660862130428528 2.7195761978440189 3.1250528244311071 71 135 68 0.040737242304376656 49 306 50 325
3439 -1.4415876075040999 2.9789404309900909 2.945056785267766 73 135 69 0.052639801023635358 49 311 50 330 51 312
3440 -1.486166823834594 3.2525149926080359 2.8094808309625452 211 210 141 0.078052185677605454 49 619 50 334 51 314
3441 -1.4750825240776435 3.3046558386958544 2.7754790584619378 87 151 79 0.024710278899836048 49 621 50 335
3442 -1.263909795550918 3.0944821653371442 2.9029935922829293 0 0 0 0.071204452451528566 42 357 45 336
3443 -1.6139912553320885 2.643546283178003 3.1809541545905793 71 122 63 0.085308508897710175 40 301 48 393 50 344 52 346
3444 -1.49578274522871 2.7058002131373726 3.1442382955181505 149 168 105 0.27801331659378192 48 364 50 345
3445 -1.6498009994748071 3.022312581979556 2.9518056390074987 71 126 65 0.089329057405065346 36 253 50 353
3446 -1.4531900134831111 2.1959298740299893 3.70479213966573 94 160 83 0.2513201018201362 47 338 50 357 51 377 52 631 53 337 54 333 56 308
3448 -0.69423650067464993 4.3347338172804424 4.9014730067688665 62 115 58 2.0275044247740892 43 385 50 368
3449 -1.7209749122286218 2.6540114611682957 3.1930472247192778 62 113 57 0.089797465660222481 48 421 50 371
3451 -1.6515196542291177 2.3531913181195048 3.4497705548890645 65 120 60 0.037833801408242593 49 341 50 385 52 376
3453 -1.717641262462225 2.4183505092250059 3.4085156450011729 142 157 99 0.61089248640981697 46 383 50 390 54 324
3455 -1.7965060767672292 2.7332590246250974 3.1680284394261298 62 113 57 0.022813323920232068 48 427 50 397
3456 -1.8016545789898664 2.4385474206334021 3.416083908678512 143 158 100 1.0297694658191745 48 417 50 412 52 401 49 381
3457 -1.9036522423202882 2.7420842470888709 3.2405222102486206 81 154 78 0.069137892700165515 49 389 50 418 51 438 52 385
3458 -1.8621099733994995 2.3641390157467859 3.7809961364857458 134 200 125 0.13688418323365761 48 464 49 693 50 425
3459 -1.939440502228321 2.8787322245338074 3.3751525112634084 142 190 105 0.34133796465520283 48 475 50 433 52 408 53 370 56 299
3460 0.035034504590547744 1.7311207426985356 2.5146462916704317 60 111 55 0.065725302083503134 48 500 50 458
3461 0.001878281391359149 2.0663116313657057 2.3994501866289042 181 187 122 0.016313137212508176 48 517 50 463
3462 0.001878281391359149 2.0663116313657057 2.3994501866289042 181 187 122 0.016313137212508176 48 518 50 464
3463 -0.038591563551119201 1.7227969876590201 2.640238818254848 164 173 111 0.199274005819467 49 441 50 467 51 486
3464 -0.084590441575917164 1.8394709728503515 2.6349946853485937 71 132 67 0.025749718863854607 47 515 50 470
3465 -0.05814743243758258 2.3711673906396138 2.4358724639684017 183 194 124 0.10120842060789309 48 822 50 482
3466 -0.19390413347078833 1.9324222843652148 2.857332484697257 76 143 73 0.15791901790754984 45 535 50 492 51 91 53 425 54 417
3467 -0.13629624749314739 2.1009132016196279 2.6706664330695724 97 154 82 0.1466808059918723 49 456 50 494 51 511 52 469 54 54
3468 -0.1791071666513222 2.2214333883385327 2.7518382756598121 76 149 74 0.062502993468323664 49 468 50 495 51 518 52 479
3469 -0.18957190424520096 2.2357430229883799 2.7742908929002219 76 148 75 0.1278288423671938 49 474 50 501 51 519
3470 -0.26501095341595227 1.9770542341336803 3.0776242245259611 70 138 69 0.1208597687985196 49 487 50 515 51 531 52 494 53 445
3471 -0.20290548405201109 2.6278700705599993 2.8620739631622767 149 169 101 0.10290237599184808 48 855 50 521
3472 -0.64282902585224289 3.2178467644373887 3.0005100304163026 101 200 100 0.31777525087950687 49 538 50 556 51 195
3473 0.77138052505614962 4.619241500464371 5.5778839896248504 93 181 92 2.2142925520018877 44 278 50 577
3474 -0.93959298125122559 2.3475444072266907 3.5952468624549963 89 177 90 0.18232866715075757 48 668 50 590 52 578
3475 -1.1956491736417643 2.4162694074938522 3.4287465669386665 85 165 84 0.079100383082052333 49 591 50 610
3476 -1.2956571211574164 2.5528978644506912 3.2533606780409574 179 193 122 0.18232154718697124 49 594 50 617 51 639 53 556 54 242
3477 -1.3340655689956162 2.690252802483323 3.1421011996674855 102 149 82 0.079433397029460243 49 612 50 618 51 642
3478 -1.2845721374190882 2.9086274615942926 2.9765864123584307 179 192 122 0.062414613932380278 49 600 50 620
3479 -1.3813903889195152 2.9887747014544206 2.9422733242223305 72 137 69 0.044681298126027544 49 616 50 622 51 643 52 572 53 543
3481 -1.4442247882773165 2.6663229675695841 3.1716374021493947 170 183 117 0.085052328515566572 48 699 50 631
3482 -1.4367853539143185 2.7414552225840656 3.0945139559529067 138 170 101 0.055042902951558892 49 613 50 632 51 660
3483 -1.4467369832508987 2.7998132905985407 3.0533877788267088 70 131 66 0.015690958564628051 49 615 50 635
3485 -1.476849394430483 2.6350251113210046 3.1924275674719587 193 194 128 0.035857360621294812 48 710 50 646
3486 -1.6213821789542751 3.1686832376563783 2.8785569705838028 69 131 66 0.14051290296611063 49 642 50 653 51 666 52 606 53 563
3487 -1.6389444676043199 3.0959790110681782 2.9186266317118115 68 130 65 0.14029925312954952 49 657 50 654 51 665 52 605 53 564 54 545 56 169 55 196 57 145 58 127 59 115 60 88 2 59
3488 -1.6173972658150237 3.5205187010904777 2.984920596376432 117 218 114 0.57494688785492754 47 761 50 657 51 372
3489 -1.492544094092799 2.2969665962933554 3.5017884632411405 76 147 74 0.085479618652184522 49 629 50 661 52 632 53 603 54 583
3490 -1.5765790823401029 2.1926563241012222 3.6622433318251817 82 154 79 0.070789348420949749 49 644 50 677 52 647
3491 -1.7078300714237673 2.2756744121005292 3.5468729996339543 64 120 61 0.059124166213032542 49 662 50 680 51 705 52 664 53 625 54 595
3492 -1.7077344976516375 2.2755224697497112 3.5459607349696611 64 120 61 0.15349578824803589 49 663 50 681 51 706 52 665 53 626 54 596 55 294 48 408
3493 -1.8324868868891282 3.0483158322489814 3.0716398219643786 215 213 144 0.13208689168362267 49 678 50 691 51 696
3494 -0.066085291379675226 2.0913093283785682 2.5135211405167754 74 143 72 0.10887496338751229 49 742 50 736 51 770 52 710 53 686 55 355 54 388 56 374 57 317
3495 -0.09639169976976808 1.8715329347073664 2.6497300535657553 198 196 131 0.3254746693765313 49 738 50 748 51 774 52 713 53 684 54 657 55 598 56 588 57 543 58 517 59 480 60 464 1 22 61 23 2 26
3496 -0.089859218679347652 1.9412997756386066 2.6241012683941989 71 137 69 0.3948872994451943 48 809 49 751 50 750 51 776 52 714 53 685 54 652 55 599 56 587 57 537 58 336 59 313 60 289
3497 -0.13182256185295282 2.3572373633103578 2.5664319358227039 198 198 130 0.017959584429295222 49 760 50 761
3498 -0.21378100116035301 1.905086704546743 2.9566329588794193 69 136 68 0.18452547990438253 49 763 50 765 51 795 52 736 53 714 54 680 55 389 56 409 57 346 58 349
3499 -0.2358409017011355 2.7022541203657133 2.897932956439345 81 165 80 0.12539483366277063 48 863 50 776 51 538
3500 -0.30930031397769131 2.0424908283293286 3.2100395472416277 71 140 70 0.16153607249275043 49 787 50 784 51 809 52 751 53 730 54 439 55 402
3501 -0.71147892449772687 2.9219462062762713 2.3287215353842279 170 143 103 0.60598587477185706 49 799 50 789 56 396 57 36 58 36 59 28 60 21 1 14 61 15 6 2 7 205
3502 -0.35684401344584638 2.4819557822723284 3.4076420059351209 108 105 55 0.1509798742929048 48 875 50 802 51 575 52 523 53 147 54 139
3503 -0.92952899920692644 1.7035360465072065 3.2222569922092501 255 255 248 0.16362885818846964 49 804 50 811 51 842 52 765 53 752 54 715
3504 -0.93039313543968927 1.7031766665677341 3.2217455375747583 255 255 248 0.17578091173473226 49 805 50 812 51 843 54 716
3505 -1.1182091595373431 1.7587551411204512 3.2444688495302278 155 128 90 0.14857955279059534 49 813 50 828 51 856
3506 -1.1958982487528325 3.2168020971776303 2.8539610947991525 92 179 91 0.13832002053993697 49 833 50 843 51 617
3507 -1.213501452870934 3.5147158129061871 2.7734901873769537 255 255 255 0.26796355009792572 49 842 50 850 52 779 53 750 54 713 56 440 57 91
3508 -1.3683194122592 2.4004917057415494 3.3856275865508483 172 188 119 0.12312354449245821 48 916 50 863
3509 -1.4004051703891123 2.7313432975688055 3.1092961103536991 70 134 67 0.133852335296375 49 849 50 865 51 887 52 799 53 781 54 754 55 669
3510 -1.5185689087087462 2.305707692642545 3.4871602930326353 75 145 74 0.043600369845226215 49 869 50 884 51 906 52 823 53 817 54 786
3512 0.19799168295160979 2.4080277122456617 2.0926974294630489 251 249 233 2.0316589577426556 39 1041 50 947
3514 0.042932503968101887 1.6038579889606215 2.6421886831159753 99 140 77 0.5386033506563993 49 933 50 954 51 960 52 872 53 860 54 832 55 745 56 753 57 706 58 503 59 477 60 287 1 20 61 21
3515 -0.088174097023583808 2.7962789949509008 2.5015382831523687 230 193 150 0.98413302887924425 49 945 50 968 51 980 52 725 53 692 54 654 56 585 58 509 54 838 59 471 60 455
3516 -0.36405077883272996 2.9004618963128643 2.5897421198467057 219 225 199 0.25103656888493397 50 977 51 1084
3517 -0.33786712697699811 1.9599040583393359 3.2886252427977616 139 163 95 0.25426320743493253 49 1045 50 979 51 993
3518 -1.2329087490272843 2.419726343796587 3.4043836427795195 192 200 129 0.12600886142304329 49 978 50 1002 52 927 53 923 54 887 55 788 58 721 59 658
3519 -1.2691546916983547 2.3022488909071357 3.5259414687846871 194 200 129 0.17234279406619143 49 981 50 1007 51 1025 52 926 53 921 54 892 56 808
3520 -1.377308612456688 2.4187093487994957 3.3900501448179816 160 180 112 0.14164908583791472 49 1059 50 1009 54 888
3521 -1.517858642665241 3.1823653546180606 2.8514646339073786 202 201 135 0.062439084142894397 49 997 50 1016 51 1023
3522 -1.7552185921875325 3.0957338360912043 2.9662195398245501 87 168 82 0.2111548439940544 47 1109 50 1025 51 1035 52 937 53 1015
3524 -1.3999955837719447 3.0485481039332023 4.021721326870038 72 118 62 2.3986302704221991 32 567 50 1030
3525 0.15771727428788157 1.8637647208135968 2.2203096279437782 255 255 251 0.17300692564835288 49 1032 50 1047 51 1068 52 968 53 852 54 823 55 737 56 740 58 655
3526 -0.18770061014883688 1.7342181772741396 3.1665968000620919 255 255 240 0.81287317497208067 49 946 50 1058 51 1082 52 985 54 849 56 614 57 352 58 68
3527 -0.73119986804300585 4.0341395341121817 5.1711251500831574 204 202 136 2.7548114851747276 43 1077 50 1094
3528 -1.8912703397646831 2.9964832468599547 3.1607840089713455 120 198 107 0.4433223163867232 49 1073 50 1099 51 1051 52 951 53 823 54 578
3529 -1.1736931760527323 2.858473950963059 3.0510704122067094 82 160 81 0.31167868530898762 49 1109 50 1130 52 1058 53 1004 54 963 55 867 56 880
3530 -0.0041433728968601202 2.0432228048317214 2.431337239146504 157 171 108 0.067989316210787215 49 1128 50 1149 51 1174 52 1082 53 1095 54 1048 56 928
3531 -0.18395691665141978 2.3162717359634963 2.7549190713656091 147 169 101 0.31941149482122499 49 1133 50 1154 51 1177 52 1087 53 1099 54 1001 55 921 56 934 57 878 58 756
3532 -0.61336261985082863 2.8691741784926155 2.3964968508041311 131 159 94 0.47203697909564502 49 1139 50 1157 51 1180 52 1089 53 1050 54 1003 54 1057 55 923 56 936 57 876 58 823 59 753 60 734 1 650 61 659 2 631 3 625 4 611 5 576 6 579 7 580
3533 -0.48105507805223419 2.5821919920155714 3.6139785909643845 97 194 96 0.36783550923997044 49 1144 50 1165 51 1187 52 1097
3534 -0.49131822787652479 2.5714232563145218 3.6034992802635553 97 194 96 0.3306097016567538 49 1143 50 1166 51 1188
3535 -1.0627264228061502 2.8580654672933297 3.0723769851292735 87 172 87 0.28715633218824427 49 1158 50 1174 51 1197
3536 -0.27140082109981062 2.0539647133069052 3.0860542286820443 104 151 82 0.19337414901586988 49 1198 50 1213 51 1248
3537 -0.84653025666395876 3.360938928521561 2.87488794630343 156 202 115 0.77506311494428204 58 922 59 809 60 836 1 742 61 752 2 714 57 930 3 715 4 689 5 637
3539 -1.4272057324760645 2.1847296203611108 3.9732380515797954 255 251 239 0.48143071865810605 49 1167 50 1257
3540 -0.59912856764887767 1.9737831384535065 3.2893786666858578 234 238 212 2.5054913968384804 49 1253 50 1270 51 1295 52 1195 53 1178
3541 -1.7355042987108065 3.7256766750981685 3.1337535819919182 255 252 241 1.1117989288679744 49 1269 50 1282 51 1285 52 1181
3542 0.022076771152671648 2.055438072801604 2.2761579911391383 67 127 64 0.90908485546152595 49 1281 50 1298 51 1321 52 1220 53 1241 54 1166
3543 -1.9814243697280882 2.632632767985017 3.9923940041887431 0 0 0 0.45175724776482917 49 1287 50 1301
3544 -1.2705178615071904 2.5998125118176718 3.2311264643785802 80 151 77 0.028420973243130525 49 278 50 294
3545 -1.3624938212263618 2.3937939911451789 3.4164739456615791 77 148 75 0.011934146226325642 49 606 50 628
3546 -1.2761489370212706 3.0316995912014741 2.931577525309093 0 0 0 0.14325320294688382 43 630 44 690
3547 -1.62755343484252 2.7766173669542802 3.0959282741367957 121 147 88 0.47056149649693774 47 1229 48 1152 50 1086 51 1107 52 1016 53 1013
3548 -1.5009249812513388 4.0228754123200083 3.3983125806150252 240 242 233 2.9263657310842652 49 1290 50 1307
3549 0.095357460698130669 2.095307821990005 2.2818987342080601 202 200 135 0.35233885440371854 32 492 31 462 33 520 34 684 35 726 36 739 38 825 39 925 40 932 43 948 44 1015 45 1058 46 829 47 812 48 795 49 722 49 932 50 724 46 1044 47 1035 51 757 51 959 52 700 30 268 29 233 28 18
3550 -1.55323585191725 2.944411528308708 2.9765176370002204 207 206 138 0.087347328002251062 47 381 48 367 49 327 32 165 33 186 34 209 35 216 36 228 37 579 38 578 39 642 40 640 41 695 42 691 43 666 44 727 45 737 46 746 50 347 51 344 52 325 53 263 54 252
3551 0.01850232657586387 1.8665479277033747 2.451006357354347 65 120 60 0.090498882640226541 48 30 51 26 52 24
3552 0.03343774288079232 1.9822369278481085 2.37862676113948 212 207 140 0.021096761297162051 50 28 51 27 52 25
3554 -0.12340049940032763 1.9630468816319673 2.6778804293126202 79 147 75 0.20641948465096394 46 74 51 57 53 64
3555 -0.14103460207112253 1.7668726783319662 2.8185127365329126 73 132 68 0.081615309865433805 49 60 51 66
3556 -0.15625185276907982 2.417580218260825 2.6314897227441261 167 183 114 0.021669526965411239 49 90 51 83
3557 -0.19580499102853882 2.0500044081654898 2.8313689049233273 195 196 128 0.056282538282824146 50 103 51 95
3558 -0.35073051182854481 2.8419851473139284 2.410180552637156 111 192 100 0.29416792931274804 50 117 51 107 53 74 54 65 55 41 57 29 60 18 1 10 49 105 61 11 2 11 3 10 4 9 5 11 6 3
3559 -0.22431319344487072 1.8521054274437549 3.1809554474870496 74 137 67 0.12231144732336273 50 121 51 110 52 100 53 107 54 108 55 93 56 101 57 67 58 71 60 72 1 74 61 76 2 72
3561 -0.26167038210202709 2.0686128718011023 3.0259419283209774 182 190 120 0.083049838516248128 48 120 49 113 51 118
3562 -0.27887621640691834 2.0817198487124786 3.0410134987124855 80 159 79 0.086250921377557688 50 125 51 120 52 107 54 100
3563 -0.27882807005020788 2.4317472768596824 2.9272171539408176 94 164 84 0.032931247157075141 50 131 51 122
3564 -0.28767987997782307 1.7545451242689198 3.3107768624000693 174 146 112 0.78150585983308729 47 110 50 139 51 125 52 119 53 456 54 446 55 400 56 628
3565 -0.25339705838682536 2.4538844746843353 2.987890494486253 80 161 80 0.2004055683498972 50 129 51 140 52 112 53 114
3566 -0.23625639409409577 3.1678391546511451 3.0645785268071819 254 255 237 0.23629931351465314 48 177 51 155 52 518
3567 -0.40526618130042763 3.3199588346974669 3.0982339160115777 59 125 55 0.19886561319416421 50 201 51 178 52 150 54 118 56 90 58 58 59 54 60 38 1 47 61 47 2 49 3 43
3568 -0.89025526927583365 1.7413072188050722 3.2031503201865519 125 147 90 0.0034936554474285153 50 207 51 206
3569 -0.95785266033378647 1.692803394851834 3.2580358941097747 254 253 248 0.27002765090623021 50 217 51 207 52 204 53 505 60 358
3570 -0.49176999365530216 2.4878603898908036 3.666991239232563 97 188 94 0.10994079494015443 49 189 51 212
3571 -1.0046942538608592 2.7647858877787823 3.1574359923989235 191 202 128 0.13751604242489954 49 235 51 255 53 210
3572 -1.1368491395628824 2.9345010108195231 2.9975255041427395 134 182 103 0.074694265048260863 48 280 51 260
3573 -0.90277139601403045 2.3472470531578082 3.6244856420352995 167 193 117 0.10108369361834714 50 260 51 269 52 251
3574 -0.92002788714293859 2.3955158753926518 3.6058022930936318 136 182 102 0.43778078705503432 50 263 51 273 52 257
3575 -1.0184239619921938 2.5393453996239623 3.3423564660728471 195 201 129 0.031974461370981686 50 268 51 278 52 262 53 233
3578 -1.3384219019905883 2.6138603133810117 3.2118278907558429 78 143 73 0.0015510007175014331 50 316 51 301
3579 -1.3384219019905883 2.6138603133810117 3.2118278907558429 78 143 73 0.0015510007175014331 50 317 51 302
3580 -1.2408324580409662 1.9657378217075392 3.6562460535010066 185 156 119 0.14874669868627449 50 303 51 315 52 335 53 586
3581 -0.58402267572939615 3.4659578067195707 4.446901430249925 83 160 82 0.49586299436739956 41 327 51 322
3582 -1.412400202696884 2.5568590567257656 3.2549857545116745 70 135 68 0.077728079636913139 50 319 51 330 52 314 53 281
3583 -1.4595729206991452 2.5839095592098578 3.2211530397234984 205 202 136 0.09521843377997688 48 362 51 334 52 317 53 283 54 280
3584 -1.4662370597005947 2.6154064848308023 3.1932999527876751 204 203 136 0.037582491430789976 50 324 51 335 52 318 53 286
3585 -1.4874023255931947 2.6038999898266675 3.1983840913178625 68 127 64 0.064615551631574425 49 324 51 336 52 321 53 290
3586 -1.5413520798157445 2.7436468853849476 3.0987332707269415 68 127 64 0.079298146552535004 34 169 35 171 51 340 53 291 54 250 55 222
3587 -1.2880214060006043 2.253779870403176 3.5996025273862267 78 151 75 0.13571376917362979 50 308 51 351 53 302
3588 -1.6769749682919026 2.8528383082911852 3.0649587589962719 68 124 63 0.1080863270810507 50 373 51 363
3589 -1.4292803877070699 2.2188839348866747 3.633185038930999 75 145 73 0.16218458396609337 49 318 50 358 51 379 53 601
3590 -1.6014148834328654 2.464793201319492 3.3283467252973109 200 198 133 0.097937110118284473 50 367 51 386 52 361 53 309
3591 -1.6401980976932553 2.4236324552247099 3.3758667682106962 62 116 58 0.10054868356371227 49 342 50 366 51 387 52 362 53 327 56 268
3592 -1.5774528734521409 2.182346373072364 3.6866526984873489 192 192 126 0.01269290922360362 50 381 51 402
3593 -1.6758905330525731 2.37598457735632 3.434704182524309 61 113 57 0.092935561584936224 48 387 51 407 52 377 53 350 54 320 55 279
3594 -1.2880658607458733 3.4485502331758831 4.2984692715272024 139 154 96 3.0687004391077539 40 363 51 410
3595 -1.8531825594790319 2.6460547828658005 3.2650943741210989 58 108 53 0.030490660427777261 42 383 51 417 52 384
3596 -1.856123458076298 2.8458582938370323 3.122632356259321 136 178 100 0.094155890310094498 42 413 51 420
3597 -1.7043241025626623 2.1227156778237557 3.7504312220154143 177 195 121 0.19522041530942902 50 405 51 429 52 396 55 318 56 330 57 274 59 279 60 244 1 234 61 239 2 219 4 199
3598 -1.7472515489736478 2.322413345122845 3.5353046979762963 212 206 140 0.056665975008952041 50 410 51 432
3599 -1.8150588195259296 2.4364815444529886 3.4544618051783464 134 151 92 0.49029220599069034 50 413 51 434 52 402 53 365 55 300
3600 -1.8721399285414426 2.375429345761765 3.7220380107297935 135 205 114 0.39717560118688627 49 694 51 449 52 418 53 375
3603 -0.030895549631804298 1.9855910214843453 2.4810793409977689 71 135 68 0.0629267871346397 49 445 50 473 51 489 52 453
3604 -0.12229924568517705 2.1668623665961224 2.6339574565539206 79 154 78 0.18962394380092379 50 480 51 501 52 470 54 399
3605 -0.17121885916846141 1.8700751837152771 2.8228376620132223 167 178 113 0.21086710596616454 49 465 50 491 51 509 52 476 54 406 55 54
3606 -0.17817359667253732 1.7937325951119412 2.9175988865293947 68 133 67 0.1030104813902973 49 462 50 487 51 515 52 474 53 423 54 416
3607 -0.13991266171863542 2.7807798168570397 2.7281435312666709 169 201 117 1.3530956643526224 50 509 51 524 52 88
3608 -0.13809529798489004 2.9302086519300383 2.6959533493837928 252 252 229 0.054898222944027193 50 511 51 525 52 92
3609 -0.13809529798489004 2.9302086519300383 2.6959533493837928 252 252 229 0.054898222944027193 50 512 51 526 52 91
3610 -0.25747359980899609 2.0300484435077522 2.9809559171416584 81 154 78 0.10154438033755576 50 516 51 532
3611 -0.32921875611186957 2.0769781763400781 3.2642100480428682 76 152 76 0.20040903844049643 48 582 51 559
3612 -0.83526793245104014 2.916855006530553 2.3839107578500101 114 105 53 0.7389727205493678 50 179 51 566 52 500 53 725 54 690 55 619 56 610 57 561 58 522 59 487 60 472 1 420 61 425 2 393 3 399 4 374 5 348 6 227 7 208 8 6 9 6 10 5
3613 -0.83353218352528513 2.9272355948633826 2.3900212333918298 114 105 53 0.31288841021931668 50 180 51 567 52 501 53 726 54 691 55 620 56 611 57 562 58 523 59 488
3614 -0.89393412479795242 1.7077893712092131 3.2243813464411937 135 155 95 0.15438442134026623 48 615 51 588 53 503 54 484 57 418 58 404 59 386 60 356 1 329 61 333 2 319 3 333 4 301 5 275 6 294
3615 -0.82885650603405758 2.5600940143441968 3.4000637564377674 92 179 91 0.060705449361681027 48 652 51 610
3616 -1.0688989721643682 2.4197680291361103 3.4354283614287211 87 169 86 0.012785486857502961 50 595 51 634
3617 -1.1147928999044185 2.4690371423124531 3.3758181738059259 169 189 117 0.019084389784601745 50 291 51 636
3618 -0.62112006651281149 3.6974338287893627 4.4920497157442938 76 146 74 2.4568837547214448 42 672 51 656
3619 -1.340127261259767 2.5484014731020226 3.2611008928188019 76 142 72 0.10353975605276702 49 608 51 657 54 540 55 490 57 441 56 683 58 409 60 361
3620 -1.4356441810642115 2.7441710864187017 3.0965529876004108 148 173 105 0.045336653123230999 50 633 51 661
3622 -1.4084941229934176 2.3511531094681879 3.4671694672419981 74 144 73 0.11319482607957765 50 644 51 671
3623 -1.6862445117342391 3.5436204701990635 3.0317600587001872 174 143 107 0.2729441749977714 50 894 51 679 52 621 53 297 54 259
3624 -1.6373340761501121 2.3881700139179238 3.4133952194119028 92 129 71 0.084979059652107919 49 646 50 664 51 686 52 633 53 604
3625 -1.6168738540268277 2.4607620621480146 3.343402420281909 64 119 60 0.075367843104422155 50 662 51 687 52 634 53 606 54 572 55 524
3626 -1.616898817363513 2.460488605957118 3.3430837197313137 64 119 60 0.06618771486213762 50 663 51 688 52 635 53 607 55 525
3627 -1.7779570280610191 2.7776342996467567 3.13858164129259 93 130 73 0.10415370234587865 50 686 51 691
3628 -1.6418924282832776 2.3173287115351928 3.4846439799731095 67 122 62 0.071860087464713812 48 725 51 707 52 650 54 592
3630 -1.7373844406492425 2.4918314542743194 3.3487898822764834 204 201 136 0.02238013732042432 49 664 51 710 53 608
3631 -1.6255544832357323 2.1517631160378792 3.7212886857137404 73 141 71 0.19704583880200946 49 354 51 715 52 661 53 634 54 608 55 557 56 556 57 505 58 476 59 452 60 429 4 178 5 320 6 327 7 124 8 151 9 148
3632 -1.7739091235811013 2.3518117730592758 3.4931065011448266 197 195 131 0.078127735528366354 50 693 51 717 53 637
3633 -1.7739091235811013 2.3518117730592758 3.4931065011448266 197 195 131 0.078127735528366354 50 694 51 718 53 638
3634 -1.8063197053231919 2.2114672453035409 3.8127204412723041 199 202 133 0.078201383898156035 50 704 51 731 52 676 53 659 54 624 55 562 56 333 57 283
3635 -1.8731584629519147 2.369184765417228 3.6296163371940331 91 178 91 0.066136374279101517 50 707 51 734
3636 -2.0563200247078983 2.7519605738149115 3.5603408542338273 255 254 244 1.1236320033619447 49 705 51 744 52 686 53 656 54 621
3637 -0.13201375400024079 1.7065898556106038 2.9244934366460296 65 127 63 0.21392577516347749 50 753 51 783 52 727 53 705 54 666 55 612 56 605 57 563 58 533 59 494 60 481 1 426 61 431
3638 -0.13804581775356062 1.7069020242156108 2.9592761248914146 136 160 96 0.15903348314751678 48 536 51 784 52 728 53 704 54 679
3639 -0.11315466227618337 1.7180892490287085 2.8183549024719441 68 131 66 0.089811858135304942 50 747 51 785 52 719 53 697 54 665 55 605 56 593 57 553 58 529
3640 -0.42039236600871333 2.8200576531461623 2.4579915684595877 157 172 103 0.26833503869331715 50 526 51 799 52 734 53 712 54 674 55 610 56 597 58 514 59 474 60 458 1 410 61 415 2 391 4 379
3641 -0.24303106510160261 2.2229774860441296 2.9649541354615194 80 159 80 0.31293538565581686 50 774 51 803 52 739 53 717 54 689 55 391 56 410
3642 -0.51186550892766913 2.8622806935341436 2.4756012261130556 84 150 75 0.32920712409712749 50 779 51 806 52 740 53 877 52 894 54 845 55 754 56 762 57 712 58 672 59 604 60 590 1 528 61 534 2 524 3 504 4 495 5 465 6 467
3643 -0.72366553652965315 2.8912540530273003 2.381449401481214 242 245 228 0.25741453628369276 48 612 51 815 52 745
3644 -0.29189873165077973 3.2909479320835047 3.1582238623118815 251 255 229 0.17947525787671192 50 805 51 828 52 754 53 467 54 445 55 399 56 89 57 60
3645 -1.0660429811963121 1.6953665821555479 3.2230334262278793 164 132 97 0.21076075360943633 50 826 51 848 52 771 53 764 54 734 55 664 56 661 57 419 58 407 59 153 60 136 1 121 61 125 2 112 3 129
3646 -0.97384771824423333 2.6504824569961678 3.2518462636956373 89 176 89 0.11008531760100855 50 832 51 850 52 773 53 753 54 719 56 649 57 606
3647 -0.92065139984414457 2.7674613685576843 3.1965455755631682 194 204 130 0.066274713500842589 50 833 51 851 52 775
3648 -0.92937180097880123 2.7539626569585627 3.1890292985377044 194 204 130 0.19731288175559189 50 834 51 852 52 774 53 754 54 720 55 642 56 637 57 592 58 560 59 514 60 504 2 421 3 428 25 392
3649 -1.1010956294201606 1.7380619769475341 3.2769995920377664 178 147 110 0.35005098761934994 50 827 51 855 52 780 53 530 54 225
3650 -1.2508118214818846 2.5448975434520911 3.2707232281346705 79 153 77 0.097878445851381335 49 837 51 878 52 798 54 752
3653 -1.6710039181742966 3.8108780662528212 3.0254373006190876 185 155 118 0.56701033980433124 48 1160 51 903
3654 -1.6197913612498107 2.1640519488588081 3.6987558013432942 166 181 115 0.17272686001476015 50 896 51 914 52 846
3656 -1.8922574274867818 2.6308180144303348 3.2951287839542642 175 182 118 0.2156552996613276 50 915 51 937 52 840 53 628
3657 -2.0279005690352725 2.8902976151192923 3.5938894015335774 253 248 238 0.62161969363429626 50 941 51 954 53 655 54 813 56 324
3658 -0.069511498680819794 1.7588025654082724 2.6525388188467018 66 126 64 0.075835886310919254 50 957 51 969 53 864 54 837 55 750 56 756 57 707 58 669
3659 -0.093896007415410043 1.6243794980807553 3.0186402125174436 251 253 236 0.25851438663174747 50 963 51 973 52 891 53 872 54 847
3660 -0.77339819011471822 2.9842893314340491 2.4629830134914319 222 226 200 0.97386481907614597 50 986 51 995 52 993 47 1163 53 985 55 849
3661 -1.6869067312213382 2.3418285598131194 3.4777741556606383 200 199 134 0.27762704799870319 49 1007 51 1046 52 945 54 909 55 817 56 828 57 768 58 739 59 672 60 651
3662 -0.069408163001128897 2.2615623945670924 2.4459619422157002 106 162 88 0.61959935338066519 45 1221 51 1072 52 978 53 970 54 836 55 749 57 531
3663 -0.12251867025283228 2.3104026751658098 2.5906379069474164 79 155 78 0.69029511977635782 50 1115 51 1079 52 982 53 974 54 931 55 751 56 757 57 709 58 508 59 482
3664 -0.55499409213307371 3.0632299981253532 3.1706602997762503 144 200 112 1.3827869551268055 50 990 51 1094 52 907
3665 -1.6281943381087627 2.7703379823431207 3.0914646681367448 141 159 99 0.39085678359597786 50 1087 51 1108 52 1017 53 1014
3666 -1.7604519543230168 4.0628819597694612 3.379413355727118 0 0 0 0.67574149991506205 50 1144 51 1116 52 1070
3667 -1.7528910219813405 4.1100782689599455 3.4172788896268718 0 0 0 0.48650477918966456 49 1021 51 1117
3668 -1.7900706353423554 2.4287683490221319 3.4308829457751973 84 121 67 0.31396086879886548 47 1190 51 1118
3669 -1.7900706353423554 2.4287683490221319 3.4308829457751973 84 121 67 0.31396086879886548 47 1189 51 1119
3670 -1.8293226340012634 2.2485979446622264 3.6893236334223771 169 184 117 0.69253651394547477 48 1156 51 1122 52 1029 53 1033 54 988 55 828 56 728 57 506 58 289 59 274
3671 -1.9513663266936236 2.4481393828135558 3.983817249221945 255 255 248 0.18441183834118671 50 1106 51 1125
3672 -1.9902881383467783 2.7838606950757563 4.6930688030675318 1 1 1 0.47662971061964904 50 1039 51 1126 53 954
3673 -0.30109974238749848 2.8445155715590045 2.4174312362418484 157 209 120 0.91777006357288671 49 1135 51 1142 53 1045 54 999 55 920 60 733 2 630 3 624 4 610
3674 -0.30034921564120154 2.8299728564087858 2.5037972724744786 111 157 79 0.33975245017722611 50 1117 51 1143 52 1043 53 1049 54 1002
3675 -0.28826842857111012 2.1097368034889219 3.0171061779996213 80 159 79 0.65300377321875747 50 1118 51 1145 52 1045 53 1052 54 941
3676 -0.26866164227120271 3.0304020166009602 2.7325079317178771 1 1 1 0.61491932458894938 50 1119 51 1146 49 1047
3677 -1.6441913159408141 3.7283151442152831 2.9011941250806124 0 0 0 0.66667465383928581 51 1163 52 1014 53 1011
3678 -1.8284390536302695 2.2611257054232312 3.8078780249253672 93 184 94 0.81115774570763954 50 1146 51 1168 52 1076 53 1090 54 1044 55 964 57 861 59 679 60 574 1 394 61 399 2 368 5 168
3679 -0.15016159808130983 1.8673383798927907 2.8779674175351606 145 168 102 0.099304901138310406 49 1129 51 1175 52 1085 53 1098
3680 -0.6853563025806555 3.1399428343146698 3.0959362343562518 110 169 90 1.9186141719018781 51 1186 52 1095 53 1062
3681 -1.1114333342509053 2.5938100728869267 3.2661470210225021 163 190 115 0.28794720737630453 49 1157 51 1201 52 1113 53 1121 54 1076 55 993
3683 -1.6401761711273806 2.1922731494562995 3.6564700159063483 174 184 118 0.30086595825395451 50 1189 51 1218 53 1151 57 960 59 846 60 824 1 730 61 740 2 701 3 697 4 678 5 622
3684 -1.4378698748285657 2.9140593144561007 3.0232928017034619 70 133 67 0.56239832260093536 50 1238 51 1268 52 1166 53 1193 54 1080 55 997 56 996
3685 -1.4520118722303708 2.8691878999149814 3.0046503309824537 70 133 67 0.71428172217744934 50 1239 51 1269 52 1167 53 1194 54 1079 55 996 56 995 57 940 58 891 59 815 60 799 1 698 61 708 2 680 3 632 4 617 5 581 6 582 7 583 8 579 9 589 10 515
3686 -1.3575442806581604 2.084267162341372 3.6278478989608129 255 255 255 0.61468231909946858 50 1245 51 1272 52 1182 53 1208 54 1136 55 1053 56 1016 57 957 58 908 59 837 60 777 59 792
3687 -1.3868741202268826 2.1867024635217533 3.8233036461955234 126 109 60 0.15665518908530704 50 1188 51 1281 52 1187
3688 -1.5897468434598703 2.1434101375759487 3.7879324275192223 128 161 93 1.4853389486443151 50 1258 51 1286 52 1207 53 1230 54 1156 55 1082 56 1078 57 1011 58 961 59 886 60 866 1 765 61 775 2 750 3 748 4 722 5 673
3689 0.24113630308527251 2.3727488083681454 2.1501417322944416 255 253 240 1.1456223379908264 49 1270 51 1320 52 1219 53 1240 54 1165 55 1087 56 1090 57 1017 58 966 59 883
3690 0.093666793763868939 1.6393884618607344 2.5298662756205075 67 119 63 0.67565215880360319 41 4 45 6 47 12 51 9 43 428 46 823 52 442 53 397 54 374 55 12 56 13 57 313 58 17 59 20 60 7
3691 -1.5359223805498361 3.0129609671859878 2.9345023133693733 192 196 129 0.28873932023722398 32 167 33 215 51 343 34 456 36 511 42 694 44 732 47 719 52 295 53 562 30 124 28 100 29 92
3692 -0.29048877665486461 2.4818371908812114 3.2944771415042302 220 223 203 1.3118705945905194 41 164 45 176 48 166 51 148 34 106 35 96 37 102 38 94 39 113 44 172 45 177 46 188 47 158 49 507 50 166 53 470 54 124 55 106
3693 -1.9629111773809578 2.8576066178168777 3.3883361996880113 227 230 207 0.13448330889906895 37 304 38 590 39 671 40 657 41 726 42 718 43 705 51 945 49 911 50 926 52 854 53 842 54 802 55 549 56 544 57 478 58 462
3694 -1.6158748755786785 2.9532207895134772 2.9818939998162537 201 202 135 0.13349119916600916 28 84 32 158 31 145 33 182 34 206 35 215 36 249 37 285 38 298 39 328 40 340 41 368 50 349 51 364 42 689 43 667 44 728 45 738 46 748 47 740 49 640 52 327 53 294 54 253 30 123 29 76 26 58
3696 -1.5944961374655875 2.8698006640575753 3.0263882375638342 206 203 137 0.11401501116024715 34 603 35 784 39 1003 50 1018 51 1032 36 673 37 747 38 760 41 1037 42 1040 44 1072 43 1014 45 1114 46 1110 47 1097 48 1077 49 992 52 811 53 798 53 925 54 756 55 683 56 669 57 630 58 576 59 528
3697 -1.9287272072438464 3.0331536956927287 3.2566232848115906 239 243 218 0.11012264359238279 37 598 38 601 39 683 40 674 51 939 45 1024 46 1018 47 1014 48 990 49 916 50 920 52 843 53 629 54 590
3698 -0.24478523227220098 1.9443282429923952 2.978630590742783 74 145 73 0.045389429760041788 50 101 51 112
3699 -1.4886760082161359 2.4384793533165405 3.3515002882300795 69 132 67 0.13709410443383482 50 874 51 897 52 812 49 858 53 805 54 773 55 698 56 696 57 654 58 614 59 545 60 376 1 333 61 337 2 325 3 346 4 304
3700 0.17217226331132846 1.719267655094308 2.2589283385464967 140 114 72 0.04528287917879905 51 5 52 10 53 6
3702 0.037873068037021007 1.7347016578186607 2.5149931381965911 60 110 55 0.12387672884300445 51 21 52 21 53 21 57 11 58 19
3703 0.018549579290236706 1.9822248035302508 2.3955843463403776 196 197 131 0.098913392513720194 51 29 52 26 53 27 54 17
3704 0.018549579290236706 1.9822248035302508 2.3955843463403776 196 197 131 0.098913392513720194 51 28 52 27 54 16 53 26
3705 0.028252540355660938 1.5736559827197882 2.7037187305451114 58 107 52 0.048461594519014529 51 35 52 33 56 28
3706 0.024949432330296006 1.5705342230931514 2.7012665754794116 58 107 52 0.038445846516933418 51 36 52 34
3707 -0.027927701749919598 2.317817989338657 2.4205828408302135 208 210 139 0.066205359763242599 51 40 52 38
3708 -0.070060874243845217 1.7152982945839998 2.7005865162598073 198 195 131 0.064593512443109541 51 48 52 42 54 46 56 31
3710 -0.089210486997058469 2.1382366434362714 2.5418415565797945 81 157 79 0.12054278507415983 50 65 52 48
3711 -0.090196824460391789 1.6468640896506339 2.8375937033293557 66 128 64 0.08831041829809598 50 55 52 56 54 68 56 68 53 56 58 46
3713 -0.099723251718188355 1.6624017947983794 2.9729925021777577 69 130 65 0.14180086673421835 50 74 52 75 53 76 55 65
3714 -0.19884803304785612 2.0885455062734715 2.8389105286628173 84 161 82 0.10719619063226665 51 98 52 80 53 82 54 84
3715 -0.20220380163265669 2.3765063491772902 2.8273884270648844 85 167 84 0.010598474035109239 51 101 52 83
3716 -0.26946054278517156 1.9232334687545931 3.1678563352882003 72 138 69 0.14793802057623207 51 130 52 104 53 110 54 112 56 103
3717 -0.26792056485935661 1.9247357856728908 3.1686162231715138 72 138 69 0.11738867998878265 51 131 52 105 54 111 53 109
3718 -0.27429679598619267 2.1164373354999713 3.0749202173865107 183 192 121 0.076717037575428818 51 136 52 108 54 101
3719 -0.27599315284590747 2.1148796276494592 3.0740409605985168 183 192 121 0.029073596032884348 51 137 52 109
3720 -0.27173861462535542 1.9500047220782162 3.2917559681246931 168 177 108 0.077341519451036359 51 133 52 120 53 121
3721 -1.0196216843939094 3.0863980232230785 2.6837400279589692 98 134 70 1.2127633548084491 51 584 52 170
3722 -0.87997915043949781 1.6932886854638345 3.2521871176735884 119 161 92 0.10024832361938833 51 205 52 174 53 192
3723 -0.59776343617799543 2.5824848194930747 3.5148811733636349 184 193 120 0.11884365315175666 51 214 52 181
3724 3.1136746330456138 10.154300091629624 7.6670553737776768 94 185 93 0.10995437013726528 50 251 52 185
3725 -0.92761233750530736 2.9631981733558059 3.0543386451016801 96 183 93 0.11536636681387091 51 226 52 187 54 168
3726 -0.95677690406412674 2.9728644754856206 3.0367637316672038 95 184 93 0.11738850417744283 51 258 52 189 53 184 54 169 55 151 56 127
3727 -1.4466187308235572 1.9215247533358863 2.4199182731913127 92 183 91 0.8461422132924592 49 550 53 484
3728 -0.95798955751469261 1.692822088230874 3.260016000971532 255 255 253 0.38603055835372041 51 208 52 203 53 504 54 508 55 464 56 480 57 621 58 582 59 531 60 357 1 468 61 473 2 450 3 343 4 313 5 276 6 112 5 92 7 76 8 298 9 308 11 109 12 70
3730 -0.92778098109087592 2.7239932520208212 3.2099255687458572 148 189 109 0.13752356517559339 50 239 52 218
3731 -0.94408523301111624 2.698480554732952 3.2172658133260761 89 176 89 0.060557136584016374 51 252 52 219 53 207
3732 0.82234257250776421 5.8144848877326005 5.3595722187856083 90 177 89 0.79046552681745297 49 254 52 220
3733 2.8055639545899753 10.048298429171899 7.6371532279780139 173 198 121 0.12735744637830484 50 281 52 222
3734 2.7125450921137624 10.011144201960576 7.4798846152038534 191 202 128 0.40933671880343003 50 278 52 224
3736 -1.0956519892405734 2.9696239790418884 2.9784336485251242 94 177 91 0.076001008903261377 51 259 52 230 53 186
3737 -1.2049817182105156 3.0242133345532736 2.9455688493136605 85 163 82 0.055415331644242102 51 287 52 237 53 216 54 192 55 153
3738 -0.51485241884121669 2.2870296755440194 3.9623774244346905 208 208 192 0.16590800843061013 51 232 52 245 54 221 56 225
3739 -0.89314652536100136 2.4003915499346267 3.5338523475394417 165 193 116 0.017268952363911669 51 270 52 253
3740 -0.89314652536100136 2.4003915499346267 3.5338523475394417 165 193 116 0.017268952363911669 51 271 52 254
3741 -1.0176840135749956 2.5410328556385089 3.3434032701004579 196 201 129 0.09654984169557565 51 277 52 261 53 232 54 209 55 185
3742 -0.28230680868609032 4.0166720103656477 4.2823829839960696 201 202 132 3.1980459839384485 47 304 52 263
3743 -0.06573607942191001 4.6803463033375738 4.5132302558472803 86 166 84 3.1367355448123719 48 316 52 264
3744 -1.3273086484811929 2.8410447623875483 3.0381552010866471 204 207 136 0.037968828782212111 51 306 52 266
3745 -1.2754725424190398 3.0321245216744561 2.9298666790651895 85 158 81 0.000653758059632283 51 289 52 267
3746 -0.52013568996868043 2.4302983164480225 4.2722470847621263 252 248 237 0.22574114831093464 51 266 52 272
3747 -1.0769586135507476 2.2889985997847702 3.5955767946092214 83 161 81 0.093379561371249628 51 294 52 277 53 273
3748 -1.1848229664625287 2.5987024555065839 3.2444674377182614 81 157 79 0.062511785396477754 51 299 52 283 53 235 54 211
3750 -1.3742906149494647 2.7037992283855301 3.1132174848794931 71 137 68 0.017077320652710157 51 305 52 288
3751 -1.4324980395456022 2.7868294895857075 3.067384653776251 206 204 137 0.018761286110858338 51 338 52 289 53 260
3752 -1.4430945070509265 2.8039063556148527 3.0569351617212814 71 135 67 0.11809937594705222 51 339 52 290 53 261
3753 -1.2207804337765182 2.2945720621513934 3.5509164140446616 86 161 82 0.15576928258159764 51 318 52 303 53 274 54 268 55 227
3754 -1.2815817821091493 2.4610689483082848 3.3493419127560919 204 203 135 0.051697705961630543 50 314 52 311
3755 -1.3085008175685613 2.4493180475105194 3.3638822881916099 76 147 74 0.13458427165111797 50 315 52 312
3756 -1.2908712302552494 2.2481454567752461 3.5953551816034377 74 145 72 0.065668078893918083 51 350 52 338 53 301 54 301
3759 -1.7008184604303409 3.6024019359116868 3.0412403466004978 255 250 239 0.10525042686893503 51 373 52 352 53 298 54 261
3760 -1.4685232382406719 2.2192817555386988 3.6276600239371684 195 193 126 0.13264050147252388 51 380 52 357 53 323 54 317 55 271 57 250 58 258 59 254 60 403 56 532 1 195 61 200 2 170 3 192 4 174 5 132 6 132 7 120 8 132
3763 -1.7178194544222223 2.6624448316371887 3.1994880350304062 65 118 61 0.061497017636304281 51 391 52 368
3764 -1.5249805748681846 2.219316398333512 3.6121275260049992 195 196 130 0.1029944580178206 51 384 52 373 53 343 54 340 55 288 56 291 57 254 58 263 59 259 60 212 1 199 61 204 2 174 3 194 4 140
3765 -1.5249805748681846 2.219316398333512 3.6121275260049992 195 196 130 0.1029944580178206 51 383 52 374 53 342 54 339 55 287 56 290 57 253 58 262 59 258 60 211 1 198 61 203 2 173 3 193 4 139
3767 -1.9904434618456608 2.8067315047556245 3.5456564530993653 252 249 242 0.17741909024579855 50 438 52 419 53 377 54 354
3769 0.23579101166014221 1.8218890594684949 2.169867382695148 255 255 236 0.13232726351987087 51 468 52 427 53 383
3771 -0.080554931054694412 1.709953020917568 2.7191851956043998 69 127 64 0.087611724152721296 50 468 51 497 52 459 53 411 54 395 55 357 56 385 57 327
3772 -0.079638927095544432 1.710864945764434 2.7197466883414765 69 127 64 0.083285517999054939 50 469 51 498 52 460 53 412 54 396 55 358
3774 -0.10818738420526722 1.8053567720649668 2.7080709728796952 70 134 68 0.03773095644995262 49 455 52 463 54 398
3775 -0.16873084136323299 2.0344411835413472 2.779933186423809 135 172 100 0.028585493943157497 51 510 52 468
3776 -0.28376417341360871 2.0864642059928342 3.1020535474046578 190 193 124 0.14411778785516169 50 518 52 495 53 449 54 440 55 398
3777 -0.28763092335087165 2.3417521997474693 3.0998099611885896 167 181 109 0.1267800027641936 50 532 52 497 53 452 51 811
3778 -0.89409985339745157 2.9614518634588962 2.3375092809376401 211 179 137 0.28752460593581181 51 568 52 503 53 455
3779 -0.31413503854970637 1.7947914599057897 3.295511006385742 106 98 48 0.089998792172770112 51 548 52 505 53 118
3780 -0.39219454922774571 1.817729269916436 3.2921153958342759 255 255 236 0.22004690368168311 51 821 52 509 53 469 54 448 55 411 56 431 57 379 58 375
3781 -0.2831994001201289 1.951030372342446 3.2414397735512583 149 165 100 0.12209686295696619 51 549 52 510 53 457 54 438 55 401 56 417 57 362
3782 -0.31425698014677045 2.0552173392179314 3.2293770067103948 78 154 77 0.1749742347232274 50 531 52 512 53 459 54 452
3783 -0.72496769694094043 2.8540112615422779 3.220367112278919 196 202 129 0.073434261143100366 51 595 52 543
3784 -0.47515140948441598 2.2423929390345179 3.8985048742349515 246 250 223 0.26950134742579235 47 634 51 603 52 549 53 522 55 476 57 197
3785 -0.47431489377387609 2.2419391292101696 3.8970457239460061 246 250 223 0.19163405712616827 47 633 51 604 52 550 53 523
3786 -0.9666029174034716 2.7208306731941416 3.2068111068996155 90 175 89 0.056004406449785403 51 611 52 556 53 513
3787 -1.0328391673463206 2.7177414037235277 3.1859695484386648 86 170 86 0.14780437078042091 51 612 52 557 53 515 54 494
3788 -1.1197393966648708 2.8270336020020088 3.070666040951239 86 169 85 0.1081549369143829 51 629 52 558 53 516
3789 -1.1404777588872503 3.0207601040714795 2.9569053597416755 88 172 87 0.027280174422244563 51 615 52 559 53 517
3790 -1.0672008248912306 1.6858424923211521 3.2475063294866313 249 244 231 0.22587982037973647 51 240 52 562 53 529 54 511 55 663 56 678 57 638
3791 -0.92087343179175041 2.4044852338942699 3.5401099279217751 87 172 87 0.062381550591859292 51 624 52 565 53 534
3792 -0.98914438243133174 2.3805176504736107 3.5112274905010503 87 171 87 0.20837747886497893 51 625 52 566 53 553
3793 -0.94882229850479582 2.3615105226618778 3.5984994565851616 87 172 87 0.0053046738782814695 51 622 52 579
3794 -1.2018217546837433 2.4067948793558829 3.4193898269352849 82 160 82 0.14702044473311698 51 635 52 580 53 554 54 539 55 488
3795 0.11141061557727489 5.3398695734844353 5.3988059776609481 196 199 131 1.1550833083398957 49 614 52 595
3796 -1.4229320025658803 2.4963656779778205 3.2966390341351066 71 134 67 0.14923554715541995 50 629 52 599 53 579 55 511 57 444 32 93 58 425 59 400 1 125 61 129 3 108 4 95
3797 -1.4779206822419237 2.6752334155917845 3.153072060225468 69 131 65 0.097876066769318162 51 658 52 600 53 580 54 543 55 494 56 492
3798 -1.4214794466360803 2.2552873252736245 3.537667209102016 172 183 116 0.034835394517567245 51 668 52 611
3799 -1.5179967139415764 2.1258112209762592 3.8022385688665037 86 148 75 0.220189328014993 51 700 52 645 53 834 54 605 55 554 56 554 57 504 58 482 59 269 60 242 2 216 3 242 4 198 5 165 6 182 7 142
3800 -1.6421432119798027 2.3169903261374194 3.4843530788908397 66 119 60 0.079929884640787263 48 726 52 651 54 593 56 534
3801 -1.4613452505688249 2.2693827929226407 4.1095961287453955 174 144 108 0.38487200216380996 51 423 52 656 53 645 54 809 55 727 56 840 57 774 58 746 59 680 60 668 1 588 61 597 2 592 3 566 4 565 5 523 6 522
3803 -1.5099605360092809 2.2453605945345472 4.0915683565851397 179 149 113 0.40848605696871426 51 426 52 658 53 647 54 810 55 729 56 732 57 775 58 747 59 681 60 669 1 589 61 598 2 593 3 493 4 481 5 451 6 349
3804 -1.5215329085716658 2.203440947028056 3.9490404797052814 151 196 117 0.38921286383859011 51 425 52 659
3805 -1.5843864711345912 2.1403739053157471 3.8472296958681533 184 203 129 0.32380618376397685 51 427 52 660 53 633 54 606 55 555 56 555 58 483 60 427 3 383
3806 -1.719239892294953 2.1790753439588628 3.6431259946866472 66 125 63 0.13892150526444094 51 716 52 662
3807 -1.969922627838661 3.0087392230969496 3.3168438087203902 169 138 103 0.13360883820699265 51 727 52 673 53 354
3808 -1.9238479532182351 2.535777270127908 3.4928731079670432 206 206 137 0.066449323639213659 51 736 52 678
3809 -1.8002631227239521 2.316292990943809 4.0849543897228537 254 251 241 0.50061721063292797 50 713 52 680
3811 -2.0101451215279842 2.820315452259949 3.612003431713271 183 153 117 0.18403778994879558 51 743 52 685 53 653 55 311
3812 0.24739111408157394 1.9458469582103848 2.1220960444208181 255 255 255 1.0854290413860652 50 715 52 690 51 748 53 385 54 365 55 329 49 713 44 1104
3813 0.097288268766062558 1.8991428867299867 2.3403459129627424 66 124 62 0.023884020883848799 51 755 52 699 53 672 54 636
3814 -0.0077883378973666595 1.9832803687693166 2.4323848215419281 163 176 112 0.21541511995518245 51 762 52 704 53 679 54 645 55 588 57 309 59 17
3815 -0.082078849017288402 1.701303850864984 2.750752308548035 67 128 64 0.14620298874164175 50 745 51 773 52 712 53 696 54 656 55 597 56 592 57 329 58 342 59 317
3817 -0.75532956425283415 2.9256992301888105 2.4109153101177245 124 121 69 0.23247511542181107 51 818 52 746 53 723 54 685 55 616 57 549 56 766 58 674 59 606 60 591 1 530 61 536 2 525 3 505 4 496 5 355 6 357 7 361 8 377 9 239
3818 -0.75532956425283415 2.9256992301888105 2.4109153101177245 124 121 69 0.23247511542181107 51 819 52 747 53 724 54 686 55 617 56 765 57 550 58 673 59 605 60 592 1 531 61 537 2 526 3 506 4 497 5 356 6 358 7 362 8 378 9 240
3819 -0.90256174812629086 3.2012240346378995 2.7413026764414412 1 1 1 1.7764193207136971 51 583 52 763 55 634 53 475 57 716 56 862 59 332 59 696 60 478 61 275 1 270 3 27 4 385
3820 -0.49252698206722034 2.2725500855121514 3.94119238078359 139 132 82 0.21621235083558688 51 847 52 770 53 761 54 503 55 674 56 487 57 448 58 428 59 420 60 394 1 183 61 187
3821 -1.029901813247599 2.482301513415583 3.4042468149507008 198 201 130 0.084024861763174044 51 861 52 785 53 770 54 739 55 666 56 663
3822 -1.1552697421297313 2.8183699826926412 3.078424007853743 210 210 139 0.16056901348052791 51 862 52 786 53 756 54 722 55 653 56 650 57 593 30 468
3824 -1.3216457698752857 3.2143634687980218 2.8331085564399956 222 220 147 0.17454912965252331 51 872 52 791 53 759 54 725 55 435 56 441 57 376 58 98 59 74 60 61
3825 -1.1502218080663269 2.4881418767853436 3.3548835168600712 84 163 82 0.09830523428232163 51 875 52 796 53 779 54 750 55 679
3827 -1.6878845471255692 4.0141926654049982 3.1803027512537265 0 0 0 1.6408687095221575 40 1016 52 819
3828 -1.9418185730275412 2.3882106524257098 3.9696869207761245 182 151 114 0.0096147318596262396 51 955 52 864
3829 -0.017025629821619981 1.7045514934586308 2.6053855009310962 60 112 56 0.018851751872078302 51 968 52 874 55 748
3830 -0.16427358093702582 2.8176913847601597 2.5226295562404788 159 135 93 0.39566172297565899 50 971 52 887 53 701
3832 -1.3619898354342279 2.7598189595783644 3.0850560856166096 197 199 131 0.16362856028147316 51 1019 52 919 53 915 54 875 55 784 56 796 57 734 58 701 60 621
3833 -1.6079773249234603 2.9918944529554929 2.9615053497704245 218 213 145 0.21707319942684838 38 891 52 932 30 476 29 287
3834 -1.2250977311209539 1.9932194386776447 3.7159417534132189 250 246 235 0.097752859425128402 51 894 52 934 53 1017 54 980
3835 -1.690427161463109 2.8833493513327686 3.0370986679163163 167 178 115 0.17547966482154279 49 1068 52 936 53 926 54 889 55 792
3836 -1.4064914236691619 2.120853501285572 3.8884860192203026 254 249 238 0.11542631903926298 51 912 52 943
3837 -1.7082500063512915 2.3799457292022446 3.448765404104194 60 111 56 0.019024466350565917 50 1031 52 947
3839 -1.9103166212945213 2.7492011863290431 4.5129679027554275 255 252 242 0.30079866875628286 51 1060 52 961
3840 -0.07784756368076523 2.2544766464328565 2.4441360227943201 117 170 94 0.1301572727980933 51 1073 52 977 53 969
3841 0.99537739874225473 2.3387867259831436 3.551069538806602 255 252 241 0.95175622699296114 38 829 52 980
3842 -0.026061508326508609 1.6361411600509868 2.6937257178441616 169 176 114 0.64204481082174336 51 1069 52 981 54 928 56 849 57 788
3844 -0.81970229604254508 3.2771742371390316 2.946042198104371 82 164 81 0.18767130147779107 51 1098 52 997 53 992
3845 -0.8777851597002917 1.7273749834139664 3.2147104424573345 108 141 82 0.20476859446793857 51 1095 52 998 53 994
3846 -0.90956526927291637 2.87011140312709 3.1124196713248069 94 185 94 0.22874080180344197 51 1096 52 1000 53 998 54 954 55 862 56 878 57 812 58 769
3847 -1.1001593280470585 2.046954068911004 3.490693521808629 109 179 94 1.1692330027358548 51 1102 52 1006
3849 -1.2445655523768653 2.6314861891761199 3.1922088216720352 177 194 122 0.25958339625005261 50 1080 52 1009
3851 -1.4852152045073364 2.4234045958821802 3.397320663889992 146 171 104 0.48981906047596624 51 1106 52 1015 53 1019 54 976 55 892 56 907
3852 -1.707014110071688 3.9267161088163598 3.1375980299729331 1 1 1 0.41455067096412429 50 1143 51 1115 52 1022 53 1016 54 769 55 686
3853 -1.5505160104920681 2.333721202731188 3.4591076614337259 150 172 106 0.53020750490563917 49 1065 52 1025 53 1027 55 899 60 711
3854 -1.2842246044586085 2.2922779578250791 4.1431444026436273 254 250 239 0.97914028058498825 51 1043 52 1026 53 1088 55 1018
3855 -1.6859031524895043 2.1776963849507931 3.8780976723327156 157 206 120 0.085039316111948635 51 1056 52 1028 54 1043
3857 -0.25789184504056684 2.033157981390318 3.0266399444685348 167 183 113 0.13130773285851807 51 1144 52 1044 53 1051 55 851 57 800 58 681
3858 -1.2300271146433541 2.0032289044323703 3.5467666586782172 255 255 255 0.49970072402064808 51 1160 52 1064 53 1080 54 975 55 890 56 904 57 849 1 487 61 493
3859 -1.7598041196294054 4.060271131294467 3.37335804266506 0 0 0 0.21965524165519182 50 1145 52 1071
3860 0.28515739999711115 1.8623926094406684 2.1909093053332298 255 255 244 0.69878315141585212 51 1170 52 1077 53 1154
3861 0.065824016241232186 1.9689580195873284 2.3483468578000126 209 207 139 0.4304594822304133 51 1226 52 1079 53 1092 54 1047 55 967 56 926 57 868 58 752 59 686 60 674 1 523 61 529
3862 -0.94561565202220921 2.7752032194917913 3.1582079333386175 145 199 113 0.27658413596626219 51 1196 52 1106 53 1116 54 1068 55 985 56 990 57 935 58 885
3863 -1.1310863109778628 3.058321470813675 2.9439621856146863 117 179 97 0.30862264992972022 51 1198 52 1108 54 1020 55 938 56 953 57 888 58 838 59 765 1 604 61 613 2 600 3 630 4 613 5 577 6 581 7 582 8 578
3864 -0.47002606506218714 2.3551381532462341 4.1051782082883959 248 246 234 0.92615431364202683 51 1151 52 1111 53 1126 54 1083 55 1043 50 1219 56 1042 57 980 58 934 59 878
3865 -1.2379438872036412 1.9835091482769265 3.6153737441153297 167 136 100 0.182073272072829 51 1209 52 1123 53 1141 55 1010
3867 -1.722944876253429 2.3187761996977256 4.1449157284319327 1 1 1 1.1172694436359005 51 1222 52 1128 53 1217 54 1148 55 1074
3868 -0.17943286953746607 3.0734243325692323 2.8703648126853776 243 245 222 0.84862559051847053 51 1251 52 1149 53 1173 55 977 57 925
3869 -1.2617900715988493 3.4555545103948946 2.6713498632957768 1 1 1 0.86082991096989914 51 1200 52 1154 53 1235 54 1116 56 1033 57 997 58 950 59 875 60 857 1 758 61 768 2 737 3 733 4 709
3870 -1.6118291025322475 3.5716991447219391 2.8655192198479091 249 255 234 1.8312726694659236 50 1252 51 1271 52 1168 53 1134 54 1082 55 946 56 886
3871 -1.5166827748726286 2.5678486730544354 3.2685911151256422 66 124 62 0.69577391584663495 51 1276 52 1176 53 1204 54 1129 55 1044 56 1045 57 978 58 930 59 859 60 808 1 709 61 719 2 689
3872 -1.4135445917922258 2.1283232136641326 3.7735949399518764 161 132 92 0.80183816010304698 51 1282 52 1186 53 1212 54 1142 55 1058 56 1058 57 990 58 943 59 872 60 852 1 750 61 760 3 726 4 701 5 645
3873 -1.8027550222847426 2.2343738562185123 3.7706282108983333 84 167 85 1.1222461164365063 51 1292 52 1192 53 1216 54 1147 55 1064 56 1062 56 1067
3874 -1.6861166061283743 2.7540597522317984 3.1283633653760599 116 145 85 0.4353073930809841 51 1298 52 1198 53 1206 54 1131 55 1045
3875 -0.60275487595600241 2.9401774211623239 4.9228128900606016 247 244 228 0.564923159545209 51 1297 52 1199 53 1223 27 651
3876 -1.6749277127505351 3.8854907280309772 3.3748255807833014 236 234 220 3.3049920788604537 51 1328 52 1227
3878 0.089350499631631886 1.7418194502216586 2.4381937085563652 103 105 69 0.05229361484480622 42 14 43 7 52 15 49 15 51 10 53 23 55 8
3879 -1.7758315721952402 2.3918530882568465 3.4563202917150306 82 159 81 0.38200611346050534 35 125 36 161 37 213 38 195 40 598 39 604 41 650 42 658 43 637 44 718 52 851 45 973 46 976 47 975 48 958 49 886 50 912 51 933 53 831 54 799 55 719 56 714
3880 -1.1790201064948145 2.437285381690133 3.4126639524790185 87 162 83 0.10470747636034583 51 296 52 278
3881 -1.4682593430049191 2.2572883048762824 4.1047829286895263 174 144 108 0.057444156994498861 51 424 52 657 53 646
3883 0.18058030350317128 2.0318584899998808 2.2396353019219011 80 150 78 0.11059821264897744 46 8 53 10 54 9
3884 -0.0083972852862808089 1.816754195608667 2.5206699753235364 68 127 64 0.10640860909115761 52 36 53 35 54 23 55 16 56 20 57 14
3885 -0.013883045794921833 1.9685023107196158 2.459444931540089 74 138 70 0.15655785286349314 50 29 53 36 54 24
3887 -0.091820454924067541 1.7883609603078914 2.6920911590809791 203 202 134 0.08819703700955972 52 45 53 46 54 48 55 29 56 34 57 32
3889 -0.086155380602085607 1.6849096646695498 2.765588007476107 68 129 65 0.1050076597110365 52 43 53 52 54 44 51 49 55 45 56 51
3891 -0.10404968114102509 1.7794531517541601 2.7154294902791367 194 196 129 0.10982176743562241 52 46 53 58 54 49 55 28 56 52
3892 -0.13004705103237749 1.8106600307536977 2.7678759896111091 200 200 132 0.088603533919782179 52 61 53 59 54 51 55 50
3893 -0.12046681672274659 1.9676763686820458 2.6809516179321626 85 160 82 0.10471027054015429 51 58 53 65
3894 -0.14344484248961159 2.9581358877645791 2.8360407014856377 208 213 193 0.72426816763505819 52 491 55 78 54 419
3895 -0.099592757793818321 3.0285234224224036 2.7522737499612542 254 255 236 1.4877136907527244 52 483 53 89 58 39
3896 -0.12613986849139402 3.0965905992102551 2.7427855098965521 1 1 1 1.908203895254724 51 541 53 90
3897 -0.37834209015028231 2.8208833702638905 2.4562604072117193 65 129 63 0.48548933924073745 52 93 53 91 54 412 55 364 56 380 57 539 58 512 59 472
3898 -0.1146416213103465 1.7202304938434949 3.0435508390801305 167 173 110 0.079956855762307308 52 77 53 94
3899 -0.23669164161402009 1.9493275194628081 2.9829386030517009 81 156 79 0.078333366947214447 52 95 53 95 54 95
3900 -0.24663802263180337 3.3247634160267903 3.1261848088259456 248 254 227 0.035068041754650253 52 135 53 128
3901 -0.58430050092832309 1.6954946377837028 3.2913626852023823 82 162 82 0.40641538388660331 52 138 53 142 55 422 56 443
3902 -0.70985648835995807 1.6843553116135126 3.2977845731892517 197 207 135 0.97542583306826891 52 155 53 168 54 154 55 157 56 152 58 154 60 128 1 116 61 120 2 108 3 118 3 119 4 110
3903 -1.066270680618866 3.2967295873377855 2.842262555005199 108 148 78 0.40685046566218053 50 836 53 189
3904 -0.94262832180564171 1.7289654116017927 3.2209712423598189 178 150 111 0.022372206470303302 50 218 53 193 54 177
3905 -0.93272274593528604 1.7184034086446311 3.3028538051801224 176 145 109 0.19766887000623684 52 202 53 194 54 200 55 177 56 177 57 154 58 159 59 150 60 133 1 120 61 124
3906 -0.65189389019027466 2.5135429564992187 3.5490306002078755 91 180 91 0.054262645318873495 49 208 53 196
3907 -0.78348604495326435 2.497670552600876 3.4818333719919212 189 196 124 0.01402932151195441 52 212 53 199
3908 -0.99879804503601544 2.7287478014721862 3.1872244064727027 169 198 119 0.0097544084906383121 51 253 53 209
3909 -1.0026561050019684 2.7661255375113623 3.1576027769530235 195 202 129 0.15418982772994089 52 225 53 211 54 189 59 108
3910 -0.987623270052576 1.7201216930693715 3.2977466501828183 184 154 117 0.28925676363866526 52 207 53 224 54 509 55 658 56 658 57 634 58 595
3911 -1.4677713748440344 3.1928097737141146 2.8451759792553624 84 152 78 0.021045301235331368 52 296 53 238
3912 -1.4886785585619531 3.2518668554068881 2.8112408746861712 212 213 143 0.069202633949842413 52 574 53 240
3913 -1.1190979424288829 2.4336567937395253 3.4121339509013868 83 160 82 0.13352666969335922 50 289 53 252 54 231
3915 -1.2254637836270741 2.4843105359567241 3.335267035729705 80 155 78 0.08716126155076645 52 280 53 255 54 238 55 209 57 183
3916 -1.2243489857483729 2.2860749448925031 3.5450182828384076 89 159 82 0.12905216780616779 52 302 53 275
3917 -1.2408295676608243 2.3804594670235057 3.4475506740199435 80 155 79 0.040597838717578529 52 304 53 276 54 273
3918 -1.3000299042508134 2.4355041256927232 3.3755819173315262 204 204 135 0.089507684486451744 52 305 53 277 54 276 55 232 57 186 56 210 58 191 59 177 60 157
3919 -1.4005840602744364 2.5667452301434945 3.2359344942217589 202 203 134 0.088428082373258693 51 329 53 280 60 143 57 188
3920 -1.4146633524091434 2.5521984708400347 3.2523410043716035 70 132 66 0.037800439274511551 51 331 53 282 56 214
3922 -1.4849815986123851 2.6199595689525208 3.1810098705542891 193 195 129 0.0096025107651538898 52 320 53 288
3923 -1.392817685560372 3.0301997995168408 3.3304915023169901 71 130 66 0.88352519481837999 31 164 53 289
3925 -1.4011832087566662 2.0657947172458653 3.6721738178243744 175 146 111 0.21010052613595109 52 355 53 321 55 269
3926 -1.574814643319169 2.2984194424287634 3.4948355602605989 68 127 64 0.11784750233422353 52 359 53 325
3927 -1.6402631108289778 2.3210696182534782 3.4878126525069177 65 117 59 0.074816659661395904 50 382 53 347
3928 -1.617184869618616 2.1750206828072676 3.7659637761496074 133 157 94 0.28754795972647501 52 394 53 358
3932 0.20930202940080483 1.9337696842359025 2.132072295526684 170 139 101 0.40996441754389257 52 430 53 386 54 3 56 349 57 290 58 492 59 294 60 262
3933 0.078702427015730492 1.9983815948237909 2.3001939543858687 76 143 73 0.014065059051035774 52 439 53 394
3934 0.078702427015730492 1.9983815948237909 2.3001939543858687 76 143 73 0.014065059051035774 52 440 53 395
3935 0.05223002366568924 2.3108034357901124 2.2893489714034643 112 183 98 0.051237187277156558 52 447 53 402 54 380
3936 -0.0041374481807787133 1.8838294806880977 2.4807591476436497 67 127 64 0.07961341485756418 52 451 53 406 54 382 55 350 56 373 57 316
3937 -0.016788313178404402 2.1895688246243554 2.3875382733223174 212 213 142 0.06353907482739396 52 454 53 408 54 384 55 351 56 371 57 312 58 16
3938 0.79487610718790336 2.5160263844650048 3.389686664233849 0 0 0 2.3207028248999073 41 492 52 458
3939 -0.13990830240752361 2.2744280234862999 2.6560832777019425 202 202 133 0.16865804581655683 51 512 53 416 54 400 55 359 56 390
3940 -0.11361322326879009 2.7810538356497889 2.538736812922624 175 147 112 0.39250022231034243 52 472 53 417 55 39
3941 -0.14559941432763021 1.7260125679548821 2.9423461376864091 69 134 67 0.21039911114291643 52 473 53 419 54 414 55 382 56 408 57 344 58 345 59 328 60 303 1 45 61 45
3942 -0.16796970888107005 2.3564328581287062 2.7316806118735593 172 189 117 0.12645985839176643 52 481 53 428 55 373
3943 -0.17473300660065177 1.7856471063276456 3.085071028704037 66 130 63 0.10503720765059706 52 487 53 436 54 425 56 615 55 622 57 566 58 540 59 496
3944 -0.20321945817698775 1.8983412568806179 2.9244325003405245 78 153 77 0.061382207111548868 52 477 53 437 55 69 51 93
3945 -0.25143878387986923 2.0348531724265335 2.9849984477064644 85 169 85 0.026682962958601432 50 517 53 439
3946 -0.83231108258096342 2.8978480969005815 2.3239131908534914 167 139 103 0.22061813847722234 52 502 53 442 54 422 55 83 56 64 57 38 59 36
3947 -0.25518211798602258 1.9240727147007579 3.1250469103298193 99 152 81 0.044559890446647689 52 493 53 446 54 436
3948 -0.28344644128741148 2.0866563975242274 3.1023637209499637 185 193 122 0.14750866301448087 50 519 53 450 54 441
3949 -0.29481490292025619 1.987213494440514 3.2652694071057513 72 144 70 0.096191322018316497 52 750 53 458 54 449
3950 -0.39848038490024784 1.7630609533483121 3.3066061544493577 249 250 238 0.35042921845086999 51 145 53 468 54 447 55 410 56 430 57 380 58 374 59 521 2 430 3 451 4 424 5 405 6 398 7 418
3951 -0.63226493199383316 1.6787655910470574 3.2985073012071573 194 206 133 0.40771184577657943 52 529 53 476 54 706 55 638 56 642 58 700 59 645 60 635 1 553 61 562 2 564 3 538 4 540 5 500 6 502 7 496 8 496 9 507 10 437 11 464 12 380 13 272
3952 -0.94447813634878663 2.9076962619354294 3.0778093352976139 206 208 136 0.097804408257191736 52 544 53 497 54 478
3953 -1.0415126544054916 2.6519829855793855 3.2359999319662252 84 166 84 0.097948388297238717 52 569 53 514 54 493
3955 -1.0018541178645204 1.7274634425857718 3.3293807165217224 252 247 235 0.59859485009539604 52 208 53 526 54 735 55 660 56 799 57 745 58 718 59 653 60 638 1 626 61 635
3956 -1.0170028696124789 1.6988494129344476 3.2576614247630236 255 254 247 0.36182490058515465 52 209 53 528 54 733 55 662 56 660 57 623 58 583 59 533 1 560 61 569
3957 -0.99345410891575603 2.492135151878526 3.4007419884967356 86 170 86 0.17266837674181001 52 567 53 535 54 516 55 468 56 481
3958 -1.1123175800368295 2.5605189792901668 3.293055873166236 177 192 121 0.14630222941036816 52 570 53 538 54 517 55 470
3959 -1.2133810348172103 2.6066552942788106 3.2264636595471852 79 154 78 0.22228353130467757 52 582 53 540 54 518 55 471 56 482 57 423 58 395 59 378 32 364 31 348 60 347 1 322 61 327 30 296 29 267
3960 -1.2157603364490499 2.6067556258347744 3.225891065134086 79 154 78 0.044555842803213751 51 638 53 541 54 519
3961 -1.4911839111916096 3.1097432691178661 2.891795874671875 97 152 82 0.087826032588285474 52 585 53 544
3963 -0.66413279251352109 2.2295964618484132 3.8696634199437177 142 200 108 0.34785954021932231 52 561 53 550 54 223 55 201 56 227 58 196 59 216 1 184 61 188 5 174 7 166 9 221 11 188 12 190
3965 -1.3356800394727086 2.6821959313688533 3.1383481823027086 95 148 80 0.051714634302373684 52 583 53 558 54 520
3966 -1.4655160587965075 2.7409761466783285 3.1006412313739058 70 134 67 0.17460453904581677 52 601 53 559 54 542 55 493 56 485 57 428 58 398
3967 -0.50541595648484472 2.4523041143221094 4.3091884344590285 179 149 113 1.2222247935339288 52 577 53 566 54 547 55 697 56 700 23 297 22 398 21 405 20 389 20 422 19 413 18 399
3968 -1.1028083070270642 2.2985507393335687 3.5785349270560372 81 157 79 0.031813084237859598 52 590 53 570
3969 -1.1029991335651004 2.2980302752862634 3.5780779832889729 81 157 79 0.030825149399705709 52 591 53 571 54 554
3970 -1.2276236957872322 2.3107528867161582 3.5239605714260316 80 157 79 0.10918983354914233 52 594 53 573 54 557 55 507 56 504 57 454 58 438 59 410
3971 -1.3484620499090594 2.3347353955853003 3.472692284764467 74 144 72 0.081790101160952963 52 612 53 587 54 569 55 522 56 506 57 456 58 440 59 412 60 388 1 347 61 352 3 355
3972 -1.4050689574271278 2.3886851584415232 3.406999827975433 71 137 69 0.11352361515545915 52 614 53 589 56 508
3973 -1.7793238033040237 2.774798754019415 3.1362826564437261 93 137 76 0.10099237577719891 50 687 53 594
3974 -1.7479913137072591 4.1196707137133135 3.447298575492356 0 0 0 0.23318606003432613 52 644 53 617
3975 -1.5674635237168377 2.1596888073778038 3.7183678362676318 150 172 106 0.23191410548586328 51 701 53 622 54 607 55 556 56 547 3 373 4 343 5 318 6 325
3976 -1.3800852161154098 2.2399123238609819 4.0999500038469074 172 142 105 0.78146733590444795 52 389 53 631 54 803 57 859 59 744 60 728 1 646 61 655 2 627 3 619 4 564 5 528 6 523 7 523 8 458
3978 0.14202162766101772 1.7084015373260193 2.2933009669924789 185 156 119 0.22667955559608571 52 692 53 662 54 632 55 575
3979 0.14202162766101772 1.7084015373260193 2.2933009669924789 185 156 119 0.22667955559608571 52 691 53 663 54 633 55 576
3980 -0.10301266251176455 1.6649175447622209 2.8744718088372743 69 133 67 0.17950375738583654 52 718 53 703 54 664 55 604 56 604 57 554 58 532 59 492 60 480 1 425 61 430 2 398
3981 -0.23036755477374915 2.1031188989935137 2.902161244421384 171 188 115 0.18094251339331904 49 765 53 716 54 682 55 615 56 612 57 564 58 534
3982 -0.2758807971896361 1.9386699230748077 3.205758537762335 71 139 69 0.1698460240229441 52 741 53 727 54 694 55 628 56 416 57 572
3983 -0.65107204092327375 1.6833884401117356 3.2567235716221372 82 162 83 0.20080434887561704 52 757 53 742 54 861 55 767 56 780 57 730 58 698 59 632 60 628 1 556 61 565 2 563 3 539 4 538 5 493 6 493 7 495 8 495 9 501 10 436 11 463 12 429 13 433
3984 -0.7507945815202981 1.6893940773321536 3.2411945179758588 83 157 81 0.86042956368889911 52 531 53 747 54 471 55 424 56 457 57 603 58 388 59 372 60 353 1 466 61 471 2 444 3 443 4 296 5 397 6 386 8 409 7 405 9 502 10 438 11 384 12 370 13 362
3985 -0.79403723604720722 1.6797069863433116 3.229847240074204 76 148 75 0.09964379291273423 52 764 53 748 54 472 55 440 56 459 57 398 58 390 59 385 60 355 1 328 61 332 2 446 3 329
3986 -0.45637132074316317 2.2160525074937172 3.8584524082404461 127 122 72 0.25542561114905377 52 769 53 751 54 731 55 657 56 486 57 431 58 195 59 404 60 380 1 360 61 365
3987 -1.0674150446296671 2.8038761817796489 3.1126674211117762 185 200 126 0.083229850673074868 50 1000 53 755 54 721 55 652
3988 -1.1555524626438829 2.8192281846286678 3.078677342665642 208 209 138 0.035771416442519612 52 787 53 757 54 723
3989 -1.4718719911447351 3.4295279864680643 2.7437490642802289 171 213 127 0.2750578992989936 52 793 53 760 55 438 56 442 57 378 59 76 58 85 60 47 1 39 61 39
3990 -0.50607422151467474 2.31329185329614 4.0172573226322381 221 222 204 1.2001426238779267 51 605 53 762 54 744 55 675 56 687 58 736 57 752 59 728 60 722
3991 -1.4165130675054045 2.9215303734144 2.9807101053841141 76 144 72 0.18113298345947559 48 1067 53 774 30 465 27 263 25 266 21 50 23 41 20 15
3992 -1.0562621435168751 2.4374034877328983 3.4491360715812434 83 162 82 0.003642776316312748 52 795 53 778
3993 -1.5750269171639841 3.0737196373666724 2.9068632822733678 76 145 74 0.0528686502989478 52 800 53 787
3994 -0.92758977445994018 2.1544170447221642 3.8757156970583995 192 203 132 0.14193162470585155 52 301 53 790 54 770 55 802
3995 -1.366797373347501 2.4725499085300058 3.3303291795365717 181 190 123 0.27881845644887454 52 806 53 794 54 763 56 682 57 642 58 601 59 543 60 516 2 323 1 332 61 336
3996 -1.4579170215659016 2.4936455169048015 3.309604940904062 204 203 136 0.0015267429979891835 50 873 53 796
3998 -1.5533209731466473 2.5802215400985058 3.2129157204341547 181 185 122 0.035164284921911489 52 814 53 808 54 765
3999 -0.61357062991686728 2.8951865994273898 4.9763286016314581 252 248 235 0.39932259268117226 52 820 53 825 54 905
4000 0.027031971677335009 2.1876735133597953 2.3340792005393496 192 200 130 0.089293682634350932 50 1049 53 859 54 831
4001 -0.035347457954522099 2.2504893200552711 2.4174568385988806 216 213 144 0.19554669593835547 52 876 53 862 54 835 55 590 56 579 57 530 58 501
4002 -0.024511693129588119 2.2646419180041901 2.4228121087777765 216 213 144 0.096896921397830571 51 970 52 875 53 863
4003 -0.17179287616893726 3.0478549920334443 2.7093100398430914 1 1 1 1.0527781788031065 53 873 54 934 55 752 56 856 57 874 58 821 59 802 60 678
4005 -0.42426673651197611 2.1312550548886748 3.7251782725593974 100 109 46 0.079742435144415341 53 894 54 866
4006 -0.84385422496953166 2.7994574227047031 3.1801267792193264 167 199 118 0.55281140081164426 52 911 53 897 54 863 55 768 56 781
4007 -0.92095861921224498 1.7583120439819044 3.1984103938964838 253 252 246 0.17246668529258702 52 999 53 901 54 870 55 777 56 787 57 732 58 708 59 529 60 514
4009 -0.55854034768555505 2.8251478320635868 4.7442687035610831 1 1 1 1.3620671069862189 51 1030 53 934 54 977 55 282 55 902 56 719 59 743 58 805
4010 -1.4908239322309407 2.1285002985261605 3.7716464548578115 255 254 241 0.10325193857545548 52 944 53 938 54 906 55 821
4011 -1.9422264417360533 2.7282512336320464 3.3891515387753488 136 199 111 0.54000160391982177 52 954 53 943 56 716 57 493
4013 0.13112112425522454 1.5849982917192946 2.4093320964344205 183 154 117 0.46818860689411562 52 969 53 963 55 838 56 844 57 781 58 660 59 593 60 452 1 255 61 260
4014 -0.11228337146962172 2.2261666410025049 2.5844587392460854 172 191 119 0.15265656707706327 51 1138 53 972 54 930 55 843 56 850 57 708 58 667
4015 -0.17662534828943402 1.8065135964224441 2.8764529151162299 148 172 104 0.18872474173077919 52 984 53 977
4016 -0.83734509475936092 2.9551991416857581 2.28501707611656 247 231 178 0.60245033467103015 51 1087 53 983 54 940 55 621 56 763 57 334 58 525 59 29 60 286 1 526 61 532 2 256 3 499 5 463 8 239 9 236
4017 -0.20136169099536264 1.7304197106252546 3.2143510870951557 177 149 110 0.083021559228356925 52 992 53 984 54 943
4018 -1.1892540778022245 3.3895353458727695 2.7745555997905842 141 113 67 0.85480603190200222 52 1003 53 999 54 952 55 861 56 778 57 579 58 545 59 334 60 307 1 277 61 283 2 29
4019 -1.1049199154322749 2.9092349740572447 3.0236218540136579 181 202 126 0.19443180795779821 50 1078 53 1003 56 784
4020 -0.99739961441147695 2.5136827512030759 3.3730191035189714 85 169 85 0.11457636980048398 52 1004 53 1005 54 966 55 875 56 891
4021 -1.4414740191204056 3.3209013428582423 2.80121973679148 87 167 85 0.59788853885677851 52 1005 53 1007 55 865 57 725 58 693 59 620 60 608 1 538 61 544
4022 -0.49869509814190915 3.9080966168967781 4.2472763550580552 180 195 123 1.2193994014725691 48 1139 53 1008
4023 -1.2160422498702106 2.5024820413574114 3.3104513758049254 79 154 78 0.35201070371270476 52 1008 53 1009 54 970 55 885 56 898 57 825 58 781 59 715
4024 -1.6886735069149887 2.7574885819515451 3.0638877634866022 158 174 110 0.11945262493572936 52 1018 53 1021
4025 -1.6903868223367242 2.3392106085134059 3.4777946200969319 199 196 132 0.017620661462192891 50 1095 53 1031
4026 -1.7628015714793834 2.1998840368452486 3.8555207569843337 102 193 99 0.67632867461459567 52 956 53 1036 54 990 55 909 56 919 57 916 58 810 59 798 60 729 1 643 61 652 2 625 3 615 4 556 6 336
4028 -1.3591102964582706 4.9024218600863332 6.1081511131085282 166 132 95 0.18848069962541808 39 1094 53 1039
4029 -0.18801727742615179 2.424943766526221 2.741518837734338 87 173 87 0.67798239282863237 52 1041 53 1047 54 932 55 846 56 854 57 795 58 677 59 608
4030 -0.18801727742615179 2.424943766526221 2.741518837734338 87 173 87 0.67798239282863237 52 1042 53 1048 54 933 55 847 56 855 57 796 58 676 59 607
4031 -0.2403155840562316 2.5936773040337888 3.1336156190070561 135 180 93 0.92989043394547599 52 1047 53 1055 54 1009 55 980 56 861 59 616
4032 -0.49186918230174503 1.7204763696689498 3.3222999823687891 164 195 119 0.44420982693808964 52 901 53 1059 54 1014
4033 -1.0838596600548069 2.8518062795215493 3.0663275547088689 89 175 88 0.14901810879429198 52 1054 53 1069 54 1023 55 937 56 957 57 893
4034 -1.2761235094825794 2.9611483780567402 2.9677667784454727 167 189 117 0.24213478592537099 52 1059 53 1071 54 1025 55 943 56 960 57 895 58 844 59 707 60 698 1 618 61 627 2 601
4035 -0.4831768021927712 2.2701426994467084 3.8917801110949433 245 251 224 0.60902343031882411 52 1001 53 1072 54 1026 55 879 56 895 57 833 58 788 59 663 60 654 1 493 60 545 61 499 2 352
4036 -1.1692298385668412 1.9708921845508263 3.6565324415793978 252 248 236 0.91219290461840752 52 1012 53 1084 56 1008
4037 -1.8609733385116378 3.7471656883693245 3.4923333874000511 1 1 1 1.1595146599905919 52 1191 53 1087
4038 -0.169211257865308 1.8443580141943692 2.8649501524208985 150 173 106 0.20192775819315256 52 1086 53 1097 54 1055 55 975 56 985 57 923 58 880 59 808 60 790
4039 -0.22131185901302317 3.0826976994633322 2.7514308821128157 0 0 0 1.5315565728810006 51 1179 53 1102
4040 -0.52063186421652519 2.8421630167424983 3.3319648172865191 136 194 105 1.3379428031164726 51 1185 53 1108 54 1066
4041 -1.6997502424447495 3.1518821965952144 2.9109076957260416 107 151 83 0.1699494665549571 52 1122 53 1139 54 1033
4042 -0.97529822813845302 2.5146376399567183 4.3905296545287866 0 0 0 2.3657650170750291 52 1067 53 1145
4043 -1.2480400569321652 4.5465428744020464 5.6604650559341234 140 109 76 0.16479843152198587 39 1209 53 1153
4045 0.106059152381136 3.0082428858800081 3.9501670905386717 245 248 222 0.12863323705074903 39 1232 53 1179
4046 -0.41690005904855476 1.9835298922030509 3.6116536577763796 255 255 240 2.2412518527604921 52 1050 53 1182 54 1151
4047 -1.380052149434948 2.7836515032471945 3.0580012508887662 165 188 116 0.2943056485993476 52 1163 53 1192 54 1077 55 994 56 997 57 941 58 890 59 814
4049 -1.4502649074550154 3.3983884593822333 2.73821321666406 151 211 121 0.45726899037117796 52 1197 53 1220 54 1152
4050 -1.4933892904258848 2.1651426456505409 3.9816073186078147 254 248 233 1.0713094690235812 52 1216 53 1244 54 1173 55 1096 56 1089 57 1021 58 975 59 894 60 874 1 772 61 782 2 757 3 756 4 723 5 674
4051 -0.74436757814270194 2.6729288446152757 3.3760165874401653 0 0 0 1.3615604207252094 42 1330 43 1300
4052 -0.66382939669410068 2.7426241881816646 3.3603522075760472 106 182 94 1.2640335761016903 52 1231 53 1251 54 1184 55 1103
4053 -0.11568643186036606 1.6674346577778121 2.9496059351025457 179 182 118 0.15440225851129197 49 56 50 75 53 77 51 64 52 73
4054 -0.36355459739197232 2.4124019427720653 3.482042588396467 135 116 74 1.3271753842912899 42 176 45 175 46 185 49 166 53 145 42 177 43 168 44 171 47 156 48 183 52 159
4055 -1.3223165106764461 2.2478000625555903 3.5895324004776779 194 197 128 0.076111838943193566 48 326 49 296 53 304 51 353 52 341 54 303 55 253 56 258
4056 -0.023193053786460749 2.3759320654055243 2.4092481480251209 69 134 67 0.14307453475573831 42 807 43 764 44 817 45 840 46 852 47 837 50 741 53 409 48 532 49 450 51 493 52 456
4058 -2.0187780586760473 2.7636578131133089 3.5872462495934658 179 149 112 1.0963161482816348 45 1033 46 1028 47 1019 48 999 49 924 50 939 51 951 52 861 53 652 51 742 52 684 55 310
4059 -0.16335199289963181 2.442977612357625 2.68990852611604 73 144 72 0.20964294877502759 51 982 52 893 53 710 46 871 47 859 48 841 49 767 50 770 52 732 54 673
4060 -1.5164388890167684 2.8956573764642495 2.9999972602000335 77 152 76 0.31645654040616084 32 811 33 891 34 929 35 972 53 1129 50 1183 51 1210 54 1032 55 949 56 967 57 901 58 847
4062 -1.7318066989116316 4.033383748904102 3.5063868046551048 0 0 0 0.88375251363892038 36 899 38 976
4063 -0.32389341406247191 2.6093448421312857 3.2979833978062603 85 93 35 1.0195047943503828 33 773 34 853 35 903 36 977 37 1065 38 1055 39 1169 40 1138 41 1183 42 1238 43 1212 44 1213 45 1257 48 1219 49 1140 50 1159 51 1184 52 1092 53 1107 41 1077 44 1121 45 1170 46 1163 47 1219 48 1124 50 1068 54 1062 55 981 56 943 57 884 58 832 59 701 60 610 1 298 61 305
4064 0.23401559928876642 1.8849149458507757 2.1247662180458109 255 255 255 1.7382271000360394 32 835 31 751 35 881 33 803 34 831 36 904 37 972 38 914 41 966 43 942 46 818 47 801 45 1046 47 1030 48 1005 49 711 52 689 48 783 49 710 51 747 54 628 55 571 56 566 58 304 60 444 1 249 61 254 30 701
4065 0.033411791121585765 2.2533479996435406 2.3362319591348051 94 175 90 0.0036560641479171947 53 401 54 18
4066 0.039177284698684922 1.6342769924234866 2.6282741528880091 59 108 53 0.084006130275251209 50 22 54 19
4067 -0.035368860112709122 1.6872880930409284 2.6709085422917869 64 116 59 0.12333952682667523 53 44 54 33 55 27 57 21 59 33
4068 -0.10033155445540054 2.2280552262521391 2.5472869567404119 94 177 91 0.25561607323183866 49 458 51 502 54 36 56 36
4069 -0.07497503325064131 2.3421845574252402 2.4326823720640958 184 206 128 0.087584505669362933 53 42 54 37
4070 1.5125752413464277 3.9049767859802853 3.6803631132840038 200 199 133 1.4561306224371253 51 60 54 47
4071 -0.15600694042255092 2.0100602970273154 2.7176368284291756 89 173 87 0.026463108644419756 53 67 54 53 55 56
4072 -0.16767953456671963 2.5066966544297786 2.6470092768655968 99 194 98 0.078116491139987088 53 72 54 61 55 60 56 59
4073 -0.13364728042779067 2.829362932421176 2.5440732026735753 164 141 101 0.12462373775055151 52 70 54 62 1 16 60 15 61 17 2 20
4074 -0.12540652775167749 2.8151253526464344 2.564539146125778 252 251 237 0.14983131953528334 53 73 54 63 56 44 57 27 60 16 1 17 61 18
4077 1.1923433871083917 4.1253048902830152 3.7649426145959413 90 174 89 1.8137263221215516 51 104 54 72
4078 -0.69278725226391258 2.8949045761552568 2.4280706777010286 155 135 93 0.080151462039901727 53 101 54 89 55 80 56 62 57 35 58 40
4079 -0.75883939251727195 2.8954512252125686 2.3708686584662471 229 231 208 0.1039122750790329 53 102 54 90 55 81 56 63 57 37 58 41
4080 -0.75678893667324654 2.9003435519550322 2.3720988068181637 229 231 208 0.045535401248995348 53 103 54 91 55 82
4081 -0.22535943868084543 1.8502418052482958 3.1799019546925433 72 134 66 0.10484894212291228 53 108 54 107 55 94 57 68
4082 -0.26518136318431462 1.932579761962633 3.3052945218440839 72 137 66 0.012940033703600085 51 129 54 123
4083 -0.58900531995681815 1.686595681199462 3.2823319600886087 79 155 79 0.16041752366281772 53 143 54 137 4 311 3 340 5 286 6 314 7 298
4084 -0.74599467746623671 1.7205881808724348 3.2338021318792007 138 174 102 0.51851308822982123 53 169 54 156 55 143
4085 -1.054082044282032 3.14687462815135 2.9280321728758514 98 191 97 0.24361907635890864 53 498 54 170 52 193
4087 -1.0616352270418388 2.721578516559696 3.1808643702929826 89 166 85 0.18323780260702222 53 213 54 190 55 166 56 160
4088 -0.89380062806290739 2.456444661710143 3.4873513359276647 88 171 87 0.038338210395614247 53 228 54 204
4090 -1.0023596145618696 2.3357328732737486 3.5640365921051136 84 164 83 0.032422822658701229 52 276 53 251 54 229
4092 -1.1818341809738639 2.4353286454033714 3.4119916849771776 82 158 80 0.025195813980731716 53 254 54 235
4093 -1.2222876289382782 2.4927512420629148 3.3394645878523792 79 154 78 0.064640411946693829 53 256 54 239
4094 -1.2580294785938402 2.4883805649920943 3.3262017902916532 203 206 135 0.030837696569899986 52 281 54 241 57 185
4095 -1.3886516810116449 2.5453758282399264 3.2487184367186539 210 207 139 0.040558363206412831 53 279 54 246
4098 -0.17269137806277912 4.8003121514393463 5.0381313615178591 81 150 76 1.1330770042599521 47 348 54 266
4099 0.13082457109058521 5.5082933211295888 5.433172067139858 81 150 76 3.612148412521976 48 347 54 267
4100 -1.5092930172810983 2.6767470994185292 3.1465919300892109 68 129 65 0.13374050623157221 39 247 54 284 55 219 35 170 57 166 58 171
4101 -0.9867465590204505 3.8578473925418151 4.303559105958942 0 0 0 3.145366127089877 47 739 52 344
4102 -1.2645797797988616 2.2483655012348049 3.5987890157067861 197 197 128 0.023557769462427203 53 300 54 296 55 250 56 254 57 228 58 227
4103 -1.3393601486275515 2.326881398689709 3.5304427696985745 195 198 129 0.05467852710799561 53 307 54 300
4104 -1.6549306563293005 2.3444327596289352 3.4434573472480952 62 116 58 0.017857839275804331 53 349 54 319
4105 -1.7226558184479679 2.5190049565424948 3.3189808979913744 211 206 140 0.059822110925678809 53 331 54 323
4106 -1.4945316820954657 2.219263874472976 3.6206473026095991 71 137 69 0.10849675782561437 51 381 54 334 55 272 58 260 57 251 59 255 60 209 1 196 61 201 2 171 3 190 4 138
4107 -1.4944652138807528 2.2200288028323651 3.6211740227683746 71 137 69 0.10488875673329716 51 382 54 335 55 273 57 252 58 261 60 210 1 197 61 202 2 172
4108 -1.5024734831369235 2.1878148249332123 3.6652213847015473 126 158 91 0.053592880529860651 53 340 54 336
4109 -1.4657265971911044 2.1098790399049148 3.8442208234568986 186 157 120 0.087080292799166681 53 619 54 346 55 553 56 553 57 500 58 481 59 450 60 426 1 231 61 236 2 366 3 241
4110 -1.4657265971911044 2.1098790399049148 3.8442208234568986 186 157 120 0.087080292799166681 53 620 54 347 55 552 56 552 57 501 58 480 59 449 60 425 1 230 61 235 2 365 3 240
4111 -1.4484659213013409 2.2310188131021276 4.0546385667985945 255 250 238 0.14446600099981102 53 357 54 355 55 559 56 559 57 507 58 487
4112 -1.6726947109505175 2.1417162055783661 3.8152014471111708 89 175 90 0.33334005638856784 53 371 54 357 55 319 56 328 57 273 58 485 59 280 60 431 1 233 61 238 2 218
4113 0.080440821417512798 1.760908514146774 2.4338929119789823 66 119 60 0.016126645710379264 42 463 54 377
4114 -0.046150595166774944 1.5826659692368945 2.8617600502949516 68 127 63 0.13090790254985252 52 51 54 392 55 367 56 384 58 339 59 322
4115 -0.1756272891679071 1.9699625389322661 2.7871353274047901 198 203 133 0.12020158713620707 53 424 54 408 55 370 56 402
4116 -0.20608743622825859 1.7962837177659823 3.2200540883961546 232 235 218 0.13175218601896158 53 720 54 431 55 395
4117 -0.25173230537033042 1.9293252624865627 3.1280334965086927 100 156 84 0.027933380862404527 53 447 54 437
4118 -0.17023809968444958 3.2278799453067646 3.2163240519461125 1 1 1 1.7196856112472751 52 516 53 733 54 443 55 626 56 88
4119 -0.16692250715576784 3.2155295401596513 3.1990607652800271 1 1 1 1.0485271226024429 52 517 54 444
4120 -0.36596280791164704 2.4961073918730716 3.4555661368230264 253 253 230 0.38841574711053245 53 743 54 462 55 125 56 138
4121 -0.63990668616497604 1.7154451983924124 3.3529911747291705 161 190 133 0.063017366340468825 53 488 54 470 55 649 56 644
4122 -0.5966271757065148 2.6069175322230214 3.4778649528524346 189 193 119 0.075580330385872335 52 541 54 474
4123 -0.77795357284738653 2.5823888472809595 3.4232202251505703 195 200 126 0.025219521577520922 53 508 54 489
4124 -1.4005117703894412 3.3392246810516704 2.7762351597939792 204 218 140 0.086127779820743766 53 521 54 498 56 130
4125 -0.45153313014711982 2.2125201431069295 3.8165913439741144 244 249 222 0.027327522904478086 53 500 54 502 55 455
4126 -0.92076320673503265 1.7095845652807251 3.3226333487119781 251 246 234 0.30478203899279188 53 502 54 507 55 463 56 478 57 618 1 474 61 479 2 449 4 315 5 288
4127 -0.61014202738465706 2.2949513635407413 4.0029897567471062 198 204 134 0.21638571472201934 53 244 54 529 55 500 56 689 57 658 58 447 59 558 60 559 1 502 61 508 2 361 3 376 4 362 5 342 6 348 7 350 8 368 9 378 10 192 11 350
4128 -0.68652195004434147 2.2413511886763309 3.9163704957067913 182 198 126 0.090870047609844184 52 249 54 531 55 687
4129 -1.1980704542742056 2.4845137638211949 3.3443351033634987 198 203 132 0.096323748163014034 52 581 53 555 54 538
4130 -1.3072667443659538 2.3925900312385706 3.4092440097300964 151 179 108 0.23097669721421407 52 597 54 559 56 238 52 310
4131 -1.3678128617675689 2.3881196239966904 3.4104579366753285 71 135 68 0.068988745736790758 53 578 54 560 55 509 56 507
4132 -1.3069731169906587 2.4324152646027652 3.3781255735840432 193 197 130 0.14705465895430803 51 654 54 561
4133 -1.8128286373063029 2.7071528136281819 3.2035891583668747 205 202 137 0.095314223716222279 53 613 54 586
4134 -1.7950579640172657 2.2838045032857597 4.0183393872651338 181 151 114 0.31820725226655255 53 658 54 623 55 564 56 734 57 693 58 651 59 588 60 577 1 515 61 521
4135 0.1521889187039242 1.8063132955067156 2.2599056845985857 255 255 243 0.27209674024162989 53 665 54 634 55 578 56 571
4136 0.15796811403154615 1.8142571454897722 2.261946413453618 255 255 243 0.43931009190844278 53 666 54 635 55 577 56 570 57 517 58 5
4137 0.094004386924525452 2.0988133200055206 2.2808541376667786 226 221 150 0.10703945503851857 53 673 54 637 55 583 56 573 57 299 58 310 59 298 60 3
4138 0.87316808183117489 3.3024873163762574 3.5923144144720669 164 179 112 1.2345663157456408 50 769 54 668
4139 -0.16071758008421341 2.0603418703735978 2.750503392620347 193 200 129 0.10141320803364154 53 709 54 670 55 607 56 594 57 557
4140 -0.21229974437877203 2.6355609777941646 2.8492947657414187 167 185 113 0.27784895482182154 53 718 54 683 55 386
4141 -0.51074168826354138 2.3081284583088508 4.0203264579278475 225 225 207 1.3637110175125513 53 763 54 745 55 676 56 688 57 751 58 735 59 727 60 721 2 618 3 611
4142 -0.63215329062259129 2.2702045047361779 3.9484695883882579 92 181 91 0.48938579710260849 53 548 54 746 55 795 56 807 57 842 58 793 59 732 60 772 1 687 61 696 2 665 3 665
4144 -1.3377887924573943 2.3900665861149966 3.4142370526986752 72 138 70 0.11646254644677433 52 805 54 762 55 694
4145 -1.2820282249699051 1.9867193807979335 3.7027715994112502 164 134 99 0.18284416342074972 53 812 54 783 55 706 56 708 59 578 60 568 1 510 61 516
4146 -1.8245284264908583 2.2633187451830019 3.8515407304940124 97 192 97 0.1535596137819577 53 846 54 814 55 731 56 561 57 511 58 488 59 283
4147 -1.9144184058349905 2.3817867518197193 3.8660178240143446 166 136 101 0.2135435085231886 53 847 54 817 55 567 56 339
4148 -0.0056698588084435619 1.4886225351192639 2.7983940971029853 254 255 253 0.21258612842278105 52 877 53 682 54 839
4149 -0.79132696292384397 1.6561403466220579 3.2548388651815889 155 188 114 0.1540322386336255 53 896 54 862
4150 -0.3801883362731196 2.1565295662186377 3.8132875985638148 254 251 241 0.69762423380353389 53 899 54 867 55 780 56 790 57 831 58 784 59 721 60 768 1 678 61 687
4151 -1.2827531393525204 2.7857810304480952 3.060365441796344 180 196 124 0.22871204881897408 53 907 54 874 56 788
4152 -1.3956668538472494 2.8103010982545662 3.0418964841013847 219 215 146 0.075901272283866186 53 916 54 876
4153 -1.2245547469789233 2.052752545151189 3.5265804449780815 72 142 70 2.0495350515073558 53 1012 54 885 55 691 58 452
4155 -1.7283445392109251 2.8774719336439558 3.0474018134144396 184 192 126 0.29875890770371122 53 1022 54 890 55 799
4156 -1.7643543652650273 4.1019813999277588 3.4219494655649658 1 1 1 1.00931504116587 49 700 54 900
4157 -1.4909107765595744 2.1276459049570611 3.7709647375813637 255 254 245 0.10978691220111807 53 939 54 907 55 822
4158 -1.4092756263710373 2.3133541858423854 4.1887929808986977 250 245 233 0.4297221479424701 53 944 54 913 55 907 59 746 60 730 1 648 61 657 2 628 3 620 4 608 5 570 6 572 7 525
4159 -1.8554816809992802 2.3281377489727242 3.7386250882455387 173 203 125 1.1830687493147911 53 947 54 914 55 730 57 278 56 334
4160 0.16415806233015068 2.1447080902770299 2.1709668905909916 255 255 255 0.19034989328862487 53 958 54 921 56 742
4161 -0.13772837401613122 1.9681043101910021 2.722303429320958 166 188 116 0.57470109316800577 50 1056 54 929 55 845 56 761 57 710 58 675 59 489
4162 -0.1441804326097153 1.7142065173893175 2.973958901893857 150 167 103 0.61492606626746893 53 976 54 937 57 714 58 680 59 612 60 599
4163 -0.76516315972144877 3.2253492060648243 2.9576064353834175 86 173 84 0.63395182012714191 53 991 54 948 55 855 56 866 57 719
4164 -0.7420010658399121 2.8948282362147264 3.1862808758483179 95 190 95 0.41616501383709298 53 997 54 953 55 857 56 871 57 808 58 692 59 625
4165 -0.92398502782440373 1.7012274651317518 3.2526568753660139 255 255 255 0.26776967279253089 53 1002 54 957 55 873 56 889 57 821 58 852 59 781 60 759 1 673 61 682 2 658 3 650 4 637 5 594 6 562 7 553 8 489
4166 -0.96602511773435129 1.7147550676385199 3.2276210470348601 174 147 108 1.0300129491962504 53 1066 54 958 55 874 56 890 57 822 58 778 59 714 60 703 1 621 61 630 2 568 3 593 9 296 10 364 8 297 11 377 12 363 13 351 14 213 15 4 16 7
4167 -0.4530853292733853 2.2416847360325227 3.8252951910974846 236 237 215 0.49675950398714674 53 900 54 964 55 781 56 792 57 743 58 592 59 551 60 379 1 350 61 355
4168 -0.57978091877281734 2.791424387780439 4.7191886367289975 1 1 1 1.1867389059629012 53 935 54 978 55 283 55 903 56 834
4169 -1.2250530141239377 1.9909430647891586 3.7123538702880587 253 250 239 0.2425106744951302 53 1018 54 979 55 898 56 974 57 911 58 869 60 821 1 726 61 736 2 699
4170 -1.6750419672660972 2.149651447889291 3.7259150384561508 76 131 67 0.1926369289386482 52 1027 54 986 55 905 56 917 57 858 58 806 59 740 60 725 1 637 61 646 2 667
4171 -1.904510866097302 2.3733749235002652 4.1017475528365868 167 136 101 0.1169746509637976 53 953 54 991 52 960
4172 -0.079569312388122038 1.7643144750343853 2.7004460759233835 171 181 117 0.16827591813261314 53 1043 54 997 55 918 56 932 57 872
4173 -0.64198839626350934 2.9039406360350157 2.4776847327411966 227 232 209 0.24836915914881419 50 1120 54 1004 57 877 59 754 2 635
4174 -0.8214463894174846 2.912591364992295 3.1480918953272785 94 188 94 0.32557022389211454 53 1064 54 1018 55 935 56 951 57 886 58 835 59 762 60 741 1 656 61 665 2 641 3 675 2 678 4 659 5 611
4175 -0.82425853461113552 2.9017534429065091 3.144760485623018 94 188 94 0.19306486469515013 53 1063 54 1019 55 936 56 952 57 887 58 836 59 763 60 742
4176 -0.85986328459804651 1.7126334688617111 3.3295146569671878 255 251 240 0.25116575126686058 53 1000 54 1021 56 963 57 902 58 850 59 779 60 766 4 640 5 597 6 565
4177 -1.3031071234013416 2.0373730077670844 3.8040154428234425 250 245 232 0.67585739963625235 53 1026 54 1040 55 961 56 975 57 958 58 910 59 843 60 827 1 729 61 739
4178 -1.8239146665791279 2.2591791615922503 3.924036390954361 255 255 240 0.082302981168301217 53 1091 54 1045
4179 0.18876492230759007 2.2854534748113844 2.2162178058886415 169 191 117 0.22242641570444063 53 1155 54 1046 55 966
4180 -0.72102972256325482 3.0095214666789003 2.5386756022546138 1 1 1 0.75950897637120385 53 1174 54 1060 55 978 56 1028 57 926 58 919 59 804 60 787 3 673
4182 -0.46688687419355751 3.1256088443827759 3.209304941957003 133 181 100 1.3602434563098584 54 1063 55 982
4183 -1.1176810768714895 2.6600206780133986 3.1848570748631517 116 171 94 0.3117051818909678 53 1120 54 1075 55 990 56 993 57 939 58 888 59 818 60 798 1 701 61 711
4184 -1.7830062895800582 3.0154819254272862 3.0292919963685025 75 147 72 0.67284112360802872 53 1207 54 1089 55 954
4185 -1.416761331509294 2.2930547809533812 3.5172368040406439 163 179 113 0.18292416440140835 53 1144 54 1092 55 1012 57 952 58 905 59 834
4186 -1.8490049976882801 2.5964214924806339 3.2893677633487357 62 119 59 0.19524255612000321 53 1150 54 1094 55 1013 56 1010
4187 -1.5929186538246762 2.2439613422145626 3.5852133561728774 61 114 57 0.68662036846627816 55 1060 57 987 58 939 59 869 60 844 1 748 61 758 2 724 3 724 4 695 5 643 6 636 7 640
4188 -1.5976182073256617 2.3463692561787739 3.6289179046332278 61 114 57 2.0169865923835797 53 1148 54 1096 55 1059 57 986 58 940 59 870 60 845
4189 -0.10831611960260132 1.7762140203582115 2.7653124702752638 163 177 112 0.93692445845003391 53 1164 54 1104 55 1023 56 981 58 824 59 755 60 737 1 599 61 608
4190 -0.83347554419437586 1.7040331165215274 3.2409925974749423 108 143 82 0.86509748334531877 53 1183 54 1117 55 1033 56 1035 57 972 58 926 59 855 60 838 1 705 61 715 2 690 3 689 4 670 5 619
4191 -1.2677454515708373 2.4051738877571331 3.4778497418022276 99 156 83 0.85979871840214661 53 1195 54 1128 56 1043 58 931 59 861
4192 -1.0880627690420948 2.0134067641112519 3.7557065140836885 116 182 93 1.1964114072518068 53 1140 54 1133 55 1046 56 1066
4193 -0.75680731569172743 2.9989285654215778 2.4023547627423172 201 196 167 0.63287605478326148 53 1243 54 1168 55 1089 56 1083 57 1019 58 969 59 892 60 871 1 769 61 779 2 755 3 753 4 729 5 676 6 673 7 683
4194 -0.5604092481137869 2.5046333812517547 4.3002665880742956 252 249 237 1.4414343485296723 53 1236 54 1171 55 1094 56 1087 58 974
4195 -0.10849618444806797 1.8043518348121734 2.7080835383263242 65 124 62 0.15479364363704884 49 454 52 462 54 397 45 49 46 53 47 49 53 61 50 56 55 30
4196 -1.7005766225832752 2.4333741350964946 3.3897865839674237 73 140 71 0.3625764350576155 39 836 40 841 41 882 42 903 43 874 44 933 45 974 54 789 46 964 47 962 48 957 49 885 50 899 51 918 53 829 52 835 55 710 56 712 57 668 58 628 59 556 60 541 1 481 61 486 2 465 3 458 4 306 5 282 6 283
4197 -1.741894707537051 2.6303676389576989 3.2249708723966064 170 187 119 0.65287356593969548 36 658 37 870 38 881 39 994 40 995 46 1208 54 896 47 1107 52 939 55 804 56 816 58 723
4198 -1.4877121515027831 3.1582798295555174 2.8528399289884767 67 127 64 0.107915105917013 38 773 39 889 40 890 41 934 42 940 43 893 44 954 45 982 46 971 47 954 48 940 49 855 50 870 51 880 54 522 52 587 53 545 55 453 56 455
4199 -1.6477357014141938 2.5998379424731715 3.228043919753349 204 202 136 0.14863548447741079 34 587 35 629 36 640 37 739 54 894 40 979 42 1035 53 931 45 1113 46 1107 47 1095 48 1076 49 1000 50 1023 51 1039 52 935 55 798 38 874 56 815 57 656
4202 -0.05535175912692758 2.0800913771263194 2.4824206726236966 88 169 86 0.085103282844392114 54 27 55 21
4203 -0.025328386546214388 2.7070800078485591 2.4845520318099799 156 132 93 0.15370817498270117 54 39 55 24 56 26 58 31
4204 -0.13644028496762489 2.2646879778958957 2.5980316041435767 95 187 95 0.060395513618062863 54 58 55 33 56 39 57 24
4205 -0.13616883504914323 2.2652934456773584 2.5983321354296711 95 187 95 0.062282509749639912 54 59 55 34 56 40
4206 -0.13145871256743183 2.1875784584894022 2.6258682381720284 193 205 131 0.13743879678851245 54 57 55 35
4207 -0.068034411737729616 1.6218057443035472 2.8371457869966847 70 135 68 0.1858401510225349 54 41 55 43 56 48 57 39 58 43 59 41 60 30
4208 -0.06882413192386061 1.6204874378545313 2.8370566440644964 70 135 68 0.16041223773007948 53 54 54 42 55 44 56 49 57 40 58 44 59 42
4210 -0.19413831415909133 2.0941958256908491 2.818552006358594 194 204 130 0.11835525698798288 54 73 55 70 56 74
4211 -0.19413831415909119 2.0941958256908491 2.818552006358594 194 204 130 0.11835525698798018 54 74 55 71 56 73
4212 -0.26506741180811272 1.9866313885798599 3.0441070355772624 95 175 89 0.07198181324683571 54 96 55 84
4213 -0.19550759591948341 1.7794085133217927 3.1990849920593032 238 239 222 0.032742495640003845 54 429 55 89 56 99
4215 -0.19060764556903248 1.8079387962919704 3.1362083181339697 72 138 67 0.12502500142254544 54 93 55 91 56 81 57 64 58 70 60 70
4216 -0.19221073713445647 1.8050695406152497 3.134562105476244 72 138 67 0.034888123983849523 54 94 55 92
4217 -0.98139950986138191 3.2862089905919531 2.7581404046712641 215 225 194 0.50108258161338248 54 136 55 117 56 427
4218 -0.32670944968840004 1.7566866069531941 3.3312416606705373 181 152 117 0.093203476614272043 54 121 55 119 57 110 59 369 3 338 4 310
4219 -0.57612584341039863 2.8272602180163222 3.3221120560234962 186 199 122 0.32301828383777581 54 146 55 129 56 121
4220 -0.58560300846456581 2.8085119154420752 3.3153055990585565 186 199 122 0.016154627621566497 54 145 55 130
4221 -0.70015909216804406 1.6826934958245494 3.2212152522804489 150 186 111 0.55243662041269082 52 156 55 141 10 109 11 105 12 103
4222 -1.194015847058383 3.1053000045212893 2.9058900465683584 92 178 90 0.15514062148207461 54 172 55 154 56 128
4223 -0.91519995034982005 2.6026521653107282 3.3186969216640123 91 172 87 0.039123708348544728 54 183 55 162 56 158
4224 -0.96992907362856595 2.5815708952347953 3.3145352260603329 131 178 100 0.17834806168521333 54 185 55 164 57 134
4226 -1.674257879276825 2.4668167649990549 2.6652046760307204 84 160 82 2.3480835444682571 36 165 55 172
4227 -0.93281920535728546 1.719089361021817 3.3036499084124231 174 144 108 0.13664358945768992 54 201 55 178 56 178 57 155 58 160 59 151
4229 -1.4325237588669308 2.7835795980479743 3.065489090996361 211 209 140 0.056962950751406748 54 248 55 191 56 193
4230 -1.6163668217247429 3.1766097260684041 2.8788730401515745 85 165 84 0.14230695680727354 54 220 55 197 56 168 57 122
4232 -1.2595887990579988 2.4828091189048282 3.3230522034278911 198 202 132 0.019967949972998895 54 240 55 210
4233 -1.3431732167759831 2.6069371755454984 3.2073386070803549 79 143 72 0.061001642788216084 54 243 55 212 56 190 57 162 58 167
4234 -1.4635638123366783 2.6186375852804886 3.1951371637159873 213 209 141 0.027625879584411803 54 281 55 215
4235 -1.4837327795921911 2.6183480468934954 3.1809788075657899 195 197 130 0.0055160989468446761 54 283 55 217
4236 -1.2222730361476095 2.2910046599410565 3.5490694127964759 86 154 79 0.1331632998237455 54 269 55 228 56 236
4237 -1.2439667206878926 2.3028795304500016 3.5437329585754429 184 194 124 0.026929982289978418 54 270 55 229
4238 -1.3113979448325241 2.4457448223184861 3.3608383159129707 75 141 71 0.1608554324372487 54 277 55 231 56 211 57 187 59 176 58 189 60 142
4239 -0.98090903853497213 2.125446330832677 3.8367297144991901 80 154 77 0.18031175778248287 54 291 55 242 56 247 57 224 58 244 59 239 60 222 1 212 61 217 2 209 3 229 4 190 5 178 6 194 7 175 8 202 11 174 12 156 13 141 14 117
4240 -1.0512621455872673 2.1058425855502647 3.8313959831960971 75 146 73 0.14593190024112601 54 294 55 246 56 284 57 245 58 246 59 247
4241 -1.3381642923426491 2.286674309241469 3.5206090908044048 202 201 133 0.060694138525071793 53 305 55 254
4242 -1.3313958073616836 2.2657473890257132 3.5547946581933636 203 201 133 0.075812693787521299 54 304 55 255 58 232 2 167
4243 -1.4161745386142148 2.3363041668525111 3.4551158619371454 68 130 65 0.12416816045513868 53 308 55 256 56 263 57 235 58 207 59 210 60 195 4 115
4244 -1.545905213292464 2.4580791946532918 3.3355511718874031 71 126 64 0.011823574517200133 52 345 55 258
4245 -1.0867415055466942 2.128392460562051 3.9020292220579988 196 202 133 0.25765784122440044 54 314 55 264 56 286 57 486 58 472 59 443 60 417 1 378 61 383
4246 0.063198699199775721 2.1824556458670887 2.2982413070265419 0 0 0 0.045492156109031026 41 49 43 57
4247 -1.5460866692241766 2.2006029810316954 3.641837773946639 206 202 135 0.13932673020549657 54 337 55 289 59 260 60 229 4 175 5 136 7 122
4248 -1.5761343891857349 2.1841525833142508 3.6563398805389946 73 136 69 0.24793137633687151 54 338 55 291 57 267 60 230 58 277 1 200 61 205 3 195 5 137 9 145
4249 -1.5526354972763254 2.276479319734793 4.1070762282718594 183 153 116 0.074797401619926748 54 356 55 316 56 325
4250 -1.6740121618066035 2.1410120795972776 3.8169421003550252 88 172 88 0.064286941251784788 54 358 55 320
4252 0.18951282383882345 1.60972763424948 2.2873692895221818 132 94 59 0.096759919596655933 54 366 55 331 56 350
4253 0.14687368313160759 1.7669466939917851 2.3528983552167984 140 157 97 0.079241346670182108 53 391 55 335 56 356
4254 0.085543405976580111 1.8367389739421787 2.3764871941562631 102 146 81 0.073716197516620785 54 378 55 344
4255 0.025872114730416285 2.2529558880157441 2.3285588264280874 97 190 97 0.19076672148208557 52 705 55 346 56 370 57 311 58 313
4256 -0.012556636579335867 1.4341011678124556 2.9234129228335566 255 252 241 2.851338699686937 53 693 55 365
4257 -0.072565425882849643 1.6490456336830528 2.7964805101569552 92 137 74 0.099551153744623339 53 415 54 393 55 368 50 478 57 336 56 387 58 341
4258 -0.072982134743356963 1.647951676623129 2.7961425871843355 92 137 74 0.10023329899567202 54 394 55 369 56 388 57 337 58 340
4259 -0.16685458388263624 2.1205844374465386 2.753689305616887 97 188 96 0.06908309572264798 53 426 55 372
4260 -0.19014225966669859 2.5502659820095364 2.7600626330507847 184 198 124 0.083416227144967658 54 410 55 375 56 391
4261 -0.069598097990385077 1.6307063762424601 2.9381406372727707 177 182 116 0.24264453258456167 48 534 55 379 56 398
4262 -0.18307857711625197 2.1760301836468332 2.8112317851350914 96 191 96 0.16720964421002762 54 672 55 385 56 404
4264 -0.23488853778653315 1.8872000824379316 3.1796027656135677 71 139 69 0.20776906643247692 54 434 55 396 56 414 57 353 58 353 59 347 60 317 1 297 61 303
4265 -0.90749918285592712 3.2081606020679523 2.9284242554907869 209 214 138 0.1964091433931987 54 468 55 419 56 625 57 356 58 357 60 45 1 273 59 343 61 279 2 270
4266 -0.9251017254902969 3.146011543318894 2.9501599000022636 99 191 96 0.087493869613509731 54 467 55 420 56 437
4267 -1.0665287478727039 2.9082522881611577 3.0566027447765589 91 180 90 0.015780771979436708 54 479 55 430
4268 -0.78900119198923591 2.6289513417562929 3.3605514017207541 88 173 87 0.0068477703806375367 53 511 55 444
4269 -0.96771741762062602 2.7197236426145954 3.2044879474139027 88 173 87 0.093025009150618357 54 492 55 448 56 464
4270 -1.3762682147860583 2.995652684155123 2.9435811000887657 82 156 79 0.12797643196313085 54 496 55 452 56 468 57 391 58 384
4271 -0.47790066033324557 2.3585426078760001 3.8569743833721328 170 188 115 0.21427091147312455 54 505 55 459
4272 -1.0467486906546695 1.7231327058386163 3.2930627685832872 159 128 94 0.2671008166996035 54 512 55 483 56 677 57 636 58 597
4273 -1.0467486906546695 1.7231327058386163 3.2930627685832872 159 128 94 0.2671008166996035 54 513 55 484 56 676 57 635 58 596
4274 -1.3985704891429038 2.593425877848667 3.2160089359492958 136 165 98 0.11888306590114482 32 111 55 492
4275 -0.47584068100943877 2.4202202144564939 4.227242792626833 169 138 102 1.7290267323691764 54 262 55 498 56 699 57 759 58 801 56 819 59 737 60 781 1 689 61 699 3 705 2 668 4 682 5 632 6 629 7 652 8 655 9 630 10 566 11 569 12 513 13 499 14 435 15 422 16 401 17 373 18 291 19 289
4277 -1.7775737281873629 2.7785300622253817 3.1357417500040361 104 149 83 0.034594654276565259 52 639 55 515
4278 -0.81043027330065509 2.2231910690681227 3.9433280992262794 93 183 93 0.481137258078218 54 264 55 519 56 517 57 463 58 620 59 572 60 561 1 504 61 510 2 496 3 482 3 483 4 471 5 447 6 446 7 456 8 456 9 375 10 332 11 332 12 193 13 157
4279 -1.3984971881376722 3.4621715744593242 3.9006916382638352 93 133 73 2.1629635926738562 48 748 55 535
4280 -1.484545276239277 3.4381476073714321 4.0545163428215023 129 149 91 1.365126724496359 28 208 55 544
4281 -1.80581376277605 2.1865358207798891 3.76818976558708 87 170 87 0.14465152223081251 54 617 55 561 56 560 57 510
4282 0.12925914440044872 1.6235995575918507 2.387853262679652 185 155 118 0.40236275783188113 53 671 55 581 56 355 59 8
4283 -0.095613755648598697 2.1889663778765165 2.5534601975643101 168 196 120 0.2778740150793037 53 687 55 594 57 321
4284 -0.84790071693066471 3.1303235346865992 2.9492597683324133 186 208 128 0.67622084861228637 54 859 55 632 56 624
4285 -0.54182846350143377 1.9236093856399181 3.3144857434408372 102 200 103 1.4487206627801512 53 477 54 460 55 639
4286 -0.73378764767736748 2.840884143647914 3.2145930404823053 200 204 132 0.13586070154407706 54 710 55 640 57 584 58 552 59 507 1 438 61 443 2 412
4287 -0.98668896302000864 1.7208988373625298 3.2972235793041476 185 155 118 0.22408504620786768 54 510 55 659 56 659 57 633 58 594
4288 -1.0310289078885404 2.479987261349359 3.403593880520567 198 199 130 0.079053461387606619 54 738 55 665 56 662
4289 -1.0591611374036172 2.4318127360345518 3.4450581081417124 81 159 80 0.073863378884799588 54 749 55 678 56 679
4291 -1.2829027129647652 2.331122367951763 3.4838436515220672 75 146 74 0.0730850823578299 54 760 55 693 56 694 58 613 57 653 59 553 60 538 1 480 61 485
4292 -1.4682150118196486 2.0887803139860353 3.7511428136316978 95 75 32 0.11716600497882024 54 794 55 716 56 721 57 496 58 474 59 266
4293 -1.7500724518075543 2.2314612728906145 3.6093784252520988 60 111 55 0.027987293145073998 51 930 55 726
4294 -1.480882749918218 2.276866439070715 4.1566713750562174 251 247 236 0.33407441015615891 54 614 55 728 57 690 4 480 5 454
4296 0.015451379750850147 1.6859643054054494 2.5915891998888534 213 207 140 0.15857955506904242 54 834 55 747 56 755 59 469
4297 -0.18670881640379616 3.0132511289019455 2.7020274826962405 1 1 1 1.4012740272856294 53 874 55 753 56 857 57 875 58 822 59 803 60 679 1 695 61 705 2 529
4298 -0.27526766905751876 1.8963849802723236 3.2970609502232491 93 140 73 0.37490468973748808 54 853 55 761 56 629 57 361 58 363 59 101
4299 -0.42638633246839375 2.2232753080844874 3.7565100435140519 255 254 235 0.42708747044149159 54 868 55 773 56 791 57 615 58 591 59 390 60 177
4300 -0.30789063666984501 5.0499759707702783 4.8063592085310187 0 0 0 1.7876752679112653 47 1102 54 886
4301 -0.75054509284854554 2.2399166931401582 3.9536624857208316 194 203 132 0.14076668867379033 53 775 55 796 56 822 57 848 58 796
4302 -1.9010168535998933 2.6333981181958093 3.2889781263184834 160 198 118 0.075612264081002342 54 910 55 812 57 670
4303 -1.8710747918188639 4.0420116100239305 3.5861574980531734 254 253 242 0.23289737971465929 54 983 55 814
4304 -1.9609434148333016 2.7732414453758296 3.466306135692208 255 255 245 0.12493651180714027 54 912 55 820 58 631
4306 0.14242307154603306 1.6037638552432358 2.3639645910368281 162 139 99 0.93122281202625401 54 923 55 833 56 843 57 782 58 657 59 592 60 447 1 254 61 259
4307 -0.25790033300930665 1.7274929385897762 3.2768685626681897 160 127 91 1.7883419365073718 55 854 56 863 57 804 58 763 60 699 1 619 61 628 2 554 3 535 4 534 5 496 6 397 7 310 8 321
4308 -0.91770027174524738 2.8456806594002115 3.1095457559122575 93 186 93 0.38881830652498672 54 955 55 863 56 879 57 813 58 768 59 705 60 612 1 542 61 548 2 544 3 521 4 524 5 483 6 484 7 482
4309 -1.2425305842291507 3.1548333749279922 2.8673172354606566 176 206 125 0.32020692382353028 54 956 55 864 56 874 57 810 58 770 59 700 60 686 1 606 61 615 2 598 3 578 4 509 5 539 6 541 7 539 8 541
4310 -0.44073908058263367 2.2215604104766546 3.8711300822973489 155 135 95 0.27929009966957824 54 965 55 871 56 894 57 832 58 786 59 724
4311 -1.238633584538636 2.5627854849538192 3.1586813958263282 164 187 116 0.89541972477918463 53 1006 55 876
4312 -0.58305208195112057 2.307708542907343 3.8672405607137397 84 158 79 0.39135347895682626 54 967 55 880 56 897 57 838 58 789 59 725 60 712 1 682 61 691
4313 -0.67212995082333471 2.2779609865622947 3.850210377271345 80 161 80 0.25706414800601107 54 968 55 881 56 900 57 840 58 791 4 649 6 571 7 603 8 605 9 600
4314 -0.67218830443473809 2.2779702346428916 3.849934053697583 80 161 80 0.2622600193918635 54 969 55 882 56 899 57 839 58 790 60 713 4 650 6 570 7 602 8 604 9 601
4315 -1.1552315153496551 2.4475592985138408 3.3801302101636574 168 189 116 0.57001762839930892 52 1007 55 884 57 835
4317 -1.6750062826510077 2.1519989404013757 3.7265261837192343 70 127 64 0.1747695754105435 54 987 55 906 56 918 57 857 58 807 59 741 60 726 1 638 61 647
4320 -0.10100497072082193 2.265173202229612 2.5345896697321897 94 186 95 0.39516776458565261 54 996 55 917 56 933 57 786 58 753
4321 -0.24549961180109053 2.6497923963422272 2.9751112604317989 95 195 94 0.6735451599823602 54 1005 55 925 56 939 57 798
4322 -0.71204776015509852 3.3612235135747559 2.9086825007074277 128 178 96 2.0570392231535752 49 199 54 1064 55 930
4323 -0.35767604415134269 1.7519560712697992 3.3099490420551065 161 135 96 0.70852231342931959 53 986 54 1012 55 931 56 946 57 811 58 773 59 712 60 700 1 620 61 629 2 613 3 597 4 590 5 558 6 563
4324 -0.85507747370577092 2.958532743908501 3.0772106003258886 162 200 117 0.24909892476880652 54 1017 55 933 56 873 57 809 58 767
4325 -1.351462747302665 2.1131744020833323 3.933322528780375 142 199 113 0.69807742789453309 54 985 55 962 56 1019 57 963 58 912 59 848 60 829 1 733 61 743 2 707 3 704
4326 -0.33846771927281316 2.3446871201517538 3.395278067307129 252 255 232 1.0393648508133242 56 1034 57 933 59 769 60 702
4327 -0.94951523429704299 2.7313436405455853 3.2527336258298138 121 178 97 0.17633886079779321 54 1070 55 989 56 992 57 938
4328 -1.2443236820704426 1.9679033367313803 3.6154697941665948 184 153 116 0.87882730097564066 53 1142 55 1009 56 1015 57 956 58 907 60 818 2 664 3 662 4 598 5 563 6 567 7 505
4329 -0.83416127922422489 2.9755777657388132 2.3344664373799131 231 195 148 0.96526723435998185 53 1104 55 1025 56 1026 57 968 58 917 59 850 60 832 1 738 61 748 2 710 3 712 17 484
4330 -0.83487968393630974 2.975146953945762 2.3321485437553355 231 195 148 0.74893351235705274 53 1103 55 1026 56 1027 57 969 58 918 59 851 60 833 1 739 61 749 2 711 3 713
4331 -1.017016068196382 2.1437007205473924 3.4511776951477309 126 175 98 0.98840407517627815 52 1215 55 1040
4332 -1.8874279880600711 2.3455233823953696 3.8711237289281946 255 255 249 0.8970118373354915 54 1157 55 1073 56 1068 57 992 58 947 59 873 60 830 1 734 61 744 2 728 3 703 4 703 5 650
4333 -1.1266941412699536 1.9303430247191815 3.5194175037268027 255 253 243 1.5653624902341723 54 1172 55 1080 56 1075 57 1008
4334 -1.9867770043906237 2.5687056674647089 3.8842365479124976 0 0 0 1.6731030048006679 54 1162 55 1083 56 1069 58 948
4335 -0.19168212999750156 2.1995657145762255 3.3531016678973886 95 163 84 1.7373757631294888 54 1170 55 1091 56 1085
4336 -1.9351839814960401 2.7596046121215911 3.6637960107480367 255 255 255 0.81680393590135447 54 1174 55 1095 56 1088 57 1010 58 960
4337 -0.39284195150959622 3.2802641491653621 2.8574804189774854 1 1 1 0.51165931367249307 54 1177 55 1098 56 1093 57 1028 58 978 59 901 60 885
4338 -1.8300767674153153 2.4207286324253747 4.0323463801231698 255 255 245 1.6641697386619834 54 1178 55 1100 56 1097 57 1030 58 976 57 1025 59 899 60 881 1 779 61 789 2 763 3 762
4339 -0.03709212839224707 1.6832993785303374 2.669104209764213 64 116 58 0.18354049789732041 50 37 51 38 55 26 43 32 48 24 53 45 54 34 52 41 49 46 56 30 57 22
4340 -1.6684019395949101 2.4574775187482865 3.3545192413973557 196 198 131 0.28235526373358216 35 614 36 624 37 862 55 901 45 1200 47 1187 48 1151 49 1067 50 1089 51 1112 53 1029 57 763 56 824 58 734 60 646
4341 -1.5169910341439743 2.6521681625415967 3.1641958248040112 97 105 67 0.31939636138587169 31 345 52 809 55 682 53 797 54 766
4342 -1.3124279947992075 2.7662819270015251 3.0848032645085164 76 142 72 0.21317240517790492 31 123 33 145 55 190 53 236 54 212 30 85 28 92 29 277 32 376
4344 0.045762668841313248 1.9074480077114671 2.3912223093994509 59 114 57 0.12686903215254139 48 1011 50 952 52 870 55 582 39 725 40 716 41 772 42 775 47 811 48 794 46 828 49 721 50 723 51 759 52 703 53 675 54 641
4345 -1.3722034273435473 2.924183141408538 2.9802683623021737 202 201 134 0.19373951149326249 31 516 34 605 35 645 36 799 35 778 55 654 42 906 43 881 44 936 45 947 46 937 47 930 48 919 49 852 50 855 51 879 52 790 53 773 54 741 56 651 57 594 58 563 59 518 30 466 29 405
4346 -1.9127295459113922 2.6349591977961291 3.4433770274357118 66 130 66 1.9422549498138486 54 1042 55 904 46 1346 47 1351 48 1330 49 1245 50 1262 51 1290 52 1190 53 1152 56 837 57 771 58 639
4347 -1.1780237305599506 2.5428794510890769 3.2972358013786183 79 152 77 0.12000356978445753 54 237 55 186 56 186
4348 0.094413472770501272 1.9890130268458921 2.3137248978786471 212 213 142 0.18520737625805883 54 11 56 12
4350 -0.039352680112477723 1.8814832560605645 2.4934930283076282 85 163 83 0.30083833032985097 55 17 56 21
4351 -0.12965711781619677 2.1589655756742996 2.6362155446309368 100 195 99 0.065458536520389021 55 32 56 35
4353 -0.14899965184421904 1.7850955939609416 2.8220631293552052 191 198 128 0.061213499647399187 54 70 55 52 56 69 57 43
4354 -0.17258154293336109 2.0828432827214174 2.7906842387972084 199 208 133 0.020567522011194626 55 57 56 71
4355 -0.19526456203486217 2.933486628828216 2.911069906924217 233 235 213 0.11785505570396568 55 79 56 78
4356 -0.1728878619925488 1.8010850635727615 2.9198979790890669 83 162 82 0.2512746983789137 55 68 56 79 57 51 58 53 59 51
4357 -0.21059697845780742 1.8377819475181774 3.1808709521951877 176 181 113 0.061744801029721415 53 105 56 100 57 65
4359 -0.97243377627466954 2.9327204990950042 3.0499883853768424 181 205 127 0.19005351707709267 52 188 56 126
4360 -0.6083449333246429 2.7616008472750559 3.3406071940862545 92 183 92 0.057421812524284202 54 164 56 140 57 114 58 114 59 104
4361 -0.75357069437273827 2.638817401345297 3.3892055423550955 88 172 86 0.20429776442662223 55 160 56 156
4362 -1.4940426641666351 3.096259575196588 2.8855545390595347 107 167 91 0.093378563537832804 55 170 56 165 57 120
4363 -0.89981486201924343 1.7208994945131024 3.3064375773549841 182 152 116 0.12005462920731298 55 175 56 175 57 152 59 146 58 157 60 131 1 118 61 122 2 111 3 123 4 111 5 110
4364 -0.9002006675213281 1.718831588142598 3.3056370236784591 182 152 116 0.10546375910013864 55 176 56 176 57 153 58 158 59 147 60 132 1 119 61 123
4365 -0.98709729492795351 1.6852591010401547 3.2572643642394943 253 252 241 0.22420495255259842 55 179 56 179 57 156 58 405 59 387 60 359 4 314 5 277 6 299 8 299
4366 -0.98617724677160101 2.5433737061174031 3.3517668954190878 83 162 81 0.028879770347709825 54 206 56 183
4367 -1.0246800296641891 2.5604903682730558 3.3085370990272134 204 204 134 0.033941143058009576 54 207 56 184
4368 -1.0165204760445499 2.5389391090040729 3.3425099973914572 195 200 130 0.16934485607895683 55 184 56 185 58 163 24 75
4369 -1.3678574235292829 2.6118701171748988 3.2000865585338754 193 199 130 0.087415487439149647 54 245 56 192
4371 -1.1860265848088765 2.4253942217688405 3.4062599635509643 77 150 75 0.064640078124452216 55 207 56 207
4373 -1.4607837947196693 2.4441344305188872 3.3447933289838385 71 129 65 0.086988872781288418 54 308 56 239
4374 -0.99095392832897256 2.137091990916073 3.8645880885846746 194 200 132 0.10690442980267703 55 245 56 248 57 243 58 245 59 240 60 225 1 213 61 218 2 210 3 230 4 209 5 179 6 195 7 176 8 203 9 209
4375 -0.9900524133172719 2.165545923352338 3.8032000717234462 79 147 74 0.12645118743878123 55 243 56 249 2 190 3 209 4 189 5 175 8 198 11 172
4376 -0.98998459286514606 2.1650184442063511 3.8029703092798148 79 147 74 0.11519674420894484 55 244 56 250 3 210 5 176 6 193 8 199
4377 -0.20008147341295332 2.1816380949749528 2.8259062821700267 0 0 0 0.0028945095234956778 41 109 43 111
4378 -1.4943886270427262 2.2944594917599432 3.5000207668633392 67 125 63 0.13707950448491585 51 385 56 265
4379 -0.64831551177435542 3.1705959822170975 3.0534767557066602 59 113 55 0.16184487255132679 31 194 33 232 28 182 27 149 23 144
4381 -1.0503685190703078 2.1091379548703828 3.832655442850601 65 126 62 0.066471039497915524 55 247 56 283 57 244
4382 -1.0659271259500223 2.1162729592294469 3.8731835388626892 87 169 86 0.15725217537203454 55 263 56 285 57 484 58 251 59 248 60 410 1 215 61 220 2 212 3 378 4 364 5 181
4383 -1.1413285212173359 2.1144512940750557 3.8842520735490331 87 167 86 0.1150233021098882 55 265 56 287 57 261 58 271 59 445 60 419 1 380 61 385 2 362 3 380 5 336 7 179
4384 -1.5753801956413567 2.2970878009007647 3.4936770295603612 67 120 61 0.10019043237629453 55 275 56 293 58 233 60 197
4385 -1.6506857920863016 2.3610249127380829 3.4518498953248411 67 124 62 0.039684338506169946 55 277 56 295 58 235
4387 -1.1629237530279608 2.12556591402373 3.9128395479581539 88 171 88 0.10156564188558675 55 266 56 304 57 494 58 473 59 446 60 421 1 391 61 396 2 371 3 382 5 345
4388 -1.5638650285912326 2.1807274309646103 3.6728115706498832 200 198 131 0.10080891754394213 55 290 56 309 57 266 58 278 59 261 60 231 1 217 61 222 2 195 3 196 5 138
4389 -1.6805682524061178 2.2722236196581869 3.5405128163651551 207 203 137 0.052839070331216369 54 341 56 310 57 255 58 265
4391 -1.5473249037111696 2.2724211160764525 4.083554651300191 254 251 240 0.17565661118580805 55 315 56 326
4392 -1.6084844951920452 2.1430010620495441 3.8420740044381811 85 164 84 0.087577512541647376 55 317 56 327 57 272 58 484 59 278 60 428 2 367
4393 -1.987832686512998 2.4294584443306722 4.0852669634764904 255 255 255 0.43782598089649372 55 569 56 345
4394 -1.7203023758636722 3.8424287602680405 3.146998579566322 0 0 0 0.017139046877707498 41 444 42 447
4395 1.2464933671075962 3.9075080235768671 3.0786756400040431 69 129 65 0.91223570503462814 53 40 56 365
4396 1.2464933671075962 3.9075080235768671 3.0786756400040431 69 129 65 0.91223570503462814 53 41 56 366
4397 -0.094464958600778581 1.7249407420481915 2.7422409819957076 197 198 132 0.061235157748119988 43 440 56 386 42 31
4400 -0.088020514381527915 1.6005211993981214 2.9266788661263798 187 188 122 0.057785349516854358 55 380 56 399
4401 1.7291188680775691 5.2906664051775909 3.9625324361622849 158 180 111 3.0796723528538035 54 75 56 400
4402 -0.26626640196161794 1.9787286891949813 3.0807979330086157 91 178 90 0.15333354033956414 55 397 56 413 57 55
4403 -0.29715354857954501 1.9855753562866938 3.2649037811746005 82 164 81 0.19938214603198526 54 450 56 418 57 364 58 368
4404 -1.0641455224541201 3.1203929360247673 2.9200935903998286 99 195 98 0.13739326064181712 55 421 56 439 57 374 58 84 59 344
4405 -0.59066333793390702 1.684798862717551 3.2862892973641462 74 144 73 0.71280528695115486 55 423 56 444 57 599 58 570 59 522 60 512 1 463 61 468 6 313 5 285 7 297 8 313 9 321 10 260 11 133 12 117 13 81
4406 -0.37925868225972492 2.3941495403018638 3.4442387578329363 116 105 62 0.59050913325075705 55 636 56 445 57 381
4407 -0.36484873897653847 2.506511450587718 3.4451052513528722 243 246 220 0.156654409143511 55 124 56 446 57 112
4408 -0.89223215416574719 2.7541659526916398 3.2038429516523497 91 179 90 0.11942011350094747 55 429 56 449 57 386 58 381
4409 -0.75273565531409548 1.6831449476252847 3.2370091483408547 76 146 74 0.4038867902225633 55 425 56 458 57 604 58 389 59 373 60 354 1 467 61 472 2 445 3 444 4 297 6 387
4410 -0.92350722750843772 2.6206840714358655 3.2879537338144358 86 168 84 0.09054214028068544 55 446 56 462 57 405 58 392
4411 -0.66869513232479727 1.9235790700041497 3.5066480532489077 86 169 84 0.71258689961326216 55 173 56 475 57 617
4412 -1.7746206084767651 2.8235374695709643 3.0906704961744724 79 150 77 0.098471280361567645 55 516 56 493 57 445
4413 -0.75113534003130311 2.2625701610684525 3.777737424571038 80 159 79 0.06388141190028318 55 480 56 495
4414 -0.80217556083067154 2.210989029163787 3.8305782505279411 79 158 77 0.32526019630899522 55 502 56 497 57 223 58 448 59 222 60 204 1 364 61 369 4 188 5 331
4415 -1.2101093654463551 2.3587052858754669 3.471939460346968 101 155 83 0.037598970347474392 55 508 56 503 57 452
4416 -1.7800139658896794 2.762110506974373 3.129945397034815 100 151 83 0.082537571981699379 55 514 56 512 57 193
4417 -0.88201233737675167 2.2021554841430708 3.9349711161862264 93 180 92 0.39418192829296433 55 241 56 518 57 480 58 465 59 432 60 563 1 376 61 381 2 498 3 484 4 472 5 449 6 447 7 453 8 457 9 458 10 403 11 333 14 128
4418 -1.6380290104509336 2.3841818057181885 3.4110481838796587 93 134 74 0.080788628845313321 55 536 56 522 57 470 2 142 4 118
4419 -1.0836828036716351 2.1004172292346368 3.8400195509865047 163 181 112 0.32073106619562392 54 566 56 527 57 673 58 634 59 576 60 660 1 509 61 515 2 500 3 487 4 466 5 439 6 437
4420 -1.6418822704787674 2.3224293037560195 3.4869219562709866 68 122 62 0.01085381217586296 55 534 56 533
4421 -1.6699275669124918 2.3205625174349267 3.4809078911809457 199 198 133 0.009165422959780508 54 594 56 535
4422 0.10626483670732656 1.6626092062768023 2.4682250074404943 60 116 56 0.25246702649701697 54 638 56 574 58 317
4423 0.028528428083179069 1.841904104924236 2.4396791233044688 76 147 74 0.16367876790679023 55 587 56 575 57 527 58 321
4424 -0.16276423928729536 2.0569169793190665 2.7496045907908129 193 205 130 0.24614233937984298 55 608 56 595 57 556 59 320 58 343
4425 -0.43676130707789901 2.8446339803613347 2.4995784433922257 128 155 87 0.25280969927186964 54 676 56 598 57 547 58 519 59 486 60 466 1 418 61 423 2 392 3 402 4 380 5 352
4426 -0.51444429322363794 3.2413329598409284 3.0715711499012173 175 205 123 0.35810297148523107 55 762 56 622
4428 -1.5094021650569844 3.2669109494131883 2.7911870765813456 93 181 93 0.077682303188105095 55 656 56 640 57 588 58 556
4429 -0.82982554720201362 2.5557368439024728 3.4020292927902842 86 170 86 0.022515462685708802 55 651 56 648
4430 -1.0695638105254339 2.4683539554765614 3.3788033505967086 80 157 79 0.14468598490854359 55 469 56 664
4431 -1.40876644368697 2.6987138450892179 3.1324596152068089 115 156 88 0.16337532597714996 55 681 56 666 57 628 58 575 59 527
4432 -0.39412210313060209 2.1777141215044935 3.8852578000593891 255 253 243 0.87235217058281045 54 730 55 456 56 673
4433 -0.70679371140076896 2.2830368832022345 3.8012376314903866 195 197 127 0.11881213101278108 55 677 56 674 57 649 58 610 59 552 60 535 1 495 61 501 2 485 4 460 5 434 7 451 8 445 9 441 10 401
4434 -1.2559689790008846 2.3073397965097451 3.5344973352670501 197 199 129 0.25947718684387799 53 791 56 692 57 652 58 612
4435 -1.5171759746316382 2.3091043856122946 3.4885382615320522 64 122 61 0.069686630308190736 55 707 56 703 57 666 58 625 59 565
4436 -1.5317086758343077 2.178051698084317 3.9204161182231965 140 180 104 0.17352081608817671 55 723 56 725 57 686
4437 -0.20558658101440508 1.7263281488141138 3.2151869728835742 171 144 104 0.35919480807908988 55 852 56 767 57 802 58 762
4438 -0.23999405134582125 1.9087625715328289 3.2174337347059869 184 188 119 0.33557026363116454 55 759 56 768 57 717 58 549 59 504
4439 -1.1902927865040307 3.3958575371417759 2.7032112142814402 182 151 114 0.68767701545147775 54 860 56 773 59 336
4440 -0.96120351502156298 2.8045617529029765 3.1397678106504583 210 210 138 0.13337454900431939 55 769 56 782 58 694
4441 -0.95508668675250008 2.8251378239260569 3.1469817170977712 210 210 138 0.14954613663876681 55 770 56 783
4442 -0.72911757436459834 1.7054607660982128 3.3302884944072413 119 183 101 0.25220224061741098 55 774 56 785 57 738 58 706 59 647 60 637 1 558 61 567 2 567 3 544 4 541 5 501
4443 -0.92261553053074086 1.7545682977985559 3.1972301788752397 255 255 254 0.13368427098591565 55 778 56 786 57 731 59 530 1 318 61 323 2 311
4444 -1.2338705711085562 2.4201292458287114 3.4048598069864595 193 199 129 0.13222315190029568 53 922 55 787 56 802 57 746 58 720 59 657 60 644
4445 -1.3881743711239627 2.6337899667527345 3.1902481811106673 201 202 134 0.13461035435443874 55 789 56 803 57 741 58 712 59 636 60 632 1 552 61 558
4446 -1.5515532620016708 2.4910988245766768 3.306827199041221 169 179 115 0.43144661491393627 55 803 56 814 57 756 58 722 33 563 59 660 1 563 61 572
4447 -1.1579659685884272 2.0609387268289128 3.7806441107561781 51 103 46 0.062766548820335416 55 530 56 827 57 852 58 868
4448 -1.7134170371229362 2.4111473172689482 3.4223201203892915 95 135 75 0.24514835109436192 50 1029 56 831 47 1105
4449 -1.5076442217121364 2.1894732594727078 3.7063534367176092 188 185 120 0.34476533605229343 55 815 56 835 58 745 59 676 60 662 1 585 61 594 2 581 3 477
4450 -1.7145320518960032 2.2185180574251109 3.60856520631727 203 199 135 0.0013231071992681708 55 823 56 836
4451 -0.25729988903980949 2.0336908704331309 3.0264413034893862 170 193 117 0.13785035429664533 55 850 56 859 57 799 58 682
4452 -1.0393259154671799 3.3260547240612848 2.8498440990732168 107 151 75 0.39412297498413096 55 860 56 867 57 721 59 613
4453 -0.36933047385617468 2.8084935895563388 3.3194441743405125 97 194 98 1.3863536184848324 54 946 56 868 57 722 58 687 59 621
4454 -0.67493578450572578 2.8733718063669857 3.1988971213526565 94 190 94 0.011508623445342123 55 856 56 870
4455 -0.74893358782019082 2.9412148104081282 3.1121694726038514 195 207 130 0.063801742217684823 55 858 56 872
4456 -1.5942258929712654 2.4659871925148908 3.3080137578180926 176 185 120 0.44555473253419975 53 1020 56 901
4457 -1.2949685308624714 2.2070285148859905 3.6049717916289499 66 128 63 0.79967946168899939 55 957 56 905 57 850 58 738 59 670 60 553
4459 -1.3965090080413922 3.1252383251777425 2.8365126219757144 0 0 0 0.59599644583270228 36 881 38 964
4460 -0.95962745764069579 2.1637049290608177 3.8977998206867546 162 194 118 1.1386623603501871 55 889 56 912 57 910 58 866 59 836 60 820 1 725 61 735 2 702 3 700 4 680 5 629 6 625 7 624 8 635 9 626
4461 -1.1004544886301086 2.1030015010634053 3.8604098753274241 165 189 117 0.6947457748041922 55 897 56 913 57 851 58 867 59 791
4462 -1.8242268555285848 2.3622312624032187 4.1168677692323632 254 250 240 1.2748114835095596 55 910 56 921 58 875 59 799
4463 0.05583173909121153 2.3907588006596661 2.3358355255290619 127 210 112 1.3069452566544406 54 1051 56 930 57 783 58 661 60 275
4464 -0.20577126244578958 3.0809219217716808 2.6476026170246434 213 224 194 2.0842142606021388 53 980 56 935 58 671
4465 -1.0079816450725443 2.8586377065796151 3.0980882757099009 91 179 90 0.26945822434249811 55 986 56 955 57 890 58 841 59 764 60 743 1 657 61 666
4466 -0.86200945234113924 1.7043674138648057 3.3266363951639244 254 251 239 0.21387455330136823 54 1022 56 964 57 903 58 851 59 780
4467 -1.511248509289395 2.8161155335807293 3.0597825104163587 174 191 121 0.1174633428379686 53 1128 56 966 57 905 58 848 59 777 60 750 1 666 61 675
4468 -0.31617738784071286 2.9023085239356008 2.5071695266085743 135 159 90 0.60116345398093485 55 974 56 984 58 818 59 750 60 736 1 651 61 660 2 633 3 627
4469 -0.52526724596714391 2.826310712812437 3.3239917999094106 175 195 117 0.15629774847281741 55 984 56 989 57 932
4470 -0.53434225368105071 2.8212946444121285 4.7309841381998536 0 0 0 0.47146089411788106 55 1015 56 1017 57 961
4471 -0.51293221369583963 2.8746993990640708 4.7455489005292133 1 1 1 1.1877555322680291 55 1016 56 1018 57 962 58 945 60 853 1 735 61 745 2 732 3 729 4 707 5 656
4472 -1.3325224799320332 2.1789193577915618 3.9747489286150715 142 192 112 0.44051893875128301 55 963 56 1020
4473 0.022230778452689615 2.6363868877695045 2.3934637317635241 254 254 242 1.609501078779316 51 1293 56 1024 57 921 59 597 60 582
4474 -1.2661074446677598 2.4055956547938968 3.4788197004442853 97 152 81 1.0000776273884799 53 1196 56 1044 59 862
4475 -0.47275038929572033 1.911438317087963 3.3874522319219289 166 180 115 1.4541159884103121 55 1069 56 1064 57 998 59 854
4476 -0.60289218045904358 2.2921055784977984 3.9589646647866457 96 163 85 1.0501859622146428 55 1071 56 1065 57 999 58 953 59 879 60 860 1 761 61 771 2 749
4477 -0.22798853643523728 2.8368839565836201 2.54509253298977 236 236 218 0.5454541638395215 55 1075 56 1071 57 1002 58 957 59 884 60 864 1 762 61 772 2 744 3 739
4478 -1.1389479279019794 1.9288417020534179 3.5468222421996223 255 253 243 1.5289823709440702 56 1074 57 1007 58 959 59 885 1 764 61 774 2 748 3 745 4 714 5 663
4479 -1.5034540632262501 3.3317330052971657 2.8533186472028254 206 213 140 1.467635813099138 56 1094 58 971 57 1023 59 896 60 877 1 770 61 780 2 759 3 759 4 733 5 684 6 680
4480 0.0081468731138923944 2.0562218839677664 2.6412037209655712 153 186 111 0.12318865838883783 36 1077 57 1032
4481 0.0081468731138923944 2.0562218839677664 2.6412037209655712 153 186 111 0.12318865838883783 36 1076 57 1033
4483 -0.20731316970297789 1.7572969019002733 3.1878479877483703 245 246 228 0.27542484455491834 49 92 50 119 56 98 54 430 55 90
4484 -1.5881993709965583 2.5176566404379304 3.2865995268033426 79 152 77 0.18607508893203009 37 726 39 837 40 842 41 883 43 1005 53 930 56 697 42 892 43 876 45 957 46 948 44 702 47 963 48 947 49 871 50 887 51 909 52 815 53 807 54 774 55 699 57 655 58 605 59 546 60 521 61 339 2 440 3 110
4485 -1.633983104261068 2.6404167779480106 3.1896405806914134 74 143 73 0.18601533019573566 39 275 40 302 55 236 56 242 42 665 43 641 44 724 45 735 46 743 47 734 48 732 49 654 50 668 51 673 52 617 54 286 53 310
4486 -1.6647851304056427 2.5320161452064363 3.2874462055694007 79 150 77 0.18921378576532008 39 243 40 299 41 652 42 662 55 526 56 273 43 324 44 349 45 375 46 385 58 211 59 187 60 163 1 126 61 130 2 118 4 80
4487 -1.6966834262055623 2.5418393412638749 3.2884644744439968 202 201 135 0.14414378030746389 38 221 39 272 40 300 41 345 42 352 43 326 56 275 51 389 52 365 53 329 54 327 55 260 57 219 58 213 59 190 60 164 1 129 61 133 2 123 3 113 4 81 5 79
4488 -1.6974819367680571 2.5419836293622473 3.2890441669047581 206 203 137 0.05023315214065429 42 353 43 327 44 372 56 276 51 390 52 366 53 330 54 328 55 261 57 220
4489 -1.886663979067049 2.2618388787096326 3.871470558114972 255 255 248 0.33835862585077858 52 421 53 378 55 325 56 563 54 815 55 732 57 512
4490 -0.63215329062259129 2.2702045047361779 3.9484695883882579 91 180 90 0.48938579710260849 56 806 53 549 54 747 55 794 57 841 58 792 59 731 60 773 1 688 61 697 2 666 3 666
4491 -0.72314515336687013 2.9200748040383679 2.3466552301400676 174 147 108 0.48404717848520568 46 1171 47 1157 56 601 46 1170 47 1158 48 1127 49 1049 50 984 51 992 52 895 53 878 54 848 57 548 58 521 59 476 60 459
4492 -0.86362523960037296 3.1213731422364877 2.4483365282987171 1 1 1 2.0629001082098783 51 1183 53 1177 56 938 51 996 53 880 55 757 58 530 60 593
4493 -1.7821130652185344 2.6172256693106943 3.2493733257848603 74 142 72 0.1975038266139818 50 904 51 922 52 839 53 819 54 792 56 705 37 738 38 750 39 847 40 861 41 901 42 919 43 1012 40 992 42 1037 44 1080 45 1124 47 1108 51 1047 50 1032 54 903 55 701 57 657 58 616 59 550 60 524
4494 -1.4311556854751704 2.7907056197704723 3.0680026917152499 214 213 143 0.054475883735128898 55 192 56 194 57 140
4495 -1.6511761776913576 2.3577759196878683 3.450223574392731 67 124 62 0.027549687890628331 55 278 56 296
4496 -0.040833158436542394 2.1347022358620555 2.4526693826487316 220 220 147 0.10142720537328692 56 23 57 17 58 25
4497 -0.070022468867508569 1.8615165113413525 2.6197675313746718 172 196 121 0.016521668482741426 56 33 57 23
4498 -0.090231964891165195 1.647621254073268 2.8382414207841347 74 144 73 0.06150137217637499 55 47 56 67 57 41 58 45 59 43
4499 0.25285364580472364 2.5858988318050482 3.0868850625689834 0 0 0 0.92265841313855645 48 80 56 70
4500 -0.80596859742014282 2.9368437824487907 2.414065109284 227 229 206 0.077055874593653928 54 105 57 47 58 42 1 19 61 20
4502 -0.16282036108305936 1.7524883716426909 2.9711691223091159 82 160 82 0.098595349305507118 55 66 57 50 59 53 58 347
4503 -0.19973449734512619 1.9102895117999465 2.9257265943164597 95 184 94 0.33705096522366385 56 80 57 52 58 54 59 52
4505 -0.26269198594069726 1.9400442588236859 3.1750693037304178 87 171 86 0.065205358265867194 56 104 57 70
4506 -0.28363267393062008 2.6904562972401771 3.2072179162995078 255 254 234 0.18596538802975415 56 420 57 71 58 72
4507 -0.54846026407294635 2.7900390059014821 3.3207098309454604 190 195 122 0.11368135323162228 55 127 57 98
4508 -0.85832817668334882 3.0056233282617102 3.0525210126366944 180 204 124 0.089253060920661931 53 183 57 100
4509 -0.52003622162278951 1.7047965395164757 3.3289894762184136 169 201 123 0.1350636761485042 56 133 57 125 58 129 59 370
4510 -0.51645424217646374 1.7143457482260187 3.3328123506835836 169 201 123 0.066351697757182582 56 134 57 126 58 130
4511 -0.9014659628215389 2.6910171149880946 3.2526473133771332 103 174 91 0.14208379130972873 55 161 57 132 59 105 1 83 61 85
4515 -1.5090616662070984 2.9970059435735683 2.9331692528568261 94 166 87 0.069706523243656504 56 163 57 143
4516 -1.5822282372775009 3.0783721001094415 2.9088275129677745 86 166 85 0.065366993918567179 56 167 57 144
4517 -0.95890644685176563 2.5400105204858363 3.3556730992473116 197 201 129 0.032248335354598687 55 183 57 157
4519 -0.62346381138345497 2.3004843929306271 3.8379075170118697 169 184 114 0.2137652929746949 56 200 57 199 58 431 60 382 1 362 61 367 4 461 5 328 7 449 8 356 9 374
4520 -1.2224425343756256 2.287517844814893 3.5471551734690743 77 144 72 0.106009673486432 56 235 57 209
4521 -1.2399603729839048 2.3799836879546152 3.4459098456001898 74 143 72 0.080584404159452588 55 230 57 211 58 190 60 156
4526 -1.3360374249636859 2.2894142436710236 3.5226612355471723 207 204 136 0.014268658740090813 56 259 57 230 58 230
4528 -1.3546185255730989 2.2824551532345527 3.5310038829025596 67 127 63 0.075121955248269076 54 305 57 233 58 231
4529 -1.4178301835487295 2.9959639628781147 3.768916150917899 65 122 61 0.12747092347539257 35 219 57 236
4530 -1.7654734956085412 2.1624790139275962 3.7517519973942939 161 187 115 0.11417552221724651 56 332 57 277 58 288
4531 -1.8560893322922063 2.2445641146398527 3.9081650384810289 253 252 244 0.015134575922456438 55 323 57 285
4532 -1.8768196996533562 2.2518905000907075 3.8959152738365783 80 101 44 0.050698665954858113 55 324 57 286 58 298
4533 -1.9005329218996545 2.345210255143364 4.1034981452571984 180 149 112 0.13733047246057448 56 342 57 287 58 300
4534 0.091328974845650557 1.8458008442015279 2.3791446406323069 108 160 88 0.05521254816906597 56 357 57 304
4535 0.074599458230481253 1.7523622965545396 2.4320177146390467 77 140 71 0.054143257709717861 56 364 57 305 58 311
4536 0.0041280981753144541 2.0703083491040717 2.4041888248625822 200 211 137 0.20441905292902829 56 368 57 307 58 322 59 303 1 7 61 8
4537 0.03238175985506514 2.2025363837517999 2.3347349852442552 200 219 140 0.19474586364061117 55 585 57 310 59 300 60 5
4538 -1.0732142802506235 3.050416849999372 2.9574134128278637 0 0 0 0.17862300081510543 34 461 36 499
4539 -0.18856548714888521 2.038120894792522 2.8234811075135466 206 211 136 0.085070842923975709 56 608 57 339
4540 -0.18856548714888521 2.038120894792522 2.8234811075135466 206 211 136 0.085070842923975709 56 607 57 340
4541 -0.11686957693538949 1.6771544553210387 2.9079508817761237 163 182 114 0.053928132971044949 54 404 57 343
4542 -0.68687164150677926 3.3090235028478179 2.9546500732069427 186 198 126 0.25114426116264471 56 425 57 349 58 350 59 329 60 305 1 271 61 276 2 265 3 405 4 248 5 361
4543 -1.0328704207692223 3.1587349141934564 2.9039387199385125 187 212 130 0.25088268347863091 56 438 57 357 58 83
4544 -0.27781382988115882 1.7810011403167672 3.2942634026544955 255 218 166 0.24202642772629435 56 428 57 360 58 104
4545 -0.29212570941561949 2.0010314530398858 3.2708175940832724 87 171 86 0.057681005673492401 56 419 57 365 58 367
4546 -0.85060493656125968 2.9419146487617565 3.1024907733983955 182 203 125 0.16219843949471124 56 436 57 371 58 370 59 349
4547 -1.4223742118094953 3.1864068009426627 2.818813575489997 181 210 130 0.48195937588244459 55 437 57 377 58 373 59 77 1 59 61 60 3 38
4548 -0.74970654791369695 2.7942541615955578 3.2469628436428319 93 184 92 0.035409268357597244 56 448 57 384 58 380
4549 -1.0657085854394379 2.8078319893021706 3.1125011634162312 189 205 129 0.15563884280129822 56 638 57 388 58 561
4550 -1.2763907663900258 2.9169909358141761 2.9818288949157834 195 207 133 0.0071861716932282776 56 453 57 390
4551 -1.0412536188345882 2.6554387627505345 3.2373515726602027 84 164 82 0.065765078528633905 56 466 57 408 58 393
4552 -0.41647682231521016 2.1436730970831186 3.7249898954580338 101 97 43 0.05284563426682249 56 655 57 414 58 413 59 165
4553 -0.3516884967839935 2.4012826070475031 3.8273951903275614 101 97 43 1.4526447655412289 34 703 57 415 58 414 59 166
4554 -1.4032435724013641 2.7098415963408837 3.1014022113992099 77 147 74 0.08514808863193149 56 484 57 426
4555 -0.48189258568698518 2.3859334519364217 3.8162199704285062 83 165 83 0.18618941951135626 56 476 57 433 58 593 59 541
4556 -1.2012644635648464 2.4755249292146866 3.3422925998657966 200 203 133 0.12377808959452681 55 489 57 440
4557 -0.56597676111270079 2.3073739849091934 3.8813931489120024 76 151 73 0.18066119938041475 55 477 57 450 58 429 59 405 60 397 1 361 61 366 2 181 3 369 4 350 5 327 6 340 7 346 8 357
4558 -1.3343168151411513 2.3951650239243945 3.4143170556353937 70 133 66 0.10073812929993887 56 505 57 455 58 439 59 399 60 375 1 346 61 351
4559 -0.5480216031728754 2.3210240810642415 4.0554103073094714 228 229 219 0.32223634221978859 56 494 57 460 58 446
4560 -0.72447461982311578 2.2677015271619556 3.9838296487467288 201 201 135 0.25297648116496202 56 246 57 461 59 431 60 406 1 375 61 380 2 204 3 226 4 363 6 208 8 230 9 231
4561 -0.976878664610908 2.19092602153659 3.9392807239852874 194 199 131 0.08342006845195632 56 526 57 481 58 467
4562 -1.2422900234278136 1.9653511210968544 3.6553098387937863 183 153 116 0.11969139863245981 56 288 57 487 58 470 59 435 60 411
4563 -1.3633818400181053 2.1209721531195571 3.9098341148101707 105 176 96 0.24875239189462137 56 551 57 499 58 478 59 277 60 424
4564 -1.7509135099460207 2.1422530585232105 3.7611931673672769 182 191 125 0.18217120472776938 56 331 57 509 58 287 59 282 60 248 3 219
4565 0.16529453324879223 2.1565729843079553 2.1790398762087739 255 255 255 0.29364362577171632 56 572 57 520 58 2
4566 -0.013082343819786846 2.4119168247389839 2.4082193409634676 121 218 113 0.18020098822733038 56 752 57 532 58 502 59 19
4567 -0.009999414961940789 1.5083109935239118 2.7766082981016411 129 144 88 0.26739862669910508 56 759 57 542 58 526
4568 -0.16092319836044622 1.7941486936993483 2.8668222561220666 173 191 120 0.045161000416736749 56 606 57 555
4569 -0.71928141917789734 1.6810768911801377 3.2461732016342837 74 143 73 0.14724945782348622 56 646 57 601 58 573 59 523 60 513 1 464 61 469 2 442 3 453 4 422 5 396
4570 -0.7195262831943513 1.6799271128559146 3.245996926217618 74 143 73 0.17013200726704 56 645 57 602 59 524 1 465 61 470 2 443 3 454 4 421 5 395 6 390
4571 -1.4920234185163248 2.9869747184487125 2.9582271317627762 186 199 128 0.22342061828623991 55 785 57 611 58 565 60 498 1 443 61 448 2 409
4572 -0.4256082961784754 2.3492452901790877 3.8019290707442859 122 176 96 0.12812745945614754 56 793 57 616 58 415
4573 -0.94864104943879668 1.7426844526268772 3.2158450549842001 182 152 115 0.21449635573465911 56 656 57 620 58 581 59 532 1 330 61 334 2 320
4574 -0.9541008048534827 1.7332251503332734 3.308585899124068 178 147 110 0.47779316385293974 56 657 57 622 58 717 2 451 3 455 4 426 5 406 6 392 7 406 8 412 9 411 11 113
4575 -1.1495266843552694 2.4863458473982112 3.3514714592038963 77 151 75 0.11260597739595356 56 680 57 626 58 587
4576 -1.0043434916292995 1.7307114851137266 3.3708111701065029 83 161 81 1.0787200186265695 54 732 56 675 57 637
4577 -1.1988376443238096 2.4149158829592001 3.4224460520512072 75 145 73 0.12962036276737524 56 681 57 641 58 599
4578 -0.90867406061047773 2.2024251217648243 3.7914205131183842 195 196 128 0.086590139271035246 56 690 57 659 58 621 59 561 60 548 1 496 61 502 3 473 4 463 5 436 6 424 7 439 8 447 9 445 10 391 11 417 12 392
4579 -0.90889132718257093 2.2023621383936969 3.7914152602701376 195 196 128 0.093898200447633862 56 691 57 660 58 622 59 562 60 549 3 474 6 425 10 392 11 418 12 393
4580 -1.2622680830356268 2.0710586540913369 3.5465797424978218 64 123 60 1.1268605413969683 55 891 56 823 57 665 1 354 61 359
4581 -1.1615268401878283 2.0902070313267265 3.837449913606688 168 174 112 0.46336707439063368 56 707 57 674 58 636 59 675 60 661 1 583 61 592 3 489 7 441 8 449 9 434 10 394 11 473 10 452
4582 -1.7136368371531123 2.3712541877903983 3.4444114105315116 67 127 65 0.099412560874218084 56 713 57 678 58 629 59 570 60 544 1 492 61 498 2 339 3 348 4 319
4583 -1.9316091964801225 2.703488119854482 3.4147933828866379 116 223 116 0.079315403849023608 56 717 57 680 58 241
4584 -1.5389440761781459 2.2574512977168246 4.0719675934121895 251 246 234 0.36688701010843511 56 731 57 691 58 649 59 587 60 437 1 399 61 404 2 238
4585 -1.8620630756058665 2.3065867092830334 4.0591724158438085 174 143 107 0.16152899361761611 56 736 57 695 58 653 59 589 60 579 1 518 61 524 2 512 3 494 4 476 5 452 6 346 7 342
4587 -0.65945795134774965 2.8020897117829096 3.2550367625182592 172 195 117 0.1021107863258931 56 776 57 723
4588 -0.84115050787946899 1.7034593143048713 3.2843751850230407 116 171 95 0.42782296288388755 55 775 57 739 58 707 59 648 1 559 61 568 2 448 7 299
4589 -1.026837278671864 1.8990431967732184 3.5362340614940275 79 154 78 0.59598009184756107 55 225 57 753
4590 -1.3975537464889947 2.2948636975732732 3.4092034129445214 101 144 79 0.52315467364522428 56 811 57 754 59 554
4591 -1.6698906756440668 2.4472128655876024 3.3508509554593071 201 201 134 0.2250382449814238 56 825 57 762 58 733 59 668 60 645
4592 -0.43951890357076723 2.5052126184929246 4.3841859744916052 184 154 117 0.48592541422031932 56 820 57 764 58 743 1 587 61 596
4593 -1.5087673673265871 2.2618715725298464 3.5420823273368267 208 204 137 0.086482948685054434 55 810 57 765 58 626 59 566 60 554 1 489 59 671 61 495 7 413
4594 -1.5403945653343514 2.971928527296019 3.7981922646607646 184 186 123 0.71282888801230437 35 786 57 766
4595 -1.8709921751080565 2.5328955833820896 3.3719969137348187 78 161 77 0.075200298244750163 56 832 57 770 58 741
4598 -0.11368581412623469 1.8227403818692598 2.6901009784869583 91 179 91 0.18151472235812874 56 852 57 790 59 694 60 595
4599 -0.26687705457844874 3.2691556560414301 3.1098472101158623 252 254 232 0.34293158865632989 56 940 57 801 58 683 59 698
4600 -0.28139924236457226 2.0419893217256151 3.1040603862694529 185 200 125 0.22970899857726942 56 860 57 803 58 759 59 614 60 609
4601 -0.46514833174184206 2.2240865022484013 3.6652622075049419 86 167 84 1.2857452735896138 56 888 57 820
4602 -0.40935042694771595 2.2307737379253321 3.9473326333844008 255 253 243 0.06430316659628442 56 798 57 836 58 857
4604 0.196584124398203 1.9242620863261659 2.1609403095863757 185 157 124 0.15554323731235581 56 924 57 864 58 813 59 683 60 672
4605 -0.0053316549466873031 2.0376663973647493 2.4266925265594095 172 200 123 0.59666017402379279 56 927 57 869 59 689
4606 -0.41496138304619551 2.9395918950876925 3.310668107691737 96 192 96 0.19759462880890014 56 948 57 885 58 833 59 760 60 739 1 654 61 663
4607 -0.47589795137875684 2.2780332789351982 3.969069738889488 178 151 113 0.23742665854910891 56 896 57 907 58 858 59 786 60 770 1 681 61 690
4609 -1.6605296402573722 2.9864595682180775 3.0062319298205136 84 162 83 0.33108045920137413 56 1001 57 945 59 773 60 752 1 658 61 667 2 606 3 583
4611 -1.5491748931043514 2.3699199877558295 3.4166365832048604 123 150 89 0.5540627127799147 56 1049 57 981 58 932 59 863 60 841 1 747 61 757 2 722 3 690
4612 -0.18421989585285653 3.1380273687109423 3.0742422723505638 250 253 229 1.111793142124738 55 1090 56 1084 57 1003
4613 -1.261220547810572 3.4342655024373454 2.6494494456604394 1 1 1 0.16921240803690091 56 1073 57 1005 58 958 60 865
4616 -1.7332518315893981 2.3275979584456725 4.1837890566026443 1 1 1 0.29023036330225777 55 1084 57 1014 58 962
4617 -0.67291309162931123 3.1013503981187958 2.7077264971997952 1 1 1 0.80100587618060615 56 1091 57 1022 58 970 59 895 60 875 1 773 61 783 2 758 3 758
4618 -1.5654051949351899 2.5718688962344052 3.76191714636597 65 119 60 1.9018609311069827 56 1096 57 1029 58 979 59 902 60 886
4619 -1.3299531098851292 3.155875901157958 2.9824080224781651 103 178 94 1.5005236551810075 56 1098 57 1031 58 980
4621 -1.735881899379732 2.490487836089526 3.3463674830216963 203 201 135 0.095404925753013639 39 241 40 298 57 237 43 322 44 369 42 349 45 376 55 280 50 392 52 382 54 326 56 278 41 310 58 214
4622 -1.7136895442957241 2.1908955710647309 3.6524432769606858 67 126 63 0.15836638933057876 46 371 49 357 57 268 50 407 53 360 54 350 55 309 56 322 58 282 59 272 60 232 1 218 61 223
4623 0.1823435950295888 1.5922058943327726 2.3330547543957127 149 115 78 0.67741541155664964 43 1 51 472 52 431 57 296 54 5 55 0 56 1 58 307 60 267
4624 -0.26669083979787445 1.9269467218381298 3.1689352227976157 87 171 86 0.19632097084741629 55 95 57 69
4626 -1.1459136887140955 2.893345198765171 3.0180568183438412 0 0 0 0.089644670682470701 35 198 36 208
4627 -0.0044497889036023142 1.8069519025934633 2.4982649134304737 218 217 146 0.099797920524860445 57 12 58 21
4628 -0.7117747564052177 3.2720546084069295 2.9690578141554167 89 177 87 0.12675192781945013 57 86 58 64 1 32 61 33
4629 -0.85461210172644686 3.3558074507518927 2.8648678825021023 156 186 110 0.34882726222386889 57 63 59 59 60 42 1 34 61 35 2 34
4630 -1.1229993744543596 3.3691613543393828 2.6977199895583004 255 255 251 0.067145885710415812 57 351 58 66 59 63 60 33 1 28 61 29
4631 -1.1230565924717335 3.3683568978286709 2.6974595707557061 255 255 251 0.088147119917851471 57 350 58 67 59 62
4632 -0.92379651507703175 3.1524308333618327 2.9528250433591192 103 195 99 0.04245445397472776 57 90 58 80
4633 -0.82804803222546663 2.9868261966895937 3.0637102954032054 180 203 125 0.17392628449226319 56 125 58 94 59 92
4634 -0.96264478945053233 2.7629743570789982 3.1658331397581243 206 209 136 0.090147981078318173 54 187 58 118
4635 -0.97033208535585014 2.7320650067607684 3.2062967799657445 87 170 86 0.067913511821481365 57 117 58 119 59 109
4636 -0.67904573405138269 1.6820935644538264 3.245518840492994 79 151 77 0.14542938920966991 56 136 58 131 2 107 3 102 7 99 8 128 9 119 10 110 11 107 13 82
4637 -0.6790200226262908 1.6815816894460991 3.245325501650151 79 151 77 0.15511874099074985 56 137 58 132 2 106 3 103 7 100 8 129 9 120 10 111
4638 -0.75904334455844724 2.6500113380882411 3.391290729499524 86 167 84 0.088307905154396335 57 131 58 135
4639 -1.0315340096643613 2.6002013241422111 3.280566775612122 200 202 132 0.051114185870650086 57 135 58 139 59 130
4640 -1.4516109127193983 2.7729959149419936 3.0682875602189994 209 211 140 0.059757391532196967 57 141 58 145 55 193
4641 -1.580923149553034 2.9481735992223208 2.9818989158207398 87 167 86 0.017264025963848021 55 472 58 147
4642 -1.1993344924213474 2.485646123093634 3.3455978341877537 203 203 134 0.077402383990215928 56 206 58 164 59 159 60 137
4643 -1.2585720683692738 2.4825400978522563 3.3236482239905385 198 201 133 0.080495448051892668 57 184 58 165 59 160
4644 -1.3424589609713777 2.614476807328316 3.2096231032113889 81 146 75 0.079447317087017008 57 161 58 166
4646 -0.96831895284707281 1.734493671787134 3.3315134225820926 241 236 222 0.15912187499977273 57 175 58 186 59 173 1 140 61 144 2 134
4647 -0.96813272654547311 1.7283556770119992 3.3300103857743655 241 236 222 0.25828901795928633 57 176 58 187 59 172 1 141 61 145 2 133 3 125 4 112 5 111 8 130 9 124
4648 -1.4600970837892111 2.4538514279801977 3.3464800595595317 71 131 66 0.099174664865786591 57 215 58 192 59 182 60 159 2 117
4650 -1.3487629920626425 2.3063192529078349 3.5146275268273235 189 193 125 0.081427805257481431 57 232 58 204 56 261
4651 -1.3671849983712394 2.3933738536609779 3.411375181718197 69 130 65 0.53608551467624843 57 212 58 205 59 180 60 158 60 160 1 149 61 153
4652 -1.4048197500960586 2.3995817310331411 3.4094704859113283 68 128 64 0.14281251201597936 57 214 58 206 59 181 60 161
4653 -1.6649750150399443 2.5325161894914969 3.2888998524180901 75 138 70 0.039897642378755163 56 274 58 212 59 188
4657 -0.73597206860136855 2.2309834599310223 3.855851335632305 172 198 118 0.22023248071751039 56 229 58 221 59 220 60 202 1 187 61 191 2 184 3 206 6 188 7 168 8 211 9 222 10 176
4658 -0.76059302113704508 2.2368724942791851 3.8443323818848456 76 152 74 0.11034528389040692 56 230 58 222 59 221 4 187 3 207
4659 -1.2772744813024877 2.2545872283094575 3.5776458482444546 192 194 127 0.011514189221396113 54 297 58 228
4660 -1.321582498285216 2.2489709706700363 3.5899291923239045 201 200 132 0.075378366708362121 57 234 58 229 59 228 60 208 1 176 61 180
4661 -0.13937949143077735 2.458097058321739 2.6033994922437378 0 0 0 0.077419303478721335 44 116 47 90
4662 -1.6768604286932853 2.370598850457085 3.4312254833403557 69 131 66 0.0012901801108307497 56 297 58 236
4664 -1.0017124986227255 2.1650688284609303 3.9434026899761618 90 170 88 0.10884789471001766 57 246 58 249 1 225 61 230 3 377 5 343
4665 -1.0014283082392044 2.1688378449946457 3.9450154403079964 90 170 88 0.078256807683701038 57 247 58 250 1 226 61 231
4666 -1.2559632688143321 2.0637437278671018 3.8294838394045585 59 106 51 0.046556980633878586 57 264 58 273 59 448 60 422
4667 -1.2559377899346371 2.2854154397533226 4.1589039901226466 162 134 102 0.30220308881301466 57 270 58 284 59 276 60 250 1 397 61 402 3 392 5 204 9 229
4668 -2.0653934484731682 4.0213082374359956 4.7386241483239129 250 211 162 0.14603317030238291 34 510 58 302
4669 -0.21958730848883889 2.8279096581978855 2.4885411852901727 119 178 96 0.37062184335130394 56 379 57 324 58 332 59 25 59 308 1 408 61 413 3 400 4 377
4670 0.056615865540573462 1.4416821644276248 2.8438864383188061 255 253 243 0.27981396293410848 56 758 58 337
4671 -0.27950081140394034 1.9623012521324239 3.245650960663975 163 186 112 0.14514529107148408 57 363 58 365 60 91
4672 -1.0564329719435632 2.8696951463191063 3.0230793568790491 176 201 123 0.036428124457323283 57 373 58 371
4673 -1.512458639020005 3.0320376000275968 2.9262911339922915 89 169 87 0.19508862238007293 57 392 58 386 59 355 60 327 1 295 61 301 2 282 3 55
4674 -1.1791895941265604 2.5374506213710224 3.2964524130949098 79 149 75 0.074338280172568758 57 424 58 408
4675 -1.3497044402712952 2.6300115167965679 3.1837519771179306 76 145 73 0.019737100124788198 57 425 58 410
4676 -1.4793014804013289 2.6712269850414612 3.1516920758037377 76 145 73 0.067240887958203585 57 429 58 411 59 382 60 350 1 325 61 330 2 304
4677 -1.6244714705019598 2.8020524325467866 3.0613728085647129 85 158 81 0.12228320889848579 57 430 58 412 59 383 60 337 1 308 61 315 2 69 3 77 4 61 5 47
4678 -0.70538109253690107 2.3298948841334393 3.7410219086540515 80 157 79 0.05351474476152307 57 435 58 432 59 406
4680 -0.82331646636800082 2.2668839376889878 3.7548717266223397 81 154 78 0.078899035093600203 56 496 58 434
4682 -1.2087104195504366 2.3677145913758757 3.4753204072480459 93 150 79 0.0319076618196436 57 453 58 436 60 373
4683 -0.87448533948365714 2.2124989743014973 3.7910258009569802 76 148 75 0.17911906792080295 57 464 58 450 59 423 60 399 5 330 6 342 8 196 10 160 11 308 12 306
4686 -1.8872579721986025 2.5457316083134427 3.4193386815749864 201 215 139 0.061874251082600883 57 679 58 460 59 234
4688 -1.7770101644768854 2.3863876208177834 3.4541795274179665 72 136 69 0.091050344413430448 57 491 58 471 59 427 60 393 1 357 61 362 2 340 3 357 4 121
4689 -1.3983554373759213 2.1843375665264011 3.9947823281889856 132 168 103 0.18792052198852244 57 502 58 479 59 454 60 432 1 398 61 403 2 227
4690 -1.9943811132191069 2.6885876577259138 4.3508858817286562 255 254 245 0.54871337870734926 55 734 58 490
4691 0.1577667686727145 1.6678413842435322 2.2772774399722726 255 255 249 0.50081225992567602 57 515 58 495 59 1
4692 -0.3803575319774477 2.8218366395956678 2.4590474513513931 58 114 54 0.14940001623780208 56 381 58 513 59 473
4694 -1.1930237096619627 3.4005626971521652 2.7815728877489363 124 113 52 0.23741987255979335 57 580 58 546 59 335 60 308 1 278 61 284 2 30
4695 -0.94743482832355741 2.8948679725686874 3.0723778727998026 203 210 135 0.00063486914952586015 57 372 58 553
4696 -1.4623984775409491 2.9725814106388246 2.9691155693813123 176 197 124 0.12111274749618479 57 610 58 564 60 497 1 296 61 302
4697 -1.5495319585106972 3.0383344070272784 2.9299801949584765 207 213 141 0.079113272282412758 57 613 58 566 59 519 60 499 2 283
4698 -1.5495420679030401 3.0409609761563021 2.9306352754625902 207 213 141 0.078377275974569921 57 614 58 567 59 520 60 500
4699 -0.33467790983418377 1.8616721799303078 3.4739045298073306 231 232 208 0.23405332021566663 57 597 58 568 59 640
4700 -0.33467790983418377 1.8616721799303078 3.4739045298073306 231 232 208 0.23405332021566663 57 598 58 569 59 639
4701 -1.112135857845816 2.5586668813719098 3.289161892404727 183 195 124 0.050434691971941704 57 422 58 585 59 526
4704 -1.4159638741040668 2.271153921278481 3.5479166843739933 179 186 120 0.1261567327342645 56 702 58 624 60 539 1 355 61 360
4705 -0.91387001267818002 2.1690028113698507 3.8972726817772316 185 190 125 0.19558081628324112 56 701 58 632 59 573 60 562 1 505 61 511 2 497 3 486 4 473 5 448 6 436 7 515 8 517 9 523 10 458
4706 -0.91139521959896452 2.1854650664728794 3.9028083099877651 185 190 125 0.043570479452906645 57 661 58 633 59 574
4707 -1.074287297121151 2.1393097487460184 3.8081152832739082 54 106 49 0.2141439880211895 57 485 58 635 59 575 60 565 1 507 61 513 2 499 3 475 4 354 5 333 6 334 7 331 8 346 9 347 10 302 11 298 12 157 13 128 14 116
4708 -1.0956729386373678 2.1459475108612533 3.9444834484318059 86 170 87 0.32041368829418382 56 528 58 641 59 584 1 390 59 444 61 395 2 369 3 379 4 366 5 344 6 345 7 348 8 361
4709 0.027370954116377855 1.7916288524899591 2.5153332191193645 213 212 143 0.14825529091425996 55 744 56 846 58 664
4710 -0.34640388939443267 2.7864645691575798 3.3741638457507306 198 202 132 0.24622220308451181 57 805 58 686 59 505 60 329
4711 -1.1490554758874563 2.8913700579271193 3.0508277572011964 90 179 90 0.23352081675048461 57 727 58 697 59 626 60 613 1 544 61 550 2 545 3 522 4 513 6 477
4712 -1.605255803453447 2.9874334199400847 2.9623795787617317 229 225 153 0.12592899309363792 57 736 58 703 59 631
4713 -0.64433860473472637 1.6978465018229278 3.3424334806450169 156 184 113 0.24913947636820227 57 600 58 705 59 646 60 636 1 557 61 566 2 566 3 543 6 400 4 425 7 419 8 427 9 421
4714 -1.0706194623543515 1.8484087039887125 3.359197035823426 255 255 247 0.24664268045452176 57 834 58 719 59 655
4715 -1.7675282591441668 2.6766945012868155 3.2266460774519943 184 192 125 0.23069257608929702 55 894 58 724
4716 -1.8299288277242294 2.7219411633334061 3.1973437619640315 206 208 139 0.037957669257520602 57 758 58 726
4717 -0.49177227786262356 2.6188878043417287 2.3329529213458029 130 210 114 0.27436496065026578 57 787 58 754
4718 -0.7434420917102591 2.952225899862706 3.1229078109037909 196 203 130 0.16855961687282195 57 807 58 766 59 704 60 694
4719 -1.7168340738606289 2.9310074326916773 3.0127867748646739 89 173 89 0.85884327134803573 57 828 58 776 59 713 60 623 1 452 61 457 2 294
4720 -0.35129130894596527 2.0811194616558542 3.7828000430949404 1 1 1 1.7420568607764371 54 864 58 783 25 604 22 487 23 361 21 535 19 365 19 498 18 467
4721 -0.68113321621208911 2.2209387841565054 3.8962851517979629 166 191 117 0.7249702019761155 57 843 58 794 59 730 60 715 2 620 3 612 4 652 5 602 6 600 7 604 8 606 9 602 10 530 11 533 12 509 13 494
4722 -0.68179439888016624 2.2392785933686175 3.8983514506427288 166 191 117 0.3717921560936534 57 844 58 795 59 729 60 714 2 619
4723 -1.2963995698715001 2.0534438651840992 3.5925429465461485 255 255 255 0.67593298725424511 55 956 58 799 59 735 1 578 61 587 2 577 5 130
4724 -1.4492944887410038 2.0949033944677078 3.8191773671056404 178 148 111 0.75780019903658846 57 856 58 804 59 739 60 724 1 640 61 649 2 588 3 564 5 442 6 427 7 336 8 331
4725 -0.069042916091274387 1.7804837726903473 2.6439152433466777 90 176 89 0.8728105343678364 56 980 58 819 59 692 60 676 1 532 61 538 2 395
4726 -0.73121923718953696 2.9827573939110863 2.5107757276481331 1 1 1 0.73898105018559712 54 1006 58 827 1 597 61 606
4727 -1.075737855492336 2.7732261968031402 3.1301229947238287 173 199 122 0.15458580636689795 57 892 58 842 59 770 60 747 1 663 61 672 2 644 3 636 4 621 5 585 6 587 7 591 8 586
4728 -0.41558365741429681 2.3550014646375317 4.0768404302103001 254 250 240 0.7236009076529365 57 837 58 863 59 785 60 819 59 831 1 724 61 734
4729 -0.62862040692216081 2.7471610654439513 4.3811475713741546 1 1 1 0.8790344004723214 57 909 58 864 59 793
4730 -0.62862040692216081 2.7471610654439513 4.3811475713741546 1 1 1 0.8790344004723214 57 908 58 865 59 794
4731 -1.4719865564848922 2.2421375722612611 3.5853917397754875 62 118 58 0.13476194585569048 57 912 58 870 59 788 60 779
4732 -1.4719865564848922 2.2421375722612611 3.5853917397754875 62 118 58 0.13476194585569048 57 913 58 871 59 789 60 778
4733 -1.3926930463442984 2.0925833952900743 3.8551870755928603 251 246 234 0.27773407547177265 57 914 58 872 59 845 60 828 1 732 61 742 2 705
4734 -1.5623644388971571 2.1708897772309719 3.9212189465261722 100 178 93 0.17292058030615073 57 915 58 873 59 797 60 782 1 641 61 650 2 623 3 613 4 601 5 520 6 519
4735 -1.0450581129825436 1.8619478013754773 3.5660427422520589 75 148 74 0.86527878120777668 57 950 58 903 59 833 60 774 1 683 61 692 3 603 2 575
4736 -0.8501045511062012 2.2022143783936752 3.9492918728816693 121 175 98 1.0252342792621705 57 949 58 906 59 868 56 972 60 848 1 749 61 759 2 727 3 727 4 705 5 653 6 641 7 651 8 654 10 563 11 562
4737 -1.0485562638656056 2.1585698391335519 3.9561294566041147 88 173 89 0.47595947609341682 57 955 58 909 59 842 60 851 1 751 61 761 2 729 3 728 4 706 5 654 6 642 7 627 8 636
4738 -1.3004094114395521 2.0384978804005724 3.7989575512534772 252 247 234 0.35658760165707509 57 959 58 911 59 844 60 826 1 728 61 738 2 704 3 702 4 702
4739 -2.0885068612956119 2.7745174422169154 4.4764667341592546 1 1 1 1.5969059616828094 54 1098 57 993 58 914 59 874 60 831 1 736 61 746 2 733 3 708 4 684 5 634 6 627
4741 0.11760393875871383 1.8863712955568466 2.402038352265599 143 173 104 0.33900083031179468 57 994 58 949 59 849
4742 -0.5084715904088617 2.1663681008940889 3.6537982821373913 86 166 83 1.7564120543639266 58 952 59 876 60 859 2 747 3 743 4 721 5 671
4743 0.19932355900688287 2.2460863700769087 2.1187272537722097 255 255 252 1.4454926615860122 58 967 59 882 60 861 1 756 61 766 2 709
4744 -1.4810235497115147 2.6275164760802929 3.1851133877844156 120 121 80 0.15928122761989763 35 151 36 183 58 173 52 319 53 287 54 282 55 216 56 217
4745 -1.6160334775286429 2.4607909485188264 3.3408986251549511 80 151 78 0.19097930947405639 38 198 39 242 40 271 58 208 56 267 57 216 59 212 43 638 60 166 41 311 1 151 61 155 2 119 3 111
4746 -1.3048036683984354 2.3949844398980034 3.4098478224993558 162 187 115 0.25022085334363298 46 685 47 679 49 604 50 627 52 596 53 576 54 558 58 424 52 309 56 237
4747 -1.3802005005036113 2.3308233850342401 3.4612665915234158 75 142 72 0.26909165915596583 50 643 51 670 52 613 53 588 54 570 55 523 58 441 56 262 57 213
4748 -1.3917522965919815 2.3180496266963719 4.1445443947357106 176 146 110 1.7034913515790313 55 826 57 860 58 808 52 390 53 632 54 808 55 827 56 839
4749 -1.5505429001643458 2.6239415384310534 3.1955216109093576 161 181 113 0.15208319277807827 35 916 36 944 37 1020 38 1023 58 856 51 1216 52 1125 53 1138 54 1087 55 1006 57 947 59 783
4750 -1.3949166433437468 2.6970298251141434 3.1364652488748566 97 146 79 0.34370222593861394 46 1358 47 1363 48 1343 49 1224 50 1236 51 1266 52 1164 42 1258 53 1190 54 1127 55 1042 58 889 56 999 57 943 59 819 60 802 1 702 61 712 2 684 3 679 4 661 5 613 6 612 7 610 8 614 9 612 10 541
4751 -0.0017133298369469974 1.8137560722130357 2.4993550258527453 218 217 146 0.066769621315800942 56 19 57 13 58 22 60 8
4752 -0.93329504568712784 1.7398682080362318 3.3331242280300946 245 239 226 0.011466772807630539 57 174 58 184
4753 -0.70535594027232351 2.3304833270692695 3.7423131648251728 80 157 79 0.16798111635911575 57 436 58 433 59 407 2 474 5 421
4754 -0.93772750281026807 2.4129154746217556 3.3977588161550845 132 173 98 1.2940285165660683 1 783 61 793 2 769 3 766 60 887
4755 0.1385175317290584 1.8944287353609237 2.3041325802527175 122 191 103 0.11333238143408747 57 4 59 4
4756 -0.23817616189794505 2.6512876371314018 2.9643089391883328 101 205 99 0.52540445968005212 58 535 59 47
4757 -0.11143111509278614 1.6712740129451888 2.9316790102655736 90 166 85 0.14593556921941545 56 66 59 50 60 36 1 44 61 44
4759 -1.2501412543646009 3.2346746491848943 2.8392081021386777 109 214 109 0.35935022468620187 57 105 59 72 1 279 61 285 2 41
4760 -1.3210593240913435 3.2393404428933423 2.8354428631637858 222 224 149 0.028674591928647533 58 99 59 75 60 62
4761 -1.5644252126475753 3.4076233667865434 2.7846004650607648 175 212 126 0.1752834341947527 58 103 59 80 60 66
4762 -0.5062461242082078 2.8863996615339769 3.2954225274647451 95 184 92 0.098500692680484045 57 96 59 89 61 79
4763 -0.54914984066954287 2.9866631276389541 3.1815804439225173 100 190 95 0.0992261417891072 58 74 59 91 60 77
4764 -1.4942980258438014 3.0974162246159644 2.8864138031945767 117 187 101 0.0325750194234284 57 119 59 97
4765 -1.0998428017988489 2.730108698766661 3.1733782787829248 85 164 82 0.086133504219365983 58 141 59 110 60 99
4766 -1.310863153422797 2.7792585405814312 3.085231997195419 88 162 83 0.16271171350235805 58 142 59 113 60 101 1 85 61 88 2 66 3 72
4767 -1.718871353469468 3.0943243887954814 2.9182214332400651 122 173 93 0.54584890136559583 57 413 58 150 59 118
4769 -1.3329363946107149 2.6939414154964934 3.1429206657210229 102 158 85 0.059497524950986737 58 143 59 134 60 116 2 81
4770 -0.52201316442700996 1.7298646800416795 3.3609828725932691 102 150 94 0.16571473336384362 55 139 59 140 1 327 61 119 4 109 5 284
4771 -1.4762901854985875 2.6293431940515846 3.1870610552191536 197 200 133 0.22622431548025107 57 191 59 163 2 85 5 60 6 68 7 47 4 78 8 66 10 70
4772 -1.7802638033395402 2.7782152687985233 3.1348989605926989 106 168 92 0.072400787784229911 58 193 59 164 60 124
4773 -1.3262569002071245 3.5565779670458197 3.6922596748940881 199 201 133 1.0547800433959305 42 726 59 178
4774 -1.3262569002071245 3.5565779670458197 3.6922596748940881 199 201 133 1.0547800433959305 42 727 59 179
4775 -1.268472107080866 3.0906460882643647 2.8941407937018342 65 126 62 0.076138962603715402 31 166 33 216 30 149 29 96 28 122
4776 -1.5411449192888855 2.4985440514725736 3.3034414074635414 170 184 117 0.2805263464933041 53 591 54 571 59 183 2 326 48 935
4779 -1.5426563869041838 2.4579535128902297 3.3348285135126567 81 138 72 0.068503496417894771 43 299 59 185
4780 -1.6539532728769595 2.5120956070762146 3.3026092449661393 189 194 128 0.044575257207392298 38 220 59 189 60 165
4781 -0.68411444166532687 2.3077835637724617 3.7595935112287995 80 153 77 0.088853765083676151 57 173 59 197
4783 -0.91978503149101964 2.2502801087982833 3.7146543548076756 192 195 126 0.10079085132212709 58 200 59 202 60 189 1 172 61 176 2 166 3 181 4 167 5 158 6 171 7 155 8 168 9 187 10 158 11 154
4784 -1.3489325255956721 2.3074043075672441 3.5154198401476546 198 199 132 0.02928644987051748 57 231 59 211
4786 -1.7554529923140463 2.4877420832727877 3.3564879297682224 207 206 139 0.046992194096273691 58 238 59 214 60 169
4788 -0.76386048375575455 2.2165696161218293 3.896012831208306 74 144 71 0.13859502421042497 58 224 59 224 60 203 1 207 61 212 2 205 3 224 4 204 5 193 6 190 7 169 8 212 9 223
4789 -1.2073766239737087 1.9494767139802147 3.6139488536569777 252 247 236 0.12583482668882959 57 227 59 227 1 193 61 198 3 189 4 173 6 158
4790 -0.58532322522095193 2.352289266743798 4.0800723349228551 75 142 73 0.11899347944829249 56 226 59 238 60 218
4791 -0.93805967266529522 2.1729870992245761 3.9238658814201366 195 196 130 0.028953527349161148 57 240 59 242
4792 -0.93805967266529522 2.1729870992245761 3.9238658814201366 195 196 130 0.028953527349161148 57 239 59 243
4793 -0.98501311859794716 2.3460098750617187 4.1033636357028636 247 245 236 0.69510953629277106 57 260 59 263 11 200 12 194
4795 -1.5627428977794227 2.1516363815415684 3.7374991725227678 64 120 60 0.075635378125889524 58 279 59 268 60 243
4796 -1.6218205253878231 2.1646117031739522 3.6804970585859991 180 182 120 0.018675548797339306 58 280 59 270
4797 -0.056400363660676134 2.0826998204483109 2.4821180311206779 0 0 0 0.011837972564912655 47 517 50 40
4798 -1.4363557138693417 2.2807016404520324 4.1387207291678978 249 243 231 0.041136421021554077 58 293 59 287 60 259
4799 -1.4364271032415235 2.2819636838710187 4.1395129166723708 249 243 231 0.043731032586366278 58 292 59 288 60 260 1 242 61 247
4800 -1.7513006127036452 2.2517693587112486 3.9981570786310185 170 141 109 0.15520246567573018 58 295 59 290 1 400 61 405 2 230 4 218 5 183 6 199
4801 -1.7513006127036452 2.2517693587112486 3.9981570786310185 170 141 109 0.15520246567573018 58 296 59 291 1 401 61 406 2 231 4 219 5 184 6 200
4802 0.18304109514714478 1.6363583091423817 2.2488352504830842 115 75 39 0.2625273597565726 57 293 59 295 60 265 1 1 61 1 2 247 3 4
4803 -0.051288424015802969 2.7722645678963311 2.5202458399945575 153 120 76 0.18175195845623354 58 330 59 306
4804 -0.69425546001881355 2.8896949359580053 2.3504072108675351 254 254 253 0.18877527714358158 57 333 59 311 60 284 1 260 61 265 2 254 5 8 4 14
4805 -0.66576138716319755 2.8893987280397813 2.4200964884817884 202 208 189 0.83083544440259194 53 719 59 315 1 263 61 268 5 219 6 230 7 4
4806 -0.11371607084999766 1.6803529572215636 2.9085190588979506 170 188 118 0.093361339019286504 58 344 59 324 60 302
4807 -0.27142878330133408 3.2142518619113147 3.2214270631430386 110 198 102 0.63235675485583254 58 684 59 340 60 49
4808 -1.0736652228818038 2.9019404986514559 3.0518886037364168 95 182 93 0.09163560449386228 57 389 59 351 60 323
4809 -1.2746265922230391 2.9406360242764835 2.9867299901706805 195 209 134 0.036862700448057228 58 383 59 353
4810 -0.2685782164706268 1.9268344071552042 3.2810407032392774 177 188 115 0.20636275783270097 58 87 59 359 60 90 1 75 61 304
4811 -1.4989040165795815 2.8503928569634573 3.0382612340380533 198 208 136 0.10580371390078354 58 399 59 367 60 334
4812 -1.5539741073680411 2.9519149006503143 2.9724094760670492 213 216 144 0.16792395300513646 58 400 59 368 60 103 1 72 61 74 2 67 3 58 4 47 5 35 6 37
4813 -0.57497803330818431 1.7249867324288275 3.2438873203511669 113 180 97 0.14543839207214665 54 459 59 371 60 339 2 308 3 326
4815 -0.98894179400528337 1.6617422594912432 3.2494811563377359 254 253 242 0.052287044424177177 58 406 59 388 60 360
4817 1.1126345927709214 7.6794289635335424 6.2799143882084429 0 0 0 1.220797963099056 50 623 56 488
4818 -0.82031149770439682 2.3495492303022485 3.6727949190808751 79 156 78 0.12361550017879136 58 420 59 409
4820 -1.6322685607311276 2.4409702424747284 3.3615332351166014 72 138 70 0.12061146529903478 44 700 59 413 60 377 1 348 61 353 2 327 3 136 5 96
4821 -1.6368021617260069 2.3909806810337182 3.4126918660094825 93 143 77 0.061401222941337701 58 455 59 415 60 390
4822 -1.6428359185324355 2.3156051464417247 3.4822060890756066 71 129 66 0.0076518205196361849 58 453 59 426
4823 -1.0547785995407823 2.1527996391052397 3.787849169071142 61 110 54 0.10234093878671133 58 254 59 434 60 409 2 355 1 191 61 196 3 212 4 353 5 177 6 179 8 200 10 161 11 157
4824 -1.1631738957071931 2.1266869864692186 3.9137095941778184 77 150 76 0.094891280270916853 55 267 59 447 60 420 2 372
4826 -1.8248646854820976 2.2919042569141639 4.0435207566069877 251 246 235 0.13190989526867553 58 489 59 455 60 439 1 244 61 249 2 244 3 250
4827 0.089397111724298706 2.0311103514683793 2.2992847490627835 109 213 110 0.087005137330593701 58 498 59 464 60 274 1 252 61 257
4828 0.01618286879318015 2.2507121037131848 2.3587347644981009 215 227 147 0.12539965049796406 58 662 59 466 60 6
4830 -0.51608805188096796 3.255377728873214 3.0798305949446032 195 203 130 0.075478909016277754 58 543 59 497 1 284 61 290 2 275 3 286
4831 -1.4816889592502511 3.2508167471203402 2.8192722411001583 193 218 137 0.37577483682480711 57 728 59 502 60 487 1 288 61 294 2 405 3 414 4 390 5 360 6 361
4832 -1.1257055725211242 2.979778725789036 2.9828243232562892 201 212 137 0.0647098757455042 58 554 59 509 60 494
4833 -1.1542756390528803 2.8225165049580232 3.0792990810851832 215 215 142 0.04659699390600653 58 562 59 515 60 495 1 441 61 446 2 416
4834 -1.2503107511732718 2.7837164367718161 3.0580095315835565 170 196 120 0.074090307879702499 57 607 59 516
4835 -0.97560410812761189 2.6520287515038472 3.2535444111737934 84 166 83 0.081329970599445439 58 574 59 525 60 508 1 450 61 455
4836 -1.6472117026172786 2.5896745166627149 3.2244332050213385 214 212 143 0.041012900556794553 58 607 59 547
4837 -0.79328043925098846 2.1866624872152349 3.856922858804579 152 174 106 0.46681087920091519 58 619 59 560 60 547 2 494 3 481 4 462
4838 -0.48025831419116083 2.366226570973208 4.1586739215545583 254 251 240 0.22699203634714699 58 618 59 571 60 557 1 512 61 518 3 492 2 508 4 478 5 455 6 450 7 460 8 468 9 464 10 337 11 355 12 341
4839 -0.53218376650063792 2.4674509686218165 4.3554253028452674 252 248 238 0.25488187852208855 58 640 59 583 60 573 1 396 61 401 2 510 3 391 4 230
4840 0.1094918491521184 1.9769945958472741 2.3047539787006102 190 211 133 0.093151681944854445 58 658 59 594 60 450
4841 0.019496552218395691 1.772640801361324 2.5132484079990292 213 214 144 0.028420229484931132 58 663 59 598 60 585
4842 -0.17476582425768297 2.9895344502150225 2.6445948815757392 215 222 192 0.086244820697232452 57 711 59 601
4843 0.2228725905214754 2.0700506041973417 3.0536101666510667 1 1 1 2.4740969427662058 31 586 59 610
4844 -0.82523043677222563 3.2120236060832528 2.6705057402849368 0 0 0 0.94649713441939443 57 715 59 611
4845 -0.68795343473798209 2.9345405969319964 3.1633735756681358 173 199 119 0.10528879487696699 58 691 59 624 1 540 61 546
4846 -0.65058097828810157 1.6837379978681204 3.2567647859890578 74 142 72 0.11846567778982357 58 699 59 633 60 627 1 555 61 564 2 562 3 540 4 539 5 494
4847 -0.32719103645361014 1.8910215845602023 3.5742951909413332 254 251 239 2.0131112350903182 57 729 59 641
4848 -1.2981756050190891 2.564393143791682 3.2487329570724022 173 187 119 0.26182886218910645 33 566 57 740 59 651
4849 -1.264966502543065 2.3013342218043125 3.5223878676789826 192 196 127 0.061527265896574604 58 731 59 666 60 649 1 574 61 583
4850 -1.1960887024125344 1.9431247466772881 3.6013455726577015 255 254 246 0.20181208264207973 58 737 59 669 60 655 4 549 5 507
4851 -0.40427305409900477 2.4820807088745602 4.2729001160630169 180 150 113 0.40015902548246812 58 742 59 674 60 663 1 639 61 648 2 622
4852 -1.8631567807882001 2.4359274674836966 3.5339949061777758 159 196 118 0.23134431878925885 58 803 59 678 60 556 1 358 61 363
4853 0.19706263167929999 1.9262247234558254 2.1605634964425113 169 141 109 0.15321222760886244 57 865 59 684 60 671
4854 -0.83256564494814278 3.1662806898115701 2.9743108115697918 178 207 124 0.27643505387937328 58 761 59 699 60 685 1 603 61 612 2 599 3 579 4 574 5 543 6 546
4855 -0.66478807727387357 2.8987956122317171 3.2138869934733378 93 186 92 0.16232687175353325 58 765 59 703 60 693 1 615 61 624 4 618
4856 -0.43931508267302644 2.2164209980242644 3.8636457962384365 162 143 100 0.26955111273918231 58 787 59 723 60 710 1 631 61 640
4857 -1.3884736939613547 2.2595900081441753 4.1091638467136766 165 134 99 0.1672471603431078 58 809 59 745 60 727 1 645 61 654 2 626 3 618 4 563 5 527 6 524 7 524 8 459
4858 -0.33406266630426901 2.3644804356206706 3.3985197502180839 254 255 237 0.9273038727851276 57 934 59 768 60 701
4859 -1.0754682962177515 2.7803552867550141 3.1313078111300356 178 202 125 0.076461156696915999 58 843 59 771 60 748 1 662 61 671 2 643
4860 -1.5091444888744472 2.7951829759000639 3.0548704065834005 166 192 119 0.2698967957363505 58 849 59 778 60 751 1 665 61 674 2 647 3 638 4 623 5 582 6 584 7 584
4861 -1.8546431633716476 2.6092623399227248 3.2974758623014053 77 152 75 0.080391866937075618 58 902 59 784 60 708
4862 -0.92330215469428434 3.0228649465471218 2.4841598894390198 1 1 1 2.0885994140021555 58 921 59 806 1 740 60 834 61 750 2 712 3 714 4 688 5 657 6 647
4863 -0.058876155511431438 1.4892793415308301 2.810350441126451 153 167 105 1.2103336876181967 57 970 59 807 60 789
4864 -0.53910074118904028 2.7076425298665856 3.3955666019639468 110 175 92 0.44134988354879623 58 883 59 810 60 793 1 667 61 676
4865 -0.5308014346001303 2.7936233884525699 3.3174263355361795 174 192 117 0.13234329486223445 58 884 59 811 1 699 61 709
4866 -1.7209832652723296 3.1165133232808779 2.9523487491939098 171 210 125 0.41417332071490576 57 973 58 925 59 816 60 800
4867 -0.88870820612803447 2.3016278808537032 3.6861878232341856 197 198 128 0.53046459193772011 58 860 59 827 60 814 1 718 61 728 2 723 3 722 4 697 5 625 6 622
4868 -0.95941301402264934 1.8297977588876224 3.4190315670657627 132 168 97 1.4988618668940898 58 853 59 858 1 713 61 723 2 719 4 694 5 621
4870 -1.7391430626454145 2.4184795612952836 4.1867200752732474 1 1 1 1.6628974025454344 59 880 60 854 1 754 61 764 2 730 3 706 58 955
4871 -1.737478730250382 2.373878414693035 4.1876211577698443 1 1 1 0.33578454939097574 58 956 59 881
4872 -0.33543099955483852 2.0831701906011433 3.5357308157068315 251 250 231 0.93076164135435546 60 878 1 775 61 785 2 760
4873 -0.84288566867729253 2.9126618807971454 2.3528484859250538 249 249 234 0.76424785736906087 53 454 55 387 56 406 59 316 56 609 58 524
4874 -1.5498535419132033 2.593855947417965 3.2154528990311535 177 194 123 0.26125677805142783 38 875 41 1029 59 537 35 616 36 639 37 727 38 738 39 838 40 848 41 885 42 894 43 878 43 1006 45 958 56 684 57 643 58 604 60 518 1 457 61 462 2 438 3 436 4 411
4876 -1.4581616501772221 2.4883910745936957 3.305761715800609 207 206 137 0.17106102192799005 51 1031 53 924 55 695 56 695 58 603 36 626 37 715 38 725 39 818 40 826 41 874 42 882 43 864 44 921 45 943 46 932 47 947 48 933 49 859 50 872 59 544 60 517 1 469 61 474 2 456 3 449 4 302 5 267
4877 -0.044482580757576662 2.2979619008023198 2.411417083160488 0 0 0 0.1217721809760928 52 39 54 30
4878 -0.13997226428719534 1.7655616618931713 2.8623916413505217 101 198 101 0.20840380745397522 59 327 60 31 1 30 61 31
4879 -0.90267309913795435 3.2307430896460443 2.9054690505221212 100 198 99 0.12745266947315839 59 60 60 44 2 35
4880 -0.98615148969387967 3.4397543666120662 2.8063896640605992 52 97 40 0.24252037519687805 60 46 1 26 61 27 2 28 3 28 4 243 5 23 6 16 7 228
4881 -0.5216875287767504 3.2103772019234249 3.1037736565196332 105 196 98 0.082032767311830804 59 65 60 50 1 49 61 49
4882 -0.48655115862589898 2.8979015421646186 3.3160521713248907 190 198 124 0.034661521488509713 58 93 60 76
4884 -1.2477230828807169 2.9572161740134715 2.9449450183418597 192 210 133 0.11464552884157372 59 95 60 84
4885 -1.6432998909824721 3.2227954855245575 2.868506565608596 192 220 136 0.11646789940929828 59 357 60 87 1 61 61 62 2 58
4886 -1.6796124848774043 3.1665084082858788 2.9087825928716686 146 212 119 0.32916611426719905 59 116 60 89 1 71 61 73 2 60 3 59
4887 -0.88507666941479068 5.1582850183284528 3.6562199389350281 193 204 129 1.0139639303091121 53 241 60 96
4889 -0.36543604101362082 1.7467542226404975 3.3374281195184046 180 149 112 0.25677509283665506 58 107 60 105 1 93 61 96 2 317 3 339 4 105 5 105 6 124 7 114 8 146
4890 -0.36627175093969672 1.7416041326650997 3.3364289964988503 180 149 112 0.18766719287737998 58 108 60 106 1 94 61 97
4891 -0.61322406469427948 1.6896157778472285 3.2527334229618678 77 148 75 0.22002607463765228 59 120 60 108 1 100 61 103 2 94 3 117 4 91 5 87 6 109 7 98 8 127 9 118 11 131 12 261
4892 -1.5509295977672419 2.6837578979294787 3.141034184650179 83 155 79 0.069199598468346279 58 172 60 120 1 110 61 113
4893 -0.94801046512871223 1.7087383846823492 3.241140773731618 195 164 125 0.069868862671042614 59 148 60 134
4894 -0.94801046512871223 1.7087383846823492 3.241140773731618 195 164 125 0.069868862671042614 59 149 60 135
4895 -0.58519890024898968 2.4242710354538377 3.6938111141201424 79 155 78 0.1340208803442606 59 168 60 151 1 136 61 140 2 129 3 166 4 156
4900 -1.8009776196881753 2.5514846788534316 3.3195469790196919 198 204 134 0.16916535626733761 56 280 57 474 60 172 1 156 61 160
4901 -0.67188456410557396 2.3355100940609619 3.7684675827725425 78 149 75 0.097110150251006777 56 201 60 181 2 154
4903 -0.86441207732253833 2.2598209688467552 3.7343220366095089 197 198 130 0.10598275143956437 58 199 60 187 1 167 61 171 2 163 3 176 4 166 5 156 6 332 7 154 10 301 11 170
4905 -1.3355644738285526 2.2880768065780668 3.5202936651171521 207 203 136 0.065602061752001478 59 208 60 192 1 174 61 178 2 138 3 151
4906 -1.3754742362814916 2.3233687840944173 3.4603339261288517 67 128 63 0.21509667861347789 59 209 60 193 4 116
4907 -1.4426379245727232 2.9823595679745862 2.9517841933546149 0 0 0 0.07985705364785757 36 230 41 351
4908 -1.6787440337798578 2.2711540359438112 3.5385485804884405 214 211 143 0.079994368844970437 59 438 60 215 1 369 61 374 2 349 3 156 4 141 5 118
4910 -0.90305342084195273 2.2070668342132715 3.9607630960327849 173 190 121 0.15636543012035228 59 241 60 220 2 208 3 228 4 208 6 210
4911 -0.50509311741345297 2.4511457746783085 4.3414642291705672 154 122 88 0.36397663462741414 59 262 60 233 1 236 61 241 3 254 5 206 6 221 7 198
4912 -0.92645874040988052 2.2348795775619354 4.0076643150051448 176 203 126 0.13127446280107449 59 244 60 234 1 221 61 226
4913 -0.96803736977163379 2.1868768384883714 3.9682536201844001 94 172 90 0.10475805108140435 59 246 60 235 1 223 61 228 2 223 3 235 4 213 5 198 6 212 7 174
4914 -1.2853825464319815 2.293109939971933 4.1444257364279125 254 250 239 0.20708058350076713 58 285 60 251 1 241 61 246 2 377 3 257 9 225
4915 0.081207248222138428 1.7792287003325391 2.4302300601852083 86 165 84 0.17119889502561247 59 467 60 276 1 256 61 261 2 252 3 8
4916 -0.0015337060385298695 1.6785877337602679 2.6291629464751778 182 189 123 0.22258021558193503 56 582 60 288 2 261 3 276
4917 -0.068512196375507428 1.6622863282425537 2.7976309631269483 108 174 94 0.15222489434144892 59 319 60 297
4918 -0.11284660403674934 1.7101357648166962 2.8139799827678962 97 191 98 0.033009363233455644 59 493 60 298 1 266 61 271
4919 -0.16382210296848645 1.8843736817713603 2.8349000531737274 189 213 132 0.18887521753750014 59 325 60 299
4920 -1.2906732743797218 3.2897671910742918 2.8272364505984453 108 211 108 0.22123303701858199 59 345 60 314 1 280 61 286 2 272
4921 -0.39851106884705489 4.9817278784754837 3.6722943963727577 192 199 126 2.9664472112169884 56 450 60 318
4922 -0.9439710522312279 2.9016379127381335 3.0753402442972311 208 210 138 0.13211439097163533 59 350 60 320 2 415
4923 -1.5527573576321443 3.1857206697684144 2.8751797621584414 105 198 103 0.026604424008023899 59 356 60 326
4924 -1.0803366208617802 2.6320014359432546 3.2436927881914093 177 192 121 0.10732003869353768 58 394 60 346 1 320 61 325
4925 -1.3481037785093293 2.6286061458702932 3.1853123400125751 78 151 75 0.1601419121898939 59 380 60 348 1 323 61 328 6 262 5 254 9 66
4926 -1.377231147037564 2.3117834316845229 3.0842858965042255 79 153 77 1.549169495852381 39 173 60 349
4927 -1.7884894670322464 2.6908434199924698 3.1894765814172561 83 159 81 0.27418083853609909 59 402 60 363 1 111 61 114 2 101 3 98
4928 -0.61892590118614765 2.443528927675283 3.6462011400838401 87 158 81 0.45008069360088021 59 171 60 368
4929 -1.2090545583472989 2.3665874731159628 3.4751941434811342 95 146 78 0.057506368616088148 59 396 60 372 58 437
4930 -0.45195576074494304 2.3773130206999915 4.1784217349079453 164 132 98 0.088663464420169244 59 430 60 405 1 388 61 393
4931 -0.49466805085989529 2.3960325267977125 4.20896520217486 174 143 106 0.0046346927954265017 59 237 60 415
4932 -1.9679851080184441 2.3870191886646044 4.0294936193566047 227 197 151 0.11646956543835701 59 292 60 441
4933 -0.18329944794772521 2.8540489360632466 2.4797134662422202 246 246 238 0.048586488967337735 53 869 60 456
4934 -0.051602528619347832 1.7283540471141929 2.6678262500995453 177 200 125 0.12233933259881728 59 479 60 473
4935 -0.69112804612256595 3.1190827399083494 3.0336073431347765 195 206 131 0.14018212423544774 59 499 60 484 61 437
4936 -0.72475515736052953 3.2185907545512569 2.998677618931644 198 209 133 0.22218400205738745 59 498 60 485 1 433 61 439
4937 -1.0660463773823572 2.9565130259199597 3.0307111264207456 176 203 124 0.19934299600472596 59 508 60 493 1 440 61 445 2 406 3 418 4 397 5 367 6 367
4938 -0.85624562266410353 2.7801588444416496 3.1793139692631556 177 199 122 0.1811750646025134 57 591 59 513 60 503 1 439 61 444 2 414
4939 -0.92237251747765669 1.7503468551891224 3.1972498471540511 255 255 254 0.071371447064774871 58 709 60 515 1 319 61 324
4940 -1.8277934266278577 2.706325738560416 3.1930805920258916 210 214 142 0.043235961088175359 59 548 60 525 1 461 61 466
4941 -0.61156744051042367 2.2957292845940249 3.8684244222844701 71 142 69 0.19486482496939697 57 648 60 546 1 494 61 500 2 483 4 552 5 433 6 434 7 450 8 454 9 456
4942 -0.94078200410377444 2.1990571943777262 3.7716878610998639 75 144 72 0.28040534155597213 58 623 60 550 1 498 61 504 2 354 5 437 10 390 11 307
4944 -0.75976995220431487 2.2314942271181613 3.9304738913076585 187 189 125 0.30343002488740711 59 559 60 560 1 503 61 509 2 495 3 480 4 470 6 445 7 455 8 455 9 457 10 331 11 331
4945 -1.1396104980582786 2.1229340829850392 3.8125769176695248 49 97 44 0.1150199840992952 59 577 60 566 1 508 61 514 2 502 3 476 4 467 5 440 6 335 7 332 8 347 9 348 10 303 11 299 12 299 13 298
4946 -1.7120184736470627 2.2223250373746022 3.6074362406600602 209 206 139 0.18479686087464534 59 581 60 572 1 500 61 506 2 493 3 364 4 328 5 302 6 317 7 302
4947 -1.5445932403520952 2.2870768932211503 4.1464204382855518 252 248 238 1.0937829159925272 56 562 60 576 2 511 4 369
4948 0.053980348049142035 2.1031302381995678 2.3368157002410359 111 218 113 0.35848123387726399 59 688 60 581 1 406 61 411
4949 -0.15070395759449479 3.0687819619906853 2.7906267392902167 233 234 213 1.2715533239523689 58 826 60 596 54 938
4950 -0.8392936597430164 3.1662709733695817 2.6186972036922453 205 215 185 0.20202991498153577 58 679 60 597
4951 -0.4496933602037369 4.2904745073001145 3.2680802324210028 189 204 129 2.1398459804476362 57 883 60 603
4952 -1.3549121076407304 3.2525263012185044 2.8020127796691785 109 214 109 0.3623431687025121 59 618 60 605 1 536 61 542 2 538 3 514 4 503
4954 -0.42592199258613389 2.9081308664909375 3.3705553692267656 162 186 111 0.093108600704828653 59 627 60 616
4955 -0.95990484947112398 2.8105592839939755 3.1441112183778017 205 210 137 0.014656519584448411 59 628 60 619
4956 -1.3240534606132088 2.5656238966613505 3.2300652553942051 176 191 121 0.2107912675548686 59 652 60 631 61 559 2 558
4957 -0.63057229680034554 1.6735600266302224 3.2978869542178177 186 190 126 0.2434421155276815 59 644 60 634 1 554 61 563 2 565
4958 -1.0793050908607187 1.7079336045437401 3.2605599319265637 255 255 253 0.19838541895306422 59 654 60 641 1 561 61 570 3 545 2 569 4 423 5 401
4959 -0.8596998808692109 2.3198722180148157 3.6622806403778574 183 191 122 0.22086733815251136 59 665 60 647 1 570 61 579 2 573 3 552 4 548 5 512 6 506
4960 -0.85969958266905211 2.3200450020119514 3.6621633032975121 183 191 122 0.22783332849289856 59 664 60 648 1 571 61 580 2 574 3 551 4 547 5 511
4961 -1.2653243532147465 2.3055648305670231 3.5233657819072404 190 195 127 0.02867713474751719 59 667 60 650 1 575 61 584
4962 -1.8768714483138447 2.5655056386104724 3.3788147530285855 81 165 79 0.28679866771666662 59 726 60 653 1 482 61 487
4963 -1.2410821183343956 2.0526060409634761 3.8129919097786886 91 135 67 0.76775059982345484 58 744 59 795 60 665 1 584 61 593 2 586 3 562 4 555 5 518
4964 -0.12530210116379248 2.4504514613320008 2.6170341507398769 112 218 111 0.45920079027572647 60 677 1 417 61 422
4965 -0.076419350846140155 1.7635061051360179 2.6965398874654425 192 208 133 0.14617405462178934 59 693 60 681 1 598 61 607 2 531
4966 -0.49551595707576024 2.9091669736237065 3.2740361981538628 92 184 92 0.082529679839102296 59 702 60 691 1 612 61 621 2 608
4967 -0.47239708024324933 2.3150970928575472 3.7974460409611832 80 155 78 0.073272255760891053 59 717 60 709 1 568 61 577
4968 -0.89777141034951913 2.2538291168974141 3.7558561352755078 75 146 73 0.14034101527489787 59 733 60 716 1 632 61 641
4969 -0.71614910739598792 2.3040518916197121 4.0398115906999319 95 189 96 0.51624826008767477 57 760 60 723 1 636 61 645 2 621 3 617 4 606 5 569 7 571
4970 -0.33946557221068369 2.8765586472353721 3.2730868995550169 194 203 131 0.21357904801176161 59 758 60 738 1 610 61 619
4971 -0.58862862495492574 2.8772526544833172 3.2473081458710724 91 182 90 0.16477240568834498 59 761 60 740 1 655 61 664 2 677 3 677
4972 -1.3824199041110803 2.7922053801344053 3.0621507048103753 204 211 138 0.074364883999483419 59 772 60 749 1 664 61 673 2 646 3 637 4 622
4973 -0.47644700272261781 2.2756401562682624 3.969630270970661 184 154 117 0.19160999050363059 59 787 60 771 1 680 61 689
4974 -0.61705513941078305 2.326096179514332 3.8037964310745549 151 176 105 0.47794707920682666 58 859 60 813 1 679 61 688 3 699
4975 -0.82305795561981387 2.236376011507438 3.7895477273162443 76 148 74 0.064208937370601751 59 832 60 817 1 721 61 731
4976 -1.5162874828031729 2.1881223034766077 3.6614990776006096 206 201 135 0.33042352874027803 59 838 60 823 1 723 61 733 2 700 3 696 4 677
4978 -1.8496797779067518 3.1786392566318429 3.1239949687839554 211 220 140 0.69569627327941397 59 822 60 837 1 759 61 769
4979 -0.67843858811547597 2.4684872599649048 4.2758003656372212 1 1 1 1.2680262127097734 59 840 60 849 1 752 61 762 2 740
4980 -0.67409680884352818 2.4177949161532375 4.253262934034673 1 1 1 1.9395678008732715 59 841 60 850 1 753 61 763 2 741 3 736 4 683 5 633 7 633 6 603 9 629 11 568 10 564
4981 -1.1077915902715758 2.0403287809602184 3.8031917451182315 149 164 100 0.60017022790071839 57 1009 60 873
4982 -0.6568093826720558 3.2462198016179551 3.0363008332818628 144 195 110 1.6533732716041032 55 1092 56 1086 1 774 60 876 61 784 3 754
4983 -0.63674350020912618 2.3317143426575551 3.8250939138428435 163 179 110 1.3230145237420479 59 897 60 879 1 776 61 786 5 687
4984 -0.51649895691282499 2.4506455506076557 4.1805592775281548 255 253 244 1.7509447470787454 60 880 1 778 61 788 2 762 3 761 4 736
4986 -0.52477534950334981 2.4127943510687011 4.288168778487071 170 139 104 0.11494632363226162 60 416 57 479 58 464 59 441 1 389 61 394 2 375 3 390 4 227
4987 -0.55385647453520048 2.3045930860701844 4.0103878170149558 86 149 83 0.76314369396309645 55 478 58 219 60 558 57 198 58 220 59 421 1 501 61 507 2 360 3 479 4 361 5 341 6 347 7 187 8 228
4988 -0.085834830923625371 1.6852073296929988 2.7528098367132054 107 196 102 0.17856716578566978 60 25 1 24 61 25
4989 -0.095348343074068864 1.712991309980205 2.7436049533639335 206 217 140 0.089286853667745802 60 26 1 25 61 26
4990 -1.0993616598490381 3.3487723402303411 2.6728976527834609 190 160 123 0.12839724773542666 59 48 1 27 61 28
4991 -0.037861885304837362 1.4758511733314841 2.8501934072842277 255 255 241 0.27664722550553944 60 475 1 29 61 30
4992 -1.0066930729222767 3.2939692228956559 2.8683352674443916 123 203 105 0.8818635040282653 59 61 1 36 2 269
4993 -1.4791739085542093 3.2785193182505865 2.791024134290772 111 215 111 0.30326184308414095 60 64 1 40 61 40 2 44
4994 -0.73310761574209193 6.4335396606285595 3.6842911169309644 96 187 92 0.92222651872736094 58 96 1 51 61 52
4996 -1.3752655110223877 3.010421195499668 2.94558271178713 99 188 97 0.020126080272957498 58 385 1 58 61 59
4998 -1.145531215753717 2.8900140215685588 3.0301208053221145 99 182 93 0.04983828378807708 34 436 1 66 61 68
4999 -1.1456832704436946 2.8905783756810797 3.0301608316417532 99 182 93 0.06956143260052601 31 374 34 437 1 67 61 69
5000 -1.59075358943578 3.0306521947669336 2.9440143800173799 219 223 148 0.042859580079757285 60 85 1 70 61 72
5001 -0.20640753448027843 1.7025108702813834 3.2122789207191746 138 125 75 0.14206338200377083 58 86 1 73 61 75 2 87 3 99
5005 -1.8471037177929919 2.8238624308312201 3.1475948863016932 144 206 115 0.15250379446542475 60 145 1 112 61 115
5006 -0.88011399639480081 1.6829644018000165 3.2474158727980207 114 156 89 0.052911039428318464 60 130 1 117 61 121 2 110
5009 -0.90550607927347837 2.2409906248454461 3.5883638794708572 165 184 113 1.1616427256928801 60 385 1 138 61 142 3 353 18 49
5010 -1.6096928040425471 3.0744801116925022 2.8713101393684428 0 0 0 0.22469709011905031 34 234 35 487
5011 -0.93769164460568022 1.7339525682755361 3.3492097390002193 76 143 73 0.224987717114077 58 185 1 142 61 146 3 124
5012 -1.3360730656137301 2.7732093650626464 3.0930055441497619 0 0 0 0.13107701012730816 37 245 41 658
5015 -0.81772664127425465 2.3112404428389377 3.6920761464749163 76 146 73 0.072590372881633877 60 182 1 164 61 168 2 157 3 174 4 160
5016 -0.84148600748558366 2.3224184365852181 3.6818924042269865 191 194 124 0.020328969904893513 58 198 1 166 61 170
5017 -0.92700254724301701 2.2967623983315719 3.6476986776406384 195 195 127 0.045111775446539916 60 184 1 169 61 173 2 161 3 179 4 164
5018 -1.0179317933627503 3.2752445321251633 3.9156732717907459 188 194 125 1.6637285925229832 48 711 1 171 61 175
5019 -1.6394420997667829 2.3091910882457118 3.4780616591916114 74 138 70 0.12426838714087297 60 199 1 177 61 181 2 143 3 155 4 120
5020 -0.66600687356256039 2.2617858258902506 3.8625540038732322 71 143 68 0.59913015455978802 56 228 1 185 61 189 2 183
5022 -1.1995762097365801 1.9274569940578763 3.5779873322807543 251 249 240 0.042883101127562849 60 206 1 192 61 197
5023 -1.3069932709390748 2.0298401752439972 3.6215724218413152 180 152 111 0.17770498709321245 60 207 1 194 61 199
5024 -0.67789200721341691 2.2617328071158802 3.959113931350291 73 140 70 0.067971848142381899 59 217 1 204 61 209 2 201
5025 -0.68698033354710342 2.2760133305149162 3.9873220175649009 192 193 129 0.12601661945817391 58 223 1 206 61 211 2 203 3 225 4 203
5026 -0.74493893988611082 2.2247393679046228 3.9150771522861434 183 185 123 0.060895266789493148 59 223 1 208 61 213
5027 -0.86017993196568998 2.1877827264365277 3.9057601302179621 70 136 68 0.10490954477107145 60 219 1 209 61 214 2 206 3 227 4 206 5 194 6 191 9 224
5028 -0.94337927904946683 2.1442621254426166 3.8584920917303527 181 194 123 0.055474729764023067 60 221 1 211 61 216 2 207
5029 -1.0655622671935934 2.1190725196866755 3.8734610112903467 69 133 67 0.051246313380348484 58 252 1 216 61 221
5030 -0.96789532005184031 2.1855498136346458 3.9680589026982918 88 168 86 0.095341938373206078 60 236 1 224 61 229 3 236 4 214 5 199 6 211 7 173 8 359
5031 -1.3329197731312372 2.0643426756919383 3.8612295153487453 91 164 87 0.0078467959642471666 60 239 1 228 61 233
5032 -1.7589012311014431 2.1861955270280915 3.8345172289145464 97 185 96 0.09625690494180987 60 255 1 235 61 240
5033 -1.2060982912502767 2.3011753334574077 4.1632488148858871 167 137 102 0.13589858039878824 59 275 1 237 61 242 2 234 3 255 4 224 5 205 6 218 7 194 8 231 9 228
5034 -1.120883982045942 1.5667743135395296 3.8862415960754917 172 142 107 1.7598065208831273 33 337 1 239 61 244
5035 -1.5586013960073035 2.261343861526163 4.0954853444519363 182 154 119 0.069357458780188536 59 289 1 243 61 248 2 239 3 249
5036 -1.9392297322322236 2.359590081935274 3.9524675289173339 252 249 213 0.065357811688127751 60 435 1 247 61 252
5037 -1.366942584292365 2.3270088720592801 4.196190998912054 183 153 117 0.0024850879007835727 58 291 1 248 61 253
5038 0.058492899394273712 1.7386635070612984 2.4965886704049383 221 218 147 0.12349113061066727 60 278 1 257 61 262 2 257 3 271
5039 -0.12076312708470482 1.8029632473295778 2.7612573968764536 215 220 145 0.075659275854778191 57 544 1 265 61 270
5040 -1.0422011662221313 3.3908692299044034 2.8555675010833368 96 148 73 0.45081857514943613 59 333 1 276 61 282 3 282
5041 -1.2922615031602811 3.3013142626618066 2.8287020691877673 108 212 108 0.23756562679682769 60 315 1 281 61 287 2 271
5042 -0.65721119670811978 3.1448622626028508 3.0553313825931552 98 192 96 0.12262429020952928 60 311 1 285 61 291 2 277
5043 -1.083028131652386 2.9804752087560837 2.9914793079379711 98 192 97 0.22176761239202245 60 322 1 287 61 293 2 279 3 290 4 262 6 247 5 238
5044 -1.062949439106015 2.8161839998892946 3.1120913629761828 188 205 130 0.049763630916217556 60 332 1 293 61 299
5045 -1.2742926245059065 2.9155706679607443 2.9799898460000254 193 212 134 0.10957054326222397 60 324 1 294 61 300 2 407 3 292
5046 -0.75374132219626511 2.7557067112346187 3.2401361255737422 92 177 89 0.16457044629403134 60 331 1 301 61 308 2 296
5047 -1.1810119646835615 2.748601241320288 3.1092689289732989 89 169 86 0.10184424132514731 60 333 1 304 61 311 2 292 3 301 4 274 5 251
5048 -1.3966594718912106 2.7346068282860276 3.1084613924707241 86 163 83 0.054952586748517447 60 335 1 306 61 313 2 302 3 302 4 276
5049 -1.589055282804307 2.8649117778082456 3.0240053995843521 224 224 151 0.021361024086657347 60 336 1 307 61 314 2 293
5050 -1.6983438297366336 2.8437789434959209 3.0358052134621163 180 210 130 0.14551165387463041 60 338 1 310 2 71
5051 -0.38855179590073197 1.7468035654560845 3.3335512691570064 255 255 251 0.02237782146634068 58 109 1 313 61 318
5052 -0.51876058159429528 2.4367932176346594 3.7245169648086778 79 155 77 0.031168633357703389 60 367 1 339 61 344 2 342
5053 -0.80021582118217127 2.3827296994610574 3.6182693583693357 97 157 82 0.09161636230562191 59 393 1 340 61 345
5054 -0.54258607398274983 2.3702945257152921 3.7814076106055845 77 148 75 0.052207732188244857 60 381 1 351 61 356 2 343
5055 -0.82204068485025616 2.3274817189819208 3.6634153031672896 76 148 74 0.024155605890117598 60 383 1 352 61 357
5056 -0.51823479066369393 2.2617673363571225 3.9857365402296669 238 237 226 0.13588959681745377 60 396 1 373 61 378 2 359 3 220
5057 -0.51867329520535199 2.2515551831050562 3.9820712903624744 238 237 226 0.099892104617452196 60 395 1 374 61 379
5058 -1.0877535395185769 2.1274167061644418 3.9026921640335348 193 193 129 0.144029191126615 60 418 1 379 61 384 2 501 3 488 4 474 5 450 6 438 7 347 8 348 9 364 10 304 11 309 12 158
5059 -1.685760443268054 2.1303357513576686 3.7893156662176217 165 182 115 0.30011475408821109 56 329 1 393 61 398
5060 -1.9110399609860338 2.3694613172044741 4.1298564672354772 180 149 113 0.20858703957785285 60 442 1 402 61 407 2 246 3 258 4 225
5061 0.057427716287534292 1.7959147789948604 2.4472499740646674 218 222 148 0.15821246719705434 60 454 1 407 61 412 2 382 3 394
5062 -0.79126183234197267 2.8964950419236044 2.3608984828141946 237 238 217 0.16533169978256285 60 471 1 412 61 418 2 386 3 398
5063 -0.79166857439150218 2.9068182428449911 2.3613785850703919 237 238 217 0.17652299931702664 60 470 1 413 61 417 2 385 3 397 4 373
5064 0.019015593334327285 1.6852497970350655 2.5862638023472382 226 221 150 0.12120592936226487 60 460 1 414 61 419 2 259
5065 -0.11769047005503541 2.2058691892139675 2.5434225684791256 116 221 113 0.59381323828740318 60 586 1 416 61 421
5066 -0.15713834219831438 2.0285471959807939 2.7515216439500794 192 214 133 0.011498784720068137 60 474 1 422 61 427
5067 -0.047290447800202307 1.5525023843851331 2.8556055531121269 94 162 85 0.54264436369225455 60 476 1 423 61 428 2 264 3 40 4 36
5068 -0.72553053016998303 3.2009697398458496 2.9994423331888562 205 208 136 0.26979194253274308 60 486 1 432 61 438 2 542 3 417 3 515 4 393 4 511
5070 -1.3709287600098512 2.918109913646834 2.9759062499092974 223 222 149 0.0088430371883434413 60 496 1 442 61 447
5071 -1.6030117268855268 2.9687804178092287 2.9618576722640224 225 226 152 0.12211509450419544 60 505 1 444 61 449 2 418 4 268 3 294 5 36
5072 -1.3380251025678651 2.5466366130551674 3.2623027894780798 75 143 71 0.09993038888835902 59 536 1 456 61 461 2 437 3 447 5 389 6 382 7 265 8 400
5073 -1.6464765015517986 2.5970493982449252 3.2244059337545563 221 217 147 0.15807611807843105 60 522 1 459 61 464 2 439 3 438 4 288 5 258 6 269 7 267 8 277 9 280 10 44 11 38 12 35
5074 -1.8284423606966465 2.7082263302002381 3.1913427175138889 209 216 143 0.28166105280482318 60 526 1 460 61 465 2 441 3 439 4 414 5 259 6 54 7 48
5075 -0.87317905224602921 2.3425587025518495 3.6169077175871154 75 147 73 0.098556497277646482 60 531 1 473 61 478 2 458 59 542 3 459
5076 -1.0419915285320802 1.6868162757516831 3.2766340142110728 173 142 105 0.45645669156507418 60 640 1 475 61 480 2 454 3 456 4 428 5 280 6 113
5077 -1.0448784967377049 1.7031682154483319 3.2823380118153862 173 142 105 0.081970527777816007 60 639 1 476 61 481
5078 -1.3634502160957982 3.0996239585756062 3.5985944782103898 69 132 65 0.039699693745089144 31 526 1 478 61 483
5079 -0.7051825195303848 2.3283507202797087 3.7420402796552827 76 148 75 0.12069427728421382 60 534 1 484 61 489 2 473 3 467 4 444
5080 -1.5153295449346766 2.3055581399476108 3.4871059745935176 66 126 62 0.053797491876103054 60 540 1 488 61 494 2 463 3 462 5 409
5081 -1.8747774072123766 2.350379544292736 4.1131275845153725 252 248 238 0.57687346778863002 59 457 1 519 61 525 2 513 3 388 6 201 7 157
5082 0.17771621314241909 1.5644672292315485 2.3228296956124037 149 110 71 0.52549304606280123 60 446 1 521 61 527 2 519
5083 0.088054790763001767 1.6623491907186376 2.4858351252219757 79 153 76 0.22171719487570435 60 675 1 524 61 530 2 383 3 13
5084 -0.13845860784548888 1.899197612526947 2.7601166700794275 109 215 110 0.58255243859862349 60 683 1 534 61 540
5085 -1.4365377496958289 3.2445431449105957 2.791512435851653 110 216 112 0.4522416741025494 60 607 1 537 61 543 3 412 4 247 5 223 6 232 7 230 8 258
5086 -1.1224236422645637 3.1380110297911461 2.8848258972707423 208 216 140 0.76209101759735354 58 831 60 604 1 539 61 545 2 537 3 513 4 508 5 473 6 472 7 472 8 544
5087 -0.52445145484425615 6.2409824931838624 3.9776830400845538 197 200 127 0.027298164940075351 58 695 1 550 61 556
5088 -1.1010317805476943 2.1489364060796108 3.7840808357970364 167 169 108 0.24588871369632612 60 658 1 582 61 591 2 580 5 517 10 393 8 439 11 403 12 394
5089 -1.8749498957199509 2.3618789878694657 4.1283740822174337 253 250 239 0.10333066283558262 60 670 1 590 61 599
5090 0.19810808659461138 1.6320253622436205 2.2242055299622083 101 68 40 0.22930974030062284 60 673 1 592 61 601 2 594
5091 -0.50318545840578688 2.835966452648889 2.3375877871424047 125 211 114 0.01399659990155574 58 755 1 594 61 603
5093 -0.77001605234545711 3.2011246129204753 2.9595107372562413 101 197 99 0.47980559825191432 60 601 1 600 61 609 2 596 3 576 4 571 5 537
5094 -0.71790456448813833 3.067037397230147 3.0714864376649591 123 195 103 0.18498248842402201 60 684 1 601 61 610 3 629 4 614 5 578
5095 -0.49558130186554522 2.9111788177549913 3.2746119612708799 91 181 90 0.066888029123487694 60 692 1 613 61 622 2 607
5096 -0.85343551220856373 2.946718045850889 3.0796835443448725 167 198 119 0.1587141435262337 60 695 1 616 61 625 2 603 3 585 4 575
5097 -1.0852529835796416 2.8746321915133661 3.0730837558498161 93 183 92 0.0033130821542702127 60 696 1 617 61 626
5098 -0.45111556962653421 2.300094997246112 3.7312094685263206 82 154 78 0.13388270838175809 60 707 1 629 61 638
5099 -1.4238087337392773 2.2065447236123616 4.0352465646019082 255 253 242 0.58874620641184905 60 666 1 644 61 653 2 591 4 562 5 522 7 519
5100 -1.8912862558093591 2.340832963691204 3.989829132186046 168 136 99 0.18274262933054938 60 731 1 647 61 656
5101 -0.6549227265996076 2.801769495908061 3.2750128269295136 159 189 112 0.091722948451675404 60 745 1 659 61 668 2 649
5102 -0.95200647127939031 2.7794168792209533 3.1600861372485118 181 201 124 0.15354204831034829 60 746 1 661 61 670 2 642 3 634 4 619 5 583 6 585 7 588
5103 -0.52975557387154182 1.7400308371976543 3.246614126090448 135 185 104 0.49265630230796781 60 753 1 669 61 678 2 651 3 684 4 634 5 592 6 592
5105 -0.3592895719638648 2.385400012845682 4.1557758741053537 0 0 0 0.84515737465337881 60 780 1 686 61 695
5106 0.058069524708087239 1.6373019879204338 2.5281256176104256 80 154 77 0.82871499102332447 59 800 60 784 1 693 61 703 2 632 3 626
5107 -1.5511655134535738 2.7243597551113439 3.1216207603219268 124 176 99 0.056693636222169545 60 804 1 703 61 713
5108 -1.3790493294389068 2.445910180218196 3.3556585910986931 169 184 117 0.14495090695417076 59 824 1 708 61 718 2 691 3 642
5109 -1.3062064999515053 1.9431136611930144 3.6719746935735511 177 146 109 0.56402907433313809 60 822 1 727 61 737
5110 -0.30731146067250559 3.4693167540357814 3.0628237964409126 0 0 0 0.88963151085514713 60 858 1 741 61 751
5111 -0.6944831854055199 3.2746069326789415 2.915124760056151 0 0 0 1.0661652661382783 49 1145 50 1217
5112 -0.99788344678582885 1.7636607585390389 3.181341790628335 101 154 92 1.335596498596316 58 927 1 745 61 755 2 715 4 691 5 638
5113 -1.7619300948733252 2.5137661720651865 4.2138628875391273 1 1 1 0.32461632076608671 60 855 1 755 61 765 2 731 3 707
5114 -0.87785908876218621 3.1741812970246066 2.6045848139297179 224 227 201 0.95019546140552835 60 856 1 757 61 767 2 736 3 732 4 708 5 658 6 648 7 655
5115 -1.7660905795309487 2.854938070446682 3.1119288988266045 182 204 129 1.1751437834642118 60 872 1 771 61 781 2 756 3 755 5 668 6 664
5116 -1.8840943460518635 2.625933806156783 4.1338714989873919 184 156 123 1.6687143212457702 59 903 1 781 61 791 2 767 3 764 5 690 4 741 6 686
5117 -0.93772750281026807 2.4129154746217556 3.3977588161550845 138 159 101 1.2940285165660683 60 888 1 784 61 794 2 770 3 767
5118 -1.2269332907000392 3.1238402234720399 2.8849221107774832 0 0 0 0.047639481747146308 56 129 60 60
5119 -1.3708567004985777 2.6209288727292939 3.1994601442358417 200 205 135 0.067484913242715189 57 427 1 107 61 110
5120 0.17301465334002858 1.5883597428293639 2.326618644590035 142 104 67 0.16210747480976101 60 1 61 2 2 7 3 6
5122 -0.59379032011124644 3.1690540615994416 3.0396163298458605 169 204 121 0.099220580367921946 60 51 61 50 3 287 4 255
5125 -0.8167417024373993 3.1323623944199173 2.9996568509750761 182 205 126 0.13756395272109487 1 54 59 67 61 55 4 40
5127 -0.29680223713756698 2.6942899695762597 3.3441340226288681 230 234 202 1.0349057516743903 1 76 32 542 61 77
5131 -1.4660387457289512 3.3808776946663586 4.0919947484858419 0 0 0 1.3484916655388757 28 179 55 543
5135 -1.9562551475189525 2.4338261864484694 4.0356807599225561 0 0 0 0.097399328368373894 47 789 50 442
5138 0.051003023902423283 1.9544689479506512 2.6927491799389105 0 0 0 3.2054654057626202 33 973 34 1007
5140 -1.7989207410526533 2.2993709656125634 4.0274262740547533 149 122 92 1.3049039171342884 1 516 60 578 61 522 53 950 50 436 51 458 52 420 52 860 53 657 54 622 55 565 56 733 57 694 58 652
5142 -0.37703938479483345 2.816908506876235 2.4455619169131229 54 103 48 0.098946337153994104 1 11 61 12 2 12 3 19 4 17 5 12
5143 -0.34024487098667711 4.6851171517001031 3.4465049863929527 0 0 0 1.2051078725537832 1 48 56 111 61 48
5144 -0.53861814322374857 3.0066882374489885 3.1886399011336715 94 182 91 0.055842438787026105 1 62 61 64 2 62 3 62
5145 -0.5421926081074856 3.0348606775059248 3.1923235047336052 94 182 91 0.23940676832163144 60 78 2 63 58 75 59 90 3 63
5146 -0.66433010640534196 2.9959360686390708 3.1424343579262684 98 183 92 0.12833580527044797 61 65 2 64 3 64 5 50
5147 -1.6984715543441384 2.8413159273396356 3.0368265479515921 190 216 135 0.12211376617057888 1 311 2 70 3 78
5149 -0.90294731002692941 2.6855371020224474 3.2522221448653998 101 165 86 0.21211662399945516 59 106 2 78 3 85 25 100 28 94 26 95 24 95
5150 -0.32165554262950463 1.6706545571348106 3.2781841490489372 155 123 87 0.12721493941574941 1 92 61 95 2 91
5151 -1.04617870528201 2.6089548180249253 3.2688481550622055 199 202 132 0.056189800489252456 60 113 2 97
5152 -1.8241821716698947 2.6378324687808141 3.2523709838261623 222 223 149 0.085839837759386944 1 128 61 132 2 102 3 112
5153 -0.30394803980186591 1.7654499093120906 3.3266272245996418 190 161 126 0.051089101274232884 1 90 61 93 2 104
5155 -0.41154554050624914 2.3349315136675237 3.5971094320032586 103 168 98 0.93790013228962632 1 115 61 118 2 124
5157 -0.548735940444952 2.433363976795393 3.7123410094999749 78 151 76 0.090427540079781238 1 135 61 139 2 148 3 164
5158 -0.5642707189800884 2.3360736728290856 3.7552326806035881 76 147 73 0.053140246584782121 1 161 61 165 2 150
5159 -0.88052522451288362 4.655441833332052 4.3766333183954105 152 176 105 1.0975303804646708 52 347 2 153
5160 -1.9528823861313729 15.885240616897965 7.6837835460477271 76 146 73 1.0685837380578076 59 230 2 155
5161 -0.81768827884636663 2.3115432703408665 3.6920698754872214 77 145 73 0.080807046179920558 1 165 61 169 2 156 60 183 4 161 6 170
5164 -0.8905853910176651 2.2613570741151992 3.7258393393204732 77 140 71 0.005033938221262961 59 200 2 165
5165 -0.55427287714492424 2.329050655585954 3.8185851908046557 187 191 123 0.09092604599009417 1 163 61 167 2 179
5166 -2.0685212201868333 1.5436376066429831 2.6477557156402702 0 0 0 1.2806775607922058 49 337 53 610
5168 -0.67864722416840462 2.276750568431118 3.9641508365721445 72 137 69 0.015425561616533946 1 205 61 210 2 202
5169 -1.1735723196703001 2.1716671512857806 3.8289284493987616 52 99 46 0.039848141284644242 1 214 61 219 2 213
5170 -0.52363102916957427 2.3871471618937146 4.2143941029936238 247 241 229 0.3555673142562365 58 243 2 221 4 226
5171 -0.97270657690483486 2.1829370237259926 3.9968430176875018 173 202 124 0.15728150898227039 1 222 61 227 2 224 6 213
5172 -1.7575900616082538 2.1570221830204708 3.8796532847309941 246 255 225 1.2652776248567379 60 254 2 232 3 244
5173 -1.8245378845184248 2.2919055915089626 4.0426497758651427 249 245 234 0.036335709099468767 1 245 61 250 2 243 3 251
5174 -0.69044158844063941 3.2364145090864285 2.9810229148390293 97 194 96 0.24365183408719537 1 272 61 277 2 266 3 406 4 391 5 364
5175 -0.82456709817311236 3.2035539457011071 2.9622782394049709 180 203 124 0.07051621912859854 60 312 2 267
5176 -0.62723024212912448 3.2307671860666054 3.0471472506831012 179 203 124 0.12675227133245803 60 52 2 276
5177 -0.9518454046538023 2.9700756373874557 3.0384427300638799 100 190 96 0.04476371867947785 1 286 61 292 2 278
5178 -0.85319244834758468 2.9381699095071014 3.0996555433059356 189 202 128 0.048364479523388328 1 291 61 297 2 289
5179 -0.94768192231157 2.8618965530658929 3.1006397904005722 93 183 91 0.027327874398737708 60 321 2 290
5181 -0.89425278422593935 2.7358052568086597 3.2057810917501315 86 171 85 0.15993712537125035 59 363 2 297 3 312 4 282 5 265 6 258 7 261 8 284
5182 -1.4651723999145314 6.0143306373911649 3.8827307300326939 81 159 79 1.5202223631795966 59 381 2 300
5183 -1.0411065070790082 2.6407655929154199 3.2335728382486142 82 159 79 0.15264705760054004 1 303 61 310 2 301 3 315 4 284 5 266 6 277 7 263 8 286 9 288
5185 -0.78802365973761634 2.6195647099504895 3.3598822212864898 80 155 76 0.12988425332453571 1 316 61 321 2 309 3 325 4 419
5186 -0.61462169306203873 1.672071598509824 3.3094653261829752 183 189 124 0.051336438667568554 59 141 2 318
5187 -1.0791470096827243 1.7402187719098616 3.303597294158283 246 242 228 0.16874580514994289 1 145 61 149 2 321 3 126
5189 -0.89879973191882478 2.7409147713641517 3.1989984374357308 0 0 0 0.042816459829814427 35 436 36 462
5190 -0.80013672061216867 2.375817588617867 3.6169165370069591 93 150 79 0.039719905149041966 1 341 61 346 2 334 3 351
5191 -0.84367032917689366 2.3046548252486097 3.6741758259218855 184 191 121 0.13263459636967617 60 384 2 344 4 335
5192 -0.40868153712599531 2.1703303965762153 3.871926007501568 254 251 241 0.25131462077077998 1 182 61 186 2 351
5193 -0.4819600328815285 2.4546229321726774 4.3253319856873489 185 155 118 0.017697255948985111 1 395 61 400 2 373
5194 -0.51121780301111674 2.5657239432512418 4.454362192344214 180 149 114 0.45296929110624407 60 249 2 376
5195 -0.41903158665611362 2.8181812434962157 2.4553150874664156 158 170 102 0.094746594705077555 1 411 61 416 2 390 4 378 5 351
5196 -0.83955778735871101 3.2228344983325359 2.9296537054469538 99 196 98 0.15270034634123242 60 482 2 400 3 407
5197 -0.8782335486994377 3.3006135192157293 2.9237181418446281 99 199 99 0.67348393552144947 1 428 61 433 2 401 4 506 3 511 5 471 6 470
5198 -0.52921379465717033 2.9497670326197389 3.2319850541087143 191 200 126 0.14186313862824923 1 435 2 410 61 441 3 422 4 399
5199 -0.70692918545646066 3.0050917879426051 3.1178166080682979 183 200 124 0.13885866611076811 1 436 61 442 2 411 3 424
5200 -0.82784680704872504 2.8040696419036575 3.1832320151714466 161 193 115 0.27045337773161998 60 492 2 413 3 426
5201 -1.7135369990700104 3.0072140870169717 2.96802526017317 204 228 144 0.2347509298271345 1 445 61 450 2 419 3 295 4 269 5 37
5202 -1.1027947425992646 1.8623662358865414 3.3614300171929474 106 146 81 0.72696970329582644 1 343 60 642 61 348 2 460
5203 -0.57917133536357834 2.3273891371951412 3.775009316657354 153 171 104 0.11370377892346686 60 533 2 472
5205 -0.40638042418842601 2.1411661824865234 3.7993959594616 253 250 239 0.0048926271782096563 1 483 61 488 2 481
5206 -0.82320447094071625 2.2502542612768601 3.7532620496728848 72 140 71 0.011972842314878565 60 536 2 486
5208 -1.4267125665941709 2.0952753704752691 3.8449001598307686 255 253 242 0.38570158957738498 58 648 2 503 3 490 4 357
5209 -1.5378105649100338 2.1594387870102789 3.7390274564944566 60 112 55 0.11185790283854233 59 585 2 504 3 478 4 453 5 427
5210 0.25685369453203893 1.6790382707388194 2.1937655788956603 185 155 118 0.16546199675852824 1 520 61 526 2 516
5211 -1.3419805809302146 3.4390506193367374 2.7018431030095416 1 1 1 0.25538300394622787 1 535 61 541 2 535 4 502
5212 -1.3580004285781089 3.2862224716963553 2.8061895664361529 109 214 110 0.14827025567760188 60 606 2 539
5213 -0.72713894543515434 2.8715764674456121 3.1771710050456918 91 180 89 0.058324590399089937 1 541 61 547 2 543 3 520
5214 -0.1856967564314434 1.7500752738475449 3.1311641864336117 118 188 100 0.088462266359947014 1 609 61 618 2 549
5215 -0.51065535169094256 2.8045825245175249 3.3589466166762523 187 192 120 0.068085143110633545 1 548 61 554 2 551 3 527
5216 -0.54262436669988112 2.8522706129084421 3.3046953410366284 195 197 125 0.073608947209299475 1 549 61 555 2 552 3 526
5217 -1.4361179297907307 2.5667110954112564 3.2214376209022597 216 214 144 0.050122103312802396 61 561 2 560 3 530
5218 -1.5958032819911656 2.2722194840205048 3.5200560945974 172 181 118 0.2837792155849681 60 657 2 578 3 548 4 544 5 502 6 496
5219 -0.4687514712527846 2.250802225345879 3.9883480147413599 184 154 117 0.49842596292041857 1 634 61 643 2 583 3 559 4 557 5 525 6 528 7 458 8 464 9 461 10 336 11 354
5220 -0.4687514712527846 2.250802225345879 3.9883480147413599 184 154 117 0.49842596292041857 1 635 61 644 2 584 3 560 4 558 5 524 6 527 7 457 8 463 9 460 10 335 11 353
5222 0.13761896246761568 1.8937606829672031 2.2959803884817096 180 220 133 0.14021346673204491 1 649 61 658 2 595
5224 -1.6270033506990071 2.5145191156845352 3.3059950246445027 177 191 122 0.089277275518488519 1 624 61 633 2 614 3 596 4 587 5 551
5225 -1.5604965352405904 2.1651594282889479 3.9193432333230738 103 186 96 0.17694027521417696 1 642 61 651 2 624 3 614 4 602
5226 -1.678300707714049 4.1144889800485984 3.6299984689991396 0 0 0 1.0489705402333622 32 715 45 1145
5227 -1.5475591293918649 3.1473755587657539 2.9010446921584223 121 206 110 0.1094621931011481 1 653 61 662 2 638 3 582
5228 -0.65451706416530486 2.7916886524813807 3.2734102515267485 162 191 113 0.079440831668242687 1 660 61 669 2 650
5229 -0.45324556505606456 1.7391211750452868 3.319002605956336 164 178 113 0.41883756931662497 1 672 61 681 2 657 3 649 4 639 5 596 6 594 7 596 8 597
5230 0.10466324539204014 1.7383760175810594 2.4196556015681452 147 189 110 0.36229054659901261 1 737 61 747 2 672 3 623
5231 -0.35575218675316944 2.8181510255164408 2.4882583520142241 140 157 91 0.027870955631100171 1 694 61 704 2 674
5232 -1.0087934313448714 2.8191864374078639 3.0878152674770929 92 182 92 0.30155960878136906 1 697 61 707 2 679 3 676 4 660 5 612 6 607 7 609
5234 -1.7616322477780926 2.5822876019131913 3.280806127486966 84 162 83 0.13912623271331545 1 711 61 721 2 693 3 647 4 633 5 553
5235 -0.83222170262241546 1.9268115236942274 3.4744832185127277 124 164 93 1.3582375749880302 1 712 61 722 4 643 3 658
5236 -0.56959130490769816 1.6677679589907559 3.2957412961526473 128 158 94 0.68832883643230958 1 743 61 753 2 718 3 719 4 692 5 642 6 635 7 643
5237 -0.78755165485431555 2.2025557263976392 3.7923521081720146 71 137 68 0.66793282480578198 1 720 61 730 2 726 3 725 4 699 5 647
5239 -0.22949628479619416 2.7430271084659577 2.5427495454272329 206 218 181 0.028767410656646304 1 763 61 773 2 745 3 740
5240 -1.0257817289710944 2.1620762577866683 3.7603463965580026 144 157 97 2.045483361659544 1 777 61 787 2 761 3 760
5242 0.0257907402331779 1.794067638317264 2.4794022794660564 215 224 147 0.028220296154793722 1 9 61 10 2 10
5243 -0.74712958030239873 2.9529813595052419 3.1294918620457417 196 204 130 0.099667884347652683 1 614 61 623 2 602 3 584
5244 -0.74298833168207201 2.9032396531851008 2.3520341172025141 197 165 125 0.05646243140104884 1 15 61 16 3 12 5 10
5245 -0.38148813453077912 2.8271862332188453 2.4879288221288332 72 137 65 0.009206072517493084 2 23 3 20
5246 -1.1507462855871116 3.3243182385193051 2.777912494873533 254 254 239 0.46399816131394528 2 263 3 29 5 24
5247 -0.64355574128499637 3.3096416341259851 2.9688633122190526 157 197 114 0.13948252690491708 56 94 3 30 4 29 2 33
5248 -1.2311392772952368 3.1871382982850749 2.8545587384873206 200 219 139 0.19323121067139701 2 40 3 35 4 33 6 22 8 19
5249 -1.3145571211732288 3.1972579483658565 2.8295674933719193 207 219 142 0.15880466719152411 2 42 3 36 5 222
5252 -1.2050073370924546 3.0012119819214638 2.9437960275468678 102 198 101 0.034467764530949858 2 55 3 51 4 35
5253 -1.9321838019739228 6.2472220768187334 3.4012294073064715 213 216 143 1.8936874884339847 60 86 3 52
5254 -1.5166231993054053 2.9540377445847201 2.9564445125910468 200 216 139 0.08921710382482867 2 285 3 57
5256 -1.4963860358387884 7.5915525156467627 3.9125671308820205 91 177 88 3.0420194125800961 58 148 3 67
5258 -0.91045739235201717 5.1329433326161169 3.7471003689651448 188 195 123 1.4976305101774372 52 298 3 80
5259 -0.91045739235201717 5.1329433326161169 3.7471003689651448 188 195 123 1.4976305101774372 52 299 3 81
5260 -1.5405051773220901 6.1186447844236085 3.7802019692447351 0 0 0 2.012067957580034 2 79 59 136
5261 -0.055032939978222617 2.0850479918300486 2.4850582848609695 0 0 0 0.21038379707439314 48 529 53 39
5263 -0.75764953046868466 1.6757079057500412 3.2765948388945643 177 186 121 0.22357639119909498 2 109 3 121 6 111
5264 -1.4154658711875587 2.3371407912547277 3.4542743869882826 70 133 65 0.027623063002809794 1 150 61 154 3 134
5265 -1.2074162157271191 2.4044761877631502 3.4019018106743477 0 0 0 0.017953761084720004 40 227 42 252
5266 -0.48447193677531092 2.4774032959092587 3.6718664965314507 79 152 76 0.087657451791211108 2 127 3 144 1 134 61 138
5267 -0.61132555810940659 2.4447648413339693 3.6171832227144627 88 155 81 0.30445890436989487 2 130 3 147 4 128 5 122
5268 -0.65019641243790893 2.4468057934685352 3.6186021358109604 90 153 82 0.16501878830073333 2 131 3 148 4 129 5 123 6 151
5269 -1.3506545510013694 2.273589012198967 3.5280175781518204 63 119 58 0.020267530340167574 2 139 3 152 4 135
5270 -1.5840403681789881 2.2639944326035755 3.5286769292324531 177 184 120 0.22228778396362106 58 264 3 154 4 137 8 116
5271 -0.55480893396170416 2.4171458232985978 3.7057465111279209 78 148 74 0.1174606097266729 2 149 3 165 4 155
5274 0.075240262343911291 1.8038641147653947 2.4139086135278309 0 0 0 0.038281930868186154 42 15 43 21
5275 -1.1640737771596343 3.0224025801737922 3.7468678236588482 0 0 0 0.2958129664882021 34 195 58 202
5276 -0.94151056958731449 2.3066573091332598 3.6341007048389113 186 192 124 0.040764178778644404 1 170 61 174 3 177
5277 -0.92034313879817864 2.2502660012707425 3.7148783527658704 198 199 129 0.10529439672274517 60 190 3 182 10 159
5278 -1.7139497007308515 2.1925972921152979 3.6513136985774084 75 136 69 0.16422454873439213 2 196 3 199 5 143 4 179 6 141 7 123 8 134 9 126
5279 -1.0539182924162784 2.1517549301697945 3.7874136139796977 59 108 52 0.04122761029584001 1 190 61 195 3 213 8 201
5280 -1.6235574221529514 2.0998078678750933 3.7646578221989473 130 159 92 0.0042439908921881953 1 392 61 397 3 217
5281 -0.67241817207820787 2.2514452727089158 3.9313232098715143 186 185 123 0.063910891217082003 1 202 61 207 3 222 4 202 5 192 7 188 8 229
5282 -0.61055811028420515 2.2766344483932741 3.9676788600296926 64 122 60 0.17238604153450654 1 201 61 206 3 223 5 191 6 207
5283 -1.0025704109016993 2.1481541912002808 3.8925843361953709 70 130 66 0.1407815900165473 58 248 3 232 4 211 5 200 6 196 9 210
5284 -1.0025704109016993 2.1481541912002808 3.8925843361953709 70 130 66 0.1407815900165473 58 247 3 233 4 212 5 201 6 197 9 211
5285 -1.1159594769732313 2.162119762637249 3.9743158026657261 168 187 118 0.17859033662085272 60 237 3 247 4 215 5 203 6 215
5286 -0.52257959589997627 2.8215540674014621 2.3829822248389374 63 118 57 0.18834039818952952 2 14 3 268 5 213 7 216
5288 -1.3684678557505368 2.9696372952758492 2.9415798775854332 104 197 101 0.061304563242604831 2 281 3 293 4 265
5290 -0.22081969702261067 1.720506095799871 3.2363746154765276 143 123 78 0.2782152248454392 2 305 3 318 4 86
5291 -0.42412994339446219 1.8258339421173087 3.27992029793627 252 253 244 0.25362581844522797 2 306 3 322 4 88 5 404
5292 -0.38809448744172598 2.2349796399244424 3.5885897031705554 255 255 241 1.2916898573356572 2 571 3 350
5293 -0.9350498923162136 2.334053595316556 3.5929757698515532 69 134 66 0.076618199561070188 2 336 3 352 4 322
5295 -1.1343862211714213 2.0066569228221121 3.6875841417077351 55 107 51 0.11490368151541702 2 194 3 371
5296 -1.1662640828260837 2.126627624637754 3.7919582448494973 121 138 81 0.061979680262420407 1 382 61 387 3 372 5 334
5297 -1.1411716342738483 2.1115540267218953 3.8819860198974321 72 136 69 0.1737116226923261 2 363 3 381 4 365 5 337
5298 -1.4325410932237908 2.1902400142856524 3.9791255265927608 252 250 242 0.15902209747824653 2 509 3 385
5299 -1.8434818888195414 2.6276188426976246 4.2012168364211311 1 1 1 0.83342274474705036 2 241 3 386 4 482
5300 -1.1217478864339119 3.288531555906502 2.8300521321370686 211 227 193 0.17929441059769047 2 403 3 410 4 387
5301 -1.3689681530807436 2.912442484770609 2.9750557304879774 222 222 149 0.035097009717690017 2 408 3 420
5302 -1.2103822210026198 2.603846877418353 3.2284907691455174 80 155 77 0.092012137755274906 2 422 3 432 4 404 5 386 6 376 7 385 8 398 9 401 10 363
5303 -1.3847797995087958 2.6193355760745209 3.1864599833797143 205 209 138 0.070665133606575226 2 425 3 433 4 407 5 377 6 379
5304 -1.3865495038193021 2.624455724632389 3.1875456120757142 205 209 138 0.10221300545715539 2 426 3 434 4 408 5 376 6 378 7 386 8 394 9 395 10 356 11 240
5305 -1.5076411249913888 2.2590204189402514 3.5406096872874024 215 210 142 0.068982048591512413 2 477 3 463 1 490 61 496 4 438 5 411 6 405 7 412
5306 -1.6827247378680048 2.330079122599757 3.4712721074633528 209 211 141 0.14367734947550326 2 466 3 464 4 432 5 412
5307 -0.82189981880625085 2.3293755097636741 3.6669991808705986 73 141 70 0.082949480954865443 2 475 3 468 4 446 5 422
5308 -1.0066415119547742 2.2595188454061534 3.6530467745341277 171 182 115 0.20578785935610042 2 476 3 469 4 338 5 298
5309 -0.94187591141655891 2.1444717640666866 3.8525394539110684 168 188 116 0.38180153664598587 1 506 61 512 3 485 4 465 5 438 6 344
5310 -1.3644992801431224 2.0752522929342501 3.8659850008993257 255 254 245 0.48886765488769912 60 423 3 491 4 367 5 339
5311 -1.346821851849245 2.2793441032647586 4.1509183014359099 180 150 113 0.45692693263890261 60 667 3 495 4 479 5 453 6 448 7 351 8 220 9 226
5312 -0.56435146605929565 2.8227700998715859 2.3232722669186345 135 215 117 0.59801945224524211 58 668 3 498 6 463
5313 -0.20471997042440673 2.8444972951980043 2.5311482089343689 248 250 227 0.10267191429216616 2 523 3 501 4 492
5314 -1.2215285117912213 3.3330910491701671 2.7183403914116093 1 1 1 0.56486684076081206 2 534 3 509 4 501
5315 -0.95555890306206193 2.6157751242004559 3.2904520361931726 194 199 130 0.15537809203925773 2 556 3 528 4 526 5 485 6 490
5316 -0.95627660046437035 2.6191809543769895 3.2910960587103033 194 199 130 0.17697489396432114 2 557 3 529 4 525 5 486
5317 -1.753611302256151 2.6451820828366355 3.21815888919375 185 204 130 0.14890867457292586 2 561 3 533 4 527
5319 -1.00098014803247 2.2119374202574553 3.7744449881539075 142 155 95 0.17183006857092162 2 579 3 558 4 554
5320 -0.75925124734027782 2.2213299508191064 3.9310820654004854 186 187 125 0.0013510432536549585 1 580 61 589 3 561
5321 -1.2944839260567857 2.0604660516066127 3.8441096699220734 255 254 245 0.46426111820729499 2 587 3 563 4 559 5 441 6 439 7 334 8 349 9 190
5322 -0.54829007510846051 2.9842959124133777 4.8407547251342304 0 0 0 0.28982844269470642 2 514 3 568
5323 -0.76849537403153323 3.1956810258809325 2.958090013322102 96 192 95 0.53026358817752661 2 597 60 600 3 577 4 572 5 538
5324 -1.2764732705255135 2.8441407470105018 3.0142884304827819 96 186 95 0.33011082101427458 2 604 3 580 4 576 6 548 7 543
5325 -1.2764732705255135 2.8441407470105018 3.0142884304827819 96 186 95 0.33011082101427458 2 605 3 581 4 577 6 549 7 544
5326 -0.43892788776203606 2.1791901726788105 3.8496339947162332 165 142 104 0.24098264194306013 2 617 3 605 4 599 6 521 7 454
5327 -0.43886984616014452 2.3942166974506134 4.1774437686836308 157 124 90 0.23391659626902758 2 589 3 616 4 605 5 571
5328 -1.2274382663515599 2.8782288518903818 3.0266911768838622 95 187 95 0.26074074876826386 2 645 3 631 4 616 5 580 6 583 7 587 8 581
5329 -0.92480910833397223 1.7029022444069291 3.2508425425848078 255 255 255 0.12487876051029191 2 659 3 651 4 638 5 595
5330 -0.51569694998585591 2.9819701430985188 3.7599351652346962 79 157 78 0.43027721764775662 3 656 29 578
5331 -1.852341224260563 2.3194286684374958 4.0300806465265149 184 153 115 0.23409880173555803 2 669 3 667 4 603 5 566
5332 -0.96294758622204535 2.6842998873483368 3.2367516111917674 118 172 94 0.14612533469605613 2 683 3 678 4 663 5 616 6 619 7 615
5333 -0.50907819580720992 2.5118632668125329 3.3620426019548417 118 170 92 0.10197291806115866 2 685 3 681
5334 -0.5431093072333314 1.7464839899692011 3.1743612235216125 123 173 95 1.3153521189316013 1 668 61 677 3 682
5335 -0.69840735411304355 2.7251524420400086 3.3419123154345778 123 173 95 0.15673467899414961 2 686 3 683
5336 -0.53138508762137926 1.7509798896173243 3.244507593144994 201 209 135 0.4401629718365232 2 652 3 685 5 591
5337 -1.0557866629263351 1.8502559951474886 3.3984536623630608 255 255 254 0.64976839992763613 2 720 3 693 4 671
5339 -1.2178245982947351 2.0887168428997551 3.7975081463118405 102 125 69 0.85083206091523 2 703 3 701 7 622 8 632 9 625 10 553 11 556 12 527
5340 -1.8635138133812681 2.6024666315511946 3.3758881293505891 187 208 131 0.0256832525932848 2 738 3 720
5342 -0.71719766748920899 3.029240746944502 2.5344329690331397 0 0 0 1.7061040549965953 53 1175 54 1061 55 979 56 1029 57 927 58 920 59 805 60 788 3 672 58 828 1 596 61 605 6 536 7 364
5343 -1.5977323709403342 2.1508397008056788 3.7222823336200408 77 148 74 0.23987401105023146 58 475 59 451 60 413 1 385 61 390 3 374 46 342 47 363 48 723 49 660 50 676 51 913 53 835 54 804 56 726 57 687 2 507 4 344 5 319 6 326 7 314 8 327 9 323 10 279 11 265
5344 -0.84648642120098438 3.1456365757428912 2.7258660964688115 0 0 0 1.7957005251862561 52 1150 54 1112 53 1219 55 1029 57 996 59 852 60 835 1 696 61 706 2 675 3 628 2 637 56 987 58 881 5 535
5345 -0.61013777430528782 2.7619935231109531 3.341639179416267 84 166 81 0.022373623490017966 2 295 3 310 4 292
5346 -0.58206914936347753 1.8032997941650932 3.2354599670401676 63 121 58 0.18842626143042185 32 24 30 14 26 12
5347 -1.5730818463873206 2.1623477988467426 3.655409839527239 153 214 122 0.13934491940931693 28 20 30 26
5348 -0.89484723815093803 2.3324351702555095 2.9915687411352594 184 190 121 2.3901022807806425 1 292 30 35 61 298
5349 -1.7485917328923608 2.4815888997483433 3.3466376153201565 183 208 130 0.18890966291716485 31 79 30 39 29 26
5351 -0.68134104273138152 2.2397541050636791 3.8541810623038315 46 95 41 0.22506036707800475 32 54 29 37
5352 -1.6387896682575198 2.5182690452479743 3.298378145939286 202 209 138 0.12286707764305206 28 50 31 80 30 65
5353 -1.6477841202222652 2.6561604085679695 3.1628627713443205 98 192 99 0.20855890461253057 28 69 30 66 29 47 27 39
5354 -1.1988837826776457 2.4787831517017835 3.3408276738233225 186 191 124 0.1942679731871309 32 95 30 69 29 31 26 49
5355 -1.1830402124475266 2.535025624873894 3.3022279862804687 80 153 76 0.044790194199931542 31 85 30 70
5356 -1.450204712727635 2.2077045980161873 5.7286735456652353 77 154 75 0.20436974960671309 34 121 30 72
5358 -1.337546206018783 2.6882953829140179 3.1598766680944426 99 157 84 0.15117412743598743 31 105 30 84
5359 -2.5339324021518341 2.2353284703530618 10.557102960306052 70 138 67 2.3678505325537182 32 119 30 92
5362 -0.49666738276413769 2.6519581904145313 3.4945519329977834 76 145 71 0.15409034558634183 33 129 30 95 29 73
5363 0.0076551695982032819 2.6810019831647036 2.4577476847683313 242 240 225 0.38712386769340451 28 111 31 359 30 99
5364 -1.5129420090815162 2.9308165540544082 2.9877992736056518 77 152 77 0.2340081664828868 33 433 30 104 24 65
5365 -0.87671617739619978 2.7691238680061034 3.1839418774721286 69 130 63 0.25991118231140614 31 130 30 111 29 80
5366 -0.87373820994652718 2.7711220477518821 3.1743293796073142 69 130 63 0.043957109074076038 31 131 30 112
5367 -0.21414706604934378 2.692170295241485 3.4713708891755433 247 243 230 1.0464850696749872 2 88 30 122
5368 -0.55511673241000992 2.3454427975771859 3.8222068116935231 0 0 0 0.027034416015683613 2 180 59 195
5369 -0.82767176932755171 3.0223985567590943 2.3498351173414833 248 242 230 0.17330808526902858 31 393 30 131 29 98 27 80 28 124
5370 -1.6687228898388378 3.1034439960696907 2.9320006087897452 88 170 87 0.077918686632444056 32 181 30 140
5372 -1.3193816757263632 3.1616047934148854 2.8481742534929926 66 124 62 0.15970491221602515 28 120 30 151 27 95
5373 -1.1072549806035674 3.1383186618467036 2.9813371008266754 170 174 112 0.001513390139243564 31 403 30 154
5374 -0.71727003913415333 3.0237463375847069 2.3800335191609854 247 241 226 0.19590965912246974 28 127 30 156 29 100
5375 -1.5814105051652114 3.2111158075272703 2.8286177901188903 187 197 128 0.00046408244970350999 31 181 30 164
5376 -1.5814105051652114 3.2111158075272703 2.8286177901188903 187 197 128 0.00046408244970350999 31 182 30 165
5377 -1.4990950648208408 3.2535455479892197 2.8408786143114515 199 200 134 0.063233200991670124 31 184 30 166
5378 -0.89047896070082411 2.2574570739674784 3.7251827815403336 59 113 55 0.083386866033912016 2 164 59 199 60 188 8 169
5379 -1.272399809640723 3.1760596841559932 5.0135630533481006 64 123 61 0.097344158788904983 34 217 30 179
5382 -0.51951669851544513 3.3267090078204786 3.0466287640261718 154 168 102 0.21766513135288554 31 217 30 198 23 183 21 177 20 157
5383 -0.48594186299300202 3.2717910659955618 3.0871028706412416 65 116 58 0.10089577831726665 33 235 30 199 24 190 23 316
5384 -1.5535385187385911 3.4672314083418838 2.7817600965954075 66 128 64 0.29202314990341705 31 226 30 203
5385 -0.75291789380491436 3.4772183281540401 2.9412235147198689 199 198 133 0.077364029295012349 28 224 30 218 27 188 26 203 25 186 24 177 23 162 22 158
5386 -0.65435059723175448 3.4736153514108628 3.0218636986549541 174 189 121 0.11504839584081462 28 228 30 220 29 190 27 194 26 222 25 190
5387 -0.7098569642498187 3.5014153198144831 2.9917709937411496 90 171 89 0.098804565048276463 28 362 30 233 27 329 26 348 25 348 24 181 22 161 21 175
5388 -2.0204520883437223 2.7483373981479398 4.6271728633225697 0 0 0 1.1144441984281697 43 927 45 472
5389 -0.39824084532805104 1.7418566659550441 3.3040567902868117 251 251 249 0.42860199159065726 31 291 30 262
5390 -1.3247486107193054 2.2203657797130423 3.662866480055067 110 177 100 0.064205329128265001 31 48 30 272 29 240
5391 -0.8896945706075976 2.2380071454470016 3.7285672844271058 85 171 84 0.33505544339402787 31 317 30 275 29 245
5392 0.11901728046483651 2.3930160648971746 2.2214949674666853 82 156 79 0.39644620154458621 31 472 30 278 29 260 28 279
5394 -1.5909491037794405 2.207325905545233 6.8659413027372107 77 153 74 1.2983673768602686 33 390 30 300
5395 -1.1144695151100741 2.5646271278806636 3.3028527081282495 0 0 0 0.061956985248735628 32 537 34 580 31 486
5396 -0.89492402630582957 2.7438998086741577 3.2067956101734607 66 131 63 0.036660572791044052 31 362 30 318
5397 -0.55121101817755902 2.8899264436582848 2.3268202786810677 75 145 74 0.12732761845793625 32 401 30 320 29 294
5398 -0.35124181233338497 2.8402234135600466 2.4086289569470476 95 153 81 0.2090565876070915 28 316 30 326 29 298 27 282 26 298 25 299 24 271 21 253 20 228 19 216
5399 -1.6873772157755329 3.0799332248920184 2.9621275821610209 153 190 114 0.062961759626353461 32 416 30 331
5400 -1.1990169367733292 3.0915812751696214 2.9023197205375726 63 123 60 0.10266469765185003 31 390 30 347 29 318
5402 -0.81965537333681393 3.0949850791780387 3.0234339059604305 65 123 61 0.33345425856886129 28 163 30 351 29 123
5404 -0.40727102394910658 3.1608348882005766 3.1668263274224602 64 124 61 0.11512417938055391 28 343 32 205 30 361 29 331
5406 -0.91912256998132258 3.3982224553878497 2.8530879614108668 138 154 92 0.21755810821495314 28 348 31 423 30 383 27 319 23 135 20 107 19 95
5407 -0.8426360134802815 3.5487770351094428 2.9426862219226697 158 185 114 0.15056414806583435 28 220 30 393 29 204 27 187 26 219
5408 -1.0067722831124974 3.716407436769698 3.0881399181683884 255 255 244 0.24565460015480328 31 268 30 397 29 212 27 205 26 218 25 202 24 314
5410 -1.6537520670563297 2.4568126836867843 3.3438815054424795 196 206 134 0.11860312275874407 28 259 30 431 29 249
5411 -1.1585611954657817 2.4513635128564268 3.387583989822045 160 181 112 0.05707191042441382 31 485 30 438 32 525
5412 -1.4553672134308309 2.4852640827444019 3.2985005597970227 0 0 0 0.054340992353879999 31 483 33 564
5413 -1.7575557937260138 2.1467315472737254 6.9036945997807715 151 174 104 0.95695884506779438 33 557 30 449
5414 -1.3582750913453632 2.7614844099099329 3.0830781620461525 182 187 123 0.053918023970830092 31 504 30 451
5415 -1.3641298846032499 2.7609597665628138 3.0981090869020171 182 187 123 0.080002571682208007 31 505 30 452 29 394
5416 -1.1778076223958436 2.7605920268317328 3.1081077590014714 71 138 68 0.10579163873062707 31 508 30 454 29 396
5419 -0.75658437427366354 2.7757269580629185 3.2442335230510801 65 128 62 0.20157003490847183 31 512 30 473 29 412 28 411
5420 -0.78744906448760976 2.9739143920861282 2.2994017418414958 255 255 253 0.14598532079307294 28 408 30 478 29 415 27 379
5422 -1.3230162725312795 3.2146222100006945 2.8358292169870127 188 186 124 0.1082412145474929 28 425 30 499 29 427 31 536 27 390 25 297
5423 0.24310782891522503 2.5447042019617192 0.81325027995911769 0 0 0 0.058654682134084264 32 638 30 548
5425 -4.0382607205115031 2.1222389778479682 9.4105419727064188 160 183 113 3.214184916869951 28 485 30 555
5426 -2.1583232782679289 2.2405466806798904 6.6712768025418825 77 153 75 0.94199758398707378 33 682 30 558
5427 -1.6918210008980796 2.8760167435273996 3.0311210564445559 165 193 119 0.18258480877332661 28 490 30 564 29 498
5428 -0.20520604712860277 2.8221902492520057 2.5237948723412797 217 218 206 0.15252720301663342 28 500 30 571 29 505 27 480 25 494
5429 -0.17409883861377562 2.8800300595610628 2.4827965437550237 255 255 253 0.62739736565241166 28 501 30 581 27 481 22 448
5430 -0.55545886719196802 2.551603019818331 3.5067770243082053 74 149 73 0.1353885658809528 31 679 30 631 29 560
5431 -1.2663430326153793 3.4355633940072861 2.7759622798336121 51 98 47 0.45084717183878248 31 702 30 645 27 488
5432 -1.2812100600903138 3.6159193716362132 2.8626715693489904 104 184 96 0.18327817252823661 28 519 30 651 29 586 27 497 26 488 25 418
5433 -1.4258902152582158 2.599002819385213 3.223791270318813 181 191 123 0.22466756431852936 31 721 30 663 33 829 32 799
5434 -0.31492841244683639 2.8281711528715543 2.4392085649481086 91 155 82 0.82549146048312927 31 685 30 677 29 620
5435 -0.67491656742543749 2.9496058304087573 2.3240963629940654 255 255 255 0.27864768452613159 28 555 30 681 29 622 27 540 26 540 25 540 24 461 23 433 22 436 21 435 19 325
5437 -0.38385422060324836 3.2810570534008074 3.1314596561403563 67 111 55 0.095126060058780187 28 607 30 693 29 632 27 593 26 578
5438 -0.41773353637789984 3.3889426439601262 3.1288401305529945 66 129 64 0.032453350793901915 28 610 30 695 29 640
5439 -1.0666937112686137 2.5233129104853891 3.3088682275828565 78 154 76 0.26979273222044092 28 619 30 706 29 647 27 603 26 586 25 576
5440 -0.69429004358819624 2.7132979128706323 3.3388113816453098 104 144 78 0.39092635271575354 31 765 30 716 29 657
5441 -1.1381569279823152 1.9037989045222434 3.3122899520955258 1 1 1 1.8138747386972334 28 641 31 800 32 880 30 733 29 677 27 643 26 623 25 643
5443 -1.51266607450305 3.8564976202234198 3.2688796907988076 0 0 0 1.168573741265994 28 612 32 901 30 752 29 696 27 614
5445 -0.40247529598646203 1.8435143142980062 3.2045392461689093 194 203 170 0.3357858118994223 31 823 30 766 29 706
5446 -1.005051027154988 1.7781547402889448 3.3258058058211888 164 143 105 0.92723676566685254 32 924 30 779 27 664 26 653 25 668
5448 -1.3318692724811643 2.6888538677372593 3.1409575077071032 57 91 48 0.23216247615117264 56 189 57 164 30 83 31 104 32 131 29 62 33 144
5449 -1.0140446761567359 1.7740826941227996 3.2032971543105515 162 162 150 0.26578665352085989 32 627 31 576 33 651 30 407 28 374 31 449 29 363 27 215 26 235 25 225 24 210 23 204
5450 -1.5028754217082576 2.8313788055717253 3.035253057319458 111 114 75 0.43109061835925755 49 862 51 890 30 463 28 396 31 503 29 393 26 264 25 382 27 359 24 348 23 352
5451 -0.82154801617632178 3.4307421015447845 2.8449691057055251 181 185 120 0.40678128505959543 28 439 31 637 30 515 34 649 35 691 36 706 37 780 38 584 31 557 29 447 27 419 26 491 25 502 24 479 23 449 22 454 21 391 20 367 19 349 18 228
5452 -0.94481926325678045 1.8852654427128677 3.3637036265581499 1 1 1 1.6929682760626461 32 780 31 656 38 930 35 733 39 946 40 1045 41 998 42 1002 30 702 32 881 33 875 34 905 35 944 36 973 37 1101 38 1100 39 1228 41 1252 28 572
5453 -0.94487413986199731 1.8881094019915046 3.3684451254592878 0 0 0 1.2548235596485182 32 781 31 657 30 703 32 882 33 876 34 906 35 945 36 974 37 1102 38 1101 28 573
5454 -1.9099196922576125 2.890061969306605 3.2536318751621836 168 190 114 1.4478394620119763 32 886 31 767 33 926 34 974 35 1030 30 713 57 1006 59 877 60 840 1 746 61 756 2 716 3 716 29 650 28 621 4 667
5456 -1.0466211480601721 2.0260142997501007 3.3852772812747829 193 205 171 1.1540865142365577 30 21 29 15
5457 -1.2844810078503635 2.1486011722153053 3.7390938955148254 192 207 161 0.71053621072801998 28 23 29 19 27 222 26 27
5458 -1.6128719384008672 2.449435004827647 3.3352830280802972 102 199 103 0.15105809006142018 28 30 29 27 27 24
5459 -1.6333444404566553 2.5913764568844133 3.2182158081566388 206 209 139 0.19231265188964744 28 51 29 48 26 32 25 30
5461 -1.3511009344708163 2.6331362820757316 3.1835989720111924 82 156 79 0.080091237129136572 30 295 29 50
5462 -1.4266024429793629 2.7818985412115813 3.0507508669285888 188 193 127 0.2127035057612309 28 86 29 60 27 57
5465 -0.89969009266293787 2.6852598438048956 3.245065761495054 87 138 72 0.057923277577942738 31 110 29 66
5466 -1.3310357803573172 2.6870043483602899 3.1418357066863476 0 0 0 0.047369427921792703 3 92 33 143
5467 -1.1937547503084662 2.5314962942487638 5.0034722818409092 158 168 104 1.3461132881287587 34 146 29 69
5468 -0.49831923565101427 2.6506752710562664 3.4999738251645955 74 141 69 0.030204091207976701 30 94 29 72
5469 -0.83904771715170878 2.7765844988133317 3.1952702800198751 81 130 67 0.24556939111089915 30 321 31 133 29 81
5470 -1.2498607286635768 3.0902926403634972 2.9341343582328014 67 128 62 0.045952660492146628 30 150 29 97
5471 -0.80918503976551004 3.0302576890496882 2.3606016749923486 245 239 226 0.18154173317816058 28 125 29 99 27 96
5472 -0.27508820330142242 2.9069390981072765 2.4210122590726986 160 177 112 0.23371891085122054 28 133 29 107 27 108 25 146 24 126 21 117
5473 -0.1093079926076661 2.8593842338943856 2.5082312332034045 184 155 118 0.25069943675084333 33 158 29 109 24 129 23 124 22 128
5474 -1.5516118970881672 3.2023083093007791 2.8514174065515245 200 203 135 0.12902567221388345 32 213 29 114
5475 -1.399034138439478 3.220796103391093 2.8244246164705493 158 170 108 0.26719583180859496 30 168 29 118 27 94 26 134 32 215 24 83
5476 -1.164241909844471 3.1451772510828331 2.8779864217087652 186 183 122 0.09366825321755573 30 152 29 120 31 185
5477 -0.53337561831208957 3.0274461892235389 3.1833116303341709 83 132 72 0.20384844951837877 28 164 29 125 27 130 26 164
5479 -0.51152017361784197 3.2031604907988287 3.1095536695818993 59 115 57 0.15682574674517716 31 197 29 150 30 185 27 150 26 189 24 307
5480 -1.2605079439639972 3.1766093337579284 5.5430844849151368 64 124 62 2.5784792101072016 36 231 29 151
5483 -0.93868032091388631 3.404217924590919 2.7534333216688407 56 109 52 0.38188634422191858 28 347 29 163 27 316 25 422
5484 -0.19555373765273104 3.2221128582094294 3.0024748232181002 251 248 236 0.12648010411168226 28 354 29 175 27 181 26 211
5485 -1.5890497722048516 3.7979406797139852 2.9821531651717113 157 126 92 0.10022842010551454 28 237 30 238 29 198
5486 -0.88604190357617663 3.5553068388195586 2.9231639317352327 88 166 86 0.076019601524249816 32 262 29 202 26 216 25 178
5487 -0.90293977371140288 3.6101439312243695 2.9796021675588156 151 179 126 0.068864899786163294 28 238 29 203
5489 0.87574358852388001 3.1774288766050902 -0.52912947278292266 0 0 0 0.52160184521802233 28 241 29 215
5490 -0.28691808057364404 3.7579409513770892 3.5343634528205992 253 250 240 0.19801261930992395 28 242 29 216
5491 0.14198873309462123 2.1424284933942275 2.2180915209951295 82 156 79 0.34593884325235735 28 28 30 420 29 235
5492 -1.8479498299437793 2.6950185207337038 3.2247840051958119 183 207 128 0.22986173172711732 28 68 29 264 27 37
5493 -3.3466734898901076 1.8940127032908238 10.422806005084849 74 147 71 3.1275034879514423 31 86 29 270
5494 -1.6220892734388621 2.8119288440017023 3.0696349681874149 93 181 93 0.21675384247290397 28 293 29 275 27 247 26 262 25 253 24 236 23 224 22 207 20 18
5495 -1.3304620533200642 2.8354027485758975 3.0382078537156092 191 192 128 0.097728200994255318 53 542 29 276
5496 -0.77960071752067983 2.6181421098720783 3.3409422463243876 74 141 69 0.15083946816150115 28 301 30 311 29 282 27 268 26 288
5497 -1.3821227823253861 2.9873220068918962 2.9439019617756799 73 141 71 0.018063190020286807 30 333 29 304
5498 -1.3830408303292998 2.987418589504482 2.9455603984740275 73 141 71 0.02796021936639162 32 408 29 305
5499 -0.36289807007684788 2.9244197013517064 2.3902075364284152 184 188 124 0.28142517001220291 30 341 29 311 26 310 25 310 24 272 23 106 22 100
5500 -0.34045820427921525 2.9249698501935879 2.4074731538129672 76 148 76 0.26186776744766166 28 329 29 312 26 141 25 144
5501 -0.14040444617781392 2.8762503668869557 2.496213815121886 174 142 105 0.3388590606413191 28 136 29 313 27 109 26 311 25 313 24 283 22 126 21 147 18 54
5502 -1.1671593157912394 3.1003938048780615 2.9058910155937521 148 162 101 0.028202812852099232 30 348 29 319
5503 -0.19302620561143233 3.0988896719638972 2.8936664397708829 245 245 231 0.68570759764425093 28 194 29 336 27 412
5504 -0.18947362325822939 3.2756033184109636 3.0458702616908213 255 252 242 0.24465664019400754 28 365 29 346 27 332 25 214 24 203 23 197 22 189
5506 -1.429471343696961 2.2779753074683828 5.1235639899960717 174 186 116 0.54610978287893785 34 571 29 388
5508 -0.78982681113006281 3.0009662778044341 2.3188146559492067 169 138 102 0.18669438852787898 28 418 30 479 29 416 27 273 26 292 25 277
5509 -1.5141799581294935 3.1738862303811186 2.8423698441862282 188 200 130 0.080886016204431296 28 415 29 425 27 385
5510 -1.3547904287176911 3.1555776633025903 2.8682513032693335 68 129 64 0.017051647694651513 28 416 29 426
5511 -1.2331998345986714 3.1916181639416572 2.853802386837637 163 171 109 0.13344080989489798 28 426 29 428 27 286
5512 -0.82516915466701168 3.192033838777057 2.9635637395480949 156 162 103 0.060543176561714727 28 432 29 434 27 403
5513 -0.18972788180588041 3.1358322889687607 2.8933309256221862 253 250 238 0.58240633851592027 28 436 30 504 29 437 27 424 26 345 25 349 24 317
5514 -1.0591216223769466 3.439992093515531 2.709481251030831 186 156 120 0.20840085750130805 28 437 29 440 27 407 25 321 24 293 23 119 22 118
5516 -1.7159234517071471 3.8256690740268278 3.0939377094473008 185 155 118 0.77645703765595775 31 569 29 456
5517 -0.60951435734639536 1.7279994502637697 3.0800970225175437 135 214 117 0.45198244724014025 31 578 29 469
5518 -1.6385355325982478 2.5554623643433563 3.2776600582419846 101 199 102 0.18538347310577044 28 475 29 488 27 454 26 452 25 465 24 448
5519 0.69960179021805646 1.8344411254831268 4.1206913206204847 0 0 0 2.9168279374771626 37 905 41 976
5520 -0.87276241921379061 3.0033402806466358 2.3218178150441711 105 144 81 0.61963730399567563 28 417 31 618 29 508
5522 -1.0151589807209331 3.4989340949241496 2.782360664437999 255 252 242 0.25332622562439611 28 522 29 530 27 417 28 450 26 426 25 423 24 295 23 379
5523 -1.0895741113614119 1.784301662416137 3.2017897599166014 224 228 207 0.7220206476594363 28 531 29 543 27 338 26 443 25 454 24 435
5524 -0.98596609055249806 1.856443548062775 3.4649027634266152 1 1 1 0.84581986908348306 28 534 29 546 27 445 25 367
5525 -0.98596609055249806 1.856443548062775 3.4649027634266152 1 1 1 0.84581986908348306 28 533 29 547 27 446 25 368
5526 -1.3801549283918191 2.4411458880599008 3.3665884059952011 0 0 0 0.24577949897939971 32 740 33 764
5527 -1.4259194569011746 2.8384123581709693 3.0032342662734233 91 155 81 0.11355044016344087 30 634 29 559
5528 -1.6138131265421414 2.9093031511913363 3.0060216419903369 90 177 90 0.19873536375252587 28 546 29 562 27 532 26 529 25 535 24 517 23 476 22 474
5529 -1.5028733327537638 2.9612069941749373 2.9119842128922624 167 186 117 0.22026003244196607 31 730 29 563
5530 -0.14971699839221242 2.8526914392913589 2.511228137096015 180 151 114 0.32085440211486377 28 557 30 640 29 573 27 549 26 545 25 551 24 529
5531 -0.76520586067099905 3.0577683011106451 2.5405195653944896 134 153 93 0.23223584184600254 28 556 29 576 27 546
5532 -0.2267428889565912 3.2589430685696286 3.0477670739389713 163 141 102 0.33976777756288074 28 562 30 644 29 583 27 563 26 501 25 444
5533 -0.29340976149598563 3.4209615298552274 3.187648398820659 235 237 218 0.32491312869347361 28 568 29 587 27 510 26 509 25 518
5534 -1.5235890397622491 2.5438557324597433 3.2515794806494971 99 195 100 0.19677054723312493 28 577 29 602 27 575 26 559 25 573 24 548 23 499 22 509
5535 -1.5698905145786042 2.6210053134819544 3.2416239131904319 161 197 119 0.21056925838719279 30 662 29 605
5536 -0.72962193192258307 2.5382947679669909 3.4629951021546477 73 147 70 0.057943002009395735 28 586 29 610
5538 -0.68345887679829032 3.0893737835872241 2.9920627275536194 121 144 84 0.68179363439385943 28 599 29 626 27 550 26 482 25 412
5540 -1.7421626048508685 4.0942164590802328 3.3738661507765282 1 1 1 0.67776939228416089 28 614 29 643 27 619 25 622 23 541 21 541
5541 -1.3199142331752922 2.5031107554753271 3.3388638451343993 0 0 0 0.1237743907401359 31 758 33 882 32 842
5543 -0.97248114382848927 3.4337020798078965 2.8256988398112117 112 133 75 0.90421831130349339 28 635 29 671 27 612 26 601 25 619 24 599 23 537 22 542 21 536 20 515 19 493 18 439
5544 -0.1580502711595681 3.3932040942732486 3.4668996395574836 1 1 1 1.7847945895149426 27 616 26 621 25 625 24 609 23 559 22 523 24 577 21 494 21 566
5546 -0.90242651607779356 2.8017090439130845 3.1091925914666367 152 181 107 1.087366195069235 28 644 29 683 27 631
5547 -0.18030938260872453 2.9290706043476145 2.4979950926845178 255 253 243 0.93656661253000439 28 658 29 685 27 636 26 628 25 653 24 626 23 553 22 570 21 559 20 495 19 474 18 441
5548 -0.78745817014448871 3.2501024022882903 2.9650129751751853 59 116 56 0.18790954046991359 28 649 29 690 27 637 26 617
5549 -1.5372539677632162 3.8705746684971083 3.3227654139844063 0 0 0 0.80757700599945059 30 751 29 695 27 615
5550 -0.33883380161073229 3.0848116280723912 2.9841553349524812 64 123 61 1.2052768134265546 28 665 30 771 29 709 27 656
5551 -0.18818458197449231 3.2081690306197799 3.181651947384589 255 255 255 1.3500801130622004 30 759 29 712
5552 0.078911479885543423 1.822803658222204 2.5583260213408079 186 179 148 0.79980258147192362 28 673 29 720 27 665
5553 -1.533518841609814 1.8934255565997651 3.7232584921226302 1 1 1 0.71866771210631164 28 680 29 721 26 647
5554 0.055424121953960293 2.004632380780988 2.4735886391839919 89 174 89 1.4592374764550853 28 686 30 793 29 731
5555 -0.89788934833896139 2.9353115047155134 3.1616495996029124 164 180 115 0.5318228052612175 30 796 31 849 29 732
5556 -1.6239598518242235 3.670494000400399 2.8016522356852129 1 1 1 1.6220451296488285 30 604 29 634 28 651 29 668
5557 -1.6379791264452439 3.0916498605138303 2.9158187468008312 85 166 85 0.15221430625405039 28 98 30 142 29 91 32 417 31 386 33 449 34 469 35 488 27 75 26 85 25 88
5558 -1.7984558827147403 4.1025901122930115 3.4409620424761855 1 1 1 1.5134117070743496 28 640 32 902 31 798 33 916 34 971 30 732 29 642 28 613 30 699 27 618 25 621 23 540
5559 -1.2770545047703872 2.8397379974406731 3.0399071248129874 73 142 71 0.13130565167536137 32 560 31 507 30 467 29 406 51 865 52 789 53 772 54 740
5560 -1.4051337531559562 3.3334575132112807 2.7845507075036089 167 175 113 0.33613229247572068 28 151 31 410 30 367 29 329 32 601 34 657 35 696 36 709 27 118 26 132 25 133
5561 -0.21727773304107298 2.8758190453399308 2.4582684727311892 130 168 97 0.8700693315019713 28 598 30 682 29 572 32 751 31 691 35 758 27 585 26 575 25 588 24 568 23 532 22 538
5562 -1.5289312171614271 2.0403192077883094 3.6805737113976082 1 1 1 0.76143393546360116 32 903 31 817 33 944 30 757 28 655 29 700 32 909 31 824
5563 -1.5821753276942034 3.0004598839963559 2.9491836849993329 178 185 121 0.71558977440297922 28 593 30 718 32 862 31 775 33 896 34 931 35 1010 36 1028 37 1121 38 1121 39 1257 40 1234 41 1288 42 1274 43 1240 44 1301 45 1344 46 1342 47 1344 48 1315 49 1231 50 1250 51 1212 52 1121 53 1131 54 1085 55 999 29 618 27 530 26 534
5564 0.102644648343588 2.2057301872427511 2.2484616317909953 142 156 98 2.508684936990325 39 1040 47 1145 37 910 36 830 37 907 41 1064 44 1108 45 1157 46 1150 47 1141
5565 0.24318373200093363 1.7182735084602916 2.1821712126527673 185 155 118 0.88133217084468496 3 1 4 3 5 208 6 224 7 354 8 371 9 381
5566 -0.80158593706668468 2.9392238324171336 2.4145496161112412 239 240 219 0.24438721717948927 3 21 4 20 6 8 5 15 7 5
5569 -1.1185523732860299 2.9001410654355642 3.0297511664608381 204 209 138 0.092431406521656836 3 54 4 44
5570 -0.84383881330749388 2.9094909056842089 3.0994418119941436 189 203 129 0.15444722272405539 3 69 4 53 5 51
5572 -0.88079996146561412 2.7703742852278945 3.1927200316057527 98 173 89 0.00094687036002000908 35 163 4 56
5573 -1.0280434946742658 2.7157265263141035 3.183227567668002 86 167 83 0.074454781580972129 3 86 4 57 1 84 61 87 5 53 6 64 7 56 8 75 9 81
5574 -1.4615848515831087 2.7355034352354024 3.0970110416685381 93 179 92 0.072699391567950578 3 74 4 59 5 45 6 51
5575 -1.555221581296508 2.6932746118732407 3.1381947630484142 91 177 91 0.23276018931430983 3 96 4 63 8 63 5 59 10 43 11 32
5579 -0.84717952872669322 2.5935033013258244 3.3485138498752685 83 154 76 0.0074519094447066296 1 101 61 104 4 89
5581 -0.33339747075714365 2.7368618700714551 3.5501591707768831 253 250 240 0.12938436632858588 28 142 4 103
5582 -1.0545264624675272 1.7220913888036766 3.3129362587250135 254 253 244 0.078255827857018956 3 127 4 113 5 113
5583 -1.003728063600754 2.3508269573136209 3.5676222184634798 69 133 64 0.054250343750292036 3 149 4 132
5584 -1.8077455883110873 2.2712399035091546 3.5532103856588346 100 159 80 0.51806893191907943 3 366 4 143
5585 -0.39572385697837137 2.0688223366441592 3.65864198223308 253 250 240 0.58870670480104226 3 360 4 154 5 420
5589 -0.84978410526726678 3.2864459457252542 2.9106548816141329 170 171 111 0.12531854553356706 29 166 30 197 27 144 26 179 25 159 24 143 23 138
5591 -1.209000248321296 1.9393229358251256 3.5589577356745656 181 153 113 0.083455685908389407 3 188 4 172 5 131
5592 -1.0121733015942942 3.2464202520635355 4.6086846268077872 0 0 0 1.7860648050264416 32 198 51 399
5593 -0.40500701749821333 2.1428893576099051 3.8349269439520026 188 159 124 0.076228648248948511 3 201 4 182
5594 -1.1788838849892964 2.154118715148428 3.7560546971402564 163 167 104 0.15158391914064748 3 214 4 193 5 164 6 178
5595 -1.3602792736486033 2.0243080787334207 3.7920806278624881 247 241 228 0.006711620629870285 60 238 4 195
5596 -0.59087579386469458 2.2742275970792272 3.9367391286694349 62 114 55 0.18568741895331561 3 221 59 215 4 201 5 190
5597 -0.99118012799161814 2.1365809019465587 3.8644350245481314 188 190 126 0.015646059489652368 3 231 4 210 5 180
5598 -1.1634497371427386 2.1543492740245314 3.9654271757075867 91 168 87 0.043436881076482581 3 248 4 216 7 180
5599 -0.41665279879925371 2.3913346450588473 4.137476586940414 250 245 234 0.14423794246837154 3 245 4 223 5 346 6 350
5600 -0.54287538561145632 2.8055825963075636 4.5985841890272168 254 251 240 1.2557490661175252 3 259 4 231 6 454 7 531 8 570 9 583
5601 -1.4496013625225139 3.2711546505176776 2.7941171305373134 111 217 112 0.26338203261029197 3 413 4 246 5 224 6 233 7 231 8 259
5602 -0.90616975630692331 3.189285038111656 2.924118001672332 195 208 131 0.18384598229963856 3 281 4 249 6 236 5 226 7 240
5603 -1.083535804035934 3.1988468251304973 2.8563549840624254 125 200 103 0.24675074441116457 3 283 4 250 6 237 7 241
5604 -1.0722857877903724 2.8899480639629185 3.051277100474433 94 183 92 0.23363092227057022 2 291 33 588 4 263
5605 -0.91501117493409434 2.756599202822247 3.1848017731768885 195 203 131 0.7198061151872609 33 578 4 272 5 249 2 76 26 381 8 74
5606 -1.1524671297394826 2.818722012476742 3.0755306179873405 215 217 144 0.13104763893682653 3 299 4 273 5 241 6 249 7 250 34 595 8 271 9 273
5608 -1.4095823778887382 2.6482975667826576 3.1519709681086527 88 169 86 0.064534417608821282 3 316 4 277 5 253
5609 -1.4926636414423728 2.7692376286860756 3.0786601872409913 185 208 131 0.10123412035901672 3 303 4 278
5610 -0.95651495587635638 2.683785190072757 3.1996990538609902 82 164 81 0.10413093469900153 3 313 4 283
5611 -1.7075275492456117 2.5158297964091143 3.3173345772407905 223 221 149 0.16751656490089856 3 336 4 305 5 268 6 93 7 60
5612 -0.28391313063700296 2.647822120962342 3.6654703030430782 169 185 116 0.3638567461456218 28 112 4 320 6 328 26 314 25 317 7 327 8 442 9 358 11 341 23 306 22 298 20 304 19 286 14 312 15 300
5614 -1.6263452212460074 2.2067155296417149 3.620910227755771 185 188 124 0.25640705854723217 1 371 61 376 4 326 5 135 6 134
5615 -0.31760505252657761 2.6070102314332586 3.8171116275757817 189 215 135 0.096134539438942887 3 160 4 329 5 428 6 511
5616 -0.40829841183574089 2.1365498555891946 3.8065774772805363 255 255 253 0.20701627656022542 3 200 4 346 5 170 7 183
5617 -1.2072861702979836 2.0395747309699868 3.7646942791099347 63 114 56 0.50886695322645414 2 364 4 355 7 333
5618 -1.7748786095394786 2.2463444255432474 3.8869386196863203 132 211 112 0.076613663480490354 3 384 4 358 5 182
5619 -0.35523306879459032 2.3287814474869082 3.9313638710788514 155 212 131 2.0401226927164315 4 359 5 185
5620 -0.40789373333517903 2.1624186401607663 3.8711855876446983 255 255 249 0.1319030856241622 3 368 4 360 5 340 6 203
5621 -1.5804621336655977 3.1497901710652916 4.3667595683120197 139 184 113 1.9978823358830504 57 282 4 368
5622 -1.172774245386305 3.3478983286519486 2.7014071768079488 179 151 114 0.20923146611001597 3 404 4 386 5 358
5623 -1.2766134576506198 3.2632339473533123 2.8281728622567814 108 211 107 0.18419596506404665 3 411 4 392 5 359 6 360 7 367 8 381 9 388
5624 -0.93949737890237528 2.8893009243070571 3.0735570548632283 209 211 138 0.10309673700321825 3 297 4 394
5625 -1.4777417784711029 2.9617690629796019 2.9581393524541664 183 213 132 0.25294732302142842 3 419 4 398 5 362 6 363 7 372 8 390 9 389 10 350
5627 -1.6493370163255812 2.6496323028445392 3.1795770355157154 92 177 91 0.10062291789962262 3 437 4 412 5 256
5628 -1.648714599780353 2.648303957426672 3.1791501231995465 92 177 91 0.083911370546204053 2 316 4 413 5 257
5629 -0.59091511329186341 1.7639184364652047 3.2251432005360021 151 205 117 0.12040017468802104 1 454 61 459 4 420
5630 -1.1704883139293625 2.019477299230942 3.4108825321600755 69 133 65 0.10996825940002999 3 601 4 429
5632 -1.6138152955361094 2.1364684817148851 3.6828864217744557 153 163 104 0.51865831919037253 2 491 4 454 7 503 8 497 9 422 10 370
5633 -0.34149721411235551 2.287813005480031 3.7822296884444704 117 159 90 1.4487803804727555 3 162 4 456 6 513
5634 -0.91298164044474017 2.146385875249528 3.8247233793088484 74 138 65 0.062190079473730224 1 581 61 590 4 464
5636 -1.8397969012950393 2.6169141102229063 4.2023441585576533 1 1 1 0.73209773334703399 3 387 4 483
5637 -0.41854303781259866 2.8095047268471323 2.4551194096446216 169 179 110 0.18606148945377457 3 502 4 493 6 466
5639 -1.166217305037909 2.9097969451826042 3.0026795338368837 215 216 144 0.097743213101597504 3 516 4 512
5640 -1.3154130206164885 2.8151331005081279 3.0500935047217324 185 206 129 0.28026298828857604 3 524 4 515 5 476 6 479 7 478 34 870 8 548 9 486
5641 -0.42353324304545226 1.7338571961920159 3.3002900858789288 122 170 95 0.21486677476981422 3 452 4 535 5 498 6 501 8 500 11 466
5642 -0.39916305689476028 1.7360905051872531 3.3301279337937517 251 250 243 0.28932773878827572 3 599 4 536 5 499 6 564 7 563 8 501 9 512 10 448 11 467 12 432 13 438 14 356
5643 -0.39914589412290385 1.7393490454164846 3.3292882257694658 251 250 243 0.060399154654071238 3 598 4 537
5644 -0.30558751116049898 3.4578607406709172 3.9851253374662616 253 250 240 1.0222172005476593 30 521 4 545
5645 -0.85825340504245884 2.9035023560423396 2.3558325715232415 252 254 238 0.24420906509813908 3 573 4 568 5 464 6 465 7 463
5646 -0.27653987879636704 2.2683937214033869 2.884406578184441 0 0 0 1.3608757292337983 3 674 4 570
5648 -1.6768595958768084 2.5670504144364599 3.2539293465727979 88 170 87 0.23321789589625533 3 595 4 584 5 549 6 551 7 548 8 550 9 552 10 484 11 499
5649 -0.89638369702087961 2.2381476656886612 3.7548177024730136 58 114 55 0.21841775318764967 3 606 4 600 5 599 7 567 8 563 9 568 10 497
5650 -1.8504374204133296 2.3166605588087759 4.0288519920612353 192 163 129 0.19626533983069175 2 670 4 604 5 565
5651 -0.71662948520109526 3.0634057691526633 3.0712893735129652 134 190 105 0.11047513286717572 1 602 61 611 4 615 5 579
5652 -1.0737892619992579 2.7675620740939069 3.1299751335766675 160 195 117 0.088189606240252724 3 635 4 620 5 584 6 586 7 590 8 587
5653 -0.58280211941649041 2.9979697017765683 3.7598430975786976 107 159 87 0.056888229692591566 28 601 4 642
5654 -0.84573076095380739 2.2990918565081904 3.58547932844965 102 150 81 0.62423707912956683 2 694 4 644
5655 -1.4949092662869823 2.4892480486203321 3.2491207797878401 82 157 80 0.13867205018389933 3 688 4 666 5 618
5656 -0.13903855669457585 3.4750506664076775 3.3413189902219753 0 0 0 0.22377092833561338 31 793 32 874
5657 -1.9303138441760903 2.2760209879546784 3.9891694162766993 0 0 0 1.224771419034673 6 598 7 623 8 601 9 597
5658 -2.0654506349046122 2.7074118397672056 4.4630184041152585 1 1 1 0.33199523584666757 3 709 4 685 5 635 6 628
5659 -0.10739089028053408 2.4338085331968085 2.4065848526567883 0 0 0 0.66129454546672983 3 731 4 687
5660 -0.98067123261337841 2.5908061998745548 3.3257910702754745 148 177 106 0.75416779319101834 3 686 4 690 5 641
5662 -0.21121406972426529 2.9247504393535513 3.7601217735563068 253 249 235 1.2649726256603728 3 652 28 660 4 711
5663 -0.20331215837654049 2.924166114575788 3.760594504606761 253 249 235 0.29449609455223746 28 659 4 712
5664 -0.41913506469597739 1.7590853516986882 3.3867862017296875 255 253 242 0.60358199251247424 3 717 4 713 5 662 6 655 7 665 8 664 9 655
5665 -0.47895629358611685 2.0485414264373922 3.6101930585422259 74 145 72 0.40029087059414215 3 744 4 720 5 672
5666 0.114665131153383 2.0317544240830387 2.4152386738108755 255 255 250 0.70567075319527539 3 757 4 728 5 675
5668 -0.73450140006633347 3.0608346664498738 3.0901903241005262 93 184 91 0.025155058175447709 3 288 4 260
5670 -0.99022900949093784 2.261238408855792 3.7247643617598665 61 118 58 0.1986433377324362 3 723 4 698 5 644 6 638
5671 -1.8947880704366054 4.260651279880765 3.6706167863511827 0 0 0 3.0602569515969718 34 665 36 337
5672 0.30602467269802675 1.6124615154643047 2.1040837497048308 255 255 254 1.5868663926379571 4 0 28 247 5 1
5673 -1.4635952596891473 4.1482064361264808 3.0773307419705587 115 196 103 0.60071986062920391 58 126 5 31
5674 -0.79103441381708106 3.0242003258483878 3.0655049283406126 94 184 92 0.10103032895443471 4 41 5 40 6 45
5675 -1.8170126225813175 2.9104210867614553 3.0805119247102928 206 231 145 0.35561103503149433 3 304 4 64 5 49
5677 -1.4589144233902462 2.7254099523210655 3.0962099879090252 0 0 0 0.067608126399085561 1 89 2 84 61 92
5678 -1.3345681152207076 2.7529456785715216 3.1005724302819608 95 179 91 0.1738473765011824 4 58 5 56 6 49
5679 -1.4592923999833936 2.5963385887172601 3.1816006900115767 208 215 142 0.31413589254404539 4 79 5 61 6 69
5680 -0.70086284298172785 2.8658869875291662 3.2147373972342406 87 171 85 0.045903757059209821 4 52 5 66
5681 -1.1987267997680893 5.0255123978177423 3.6840074139544998 188 192 123 1.4822646008174027 57 139 5 67
5683 -1.2267844340855394 5.0024983052283094 3.6823553532482021 179 192 119 1.1869158805964504 57 142 5 69
5685 -0.91132722861504245 2.6024807889775419 3.31557007633642 77 146 72 0.11065773779695233 3 105 5 73
5686 -1.0691550527828313 2.6352891803409344 3.2198692471172938 83 160 79 0.10086694039635449 3 89 5 74
5687 -0.63642550189198754 2.7389274522081881 3.328422784805976 81 157 77 0.20882067180604266 4 70 5 82 26 122
5688 -0.58869880697348276 1.7003070015672832 3.3268676206141317 86 164 84 0.27535478427214388 4 312 5 108 6 125 7 117
5689 -1.0352175005605384 1.9317622088864193 3.5399236538783598 160 168 107 1.5484351621217727 2 345 5 129
5690 -1.5947871792652437 2.2033668613090911 3.6849301633888669 197 195 131 0.11365938346104579 4 177 5 139
5691 -1.5947871792652437 2.2033668613090911 3.6849301633888669 197 195 131 0.11365938346104579 4 176 5 140
5692 -0.75937307797828968 2.310798793663047 3.7303005863197276 64 120 59 0.079186688214062856 4 162 5 152 3 170 9 204 10 156
5693 -0.80961045169513102 2.2999095773989717 3.7096528333176746 193 195 127 0.099769603592284484 3 175 5 155 7 152
5694 -1.064113436374603 2.1965029290147671 3.7185570271496036 177 178 115 0.097154981938856078 4 170 5 161 6 172 7 138 8 171
5696 -1.1793791324313481 2.155228502656497 3.7560383838007976 160 166 102 0.15686298608576399 4 192 5 163 6 177
5697 -1.0119995733316434 2.1543289802919334 3.9212919464046068 195 195 130 0.063941915496781396 2 211 5 202 7 178 8 218 10 179
5698 -1.2029761290438301 3.3851966413286982 2.8052440477282032 254 254 235 0.20354019846722313 4 244 5 221 6 19
5699 -1.5491647120658127 3.0261440595945048 2.9262587329164593 218 227 149 0.11725821862515122 4 253 5 230 6 241 8 23 7 32 10 28
5700 -0.67495991954828849 3.0592943387377853 3.027664550125134 189 203 127 0.10386716587844255 4 258 5 235
5701 -0.95004521139136777 2.9702877771645833 3.0403486166349749 98 188 95 0.1175325353382726 4 261 5 237 6 248 7 247
5702 -1.2778829747133673 2.93005524346917 2.9790581663123463 197 215 137 0.14962923872941475 4 264 5 240 6 239 7 371
5704 -1.4757606178448119 2.6560377855291475 3.1460661069085774 93 180 91 0.11857184973001751 4 279 5 255 6 263
5706 -0.76030785067751705 2.7823929297801095 3.2450314168593337 88 170 84 0.062765677443768361 4 281 5 264
5707 -0.5722885453299783 1.7084634577990645 3.2431394223005099 102 166 88 0.13581414365966232 4 295 5 272 6 293 8 312 7 296 9 320 10 259
5708 -1.3960127677872356 2.16775739820782 3.6184493036309497 57 106 49 0.136473211610594 4 451 5 300 6 159 7 121
5709 -0.27720226933568021 2.65832942447997 3.7448097927350998 155 211 123 0.21882107151599195 4 146 5 305 6 419 8 514 9 531
5710 -1.0880838795540277 2.1963130444073555 3.7064573305018067 58 114 55 0.14379352790984162 4 339 5 313 7 137 6 173 9 166
5711 -0.30209870666699284 2.6778084138489291 3.8482208820110571 111 208 111 1.0446406804066839 3 159 4 147 5 322 7 445 8 451 9 459 10 461 11 486 13 460
5712 -1.260741297418744 2.0956659367853074 3.8128822709083372 66 111 53 0.20949249565114753 4 356 5 338
5713 -1.1175173854345359 2.9719031576259178 2.9832071768908053 204 213 138 0.09465253297106016 4 395 5 366 6 369 7 369 8 387
5714 -1.0024203639848235 2.5781158990016482 2.9585722813814672 201 211 136 1.1223175772991068 35 606 6 371 7 380
5715 -0.700935513730645 2.9856476257217643 3.1154785453778024 189 201 127 0.049320626772985682 4 400 5 373
5716 -0.700935513730645 2.9856476257217643 3.1154785453778024 189 201 127 0.049320626772985682 4 401 5 374
5717 -0.72994307005614856 2.8297254241685588 3.2115669189076805 195 202 129 0.13004144677128196 3 425 4 270 5 380 6 380
5718 -1.10921948592305 2.5535003319203917 3.2878647764859843 185 195 125 0.15760521043325937 4 285 5 383 6 278 2 313
5719 -1.0078736391073291 1.6908319355189965 3.2579167258869601 255 255 252 0.24973699038144082 4 427 5 400 6 394 7 394 8 414
5720 -1.3948661355924932 2.3247614683075555 3.4823659192281253 184 192 124 0.11888999366763663 4 430 5 408
5721 -1.0978740430403375 2.2522231305566693 3.6341526274171359 200 199 130 0.061268560725815095 4 449 5 415 6 411 7 431
5722 -1.3405838134406778 2.0291747710301915 3.7618968704429783 183 153 116 0.17758749917002956 4 469 5 426 6 426 7 325 8 180 9 170
5723 -0.35320882666272674 2.5159037777586004 3.8529020114868167 165 202 122 0.15242928870935921 4 181 5 429 6 428
5724 -0.39675342425415361 2.0463988418904293 3.6908229239851758 255 255 255 0.17302112163188665 4 457 5 431 6 429
5725 -1.568668711344763 2.1328687274422404 3.8419656966021063 167 193 119 0.16822276836501768 3 565 5 443 8 334
5727 -1.5613117328289807 2.9121433613770895 3.0021671303476625 106 208 108 0.20859093667041192 4 517 5 477 6 473 7 474 8 479 9 487
5728 -0.7502357987862095 2.8066069004911549 3.171429818855922 88 173 86 0.13492160842548237 4 523 5 482 6 483
5729 -0.3233461269314683 3.916567308374113 3.8744791675615171 1 1 1 0.46456466635693039 4 435 5 503 6 407 9 528 10 459
5730 -0.3233461269314683 3.916567308374113 3.8744791675615171 1 1 1 0.46456466635693039 4 434 5 504 6 408 9 529 10 460
5731 -0.78120483981464195 2.3382486483942619 3.6009187774911173 83 139 72 0.27379460117553561 4 542 5 505 6 409
5732 -0.32508736442531638 2.584086099077004 3.8767900556379247 144 212 119 0.51847233833274819 4 455 5 514 6 512 7 569 8 568 9 578 10 509 11 536 12 512 13 507 14 480 15 451 17 445 18 434
5733 -1.3437237202567878 2.0910625478754064 3.8917199812040715 109 173 93 0.22403096723710667 4 560 5 519 6 518
5734 -0.51809173256627539 2.2817022885635296 4.0233393588263633 255 255 244 0.49546521940277127 4 561 5 526 6 449 7 459 8 465 9 376
5736 -1.0346481889989714 2.4852816591179279 3.301042837624355 93 151 78 0.83537805729674197 4 585 5 546 6 590
5737 -1.6920991875809968 2.4875199858324604 3.3371815147647115 212 216 144 0.020792707247349967 4 589 5 555 6 557 7 484
5738 -1.0857828671330889 1.6996060189463795 3.2154681454720726 179 153 114 0.75094739516561004 4 533 5 556 6 491
5739 -1.2677281180874647 2.0193271577101255 3.520983087559955 61 115 55 1.55812758485196 4 674 5 598 6 596 7 620 8 596
5740 -0.5817064218253829 2.3046552471448094 3.8674862226328277 108 140 78 0.32912945976531521 4 648 5 601 6 599
5741 -0.41840048705831212 2.5321172693345662 4.1597459709279674 254 251 240 0.39702331363978793 4 653 5 604
5742 -1.810681603760175 2.2372662177687586 3.6373322255196987 152 180 104 0.16241109911699764 3 698 5 624
5743 -1.0863476906638558 2.1570860725770564 3.7375557607644714 128 146 86 0.38763154628996271 4 679 5 626 6 623 7 621 8 631
5744 -0.34850643614174509 2.3565874375873008 3.7716743281988907 124 149 88 1.4276384754938276 4 675 5 628 6 624 7 650 8 670 9 660 10 586 12 569 13 564 14 538 15 501 16 520 19 516 17 507 18 513
5746 -1.0318428481692592 2.1285039067100677 3.8392369388469336 64 122 61 0.61438159808205528 4 700 5 648 7 626 8 634
5747 -0.33178336107450102 2.5366266774814816 4.1142406591767795 1 1 1 2.1025009608163043 4 704 5 655 6 643 8 638 9 604 11 567 10 565 12 548
5748 -0.3526656000464905 2.6045571700302461 3.6771309489571591 78 153 77 1.546364841270975 5 666 6 659 7 675 8 677 9 675 10 595 11 607 12 580 13 574 14 546 15 500 17 506
5749 -1.8016357959333225 2.4184033060951906 3.5042423503110429 199 213 138 0.79736950884841118 3 742 5 670
5750 -0.7449948909976869 2.9636195000631513 2.4088253231908432 161 135 100 0.56343731801210239 4 730 5 677 6 674 7 684
5751 -0.2915573898204557 1.9541261596401598 3.4471617525708229 255 252 241 1.5689183614246098 4 719 5 680 6 679 7 691 8 693
5752 -0.56078600387938249 2.2155584158750425 3.863773138957256 62 125 57 1.7510845779603399 4 731 5 681 6 668 7 676 8 681 9 661 10 587 11 588 12 530
5753 -1.2037649081972679 3.3918821074710661 2.5457761898954057 0 0 0 1.0325412963146803 4 732 5 682 7 685
5754 -0.0094136829362428398 2.2374593184992588 2.5537451426496265 255 255 255 0.32584585894945878 4 737 5 689
5756 -0.89677858832157509 2.4503784010886829 3.3640199923246707 0 0 0 1.6651400925413413 58 984 59 905
5757 -0.83012942446535432 2.2045945092465153 3.8356796414388366 164 182 109 0.26958117412800103 2 353 3 370 5 332 54 549 55 503 56 498 57 462 58 449 59 422 60 398 6 341 7 167 8 197 9 208 10 177 11 171
5758 -0.8769228664961406 3.2974456984422305 2.921310402259266 99 198 99 0.66376810034792633 58 544 59 495 60 483 1 427 61 432 2 402 5 472 3 510 4 507 6 471
5759 -0.90164153441077466 2.6814064975204102 3.2510949306949279 101 163 85 0.099944677581923241 2 77 5 71 6 78 4 73 3 84 7 68 8 101
5760 -1.2586052606284206 2.0928833983352546 3.823269248656112 77 131 57 0.12151833785380189 28 26 27 20 25 26
5761 -1.6725070247097249 2.4385487185009298 3.2509712522492511 138 211 115 0.4571433554512867 28 29 27 22
5762 -1.4089245713762653 2.267561519968845 3.5297710702568001 179 197 124 0.13215798321342423 28 36 27 25 26 21
5763 -1.5407614570843879 2.7400309429405785 3.0972707998989422 97 189 97 0.12723841543154291 29 57 27 54
5765 -2.0867305930636593 2.5069271435757003 5.2133539781736005 170 178 114 3.6501242791943165 31 103 27 63
5767 -0.36769673982414136 2.4947575445995738 3.7643426781242391 89 164 84 0.29550267186111434 5 306 27 74 6 337 26 126 25 127 7 343 8 353 24 278 10 326 11 343 9 370 12 331 23 296 21 294 20 151 19 274 13 334 14 313 15 284 16 311 18 133
5768 -1.5879414760834774 3.2097986677898431 2.8418174644664371 190 202 130 0.067923193482789065 28 115 27 89
5769 -1.5800368694834448 3.2289951165319364 2.8215362051541688 99 185 96 0.078973324445286819 28 116 27 90
5770 -1.4695594550575966 3.1727764901580859 2.8358684039035884 90 173 89 0.15701050471242636 28 119 29 116 27 93
5771 -0.59660102334215592 2.9603792445117931 2.3533018327370878 93 170 92 0.1414177335464977 29 103 27 103 26 111 25 111
5772 -0.14059532728540211 2.8762099016960918 2.4964304300966562 181 151 115 0.37097893347394933 28 137 27 110 26 312 29 314 25 314 24 284 22 127 21 148
5774 -1.4815503253828075 3.385524287608134 2.7680488730452173 82 157 80 0.13792135835920069 28 170 27 117 26 130 25 132 24 103 23 77 22 78
5775 -1.3474052329769639 3.3831471492780536 2.7851854102870206 182 181 120 0.11526751450732231 29 160 27 121 26 153
5777 -0.76379818350508066 3.1597137470041656 3.0173696495232414 178 177 116 0.050143378889685425 28 180 27 128
5778 -0.26125844433954798 2.8128254398678094 3.5260566109946212 72 137 68 0.31114371662055923 5 104 28 145 27 134 6 120 26 166 25 329 7 126 9 179 8 156 24 298 10 306 11 317 4 100 12 316 23 319 22 313 21 309 20 299 19 283 13 174 14 299 15 276 16 306 17 283 18 273
5779 -0.98420087038798743 3.3680895284026051 2.927481316604454 163 168 105 0.26071689923757918 28 205 27 140 25 155
5782 -0.87386468506239035 2.2708782464066117 3.7148522857818924 0 0 0 0.067339273453571546 57 201 61 172 1 168
5783 -0.46363985733027052 3.0858783235980067 3.2245959174997889 61 118 58 0.052511274788276455 28 190 27 151
5784 -0.21586515523351912 3.0834456270284702 3.3518007796189537 71 124 62 0.25872224382784853 28 198 27 156 26 213 25 199 9 149 10 281 11 161 12 164 13 162 14 150 15 128 16 133 17 149
5785 -1.4794272190761715 3.6045802678431982 2.8339538585692905 126 198 106 0.17928227249645817 28 346 27 159
5786 -1.3166175321850817 3.5499747992699171 2.768090913778857 91 174 90 0.13141953719101032 28 201 27 160
5789 -1.2448959061213121 3.6454712729733436 2.8549216419442067 253 251 239 0.21158512907270774 28 215 27 184 26 196
5790 -0.74222306754714529 3.540041343861029 3.0052526434145737 176 201 125 0.13259230453097545 28 361 27 192 25 204
5791 -0.64568345451184206 3.5095321088979698 3.0915914798960742 141 195 112 0.16605403035358157 29 206 27 195
5792 -0.57517046020900231 3.4085332476677781 3.0231411457401705 68 131 66 0.11228245757604212 28 226 27 196 26 223 25 191 24 186 23 180
5793 -1.4596959750776379 2.482149117629858 3.3057604866342079 214 215 144 0.20608126302849805 28 271 27 234 26 247 25 245
5794 -1.6209961435473961 2.8116170948028496 3.0679187099511567 97 189 97 0.18044156264154218 28 292 29 274 27 246 26 261 25 254 24 237 23 223 22 206 21 32
5796 -0.49367034395552406 2.8854271919681826 2.3223265118850946 67 129 65 0.13239360230165051 28 311 27 280
5797 -1.1775189573200895 3.283822196662173 2.7949415685184738 53 101 47 0.057373123272115141 28 429 27 296 26 158
5798 -0.519377511836703 3.0408983267057259 2.9730510018799743 110 133 77 0.10553498358393826 31 175 27 300
5799 -0.2266294153110556 2.8240581585991973 3.5461965879478035 74 141 70 0.30376082945682625 5 103 28 147 27 303 6 319 26 326 25 330 7 316 8 328 9 352 24 310 10 307 11 319 12 317 23 320 22 318 13 321 14 306 15 296 16 392
5800 -0.25205767157398501 3.0795624415071146 3.329006318937656 66 123 62 0.32486536419574935 5 63 27 312 6 97 26 347 25 352 7 86 8 304 9 151 24 318 10 282 23 330 22 321 21 325 20 315 19 295 13 308 14 297 15 272 16 302 17 279 18 279
5801 -0.18970452826743886 2.9911673436248978 3.4438594072639872 124 222 118 0.68084294856261285 28 196 27 314 26 423 25 432 7 111 8 430 24 493 23 461
5802 -0.83137102355959791 3.5207146797983344 2.9341456346985422 76 148 76 0.19709128128091394 28 359 27 327 26 341 24 176 22 156 20 140
5804 -1.6322507945241005 2.4134158850631531 5.2907235172971046 140 163 97 1.313900626827716 36 625 27 365
5805 -1.0610130207917552 2.8008428966036294 3.1020804136383147 167 173 112 0.1512240196123518 28 404 29 290 27 372 26 380
5806 -0.76628768800303892 2.9737536054516842 2.3119176507360355 255 255 250 0.10151935390702936 28 410 27 381 26 388
5807 -0.28132535473406373 2.9404869362451098 2.4649170530363094 128 162 99 0.33360136327307394 28 421 27 393 26 401 24 386 23 288 19 76
5808 -0.18214889383821048 2.8502902287584213 2.4893460032216566 221 219 208 0.32275243460259861 28 423 27 395 26 402 25 402 24 387 23 375 22 379 21 260 20 259 19 235 18 53
5809 -1.5741314392533696 3.781040156550485 2.97207190307279 173 142 106 0.22836712638686035 28 448 27 427 26 337 25 331
5811 -1.6370310168997702 2.5557677727049142 3.2761434488691137 103 202 104 0.17945061555056291 28 476 27 455 26 453 25 466 24 449
5812 -0.48369596792922037 2.8871165175610236 2.3457235231627336 65 125 62 0.15163317436538937 28 494 27 473 26 471 25 484
5813 -0.37554986200037832 2.581158605655725 3.6601302343894173 78 151 76 0.99415098536153168 5 561 27 476 6 568
5814 -0.72323117427417294 3.3019896537213609 2.9496113244373663 57 110 53 0.15573339136054851 34 636 27 490 25 426 24 403 23 382 22 389
5815 -0.87791624745755348 3.4976572671724777 2.8726194830238603 74 142 72 0.12614621846373428 29 533 27 505 26 490 25 506 24 401 23 392
5816 -1.7566321142584822 4.1220570572535724 3.4242922604070807 1 1 1 1.5122223064625255 30 246 27 513 26 504 23 456 21 485
5817 -2.0273889358285309 2.6934257282002911 4.4979497142741565 0 0 0 0.36853833818570486 39 1006 42 1111
5818 -1.606797092006665 2.9097986215165998 2.9985691278694331 94 185 95 0.15985741968972367 28 545 27 531 26 530 25 536
5819 -0.43165805666238755 2.3624227891366316 4.2844569609798295 1 1 1 1.0884703712103794 28 544 27 537 26 574 25 612
5820 -0.36111245217737009 3.9215341018894745 3.7769078359129731 0 0 0 0.076702566701825473 40 1069 41 1110
5821 -0.27236177950982143 3.5657334575338306 3.3598005793761652 157 124 88 0.20956460246323749 28 529 27 568
5822 -1.539284643312834 2.6217732637344229 3.1813919494888365 165 206 123 0.11570828008640741 28 575 27 574 26 563 25 572
5823 -1.22851133599605 3.2265447367973934 2.9376571603472552 61 117 57 0.42009586930090942 28 628 27 586
5824 -0.47581001162609821 3.2949146416965314 3.0983814324057892 53 105 49 0.17592382416160657 30 692 27 592 26 577 24 575
5825 -1.6683431724024043 3.9087186678017924 3.0885247625861285 0 0 0 0.3510018150754981 28 565 27 594 26 551 25 592 24 572 21 484
5826 -0.90416527825365267 2.5073595122414711 3.4565443101808939 73 146 71 0.25620827080677877 28 620 29 648 27 604 30 707
5827 -0.85557631881977625 3.3206850712882541 2.8736963797625519 111 136 78 0.65679666704720319 28 636 27 610 26 602
5828 -0.40233470071433408 3.6208183665183662 3.3269065392105257 0 0 0 0.952594138061857 28 615 27 620 26 622 24 578
5832 -1.267428108038908 7.6127104993227181 4.9516678734444763 250 246 233 0.83569667434304173 54 1155 6 657
5833 -0.33223125155147809 3.0799554438916266 2.9676528136882747 60 118 58 0.95981773043518481 28 666 29 710 27 657
5834 -0.34945571192894109 3.3055572738276839 3.0715432270078806 67 122 60 1.9098905451646355 28 668 27 658 26 642 25 662 24 645 23 572 22 579 21 560
5836 -1.5958447876701616 2.4395593193052991 3.4618153849277835 147 206 117 1.5083582916738667 28 688 27 675 26 660
5837 -1.6310268011498406 3.8021688632905088 3.2879410724050357 254 250 239 1.8259075276257462 28 687 27 677 26 662 25 681 24 659
5838 -0.57204520084548383 3.4303890377777972 3.0476512843470043 79 153 77 0.54261509371895555 28 454 29 453 27 433 32 609 31 562 33 626 34 482 35 496 36 518 37 585 30 519 26 435 25 442 24 417 23 326 22 320 21 300 20 155 19 126 18 103
5839 -0.97614524570296424 2.5189286829394741 3.338493470925378 73 145 71 0.14512285424155869 28 484 29 495 27 466 31 598
5840 -0.79628205909322824 3.3629316344372397 2.882849652689413 163 195 115 0.45945729725167606 58 65 6 26
5841 -0.86049679537411716 3.4044621813423901 2.8403254249908212 86 139 65 0.11408074168921864 4 25 6 28
5842 -0.86049679537411716 3.4044621813423901 2.8403254249908212 86 139 65 0.11408074168921864 4 26 6 29
5844 -1.1193695112181485 2.9016999115673805 3.0309887216331295 206 212 139 0.20891031036204294 5 41 6 47 7 41 8 54 9 61
5845 -1.4173114289248094 2.8441779912712581 3.0481198617100067 223 224 150 0.026494742764749633 5 44 6 48
5846 -1.5816915487677876 2.8023845775200962 3.0511881645735768 114 208 109 0.010826460020716799 5 46 6 50
5847 -0.73060827086467217 2.9294807070457223 3.1672426289702575 86 172 84 0.052913906229513412 3 68 6 61
5848 -1.3182501824582253 4.5796028777093252 3.4288639986756815 198 200 130 0.69171679247513584 56 196 6 63
5850 -1.0308985505477335 2.5995454539595846 3.2796907938578603 203 205 135 0.11730532254966736 5 76 6 82 8 103 9 112
5851 -0.91360084437130751 2.6088266387780505 3.3145453851717797 75 146 71 0.085425651337556058 5 72 6 83 7 69 8 104
5852 -1.1626729732830323 2.5561568559826569 3.2798864438204154 161 183 112 0.083122180552716751 39 192 6 85
5853 -0.92430568770411936 1.6315849293759626 3.2062791290936521 255 243 186 0.48458604860618526 5 91 6 89 7 75
5854 -0.28433313228757834 2.9989357014558449 3.356625930932124 192 198 128 0.22770865529103121 27 155 6 98 26 193 7 87
5856 -0.58615782508178771 1.6950896164524689 3.3268274941260132 94 174 90 0.070235599853193623 5 107 6 126 7 116
5857 -1.5240809730253948 2.2175784252390396 3.6099673510093844 208 204 137 0.011614277537861031 5 133 6 133
5858 -1.8153187582239783 2.2814933082826658 3.5731444183339027 102 159 81 0.20813101465153799 4 144 6 136
5860 -1.2732688021204028 2.9830784098380652 3.8322624778591812 199 199 130 2.7012316511784107 34 193 6 153
5862 -1.117645262682355 2.1984420219663887 3.6971526893644526 175 175 113 0.082594947074427577 5 159 6 157 7 139 8 170
5864 -0.68564773956745628 3.2170407678569495 3.0061912757328204 0 0 0 0.049871619695221719 29 146 34 221
5865 -1.1441330962859346 2.1852433689153585 3.7252289742309217 179 178 114 0.065658006674019775 5 162 6 175 8 172
5866 -1.1690677116211732 2.167108334896704 3.7549371973350332 170 172 109 0.014314557517135357 4 191 6 176
5868 -0.33144933867359977 2.5068480111087172 3.7823513766649022 65 119 59 0.24779452117771086 4 149 6 183 7 158 8 209 9 218 12 201 22 139 19 154 13 197
5869 -0.45320761479409233 2.2236086479170152 3.9397938113804796 254 253 249 0.076166328901625974 5 186 6 205 7 185
5870 -0.45320761479409233 2.2236086479170152 3.9397938113804796 254 253 249 0.076166328901625974 5 187 6 206 7 186
5871 -0.98223978878835938 2.1755487722504094 3.9338263747614843 203 200 135 0.23206505250546894 5 197 6 214 7 177 8 219 10 178 9 365 11 176 12 174 13 158
5872 -0.78714679840082846 2.8954544364456805 2.3651270383846685 232 236 210 0.099921273148358733 5 215 6 226 7 207 8 246 9 238
5873 -1.372345943252296 2.9247095882803147 2.9759781855117664 222 223 149 0.16063352593653279 5 242 6 242 4 266 7 245 8 266 9 260
5874 -1.2832252073845962 2.8475316998778326 3.037930514696134 97 191 97 0.14797844373906555 4 267 6 250 7 251
5877 -0.96043292261897473 2.7124729973759556 3.2053995905365205 82 161 80 0.074316904567847994 5 381 6 260 7 262 8 397
5879 -0.91995168785058823 1.7045588848781845 3.2271261086109289 255 255 254 0.31427356297676795 5 399 6 296 7 283 8 113 9 95 10 97 12 67
5880 -0.92000727492179313 1.7161746065792547 3.323405511253307 255 253 244 0.31213238242742569 5 287 6 298 7 101
5881 -1.0349378955627491 1.686714697447131 3.2492568084978593 255 255 255 0.10555302346873878 5 279 6 301 7 286
5882 -0.22924564922299087 2.9309676319114444 3.4593395336220887 175 189 119 0.34660541933593064 5 269 6 307 7 304 10 296 11 300 12 315 22 312 21 327 19 297 13 319 14 153 17 294 18 283
5883 -0.37299657059943214 2.5479028879671888 3.6931146484655959 204 202 134 0.19482489153928043 5 146 6 329 26 125
5884 -0.36755456636029415 2.4950637949057666 3.7649581028026691 65 120 60 0.25432131339443009 5 307 6 338 7 344 25 128 21 295 20 152 19 275 15 285 16 312 18 132
5885 -0.94425292162007457 2.9092217379633021 3.0742257689002792 211 211 139 0.10018820791581846 5 365 6 368 7 379
5886 -1.1724053376339398 2.9223794213101448 3.0046726099871388 214 215 143 0.1597892029854609 5 369 6 372 7 381 8 389 9 256
5887 -0.79240818968065074 1.6766679136373528 3.2286866928481865 71 135 69 0.12927467124047973 5 273 6 389 7 391 8 410 9 409
5888 -0.26562961924503503 2.7156085316811076 3.7200335894428567 200 211 138 0.20309833330794783 5 304 6 418 7 436 8 450 9 530
5889 -0.39220931705094708 2.4533848706144585 3.6977078994464301 108 153 85 0.67196371810994671 5 148 6 421 7 507 8 561
5891 -0.53166560902290794 2.4516953820562994 4.3080278666353058 179 149 112 0.018943769682455546 5 456 6 451
5893 -0.52712478907326299 2.9572534149126901 4.887146156424925 255 253 241 0.21383513050229558 60 575 6 457
5894 0.26351823560966087 1.738036104540049 2.1687425634394435 132 96 60 0.55426273811545002 5 457 6 460 7 532 8 533 9 540 10 472 11 436 12 455 13 464 14 437
5895 -0.70563497384151175 2.8747188426649308 2.3786941982911793 253 253 249 0.12462153740324772 5 462 6 464 7 465 8 376 7 360 9 384
5897 -0.74929602854321642 2.933873458633776 3.1337450047274 207 206 135 0.15161536848755169 5 480 6 480
5898 -1.5500530871423812 2.1501333411298544 3.9114473696670644 110 210 108 1.1863137926175487 5 521 6 520 7 338 6 443 8 182 9 351 10 147
5899 -0.39703350606552179 2.5362647205169928 4.2272743653377542 254 251 241 0.94142379105839213 4 477 6 529 7 528 8 528 9 580 10 533
5900 -1.9694980704552871 2.8162869147430944 4.6170467224985705 254 250 240 0.73255735901916619 3 622 6 531
5901 0.20037010237092684 1.5994943959794057 2.3182170628296972 152 118 83 0.20365784281085561 5 532 6 533 7 535
5902 -0.74308444406456642 3.1404599104386124 2.5268405406620342 0 0 0 1.8081774064714595 2 528 6 537 7 365
5903 -1.375499522826743 2.7730701089339402 3.06511803063619 206 213 140 0.21628511596209957 5 545 6 550 7 546 8 549 9 549 10 483
5904 -1.9660209113553264 2.4169837022592979 4.2018873893619997 1 1 1 0.82459025219920101 5 603 6 575 7 520 8 564 9 436 10 500 11 406 12 477
5905 -0.55494982894353728 3.0432031794672953 4.8488935623930578 0 0 0 0.92424034189308579 5 607 6 576
5906 -2.0378812001266695 2.6840555675165181 4.4701902709685992 1 1 1 0.70787820764830467 5 606 6 602 7 573 9 577 10 504 12 442
5907 -1.5358868091343931 2.7142949821441902 3.1199101069958166 130 198 109 0.12202286894728896 5 614 6 608
5908 -1.1175416665541402 2.687711808564309 3.1887659760656302 114 173 94 0.16700416376376365 4 664 6 611 7 612 8 617
5909 0.26726248061100183 3.0540629064792273 2.6577022883837316 0 0 0 1.4659186831964934 44 1356 45 1402
5910 -0.25963178780387886 3.1673138139008512 3.2453033788203856 125 179 99 0.87483319632564849 5 587 6 617 7 637 8 645 9 650 10 581 11 592 13 557 14 534 15 497 16 517 17 503
5911 -0.6306443329324154 2.22787823565641 3.9771963356502495 82 160 82 0.49916997113223105 5 652 6 626 7 631 8 637
5912 -0.24643466801411845 2.9599596087737927 3.4059453350108853 83 163 82 0.35410069683143403 5 639 6 634 7 662 8 661 9 672
5913 -1.1066373528881808 2.0874787638763643 3.6155070630039634 62 121 56 1.505008587185003 5 627 6 637 7 645 8 665 9 656 11 580
5914 -0.81515615367762351 2.2728062628239325 3.8114933416608245 59 113 55 0.83508814705439571 5 646 6 640 7 649 8 653 9 642
5915 0.14421269347940335 2.3702255340717904 2.1599389568385394 255 252 242 1.431575736086635 7 681 8 690 9 683 10 609 11 614 12 583 13 578
5917 -1.0567021030437962 1.890102621375469 3.3758283914417575 255 254 250 0.75612065057677436 5 678 6 677 7 686
5918 -1.0567021030437962 1.890102621375469 3.3758283914417575 255 254 250 0.75612065057677436 5 679 6 678 7 687
5919 -0.93316255536307358 1.9316267564697274 3.636806580304258 137 153 92 1.693255731344546 4 734 5 685 6 681 8 695 7 694 11 602 12 555 13 538 14 472
5920 -0.98493263936126896 2.0451307591907377 3.6685427303926752 137 153 92 0.43660974827838944 5 686 6 682 7 693 8 694 9 686
5923 0.045989993667185702 1.4610841280624332 2.7210914408915126 251 250 243 1.4856163762748684 32 906 31 815 33 947 27 626 26 637
5924 0.2173601655132355 1.8367322265254649 2.1525748614706028 143 107 71 0.24588556658212143 27 4 26 2 25 8
5925 -1.4706908483085075 2.6663235108442436 3.1448044992270554 100 194 100 0.15091494052209359 27 40 28 71 26 44 25 48 24 44 23 27 22 30 21 36
5928 -1.4731641158334303 2.7359924701183247 3.1031987295000563 97 190 97 0.097792009695669438 27 55 26 60 25 49
5932 -2.4359479878288872 2.7890759131678391 4.7636353944651093 71 140 69 2.9671191346057784 30 103 26 69
5933 -1.10070944262765 2.6471707385951606 3.1940084761017022 74 142 70 0.19918435232050236 27 61 26 70
5934 -1.7186808635882724 3.02070760672897 3.0285988819607002 112 192 102 0.058919336636482272 27 259 26 84
5935 -0.14046744379558621 1.7855412995370985 2.7988113918790147 0 0 0 0.024512543557400263 40 37 44 47 45 48
5936 -1.1986975078118176 2.7701298313671487 3.5162309787647223 181 182 119 0.91338495895494032 56 208 26 96
5937 -1.1986975078118176 2.7701298313671487 3.5162309787647223 181 182 119 0.91338495895494032 56 209 26 97
5938 -1.1228273111833569 2.779140096251997 3.5354569180224877 65 123 59 0.77924492892074193 57 178 26 98
5939 -1.1228273111833569 2.779140096251997 3.5354569180224877 65 123 59 0.77924492892074193 57 179 26 99
5940 -0.056865658052504375 2.4404325004400955 3.1464867369461818 103 165 88 0.0075451396647189788 6 72 26 105
5941 -1.4845137970796141 3.2520017012179454 2.8113266437542999 196 201 133 0.060509410833654464 27 91 28 150 26 109
5942 -1.5467969113728641 3.1429827056515287 2.8497698364486816 96 189 97 0.0033863803662068362 27 78 26 110
5943 -0.3797770534918839 2.863476610722524 2.3808799502434068 68 132 66 0.24920684120532788 29 84 26 115 25 115 23 82 21 103 20 63 19 48 18 33
5945 -0.055981978876564809 2.8561922474620505 2.4379975020699374 250 246 236 2.5416600598795958 29 111 32 143 26 144
5946 -0.90584044984439149 3.2779890444948641 2.8954791154666526 170 172 110 0.072376092263759309 27 139 26 159 25 157 24 139
5947 -0.77939027974044173 3.1727165391337255 3.0088025942063599 60 114 55 0.03676937752697132 27 127 26 163
5953 -0.87556374203717935 3.280807766383361 2.902648746681165 59 116 55 0.088535399736907938 28 178 26 177 24 141 22 123
5954 0.037578700736353499 1.7328129707630302 2.5153927091509103 0 0 0 0.16806014076208742 50 459 58 20
5956 -0.80543835634821459 3.3445395133773603 2.9045529677628226 169 171 111 0.076535173823355979 27 169 26 180
5959 -0.73999691003344548 3.4222045989187198 2.9122121268181527 183 187 123 0.032780954652331613 27 173 26 200 25 182 24 160
5960 -0.21677645190055059 3.0835121342790202 3.353630858846945 79 125 66 0.13578096450878557 27 157 26 214 25 200 23 190 22 184 21 188 20 175 19 167 13 163 16 134 17 148 18 141
5961 -0.72795640920262428 3.4774609410866621 2.9710396556839065 198 196 132 0.16757377689658934 27 191 26 220 25 187 24 180 23 163 22 160 21 162 20 143 19 124
5962 -1.5437179590463828 2.5928081412550537 3.2111760496209039 193 212 135 0.11457736041234251 32 360 26 253
5963 -1.4134090484254811 2.6621698047960671 3.1690594775887364 97 190 97 0.066445759326806714 27 249 26 254 25 256 24 240 23 236
5964 -1.4111059678107489 2.7266676850249456 3.1156862527089073 95 187 95 0.14221483409221031 27 248 26 265 25 255 24 241 23 48 22 220 21 37
5965 -0.97858097767820174 2.6484591426257498 3.2589498220114637 69 135 66 0.072635860570643709 27 252 28 298 29 280 26 266 30 308
5966 -0.92092633279185576 2.6265596559300692 3.2962908523579002 69 137 65 0.2159685584545892 27 267 28 300 26 268 29 281 30 309 24 76
5967 -1.6242337797810626 2.9894113823634552 2.9770799503616741 202 205 137 0.10522769503199711 27 261 26 274 25 66 24 62
5968 -1.5029800969616047 2.7632948034539249 3.0832850868218857 0 0 0 0.076259398356902486 27 358 53 783
5969 -1.3349259549285604 2.7430410642603169 3.5034218010248472 152 164 102 1.8734064232220331 58 602 26 284
5970 -0.94887127333188537 2.7136970082746297 3.1737380997420539 67 132 64 0.17474627898015099 28 299 26 286 27 373 29 398
5971 -0.044898077321012309 2.8108464690481769 2.4864359290063747 138 110 75 0.27505562282325041 27 396 26 313 25 315 24 285
5972 -0.95288293956981995 3.4118193055586263 2.8455711504094454 61 121 59 0.26405194103027102 27 317 26 330 25 333 24 297 23 299 22 276 21 141 19 94 20 256
5973 -0.69228810511555028 3.5699285798987233 3.1469132592562152 250 247 237 0.16382774442715861 26 349 24 322 20 156
5974 0.18523350256175458 1.6773868708663311 2.1889021733044505 185 155 118 0.48908320799727428 28 372 26 354 25 362 24 327 23 203
5975 -1.5768375659526452 2.4814215785773541 3.3250154783654069 173 211 128 0.24877811597477531 27 349 26 362 25 371 24 342 23 346 22 345
5976 -1.254601704046272 2.4603962511077211 3.3378241985264578 219 219 147 0.032758147773996125 27 350 26 366
5977 -1.3549876059371204 2.7609765655528222 3.0811099203982515 204 210 138 0.11887413049462658 29 395 26 373
5978 -0.81988523538004743 2.4301262170429423 3.5470095955808287 172 180 114 0.040817735656737957 27 363 26 376
5979 -0.78272116925475199 2.5666409027712902 3.4084241256897316 181 182 118 0.075094851594149151 27 375 26 383 28 392
5981 -0.90873044024700667 3.2004459357300297 2.9257061813702805 183 181 119 0.016592520449909338 27 402 26 408
5982 -0.2243168447307482 2.9569839533742117 3.5426337764762645 177 217 132 0.20330252551932992 27 315 26 422 25 431 24 483
5983 -0.51546485609206716 3.2521788890606529 3.0815898819032754 176 175 114 0.057461187269954396 27 422 26 428 25 436 24 406 23 399
5984 -0.56851460468664117 3.8028717976263318 2.1732696484565088 252 249 239 2.7921375708350471 35 521 26 437
5985 -1.3123170407760818 2.2752950696122443 3.5607919938714625 193 198 128 0.45619887483718496 27 452 26 455 25 470
5986 -1.430546973468994 2.5226682595502687 3.2714316019030258 100 197 101 0.17491721784590367 27 457 26 457 25 467 24 450 23 427
5990 -1.0596305293986261 3.5463390698932287 2.8151535987956895 109 177 94 0.20899523566821562 27 498 28 521 26 489 25 420 24 302 23 132
5992 -1.6450509569953975 3.9142422008044444 3.4493246037764682 0 0 0 2.0894489544854635 27 562 26 495 25 440
5994 -0.17366000636741272 3.2452484671477135 3.2416901959366253 146 219 121 1.8260486343091105 27 507 28 447 26 503
5995 -1.7471793120833183 4.1113181880943994 3.4204385057772395 0 0 0 0.50196651386795244 27 514 26 505 23 457
5996 -0.1945847712896904 2.0250261359002208 2.6937884409066055 0 0 0 1.8186423295674561 27 519 26 518
5997 -1.4247322819366743 2.6044079676235352 3.2085117558246963 203 212 139 0.11930797801999812 27 523 26 522 25 529 24 512 23 473
5998 -1.4202300700750721 2.6044710190554845 3.2032173897985934 203 212 139 0.14824410331160787 27 522 26 523 25 530 24 511 23 472 22 428
5999 -1.3671888407740818 2.5130213024236352 3.2889479480852697 98 193 99 0.13859769253147305 27 524 26 524 25 525 24 514
6000 -1.3684709616063029 2.5137453511357397 3.2913051136543126 98 193 99 0.20057245833450107 27 525 26 525 25 526 24 513 23 475
6001 -0.66898618150516509 3.2139521285573363 3.103098556930866 146 157 97 0.14260872279514958 27 556 26 547
6002 -0.51668440491239365 3.1421404314828671 3.1052182055374047 97 127 71 0.38367293796356527 27 557 26 548 25 553
6003 -0.30870252720423524 2.9401923037417359 3.3343867361690442 66 127 63 1.7858873652631886 26 549 25 591 24 573 22 552 21 548 20 503 19 478
6004 -1.3094050766271292 2.5064635481510154 3.3213792561345752 95 188 95 0.28714124012176812 27 576 26 564 25 575
6006 -0.33438908192714789 3.6342401331030323 3.3835086715633085 254 251 241 1.0071872259211234 27 567 26 580
6007 -1.3924648341335453 2.6934947576631716 3.1311538183965459 143 197 112 0.44360830355260777 27 602 26 589 25 600 24 585 23 522 22 527
6008 -1.3611096014015718 2.7964951149028732 3.0650435412847643 139 189 109 0.22079067199760435 27 605 26 590 25 602 24 590 23 523 22 529
6010 -0.31627971998688104 2.5932336738438964 3.6604873493845362 75 144 72 0.24202636529100707 27 633 26 613 25 649 24 631
6011 -0.30110351711722044 2.5888335005833163 3.6257353180390992 75 144 72 0.79275046302043273 27 632 26 614 25 650 24 632 23 570 21 578 20 539
6012 -0.38003633865627784 2.1951792823250096 3.7563010372492895 255 255 255 1.0019120479728094 27 628 26 626 24 642 23 577 22 591 21 585 20 548 19 528
6014 -0.13440514888784605 2.9063019544720139 3.7530289973495146 0 0 0 0.069173667518132503 5 664 27 650
6016 -0.089815027675567871 2.7449739746061557 2.4794861133355308 126 146 85 1.3076711847472293 27 653 26 640
6018 -0.13101000137485347 2.8978907044319109 2.7942057758636163 255 252 241 0.97904806263699429 27 654 26 650 25 679
6019 -1.0369019614839448 2.6186721165889053 3.9093983514596551 146 160 97 2.9644553791908672 60 775 26 571
6021 0.25173611367374288 1.8258528967708991 2.1546340547039486 137 100 62 0.48179350414358318 26 3 25 9 24 7 23 9 21 200 20 324 19 311 13 212 14 194 15 309 16 332 17 310 18 297
6022 -0.24718302201677733 1.8933763836138557 3.3059472509504406 187 191 122 0.18611194899746319 26 28 25 28 22 60
6023 -1.7977606429459794 2.9225548230614593 3.0620456695919924 191 209 131 0.18030857432384381 26 260 25 45 24 37
6026 -1.3818851920268769 2.6108161732043538 3.205366308687549 198 212 137 0.034199511943090621 26 45 25 54
6028 -1.2172722446870501 2.6035542176790263 3.226876389607257 90 176 89 0.073992793337368759 26 46 25 57 24 48 23 52
6029 -1.1957067308599376 2.5914605399313326 3.2530067714842228 92 178 90 0.10979513016002396 26 48 25 58 23 53
6030 -1.3251950200955764 2.7648540521999871 3.1011774731951642 93 181 92 0.11324565176724548 26 65 25 71 24 45
6031 -1.3313656627396453 2.8361484922052811 3.0433534516561096 205 209 139 0.23159456855177535 26 64 25 72 23 43 22 45 21 54
6032 -1.1208222887898525 2.628117462793083 3.236331848633732 183 200 126 0.2367012018506606 26 71 25 77 24 72
6034 -1.0040180464980777 2.7637402583121391 3.1635556959021849 182 184 120 0.08504478860818647 26 93 27 65 25 97
6038 -0.95633585052202608 2.8025584379047332 3.5767060745900285 60 118 56 2.4071518559215295 56 205 25 118
6039 -0.34710715188690222 2.7564599601226298 3.4968564868399232 81 135 70 0.79478663267024574 26 146 25 149 7 305 8 437 9 515 24 399 10 450 11 477 22 456 21 453 20 417 19 439 13 452 14 454 15 437 16 459 17 435 18 427
6041 -1.0107158812644015 3.3858440380446795 2.6676034973160569 161 132 98 0.36669547650333034 27 307 25 152 35 261 24 137
6042 -0.92211629266855688 3.3147337685488645 2.8870112083919861 173 174 112 0.093223244201350558 26 176 25 156 27 142 24 140
6043 -0.90654890948367739 3.2776884928950216 2.895441410982134 171 172 111 0.06465345942535515 26 160 25 158 22 122
6044 -0.64921370583204574 3.1695376081212236 3.0534457006139961 63 116 56 0.10195766125022926 28 181 29 149 25 163 27 148 24 150 23 143
6046 -0.21950569306381276 2.8159101975499881 3.5801144466930985 150 214 122 0.28388273656672935 26 167 25 171 23 324 21 312 19 301 14 307 18 287 16 157
6050 -0.8983815722007642 3.5836145664402053 2.969647864848501 183 204 129 0.077261018162741446 26 217 25 180
6051 -0.56876769360188917 3.4577257119544571 3.0738265995974587 170 190 120 0.086026454844787451 27 198 25 207 24 197
6052 -0.37600642689011493 3.4421076088635658 3.2141754112744052 179 191 122 0.12402406124058812 26 229 25 219 24 324 23 196 22 187 21 192
6053 0.20861103839182876 1.6148901799717905 2.3135827760132148 140 99 62 0.094689574350969974 26 232 25 223 24 328
6055 -1.2219135615739325 2.5476915533231961 3.2981311554709487 219 218 146 0.087739389207714388 26 256 25 259 24 244 23 239
6056 -1.1086172482102024 2.5607833223650016 3.2874214001470152 189 204 129 0.091849283027909623 29 269 25 260
6059 -1.5259936061995671 3.1761416066201202 2.8574833039800933 191 203 131 0.08591958602080596 26 291 25 275 24 254
6060 -0.70598750741797511 2.900121643893014 2.3293645731472727 179 148 112 0.30673091294426141 26 281 25 278 24 256 23 247 22 359
6061 -0.91056863367526319 2.7445796760046162 3.2278398654426579 65 126 60 0.059511295470934603 26 287 25 285
6062 -1.4561453300112517 3.2468984630893187 2.8269963525231279 88 170 87 0.09502913523400712 26 306 25 295 24 82
6064 -0.89005542618073585 3.2198912798181363 2.9473225034608639 62 118 56 0.025314717459237537 26 320 25 322
6066 -0.28385277124576047 2.9352537620787724 3.4142907324977574 68 126 64 0.20710563383884564 26 325 25 341 24 308 22 310 23 318 21 308 20 298 19 281 15 131 16 304 17 281
6067 -0.20668714576787067 3.6337654609658263 3.5008171715907141 181 151 114 0.24743573305460964 26 353 25 358
6068 -1.177977688297716 2.4875319183058422 3.3893620867160901 91 177 89 0.049340013855371359 26 368 25 376
6069 -1.3624585429626295 2.7604626364841076 3.09167643738677 201 210 137 0.20551121969425676 26 372 25 383 24 349 23 237 22 221 21 222
6070 -1.2886870005561875 2.8378420795998163 3.0569909932501163 90 175 89 0.051485063263662201 26 379 25 384 24 353
6071 -0.83194991027554255 2.9879271215713716 2.3155849843484901 253 249 238 0.070030893236795136 26 385 25 387 24 362 23 356
6072 -0.70115612906228653 2.997844684255806 2.3608942013102094 169 138 101 0.19475815515092207 26 389 25 394 24 363 23 363 22 240
6074 -0.35933464647518121 2.5348226620036685 4.3289579085676779 0 0 0 3.005321424142021 53 911 25 407
6075 -0.91219577367025972 3.2013965496547296 2.9306852664491134 182 182 119 0.059386668093371904 26 407 25 411
6077 -1.1193435224435784 3.4961535504174903 2.7679763796164893 246 240 228 0.17370198478041354 26 414 25 419 24 294
6079 -0.20399492302298258 3.3090154217792431 3.3219274922741531 153 214 121 0.36121940625235505 25 446 24 500 23 465 22 467
6081 -1.4493207700044253 2.2490639129557652 3.6493639606803927 104 187 96 0.61746017819707466 26 448 25 461 24 446
6082 -1.2586344105312577 2.4417420572007718 3.2030250013619206 196 214 136 0.63608831268610289 26 520 25 469
6084 -0.96491563955685655 2.8011760994907617 3.147073932004969 191 188 125 0.09935417325093443 5 375 25 480
6085 -0.14114020656781945 3.0716433475312384 2.7851507087555012 255 251 240 0.5976977721856499 26 486 25 503 24 482
6086 -0.30144058768264204 3.0383109317543271 3.3079819442798253 95 133 74 0.14776199735490697 26 421 25 504
6087 -1.8477272487948984 4.3546336909200907 3.7613842842330296 253 250 239 0.8173834163816347 28 530 25 515
6088 -0.42997668180796789 3.4722806904575254 3.2113853982970673 91 180 92 0.29161449396383193 26 506 25 517 24 497 23 408 22 418 21 416 20 308
6089 -1.7104623720172101 2.5170160257561678 3.9478314305226632 90 178 89 0.95236532604130342 34 862 25 532
6090 -0.71862287761024501 2.9190983468926186 2.3067397445301165 184 154 117 0.28289398563176055 26 537 25 539 24 522 23 479 22 483 21 475
6091 -0.76548923171808458 3.0451482180021263 2.3847322937661066 255 252 241 0.30537069251012233 26 539 25 547 24 526 23 480
6092 -0.33808401902433644 2.5638492456466362 3.5658215267125204 74 143 72 1.152157298426812 26 473 25 550 24 530 23 486 22 518 21 503 20 473 19 456
6093 -0.5192876174475084 2.958385126580092 4.3962210305552674 1 1 1 1.6453662663354589 26 424 25 554
6094 -0.5192876174475084 2.958385126580092 4.3962210305552674 1 1 1 1.6453662663354589 26 425 25 555
6097 0.22065998857409769 1.6611465673495105 2.1848474460573675 175 145 109 1.4001163730258284 26 554 25 567 24 544 21 513 20 481 19 463
6098 -1.1239672749921168 2.5896735783810527 3.2803088937587019 161 194 116 0.55861935289586828 26 565 25 579 24 554
6100 0.26326666368836621 1.8054878876942386 2.2297897009901342 255 255 255 0.68257254819606761 26 556 25 595 24 611 23 546
6101 -1.4915507535358885 2.354424379680927 3.5149120030732859 128 182 102 1.0499066392103815 26 583 25 596 24 581
6102 -1.8318817313504636 2.8907640546030802 3.1015258768934468 165 207 122 0.58693665067596601 26 588 27 601 25 599 24 584 23 519 21 519
6103 -0.29281078385020937 2.0834089420316815 3.4623890804541246 142 173 101 1.2231282190370385 25 601 24 588 23 528 22 563 19 507 15 487 14 524 16 511 17 487 18 501
6104 -1.2644280967862809 2.875410811773591 3.0382454081591974 86 170 86 0.16786459123053848 26 567 25 606 24 591 23 525 22 535
6105 -1.0430152748644801 3.2019131240595646 2.6459569373814587 73 141 70 0.50047706623344179 26 616 25 613 24 563
6106 -0.40028516587954338 2.3855265260174336 3.7848734776004029 147 179 106 0.42832681352949581 26 598 25 630 24 614 23 566 22 576 21 567
6107 -0.15859285531128786 3.0115376831163752 2.6704192734414414 76 120 62 1.4540914547437818 26 631 25 636 24 601 23 554 22 548
6108 -0.18339077209327165 3.1056050826137085 3.1666971833400046 122 148 87 1.2094579808681025 26 605 25 639 24 619 23 573 22 580 21 571 20 532 19 509 18 506
6109 -1.9985897655834481 3.4707420655568395 4.0187972575810065 0 0 0 0.027686763633481607 6 656 26 627
6111 -0.32934214007495138 3.5269916711187621 3.3099274318171421 254 251 240 0.61899635798651464 26 635 25 657 24 637 23 557 22 572 21 565 20 506
6112 -0.73069251431384641 3.2581469053951704 2.7662706315196695 177 179 115 0.35803599434960759 26 655 25 677 24 654
6113 -0.23806377371691706 3.3439466732819496 4.0545381507122711 0 0 0 1.6579916203387588 27 674 25 684 23 598 22 601
6114 -1.4077259871932466 2.8736892517172112 4.2789252119009697 0 0 0 1.618896418485297 26 663 27 678
6115 -0.52695906511189761 2.0419515688026886 3.0013516168842491 0 0 0 2.6963000464097031 26 648 25 659
6116 0.20398835643047158 1.601245906523304 2.3253184060677903 134 95 58 0.41461669676580842 6 1 7 2 8 4 9 2 10 9 11 212 12 212 21 4 19 4 13 5 14 196 15 177 16 185 17 182 18 170
6117 -1.3343205730816612 3.459413838818711 2.7681053518980123 147 210 118 0.17871798058736416 6 21 7 12 8 18 9 21
6120 -0.15877790836993003 2.8792059916297612 2.8269897773555943 77 155 74 0.16513791069145878 6 24 7 36 8 46 9 266 10 236 11 248 12 266 13 274 14 257
6123 -1.1134053001889486 2.653814566901362 3.208621218495991 84 163 81 0.049465179099344128 5 75 6 65 7 58 9 82
6124 -1.5976488037845156 2.5324170227667628 3.2875988571201695 97 186 96 0.054847839967631318 5 78 7 59
6126 -1.7111030503507905 2.3693456534907633 3.4413759233141188 103 197 102 0.083704027810798123 6 304 7 81 8 86
6127 -1.8187836429869362 2.4033163801036044 3.4791729303049821 200 222 139 0.1639768314015555 6 306 7 82 8 115
6128 0.0030647279874092548 2.4180928592975919 3.1321861343881938 103 170 90 0.083602562434345579 25 125 7 85
6131 -1.0446857594483254 1.7411990608318242 3.2994810489322037 184 154 118 0.094506064354456645 6 300 7 102 8 301 9 123
6132 -1.8167159532716528 2.2622894771710773 3.5987893906061474 104 154 78 0.12397294303146156 6 139 7 107 8 117
6133 -1.795865053033447 2.2529582825800167 3.619794615670878 171 208 125 0.078468391399180243 6 138 7 108 8 133
6134 -0.43985258700169055 1.721182007140063 3.3280780029627026 113 150 87 0.061742246812172219 4 106 7 115 8 147
6135 -1.11811129232094 2.1991241992546486 3.6974537304638622 169 172 109 0.050155326957607382 5 160 7 140
6136 -1.084418879537925 2.1916334228820853 3.729467620463085 173 173 112 0.12939829795397001 3 211 4 171 6 174 7 141
6137 -0.26417812869102786 2.8386618129699492 3.7582062515965018 127 202 112 0.23064425115347884 6 163 7 147 8 205 9 367 10 321 11 424 12 406 13 420 14 387 15 381 16 398 18 290
6140 -0.33222245334264239 2.5093525633952498 3.7835481414279717 64 116 58 0.16365642210845119 4 150 7 159 8 210 9 219 10 185 11 195 12 200 19 153 13 198 14 183 15 159 16 144 17 144 18 135
6141 -0.33357833901069378 2.5231740842442751 3.8164734594003771 146 193 113 0.26620803932503917 5 169 7 161 8 354 9 220 10 327 11 196 12 332
6142 -0.81527593888254068 2.2117875618023684 3.9183402131771827 80 153 78 0.18761491863543367 4 205 7 170 8 216
6143 -0.81355185481333869 2.2512356657142045 3.9822868497941459 174 190 121 0.096185059350436294 5 195 7 190
6145 -0.86266301630413667 2.894347660882417 2.3668158268226294 248 250 230 0.49398267734831025 5 216 7 209 9 5
6146 -0.064345629539459825 2.78996950070727 2.6637064128421191 88 156 81 0.18880970855704524 6 15 7 232 8 25 9 29 12 72
6147 -0.10216051523175368 2.8197308440257913 2.7220579469411712 172 183 114 0.40894870278313372 6 234 7 233 8 260 9 263 10 221 13 273 14 245
6148 -1.3778565281795141 2.9899311580693393 2.9441371878765525 104 205 104 0.14036362482206893 6 240 7 243 8 263 9 259 10 211
6149 -1.6223282938900172 2.8620757781273407 3.0043317845248998 110 216 112 0.76875181715026908 4 519 7 246 8 267
6150 -1.2735456381612331 2.8145359003937895 3.0663169487841735 176 203 125 0.34465139837926029 5 243 7 253 9 274
6151 -1.3949422152187483 2.730346773255063 3.1094166539125863 98 190 97 0.1465316794328724 6 252 7 255 9 275 8 273 10 215
6152 -1.416058441758423 2.6630760269625218 3.1536168506645277 95 185 95 0.13392729555021723 6 261 7 256 8 274 9 276 10 231 11 35
6153 -1.8357030669254093 2.650211655216931 3.247615562560263 221 233 152 0.1911651522222948 6 270 7 259 8 67
6156 -0.24850561590870349 2.6276934811811783 3.0889824517812818 170 190 117 0.22560296366932608 6 57 7 273 8 92 9 101 10 252 11 140 12 279 21 277 20 279 13 287 14 262 15 241 16 286 17 268 18 250
6158 -0.97440155633474057 2.6392240208541051 3.2497612214836877 79 154 76 0.02994093691416377 6 276 7 279 8 294
6159 -0.91881864225488452 2.6263906389970151 3.2943183864580878 75 146 72 0.19860392107347041 2 310 7 280
6161 -1.6831951555362696 2.3332239187418762 3.4722793420535396 214 219 145 0.077966300785522455 6 305 7 288 8 302
6163 -1.281252617170997 1.981815499714572 3.7024109035861335 166 133 98 0.11379384117058641 5 317 7 324 8 179 9 169
6164 -0.35347649998776565 2.2514753861866463 3.6755737168160163 255 251 237 0.052491335250940574 6 330 7 330
6165 -1.4607220718083735 2.1072834908424354 3.8343079517378169 179 148 111 0.047873074899816993 2 506 7 337 8 332
6166 -1.540512032155652 2.1392272530800414 3.905079551534802 117 217 112 1.4627281236611502 6 442 7 339 8 183 9 350 10 146
6168 -1.1180287059586045 2.972925081581947 2.9833835531349604 201 212 137 0.087083229532103915 6 370 7 370 8 386
6169 -0.15324364540763225 3.2011084763091802 2.9031417319038768 254 251 241 0.03012146429159053 6 474 7 373
6170 -1.0813430437588099 1.7114367322276267 3.2582201150223842 255 255 255 0.080934875963754191 6 395 7 396 8 416
6171 -0.94889796823218564 1.7234638219054903 3.3075352664397695 172 140 103 0.17120652653490084 6 393 7 407 8 413 9 412 11 114
6172 -0.21050213063106893 2.9109888693272503 3.5481472341538858 202 214 139 0.87104745376828552 6 308 7 423 8 504 10 501 9 519 11 514 12 507 13 505 14 477 15 449 16 472
6173 -1.0933661554939367 2.2443791868695753 3.6317860243468836 204 203 134 0.0050650618058457417 6 412 7 430
6174 -1.1410896019605763 2.2568021723938121 3.6320766425699405 63 122 58 0.030829684703597815 6 414 7 432
6175 -1.5040701507007037 2.1093226624966475 3.7218154201009774 58 107 51 0.26363332437820808 6 415 7 434 8 325 9 147
6176 -0.8261527492672609 2.265601490999765 3.7585419230203732 59 113 55 0.10085273963721687 4 447 6 423 7 438 8 444 9 444 10 389
6178 -1.3555679632706277 2.1099540151707217 3.8980213915531219 123 173 96 0.18635596313002134 6 441 7 443 8 352 11 160
6179 -0.70653872932793782 2.2824097067346742 3.8020156616321019 192 192 126 0.10175042227239812 5 435 6 435 7 452 8 446 9 442 10 402
6180 -0.62742693161576246 2.4054966405359957 4.2294737067923931 0 0 0 0.158149614468508 5 529 7 461
6182 -0.71806490336228945 1.6734562306884462 3.2442675831208838 66 124 62 0.14137215868922701 3 542 6 494 7 494
6183 -1.0874553858059683 2.0957097016303869 3.8361569464070109 183 187 122 0.16225074309434714 6 515 7 510 8 511 9 518 11 404 12 395 13 390 14 281
6185 -1.1487116765296168 2.1167591318040899 3.8963806103028262 89 170 87 0.11134017689524751 6 516 7 516 8 448 9 446 10 396 11 310 12 160
6186 -0.57339219034964395 1.8499571985369072 3.9709294528388086 1 1 1 1.3502217341956992 37 841 7 527
6187 -0.43732901946664676 2.3748173743341789 4.1679640543013505 149 118 85 0.10497103957180706 6 530 7 529 8 529 9 536 10 465
6188 0.2654030668428165 1.6979326305990652 2.2266037640690484 185 155 118 0.3746840184570332 6 462 7 533 8 534
6189 0.1954771789326531 1.9990699992501746 2.6201246036665129 109 160 84 0.10791909090371368 25 528 7 541
6190 -1.0922772194825352 2.8103526827368324 3.055795865130881 91 180 91 0.42278155777068349 5 544 7 545 8 547
6191 -0.17393615099777299 3.3109355225752051 3.1547334664247297 255 252 242 1.3376376184380467 5 478 7 550 9 561
6192 -1.2323942281540234 2.5182471271318332 3.3027252965607241 77 150 74 0.37181856932852336 6 555 7 552 8 554 9 594
6193 -0.30564696559582072 2.9058383369231309 3.3429160032100431 82 162 82 1.9498820456988184 6 492 7 556 8 558 9 564 10 494 11 509 12 506 13 488 14 474 16 482 17 462 18 470
6194 -2.0286053559444359 2.6742005598402798 4.4663128123655103 1 1 1 0.60240214726802832 6 601 7 572 9 576 10 503 5 530
6196 0.24133008878776513 1.6152641750588437 2.2631983808290315 72 48 28 0.25248439665442968 6 577 7 578 8 573
6197 -0.17946034277471695 2.9326133338208087 2.9307560311239422 130 171 96 0.57457097871234986 6 542 7 585 9 615
6198 -0.85775625768112351 1.7355170519242575 3.2502793536866146 110 157 88 0.26917886702610527 6 593 7 595 8 593 9 595
6199 -0.368988755832029 3.5087551227273046 3.92214323644748 1 1 1 1.152449824690764 6 508 7 598
6200 0.23913803613135182 1.6626798878060063 2.3309278836187994 255 251 241 0.51427600693471887 6 578 7 605 8 639 9 631
6201 -1.037116655180002 2.1352418791174945 3.8339419541408204 62 116 58 0.66146067205453918 5 649 7 625 8 633 9 627 10 557 11 559 12 528
6202 -1.8136582999848507 2.7220083754707667 4.3824905925618527 0 0 0 1.1141771382138934 6 644 7 632
6203 -1.8555226387108197 2.7110550115357412 3.2218533248985821 190 227 138 0.38747707168106532 5 615 6 615 7 636 8 615
6204 -0.46460860355475203 2.0404202467716677 3.5700573642208382 80 125 65 1.6426652143411309 6 660 7 647 8 629
6206 -1.7648259168665108 2.3450034526422465 3.4967237314055701 220 228 151 0.90341936296041114 6 651 7 660 8 659 9 647 10 571
6207 -2.8448616837700498 3.6710428746214694 4.0570412993034255 171 204 124 0.65273574295809444 25 648 7 661
6208 -0.21430881111235595 3.2029126809189088 3.0743536005908467 246 246 231 1.7259164993099398 7 673 8 675 9 668 10 602 11 610 12 577 13 571 6 665
6209 -0.52061895689725812 2.4869252300195148 4.1415033499974889 255 252 241 0.96906097172474648 5 688 6 687 7 697 8 698 9 691
6210 -0.38599234038981589 3.3772131226704638 4.3243659814734867 1 1 1 1.5058667040985381 6 689 7 699 8 702 14 550 15 513 16 540 18 523
6211 -0.24770941965819765 4.4412919385790506 3.0526600505065264 1 1 1 1.4514279349882147 6 684 7 700
6212 -0.86065264827908994 2.7542346078934767 3.4452167236805953 0 0 0 1.968392800382696 6 690 58 983 59 904
6214 -1.0623058085590136 2.805331477539617 3.1072304711609657 176 190 120 0.19316311396909924 3 298 6 259 7 43 32 379 34 435
6215 -0.95951603761657278 3.2204341481071044 2.8261904559691451 134 183 100 2.2073960544681674 5 225 6 31 7 25 55 635 56 626 57 578 58 539 60 306 1 274 61 278 61 280 2 268
6216 -0.88055464508199566 2.7695847597183221 3.192266331186191 57 102 52 0.10187404860865307 4 55 5 52 7 55 33 149 35 162 32 133
6218 0.066310691047765824 2.2998585287897351 2.4566555814265394 97 170 85 1.2144490630776659 6 604 7 654
6219 -0.021585289213983117 2.5820145973123227 2.4858359389675777 77 154 73 0.098969291801597234 7 6 8 13 9 20
6220 -0.084011987377788699 2.6568418824161326 2.5909520822500678 85 163 79 0.29738121671811935 7 11 8 15 9 27 10 32 11 40 12 45 13 39 14 61 15 31
6221 -1.5457060245582106 3.2759247620131093 2.806874849781591 183 224 136 0.2261266875400271 7 13 8 20 9 23
6222 -1.6111669253411816 3.2183523588581453 2.8534186214764117 186 224 136 0.14787176132603053 7 14 8 21 9 24
6223 -1.707434915541497 3.2537267368381428 2.90181576685023 152 227 126 0.0032037883943229623 7 15 8 22
6224 -0.19613653055017452 2.6841235634381748 2.7509051092680892 89 178 88 0.079533244551184865 7 18 8 28 9 265 10 223
6225 -0.19174656095678269 2.6731248346946841 2.7494142956638341 89 178 88 0.0044281242223678276 7 19 8 29
6226 -1.1448660409341511 3.1106833462237802 2.9208739530540484 97 191 97 0.30161944303173682 6 34 8 35
6227 -1.2060098662797047 2.971847611732354 2.9703274890197546 205 216 140 0.1510022111522919 7 30 8 38
6228 -0.14427861134668338 2.8651448511585733 2.7957484273485895 72 144 68 0.22302124811953497 7 17 8 43 9 41 10 79 11 72 12 108 13 88 14 81
6229 -0.11391094899657009 2.9300162885571832 2.8187207177567544 82 157 77 0.23210593024284823 7 34 8 44 9 75 10 80 11 75 13 86 15 72 17 100
6230 -0.20424137654017266 2.264177267970986 2.80843744484861 0 0 0 0.10799080329955565 37 77 38 73
6231 -1.0825043566044903 2.9733721488200779 2.9981257571278501 97 187 94 0.022842084399364453 7 40 8 53
6234 -1.1861067061780257 2.7598711680289889 3.1105313739828659 93 178 90 0.092008861747976428 6 251 7 254 8 58 9 63
6235 -1.4871577792855124 2.6738894857205033 3.1478324922587215 99 192 99 0.17171188341376104 7 45 8 64 10 216 9 277 11 33
6236 -0.17572578708031023 2.9057626953107643 2.9821324790491044 204 219 187 0.29186497607569645 6 40 8 68 9 96 10 250 12 275 13 106 14 283 15 257 17 266
6237 -0.24473622638056805 2.5724571909856788 2.9833047842282432 191 200 129 0.075026278557605283 7 50 8 69
6238 -0.24473622638056805 2.5724571909856788 2.9833047842282432 191 200 129 0.075026278557605283 7 51 8 70
6239 -0.9280653590918424 2.8352545374054521 3.1299933150845645 89 173 86 0.078336711392562347 36 190 8 71
6240 -1.0772554851701541 2.6527553146767153 3.2216029409726317 84 163 81 0.068081574973023098 7 57 8 76 9 84
6241 -0.27190892086675944 2.463827539644559 3.0548770970938293 93 187 93 0.35031203548329887 7 53 8 93 9 304 10 253 11 258 12 375 13 385 14 358 15 346 16 369 18 343
6243 -0.25598047580932082 2.5528998361901682 3.1552816187706956 173 184 117 0.05914476065451231 6 74 8 96
6244 -0.28589878801867863 2.4061781695264042 3.1075709322045038 91 180 91 0.22420805960919671 7 64 8 97 9 306 10 254 11 271 12 282 14 267 13 291 15 244 16 274 20 251 17 255 18 344 19 355
6245 -1.6247815091494888 2.3378659356991878 3.3999161102099262 0 0 0 0.14136088936195704 1 153 2 141 61 157
6246 -0.89872866894287795 2.6753444845123342 3.2491374399570239 101 159 84 0.033519063869199651 6 79 8 102
6247 -1.0429293062884963 2.5799783347798999 3.2852483717489971 79 149 73 0.11180576322839418 7 70 8 105 6 84 9 113
6248 -1.2589931522975828 2.4911676985052371 3.3249152784850144 205 206 137 0.11355308193390842 7 71 8 108 9 88 10 92 11 94
6251 -0.27256765813672135 2.4733596206504553 3.2965215178744534 93 149 82 0.22103592208248213 7 89 8 140 9 157 11 286 12 144 13 135 14 286 16 107
6252 -0.34419842992318317 3.937067878227285 3.8923908513598833 1 1 1 0.3647317728513027 7 143 8 184
6253 -0.40144775878038541 2.5489980260839253 3.7030743431127058 170 173 112 0.10333826475684703 7 150 8 191 9 200 10 316
6254 -0.31170387747985978 2.6363641479565172 3.8213844454548114 196 207 135 0.093799819807152435 7 160 8 208 9 369 10 325
6255 -2.0548639685067802 2.7576638681271985 4.5193884640179158 0 0 0 0.56019689289087649 6 351 8 224
6257 -0.40129363875993468 2.4945377903943147 4.2464896469532345 182 152 117 0.068284163650487756 7 196 8 233
6262 0.097423608721301014 2.4748338429781356 2.3200985847705491 188 191 123 0.14872095167130048 7 211 8 241 9 242
6263 0.03119298722657815 2.4402878164609771 2.3857662659790257 159 185 111 0.03495083854410258 7 212 8 248
6264 -0.0020085230688006162 2.5763003273620302 2.4585504136379916 77 156 73 0.14405829281293281 7 221 8 249 9 248 10 203 11 221
6265 -1.3753961707565823 2.9868306817490167 2.9442585139967163 106 205 106 0.063149520762059999 7 244 8 264 9 258 10 212
6266 -1.2643901447435648 2.8080455446684267 3.0641192784147862 174 207 126 0.46786481795862284 4 275 5 244 7 252 8 272 3 300
6268 -0.22821105223640353 2.72309590498794 2.9117031042380548 86 173 85 0.27550638035842084 7 38 8 279 9 282 10 237 11 386 12 372 13 375 14 351 15 342 16 266 17 346 18 232
6269 -1.0615654996176098 2.7454294920316857 3.1596214368929361 177 198 123 0.11923339524287463 5 250 8 285
6270 -0.37367977104011579 1.7763485111380297 3.3019744827027724 168 135 97 0.078906579928695167 7 311 8 322 9 425
6271 -1.39114680589951 2.070450268546403 3.8173031733799614 254 252 243 0.17157413219936338 7 444 8 333 9 171
6272 -1.2924309507025218 2.0576342930910672 3.8481571272738697 255 255 253 0.091316670232524891 7 335 8 350 9 189
6273 -0.92385409433746135 2.1730580042180492 3.8867835570727576 195 199 131 0.24816453436798136 7 172 8 358
6274 -1.0987222187130299 2.1539591087400369 3.9459250794532381 92 180 93 0.17403660541031996 2 370 8 362
6275 -1.3666462907090482 2.2285224314351892 4.0546187749081684 255 255 255 0.43847913584779363 60 433 8 363 9 366 11 312 12 161
6277 -0.22361644974493095 2.6300043468130392 2.8466007166717753 175 201 122 0.083996410868692237 7 375 8 392 9 492
6279 -0.22911939761472777 2.6470772003691572 2.9322374810171845 196 198 130 0.064456750848817718 7 377 8 396 9 397 10 359
6280 -1.2096027722298939 2.6025092881828549 3.2283885340957283 84 165 82 0.10535896080959256 6 377 8 399 9 402
6281 -1.2066152528063612 2.5505808787357949 3.2749986476945523 216 214 143 0.08326694933312502 7 389 8 401 9 291 10 242
6282 -0.28938577850076402 3.1120556265778796 3.2038657951884937 87 171 86 0.69864708374485074 7 271 8 403 9 416
6283 -1.0244471755596629 1.7325149697613065 3.3233258472162173 255 255 254 0.43599877047840413 7 498 8 418 9 413 10 248 11 115
6284 -0.29672756940994444 3.0521291373433042 3.2407959450240802 85 167 84 0.66984596373163574 7 272 8 420 10 491
6285 -0.38939480359205059 2.4687321126744086 3.7776694635110686 59 115 56 0.026560278822465495 7 446 8 452
6286 0.048123896013231748 2.5770107218097316 2.4255104864384438 124 162 90 0.097405950394194654 7 467 8 472 9 476
6287 -1.0646043038631576 2.9575733137527638 3.0398772191252315 178 202 125 0.26946229837152524 7 477 8 482
6288 -0.21992939093041619 2.7108899012035503 3.0078171406066048 150 177 105 0.34688956527447684 6 373 8 483 9 499 10 434 11 462 14 409
6289 -0.2336527620753249 2.4971386017444748 2.9299853437446282 172 201 122 0.26724836176037464 7 378 8 484 9 494
6290 -0.92355573297325644 1.6983356658252089 3.2563900439046782 255 255 255 0.30121032213037841 7 554 8 488 9 503 10 432 11 459 12 364 13 361
6292 -0.23086933874232507 2.8971999355266309 3.5023774149139948 158 171 107 0.19127711508923162 7 422 8 503 9 514
6295 -0.31285806545068023 4.144286213232407 4.0798221635578837 250 246 230 0.017419014586926837 6 507 8 513
6296 -1.3667249804830801 2.2985269419345236 4.1019172752174962 255 255 255 0.36775541893148372 7 517 8 518 9 525
6297 -1.3667249804830801 2.2985269419345236 4.1019172752174962 255 255 255 0.36775541893148372 7 518 8 519 9 524
6298 -0.65449092874345038 2.3313927621709145 4.0575954279395683 100 199 102 0.32439281760267624 7 526 8 524 9 462 10 415 11 352
6303 -1.2496888773225969 3.1599430913364772 2.8667497917747147 187 212 133 0.084080652771343106 7 540 8 542
6304 -0.23403772061483213 2.597944266523228 2.9546075474233735 87 175 87 1.5028641119868706 7 479 8 551 9 493 9 554 10 429 11 505 12 468 13 476
6306 -1.0232474710881123 1.7519291753227459 3.3471008561382525 255 255 255 0.43721835105785517 7 560 8 557 9 560
6307 -0.32050879904772034 2.6095177656558342 3.8100668114637295 136 195 110 0.14355475123016806 7 568 8 565 9 574
6308 -0.39673136687482735 4.1382920374150718 4.1458811321250844 253 250 239 0.37062892949978177 7 600 8 566
6309 -0.39673136687482735 4.1382920374150718 4.1458811321250844 253 250 239 0.37062892949978177 7 601 8 567
6311 -0.096505963223897318 3.021366723263927 2.7916040979863475 252 250 238 0.33221527623146524 6 540 8 580
6312 -0.41288811020534638 2.5766163622445979 3.6266487478957741 62 121 60 1.3344134781044523 7 566 8 602 10 558 11 560 12 529 13 520 14 495 15 458 16 483 20 500 17 463 18 469
6313 -1.3309211080367949 2.5145985130545458 3.2972150049646278 81 157 79 0.15416279590377668 7 617 8 619 9 616 10 544
6315 -1.0258275294766446 2.1912933253684694 3.3015323850964244 157 199 116 0.69623063996321166 7 594 8 624 9 638
6316 -0.2293534750209078 2.5871950868221423 3.2996626468155932 253 250 239 1.0354161980383234 7 639 8 648 9 653 10 583 11 600 12 566 19 514 13 559
6318 -2.2149378798113344 3.5669914446797208 4.0917525430805632 0 0 0 0.19350342415190935 7 667 25 652
6319 -1.5995075047064171 2.2268331524267975 3.8017760750030583 166 145 104 0.3076123814085201 6 661 7 668 8 667 9 658
6321 -0.97648962207155621 2.2255956256811849 3.7002674530688293 59 117 56 0.80100433032467144 7 666 8 669 9 659 10 576 11 555
6322 -0.57243512212471881 2.4125775352348748 4.16743848117639 255 255 255 0.14526534833589486 7 671 8 671 9 666
6325 -0.27511495606402442 3.5750478361807856 3.5499906168528694 251 248 236 1.0431044532589244 7 674 8 688 9 680 10 605 11 611
6327 -0.25463585498631652 1.8835783055267705 3.4367167374818552 255 255 248 1.3009397027355154 7 692 8 692 9 689
6328 -0.5518614107589439 2.0135479050001623 3.6832936011877235 174 179 115 0.82250480540776327 7 695 8 696 9 687 10 607 11 605
6329 -0.83781712389394514 2.5807081394959184 3.3924536236056397 0 0 0 3.6820354162817925 5 692 57 1034
6331 -1.3345520910834541 2.0858164278122802 3.8765097063562775 95 166 87 1.1389986304361055 56 545 58 274 59 264 60 240 1 229 61 234 8 351 6 440 7 442 11 159
6332 0.39692126664135025 1.6252325413341013 2.1662831823571036 127 127 127 0.10858313716626006 7 682 25 665
6333 -1.6771701600719817 2.2005732966546021 3.906057608473176 143 195 110 1.1146071222771514 54 811 57 776 58 748 59 586 1 514 61 520 4 475 5 444 8 441 6 510 7 511 9 338
6335 -0.076628406566843721 1.7247261243496326 3.3170002328265822 98 154 80 3.5666756321705924 7 562 8 506
6336 0.03757615201846104 2.4923436759655786 2.3568488942027814 175 188 117 0.14575315973283379 8 7 9 7 10 11 11 7
6337 0.20269681825780955 1.6116611187184715 2.3447193254421053 255 255 242 0.1932625345395978 8 5 9 15 10 10 13 6
6338 -0.025130643845459599 2.5890493240278363 2.4858798365388282 75 156 72 0.011560616752138778 8 12 9 19
6339 -0.077779614119433127 2.6891359133580015 2.6012911677925517 175 185 117 0.15536641931500464 8 14 9 26 12 44
6340 -0.072972187365934194 2.7713879439696609 2.6485055228806669 183 189 120 0.13534377562892105 8 24 9 28 10 46 11 42 12 73
6341 -1.4010419768490443 2.8192844248048985 3.0472858250943378 221 223 150 0.078470981886805083 8 39 9 37 10 41
6343 -0.11110414996061221 2.9034194294791753 2.7925436537491204 191 193 129 0.1518370473821975 8 42 9 40 11 74 13 84
6344 -0.1962503611632605 2.7120717521310058 2.7958126723614547 85 169 83 0.1650113663748263 8 45 9 44 10 50 11 250 12 247 13 275 14 247 15 222
6346 -1.1660232482848272 2.7918749526406326 3.1128970711073323 94 178 90 0.192332657248727 8 57 9 62
6347 -1.453442112069615 2.6623595009151151 3.1613830307471127 188 210 133 0.13913133873224198 8 61 9 64
6348 -1.3826807057548649 2.5512053617388157 3.2506987432966716 217 217 146 0.096783612225755905 8 78 9 67 10 73 11 60
6349 -1.0588836924090137 2.7167518373288195 3.1782024907583546 85 166 82 0.10814752577440842 5 54 9 80
6351 -1.2607773960955837 2.4930171056963073 3.3252063684349684 211 210 141 0.09371092911417285 8 109 9 89 10 93 11 95
6352 -1.2282081190987602 2.4891358797492282 3.3321674814082423 80 151 75 0.094479917454289575 8 106 9 90 11 96
6353 -1.2282081190987602 2.4891358797492282 3.3321674814082423 80 151 75 0.094479917454289575 8 107 9 91 11 97
6355 -0.26124557785488778 2.5657089048952932 3.0156985369234053 197 199 132 0.17048378692555863 7 52 9 100 10 251 11 257 12 267 13 277
6356 -0.27458303729936784 2.5084254461556048 3.1140032397633908 77 153 75 0.23452765237288187 8 95 9 104 18 238
6358 -0.29014270686396731 2.4172643637728788 3.1417138686320039 152 186 111 0.16827980429844078 8 98 9 106 11 143 12 283 13 292 14 268 15 245 16 276 17 258 18 241
6360 -1.0605986628130759 1.7639970918032124 3.3073135770060791 185 156 119 0.60963108128346277 8 300 9 122 10 98 11 110
6361 -0.25927057720817281 3.171201017613885 3.2684328015545083 97 163 86 0.19027249031140978 8 119 9 128 11 282 12 301 20 311 19 294 13 306 16 301
6362 -0.23866542152265063 2.6252753811188505 3.2043792138826568 206 222 188 0.22590014158139973 8 121 9 131 10 119 11 150 19 118 14 285
6364 -0.29491777712065659 2.2597675755311899 3.1418829386342715 189 199 129 0.040687426813988514 8 99 9 134 10 123 11 145
6365 -0.28260550438348392 2.9999530448531173 3.358468617950412 194 197 129 0.19231400519778813 8 137 9 153 23 172 24 170
6367 -1.2915559967989669 1.99418859565839 3.7076688886244269 166 134 99 0.096076442914575788 8 178 9 168
6368 -0.31739767646227535 1.8401270274158084 3.4593533126533975 255 255 255 0.079096024243890645 6 149 9 183
6369 -0.81741629289473172 2.3097827786851455 3.6895564254291733 64 117 58 0.018853366603902997 7 135 9 186
6370 -0.226973438611871 2.877579853697557 3.6176724805249107 99 194 100 0.48566158226595751 8 187 9 193 10 166 11 181 12 328 13 329 14 308 15 298 16 393 20 393 18 360 21 333
6371 -0.24300555547711716 2.9579517121009768 3.6310940174070314 193 208 133 0.19267686986709137 8 185 9 194 10 309 11 337 12 327
6373 -0.77439379465533875 2.3492342764233642 3.7427886500881455 67 119 59 1.2906522587076292 3 171 9 205 4 163 10 157 20 101
6374 -0.35029279778647032 2.5129985633594614 3.7642228469935408 178 179 116 0.1377956066988012 4 148 9 215 10 183 11 193 12 198 13 196 14 182 18 134
6377 -0.38378089569268842 2.5206598625905747 3.9811674560945378 121 195 109 0.20250483758696664 8 226 9 230 10 333 11 201 12 340 13 339 14 318 15 302 16 170
6379 -0.17354336965543971 2.6322896405338421 2.6939520121523897 91 180 89 0.093063377871556066 8 27 9 253 10 222 11 231 13 251
6381 -1.6575078962924061 2.6622212699907069 3.1836188771185268 107 208 107 0.13668710600735781 8 275 9 262 10 218 11 227
6382 -0.16228549014236041 2.8857129629195071 2.8281816523955023 71 144 69 0.050589461775280072 7 35 9 267 11 249
6383 -1.1174788435181087 2.5691540477606432 3.2914664993907494 183 195 124 0.082114670846248017 7 281 9 289
6384 -1.4597951315315703 2.4943403687695151 3.3033138705723903 218 221 147 0.077913451450980178 7 268 8 287 9 292 10 234 11 242 12 239
6385 -0.20219444025219829 2.7362117243492365 3.0936242004828429 201 222 183 0.22644764900225511 7 270 9 302 10 264 11 267 15 354 17 269
6387 -0.28767004288853609 3.2795923367316053 3.1716901089450249 238 243 210 0.16310442436714875 8 289 9 310 10 115
6388 -0.21472802885069284 2.7117932694620661 3.1209538190152677 204 221 185 0.31926850369753068 8 90 9 312 10 266 11 268 12 278 14 284 15 259 16 287 17 107 18 252
6390 -0.29657879371846296 2.4639203101490073 3.1680977320441746 77 154 75 0.033710540193887674 8 291 9 314 10 270
6393 -0.27950039247983 2.4401871925872229 3.346141187416011 206 224 187 0.2077790716265818 7 306 9 331 11 287
6394 -0.27684329898756543 2.3852386507599888 3.3581422002050116 197 221 181 0.33711557489575872 8 142 9 332 11 289 12 145 13 299 14 123 15 263 16 290 17 273 18 255
6395 -1.4454565204893204 2.0555002720551401 3.7494860021925405 182 152 115 0.50763670211567746 8 150 9 337 10 131
6396 -0.1985994572493201 3.5633438071998915 3.4707055805773357 179 148 112 0.19277018741474219 8 315 9 339 10 293 11 420
6398 -0.31830802511546724 1.8496780380565805 3.4856573735962799 129 154 91 0.36593996300582743 7 129 9 344
6399 -1.0838783540654569 2.1529716365961633 3.7832035436504183 178 180 117 0.22754396467380517 1 377 8 176 61 382 9 346
6403 -0.79315936530921427 1.6777180512427299 3.2283826358606684 79 151 77 0.037965130955492893 7 392 8 411 9 410
6404 -1.0361853924740498 1.7459243218321165 3.3276142136333164 255 255 252 0.08966238726194177 8 417 9 414 10 247
6405 -1.229916632298627 2.1393772848425372 3.6912983080531863 98 137 67 0.7440661065152353 8 149 9 427 10 377
6408 -0.42601527026503705 2.4078633994131544 4.1447543677933236 255 253 247 0.29433866938258069 8 467 9 463 11 431 12 412 13 421 14 388 15 382 16 396 17 372 18 362
6410 -0.59180968873557172 2.5452660587937972 4.4065225834578436 255 255 254 0.87996381175491833 7 575 8 531 9 466
6412 0.27084686254048401 1.7859440459835099 2.2008381934835901 255 251 241 0.2759841867478624 8 471 9 472 10 473 11 491 12 456 14 438 15 424
6413 -0.086132686955718518 2.6872142491675257 2.6164123577397556 178 188 118 0.50054231069256383 8 476 9 481 11 370 8 382 12 354 13 363 14 225 15 330 16 241 17 229 18 219 19 98
6414 -0.1516132080554046 2.4598804886574124 2.6515339784158494 160 199 116 0.58279340311529537 8 383 9 482 10 423 11 500 12 462 13 468 14 446
6415 -0.22055223632304838 2.6237035126364656 2.8458499465278879 174 197 121 0.10408564990351968 7 374 8 391 9 491 10 428 12 428
6417 -0.29256202558524591 3.0779741711959803 3.2970512865693338 184 193 123 0.33954451753274623 7 397 9 509 10 444 11 470 12 436 23 460 22 462 21 490 20 454 13 449 14 421 15 404 17 414 19 411
6418 -0.47976484963321031 3.776628813271905 3.8288551318320461 1 1 1 1.8916465218204068 8 336 9 520
6419 -0.44080577979155522 2.5160087061048295 4.3399981551629221 169 139 103 0.12699082115399313 8 530 9 537
6421 0.079023807735785045 2.5096820335964334 2.3571301307263308 107 157 82 0.3266791143660287 8 539 9 542 10 477 11 495 12 461 13 502 14 468 15 427 16 451 17 426
6424 -0.23967300597829402 2.5765465173826971 2.8936675084089112 91 183 91 0.0116283464487113 8 546 9 556
6425 -0.53438339188494799 3.4333332267980254 5.0026643760159173 0 0 0 2.8826794867122589 41 1102 49 1063
6426 -0.22146480099278934 3.780060297952855 3.5861872226540474 0 0 0 0.25127342451880147 6 497 8 560 9 566
6427 -0.24349325737017288 2.8581366702925775 3.701015416877012 137 199 112 0.31338087485174781 8 510 9 572 10 505 11 517
6433 0.095146281048418491 2.4677885038833289 2.2599803559151783 176 187 117 1.0312315997054369 8 609 9 606 10 535 11 538
6434 -1.8195434381448874 2.2390325670436466 3.8944322148666415 255 255 238 1.6055350590359836 7 646 8 652 6 639 9 623 11 553 10 552 12 503
6435 -0.017140777411026653 2.6271437398592195 2.4932592433400962 131 169 94 0.37035029178833029 8 640 9 632 10 569 11 571 12 536
6437 0.088543814974286983 2.3854139600354256 2.3320584519076046 137 179 102 1.4856265771816892 8 658 9 645 10 591 11 596 13 570 14 542 15 493 16 515 17 500 18 512
6438 -0.27333772074310969 3.1763978306062777 3.2464232546739966 149 179 105 0.42921437343080865 8 646 9 651 10 582 11 593
6441 -0.38984617367799529 2.1440214251286718 3.6576262798136581 255 252 242 1.0974246934372711 8 680 9 681 10 606 11 612 12 581
6442 -0.49632526858617954 2.448886533825569 4.1256390481897061 255 252 242 1.2420122665046984 8 699 9 690 11 617 12 584 13 579 14 549
6443 -1.8397107785800006 2.5890919532567818 4.1838947636758395 255 255 255 1.5926473691229281 8 701 9 692 7 698
6446 -0.22116618112318892 2.4674487441428949 2.8352883273927749 95 186 94 0.036440835393445087 8 48 9 51
6447 -1.204580283869914 2.61078510052113 3.2415573707698808 83 159 80 0.070467438794989901 8 77 9 85
6448 -0.22001538229761136 2.7122467983410377 3.0931815074024063 73 132 69 0.18726925999288987 8 89 9 99 10 117 11 139 12 277 21 278 20 129 19 262 13 286 14 121 15 93 16 284 17 106
6449 -0.39623810273572385 2.4434483911369078 4.0185346267350335 100 183 95 0.15803615531379733 8 232 9 232 11 202
6450 -0.2812011905179565 2.3438508562519909 3.1026399366520954 185 201 128 0.34789451777993569 8 292 9 305 10 366 11 390 12 386 13 387 14 411 16 432 17 402
6452 -0.1143439631250083 1.7211521104898928 3.115616305555597 203 224 183 0.25352146205768611 25 17 24 13 22 215 21 46
6453 -0.23452547439317709 1.8738864534808095 3.1709157336589398 82 161 77 0.14466270506898618 25 27 24 19 23 36 22 37
6455 -1.450407466718892 2.7426107759110754 3.1154289283561822 170 207 125 0.078831474967845164 25 51 24 41 23 46
6457 -1.3405287980596612 2.6888616836556802 3.1482457685570155 114 190 102 0.055148355395816341 25 56 24 47
6458 -1.2187263518870435 2.6039537442489213 3.22822502424488 91 176 89 0.04463619959653372 26 47 24 49 23 51
6461 -0.31622266509474439 2.0541484633494376 3.4372381758577193 74 148 69 0.099612163016243399 25 64 24 58 23 242 22 248 21 242 20 254 19 243
6462 -1.5343989366611812 2.9327305763755849 3.0084748377555672 99 193 99 0.0038310923720701936 25 67 24 64
6463 -1.4836252885367445 2.9381597736859648 3.0021879304797374 170 204 124 0.10299246656733674 26 88 24 66
6464 -1.1080666943432598 2.70444419151517 3.1773187406744889 84 165 83 0.069217196724363772 25 76 24 70 23 68
6465 -1.0632614680309889 2.7077083093368799 3.1798382182695706 84 161 81 0.14407374592657121 26 74 24 71 23 71
6466 -1.6596770327946586 3.1953463022397766 2.8897675280070283 168 202 121 0.0051584734974569162 25 86 24 81
6467 -0.99999180490539397 2.7767053711248666 3.1342965754230296 77 148 74 0.10890864766420563 25 96 24 91
6472 -1.0083555242886153 3.3831560556938998 2.665811613671174 160 130 96 0.10898269007178477 25 153 24 138 23 118 22 99
6473 -0.87547940434708615 3.2803052753445154 2.9022879751853798 63 122 60 0.036131934853701538 26 178 24 142 22 124
6475 -1.0974456750405601 3.1912308692985105 3.8793601829200282 252 249 238 0.15119512769663976 8 163 24 151
6476 -1.4865143280609874 3.2551256467988017 2.8144372575733572 0 0 0 0.0055271397123801361 36 299 39 361
6477 -1.0760125002290031 5.2146535948825576 4.2439464611462627 0 0 0 0.27832309210805051 8 337 50 403
6480 -0.2373101456251647 3.0692130760563305 3.3478209099472873 197 196 129 0.16412908177027272 25 198 24 195 23 189 11 163 22 183 21 187 20 174 19 166 13 149 14 149 15 129 16 132 18 140
6481 -1.3751644313717355 4.3127075291824113 5.2449156379909398 184 154 117 3.03916387689309 8 234 24 204
6483 -1.7540597030199572 2.2054850840391182 3.6523991574583361 190 220 136 0.073413308335995756 25 238 24 211 23 209
6484 -0.17932963319762998 1.7774789295579039 3.0882434390420568 75 154 72 0.097315899400718706 25 239 24 224 21 217 20 210
6486 -0.22242463135771212 1.8950031300971446 3.3102121412023595 94 153 88 0.1969042008125366 25 29 24 235 23 234 22 235 20 241 19 73
6487 -1.3434881936604921 2.5710761236849398 3.2726493842852342 174 205 126 0.035020163069989368 25 257 24 242
6488 -1.3434881936604921 2.5710761236849398 3.2726493842852342 174 205 126 0.035020163069989368 25 258 24 243
6489 -1.7012524668618045 3.0785192063275884 2.9469180903943331 173 205 125 0.19971236538348544 25 265 24 247 21 29
6491 -0.50612574702076074 2.8858801301297103 2.3317944262610864 84 160 82 0.14686933404938149 29 296 24 259 23 262
6494 -0.23395720813401083 2.6440197286230425 3.1874966740563431 105 168 93 0.2710205464500231 25 123 24 287 22 281 21 279 19 263 15 260
6495 -1.0850360352154971 3.6710103333542681 2.9904964172575945 251 248 239 0.10270573059062908 27 323 24 312 23 158 22 142
6496 -0.78962734278202396 3.5739511394068764 3.0395977910859409 122 192 122 0.36355433435179335 28 368 24 315 23 179 22 162
6499 -1.1789867356072146 2.7602437269213986 3.1137760274323045 87 169 85 0.15743114021313784 25 385 24 354 23 358 22 360
6500 -1.1557531698243071 2.8149733619387702 3.0806851596327411 211 210 141 0.098291247360155279 25 390 24 356 23 357 22 243
6501 -0.31319345696561385 2.2294956790399447 3.2483177439517958 208 213 138 0.027375721772972785 25 264 24 359 22 362
6502 -0.30722953377465306 2.229877259118676 3.239596174960222 208 213 138 0.063493640297186529 25 263 24 360 23 259
6503 -0.42287159351156378 2.4289836723919098 3.7102769993910982 76 147 73 0.65902437992566343 25 290 24 379 23 444 22 490
6504 -1.5213347112555744 3.6914573734011262 2.9165486817836812 254 251 241 0.30155795127980456 25 416 24 392 22 274
6506 -0.8644184538048898 3.5651114595810922 2.9646323030954189 165 200 122 0.094798533137091578 25 434 24 414 23 314 22 304 21 158
6510 -1.3884666331114401 2.5666178898611536 3.2674585175442559 189 209 133 0.25471692636005983 25 473 26 458 24 451 23 474
6511 0.28466963768373471 1.9524794533607901 2.6808817390626793 255 255 255 2.2556846025159567 7 368 24 454
6512 -1.2515563552522824 2.8029959311544541 3.0601494538473624 172 198 122 0.012695894234298359 25 476 24 459
6513 -0.25548593875927605 2.5469257894377324 3.1859300063242344 104 168 87 0.1344868168123137 25 491 24 467 12 473 11 507 23 440 22 445 21 445 20 451 19 433 13 482 14 450 15 433 16 455 17 432 18 424
6515 -1.444631206244388 3.7957100633863874 3.0766725195511619 235 233 219 0.031820481570813589 25 557 24 477
6516 -0.58524953083170894 2.8159104515239011 4.7628896794764524 1 1 1 0.47199335443108126 25 344 24 486 23 463 22 465
6517 -0.2161853081653114 3.5096254616507951 3.3281592567144189 143 112 80 0.022976736194364834 25 519 24 501 23 466 22 468
6518 -0.19361960458902236 3.5103625550763118 3.4831047805264714 255 255 255 0.27706882444678749 26 510 24 502
6521 -1.8209685674621086 2.3183211307049798 3.4541588262352092 0 0 0 0.97118675336400939 25 524 24 506 22 470
6522 -0.090754847090363966 1.6530694289186265 2.9999253054448403 106 159 82 0.14618891605441053 25 523 24 507 23 469 22 473 21 472 20 439 19 423 18 414
6523 -0.067282732595792316 2.7826660496118261 2.6744323178499703 96 154 77 0.5755239937382306 8 543 9 550 10 485 11 521 12 467 13 474 14 447 15 429 16 454 17 343 18 383
6524 -1.1717355572869212 2.8568961651969018 3.0579624306127871 84 165 83 0.32550966253872204 25 543 24 519 23 507 22 512
6525 -1.1717355572869212 2.8568961651969018 3.0579624306127871 84 165 83 0.32550966253872204 25 542 24 520 23 508 22 513
6527 -0.32362174066577171 3.6314339285943387 3.3670175108470661 254 251 241 1.2973160585469123 25 562 24 541 22 503 21 465 19 385
6529 -1.62164171796339 3.7433732880427688 2.8904861098003325 1 1 1 1.8461619979970998 25 590 24 569 23 535 25 618 22 541
6530 -0.51714751247989432 2.6274213497871282 4.5133537329205806 255 254 243 0.22353017297770009 25 589 24 571
6532 -1.5839280173704064 3.2115306677421347 2.844161020563468 176 205 127 1.1226160745740024 25 647 24 621 23 563 22 533
6533 -1.6738035735777823 2.1308100833836252 3.6138635091599625 159 206 121 1.0855897746425875 8 660 9 649 10 580 11 575
6534 -0.90286754091037746 3.2167194305358393 2.7781317001375228 62 124 59 1.5597174222587178 25 635 24 625 23 552
6537 -0.48215792423774112 2.5660136141016001 4.2804563585340558 252 249 237 1.2778593118523329 25 660 24 650 23 584 22 594 21 590 20 554 19 532
6540 -0.087525550558494702 2.9226202825538907 2.7540460128771107 255 255 253 2.3554317180485653 25 678 24 655 23 593
6542 -0.24011511362967766 2.7557429710051076 3.5966818600897175 75 144 71 0.21478890494079578 5 293 6 146 7 317 8 338 9 353 24 299 27 115 26 168 25 328 10 310 11 322 12 321 23 322 22 315 21 314 13 331
6543 -1.3872212823199173 4.2453165732875195 5.290905108376216 187 159 125 3.3013059207807078 8 235 24 205
6544 -1.5547841429046687 3.5632858659066495 2.7767091490895726 1 1 1 1.1948594509407067 24 470 22 442
6545 0.26703600668172683 1.7746326280662832 2.2006067919455958 254 250 239 0.30138788215464263 8 1 10 0 15 1 18 1
6546 0.23253356911146011 1.6164828252745411 2.4220867161789297 252 252 240 1.8135759593244307 7 8 10 23
6547 -0.21001945978023778 2.368643339181578 2.8211701994575704 94 184 93 0.13427214690589548 9 52 10 57 11 81
6548 -0.18050342977092904 2.2307502686560161 2.7523484237009224 94 185 93 0.094191733475256584 9 49 10 58
6549 -0.20885918749425006 2.1918720242054937 2.8154714047730609 93 185 93 0.0050416107014846882 9 54 10 60
6550 -0.19259202141062884 2.1678237178191675 2.8104808782964676 93 185 93 0.1508963366453395 9 55 10 61 11 237 12 251 13 368 14 344 15 327 16 356 17 329 18 205 19 207
6551 -1.488657717414051 2.61369267745162 3.2006756536315999 103 193 100 0.12219442366215177 9 68 10 71 11 36
6552 -1.488657717414051 2.61369267745162 3.2006756536315999 103 193 100 0.12219442366215177 9 69 10 72 11 37
6553 -0.21159206367871514 2.2171626247901628 2.8528954851251505 94 183 93 0.32070899926042779 9 56 10 84 11 253
6554 -0.27798799525272888 2.4041049247968447 3.0262839590335684 106 181 95 0.24740676778326254 9 102 10 103
6555 -0.26290400892761301 2.5464121252189491 3.1734785061178576 65 131 60 0.095633661053192084 9 130 10 121 11 142 12 122 13 112 15 95
6556 -0.28103520780034918 2.4678165760508883 3.1863056778728276 66 133 63 0.1722286275153164 9 132 10 122 11 144 12 123 22 109 21 132 20 116 19 109 13 113 14 270 15 248 16 277 17 259 18 243
6558 -0.26282764657574686 3.1751797772945052 3.2681481085496538 98 161 85 0.089708594055410151 8 118 10 136 11 281 13 307
6559 -0.29634172420217919 2.3863749886097874 3.273399992662597 168 180 114 0.082628995163650354 7 92 10 139
6560 -0.30436236373767644 2.2734643286018952 3.4536740953278251 196 216 180 0.073792391328489651 8 160 10 152
6561 -0.97320104790533812 2.14913919279818 3.8263069097195523 138 178 99 0.25320284709893909 6 343 10 162 11 173
6564 -1.4377170757155033 3.969052360854183 4.2063031106948277 176 177 115 0.35819959769961757 2 193 10 170
6565 -1.3970543921245608 3.9662143328759059 4.2242470121858151 62 117 58 0.8309442351756362 2 191 10 171
6566 -1.3970543921245608 3.9662143328759059 4.2242470121858151 62 117 58 0.8309442351756362 2 192 10 172
6567 -0.29839741586482799 2.56352641757845 3.7636589701027954 163 187 116 0.14932108738352934 9 214 10 184 11 192 12 199 20 168 19 151 13 194 14 186 15 157 16 168 17 141
6568 -0.94732632137186012 3.2293114403409975 4.1188348000809087 64 120 60 0.87839746048049783 37 273 10 186
6571 0.018617890758826194 2.4324209430158938 2.3739324191568278 82 167 80 0.38281140575161299 8 9 10 201 11 214 12 349 13 225 14 202
6573 -0.19732249727260343 2.4162258623656094 2.7933374605426384 200 203 134 0.1647544082317163 9 50 10 227 11 251 12 248 13 255 14 342 15 325 16 354 17 337 18 328
6574 -1.5509501265655659 2.5975086054983421 3.2100383081010309 202 219 141 0.16181274325150125 9 278 10 233
6575 -1.1465187086225992 2.4777353387652505 3.3509625681438515 77 145 72 0.060164335302145266 9 307 10 243
6578 -0.26539029181717222 3.2735094159503788 3.2236791503371931 85 167 80 0.2541423080097005 9 311 10 263 11 280 12 140 13 303 14 132 15 268 16 385
6579 -0.26416759958006991 2.5440858523577692 3.1218234976857882 149 177 105 0.2149320292400628 9 303 10 267 11 269 12 384 15 345
6581 -0.28566653725684082 2.3979645051378324 3.3320047555512016 59 124 55 0.25051156214943154 9 329 10 285 21 267 22 112 14 287 15 97
6582 -1.0999602653996181 2.1707328475351018 3.7543126707572707 113 144 82 0.057733816727877252 8 175 10 290
6583 -0.21658000178745515 3.1388753464227421 3.4973060157443778 166 210 125 0.5436528566336436 9 174 10 295 11 316 12 402 13 415
6584 -0.32415688637595697 2.2067680798803289 3.4822899410286889 80 131 66 0.18837694593687396 9 342 10 298 11 302 12 305 26 57 23 272 25 85 22 97 21 257 19 257 13 312 14 295 15 360 16 292 17 275 18 348
6585 -1.4627967343110004 2.2530828643505618 4.0582915729647171 255 255 255 0.14649326022387038 9 448 10 305
6586 -0.2205653812919906 2.8655835059893278 3.5789458657393771 155 201 118 0.29513542137283211 9 192 10 308 11 321 12 183 13 184 14 173 15 293 16 321
6587 -0.23797728667935106 2.7558286359840247 3.5970252444411455 60 117 56 0.1261518977442517 9 354 10 311 11 323 12 320 23 323 22 316 21 313 20 302 19 285 13 330 14 310 15 297 16 323 17 298 18 288
6588 -0.44783951894448737 2.5269672278850579 3.649864946687071 60 117 58 0.8015066942721486 9 199 10 314 11 327 12 403 22 135 21 280 20 377 19 363 13 409 14 423 15 407 16 437 17 411 18 354
6589 -0.25263167911037415 2.8337251786038666 3.6826583052646762 95 187 96 0.075409612283179328 9 357 10 319 11 339
6590 -0.27255044660255412 2.6309683673462856 3.6900764049385844 59 114 57 0.1435916616092637 7 328 10 322 11 425 22 151 19 287
6591 -0.26617547695676413 2.7163141823225345 3.7258397843224196 203 204 136 0.11837639437990273 8 206 10 323 11 342 12 330
6596 -0.12490361855263038 2.669908017616645 2.648676126922024 80 165 79 0.19008639955147921 9 251 10 354 11 371 12 355 13 364 14 339
6598 -0.30649667157127808 3.2374514442842197 3.2088995658725459 185 194 122 0.21691515554725269 9 415 10 372 11 399 12 389 13 394
6601 -1.2263730072258494 1.9430015336513864 3.6331225444741491 183 152 115 0.073013628725524707 9 428 10 379 11 266
6603 -0.32034974611654871 2.2682756165079945 3.2817296190141145 74 148 73 0.19039186351259618 9 330 10 381 11 402 12 391 20 361 19 346 13 398 14 362 15 350 16 374 17 350 18 346
6605 -1.1492358928969799 2.1174111713814727 3.8975635179103389 102 198 103 0.088268634262498466 9 447 10 395 11 311 12 159 13 142
6606 -0.35060816279514834 3.96982720522124 3.8974701952166124 0 0 0 0.1765727942482736 9 452 10 408
6608 -0.7473765398782376 2.2661659941179426 4.0138014684568271 156 210 122 0.50957880667151734 8 525 10 412 12 337
6609 -0.48168449081449793 3.9545528370804619 4.0228420928605173 247 244 233 1.8017887784154549 33 502 10 413
6610 -0.28415857704208403 2.2586910874930481 3.0763324966074705 166 195 119 0.48617817096247123 9 500 10 435 12 469 13 477
6612 -0.26328426903158469 1.720294466678852 3.293240466261302 152 124 85 0.1891745215805106 9 511 10 447 11 472
6613 -0.21844600028536468 3.0727340359248996 3.4622821394061258 131 199 111 0.05463949221339983 9 429 10 449
6614 -0.91981968579050744 2.160754074999339 3.8307728565898569 92 159 79 0.19553200494342526 9 522 10 451 11 478 12 439 13 445
6615 -0.57311783093293123 2.9668420689384036 4.536601782933551 0 0 0 2.5376742042836007 55 806 56 910
6620 0.17070200707836841 2.1822335088515428 2.0537134187744912 1 1 1 0.21239223442630523 9 539 10 469
6621 -0.13354604082899879 2.3468719026763467 2.6077094826831368 94 188 94 0.0029218352287562334 9 547 10 479
6623 -0.113101741597955 2.1974479021196416 2.6496276499377642 192 204 131 0.17524802498566636 9 483 10 481 11 497 12 463 13 470
6625 -0.50193174401513652 2.1893722446478678 3.8190619066274842 62 107 51 0.18980920439378268 9 599 10 507 11 427
6627 -0.20119730404184805 3.5102333052397103 3.2303584732376196 1 1 1 1.1568907848716772 8 491 9 621 10 527 11 554
6628 -0.18032012334943415 3.7175200458175346 3.5756401183764099 1 1 1 0.34837714294896499 9 624 10 529 11 530
6629 -0.16825653888190645 2.5233018610152671 2.7114419372775567 157 197 115 0.24624284446538364 9 610 10 538 11 573 12 537 13 530
6630 -0.19074124557730116 2.3407909534796585 2.7671872649518376 167 198 120 0.18355458680998729 9 590 10 539 11 543
6631 -1.9179865506728524 2.2017457247325631 3.9335335592867726 0 0 0 2.2474591235942709 4 681 5 651
6633 -1.6871889977894956 2.6812991068240342 4.4821485083172661 1 1 1 1.2566632421806203 9 662 10 588 11 563 12 490
6634 -0.18274828120601291 2.0839290862810151 3.2300977148952459 71 141 68 1.2520455054055157 9 671 10 603 11 615
6635 -1.0573304080949082 2.5220577654616654 4.5141462650348974 0 0 0 1.5041313875490812 9 693 10 614 11 618
6636 -0.21308414037200749 2.4662357869830083 2.7541672427586126 84 169 84 0.99501231060444095 8 477 9 551 10 486 39 1109 40 1090 41 1131
6638 -1.0569362170396364 1.7366181210261502 3.2711489492333548 153 153 153 1.4757700354124446 8 415 10 246 6 302 7 285 11 247 12 69 13 36
6639 0.098272246794209428 2.209189851702563 2.878023820271292 28 46 24 0.256308336336388 8 278 24 80
6640 -0.24550802265269811 2.9931964607212942 3.6653866223686848 100 190 99 0.1806504657666933 9 195 10 165 11 190 12 195 13 185 14 176 15 151 17 171 18 160
6641 -1.938043570731049 2.2914571465673399 3.8622079979340946 1 1 1 0.514933872095513 9 508 10 280
6642 -0.30716209683335616 2.8727635486090128 3.362126955275178 79 152 78 0.25451876134664164 9 155 10 283
6643 -0.16563952279196484 3.5357009167509199 3.4731829692210172 0 0 0 1.2872293007904525 24 430 25 453
6644 -0.57676490613882736 2.74457620436803 4.5544108439828985 185 155 117 0.45272976358199651 9 582 10 468
6645 -1.7086087286513083 4.3422249260420731 5.4279462817355615 185 155 117 2.7093592196063656 55 912 10 510
6646 0.22878372394201124 1.6471787936223616 2.2602773519498225 38 23 11 0.16027799745817858 10 3 11 2 12 1 13 3 14 5 15 175
6647 0.2314390481592577 1.6443514306834413 2.2604738800710864 38 23 11 0.16578946288227669 10 4 11 3 12 2
6648 0.058743863703640598 2.1932955982605442 2.2980105301483311 106 198 98 0.29297408663538177 10 7 11 5 12 213 13 218 14 197
6649 -0.012374329010954865 2.4737025292603754 2.4232903801042776 81 163 79 0.040731216274161049 10 14 11 8 13 18
6650 -0.013833929750470542 2.4760507781368335 2.4237338983865473 81 163 79 0.019707498471420712 10 15 11 9
6651 -0.13475074459727698 2.3035974868198692 2.6268744539569542 189 199 129 0.0096113392087946135 10 35 11 27
6653 -1.4880776332489409 2.6761188659263868 3.147548593586587 103 200 103 0.07953288190527627 7 46 11 34
6654 -0.18218921492045492 2.6246457234314393 2.670547375046564 149 186 108 0.046430017726870998 10 47 11 44
6655 1.1617816270037735 0.50602410405432929 2.3411244492546519 95 185 93 0.015993517297848106 10 34 11 51
6657 -1.4711043540668596 2.4602724749921254 3.3487270447992357 93 178 91 0.064577200132650767 10 94 11 65 12 62
6658 -0.19839701766398674 2.6977163072848334 2.7710949309994688 82 162 80 0.11902806190039747 10 49 11 77
6660 -0.22016100278891274 2.377356267230641 2.8584278003168824 91 178 90 0.12678187666718327 10 82 11 83 12 89 13 67 15 210
6662 -1.7650283239798656 2.1850712256148608 3.6881772685103749 176 206 125 0.29443061734742376 9 309 11 119 12 262
6663 -0.1897482592832207 2.872472097101431 2.9779574475320292 83 130 67 0.18756555219472529 6 41 9 298 10 249 11 120 7 49 21 167 13 105 14 259 17 357
6665 -0.24644056342819609 2.5854989109922708 2.9843589889281996 186 193 125 0.091012661926169802 10 102 11 122 12 110 13 90 14 100 15 75 16 91 17 88 18 79
6666 -0.29887216660814858 3.0551632428832884 3.1768413254374654 249 247 235 0.25842420584469661 10 118 11 137
6668 -0.74111379739099226 2.7422985910360751 3.5157220592229947 154 172 106 2.1911573240543429 51 246 11 151 12 295
6670 0.67379428545478404 1.26271647907595 2.9692311565268596 243 242 229 1.388205032529072 8 135 11 167
6672 -1.0513766622665459 2.2215070623516917 4.0258087700577594 124 218 126 0.25664029104902253 8 360 11 189
6674 -0.4297223376908979 2.4316845677190564 3.7891990114854432 62 118 58 0.1467791315719752 10 188 11 197 12 204 19 135 20 136 13 181 14 163 15 142 16 146 17 126 18 116
6676 -0.42992510141876611 2.5408911745977374 4.392778087054567 180 149 113 0.20087638084625059 10 195 11 208
6677 0.04889387691400271 2.539713039170354 2.3982010494677155 165 180 110 0.1033602892851095 7 218 11 213 12 221
6678 0.019457500347708045 2.4302710969070405 2.3730017855544823 81 163 80 0.44278315431674448 8 8 10 202 11 215 13 226
6680 -0.0857335656911698 2.7616629826064818 2.6730721528993162 77 154 73 0.24093183820852948 10 219 11 229 12 243 13 57 15 51 16 61
6681 -0.15396258866766435 2.7356632385909001 2.7241693823314863 76 154 74 0.21703221775593579 10 48 11 230 12 246 13 250 14 244
6682 0.63600308374776504 1.2226441737267775 2.4764804473021083 90 180 90 0.39203533323497958 9 252 11 234
6683 1.1517201429884176 0.53069592584872216 2.357206672180534 186 201 128 0.019901447987675902 10 225 11 235
6684 -0.16809914126617329 2.12159003594686 2.754374012646442 91 180 90 0.13936418142284651 10 228 11 236 12 236 13 243
6685 -1.4629515116930083 2.4969681803567281 3.3039116511898294 218 222 148 0.065306224033494537 10 235 11 243 12 240
6686 -1.7034286661301423 2.4936583809802189 3.3530691445290106 214 227 148 0.17939265127857798 10 357 11 244 12 230
6687 -1.0003556593904064 1.7000943736972232 3.2608775128133489 255 255 253 0.15330470169228019 10 245 11 246 12 68 13 35
6689 -0.22892610117811968 2.0966412953045364 2.9632089632351781 91 178 90 0.13625625289598686 10 238 11 254
6690 -0.97856668073570607 1.9213824775396131 3.4861152420878287 72 143 68 1.2376864475774267 10 376 11 263
6691 -0.8636409471141071 1.7014993219782342 3.3498824617583591 228 231 210 0.64172539468750522 10 369 11 264
6692 -0.33308530359361227 2.183062786776607 3.2760598961327974 82 159 79 0.12436984125104374 10 274 11 277 12 287 13 294 14 272
6693 -0.37491775275873856 3.0408333439680453 3.2597908994507643 249 247 235 0.80708323411608629 10 265 11 283 20 387 21 408 19 410
6694 -0.35755287479603454 2.9837978980232345 3.3085290565831831 79 154 78 0.69203320564455184 10 137 11 284 12 390 22 306 21 409 20 388 19 372 13 395 15 405 16 435 17 409 18 392
6695 -0.29066626978183391 2.3618977377722339 3.3532422952344794 57 115 52 0.12316120604563148 10 141 11 290 12 146 20 118 13 136 15 99 17 272
6696 -0.33835786317430722 2.1974364505091892 3.314441659680881 75 149 73 0.11157547323438553 10 286 11 291 12 296 13 301 14 273 15 252 16 280
6697 -0.31192501349236729 2.2311026182402505 3.4895600632293968 200 217 179 0.25427244117363623 10 297 11 301 15 264 18 259
6698 -1.3264793374996726 2.2340182698104001 4.0695292958756832 255 255 255 0.12037003594368496 10 404 11 313 12 310
6699 -0.22440187959628266 2.8240073387863087 3.5463747722336416 60 116 57 0.15038778706211708 24 311 11 320 12 318 23 321 22 317 21 310 20 300 19 300 13 320 14 305 15 295 16 391 17 297 18 286
6700 -0.35031628564860595 2.6698202451945963 3.5839014986634123 61 118 59 0.33912679439352822 10 313 11 324 12 322 21 292 23 155 20 288 19 272 13 323 15 278 16 307 17 285
6703 -0.40846918587110254 2.3382741482716543 3.5798278926542704 0 0 0 0.87197738059909069 2 125 3 143
6704 0.096648223267344291 2.3689693169782613 2.2638783082195464 97 175 87 0.20757930540473385 10 342 11 359 12 419 13 426
6705 0.082418974581288162 2.414139501703692 2.2929406129230441 183 191 121 0.49321541760083487 10 343 11 360 13 343 14 323 15 180 16 205 17 30
6706 -0.097015881300188178 2.3552161246302989 2.5002733342402021 175 195 121 0.14155781716305496 10 348 11 364 12 352
6707 -0.17208770651896232 2.4442381558316564 2.6847291474275763 90 180 90 0.089360442467159643 10 226 11 374 13 354
6709 -0.29719276169887754 2.0975679187661962 3.1472733813393634 100 177 91 0.17569203698407795 10 273 11 395 12 387
6710 -1.3156331568004058 2.1278489641592415 3.9004845159301689 179 217 132 0.47187177309681178 10 397 11 405 12 292 13 129
6711 -1.9177895267828398 2.4443906427216016 4.2144711119071809 255 254 247 0.25364838368544984 9 435 11 407
6714 0.60544500658877776 0.97180872451733169 3.134075558900554 255 255 255 0.11141113172012745 10 173 11 423
6716 -1.6966174572608956 3.1804286261877963 2.8385906353051462 0 0 0 0.095180713336532968 10 421 11 440
6717 -0.08652969108492381 2.8504975888565531 2.7441987188209538 130 169 98 0.1790895519827036 10 427 11 453 12 427 13 434 14 405 15 398 16 428
6718 -0.29419774956544897 3.0778523632463797 3.2948212122164922 191 197 127 0.23092606102015728 10 445 11 471 21 491 20 455
6719 -0.55324171624481377 3.8614855860831767 3.7619109297948916 0 0 0 1.5708049870461136 10 454 11 479
6721 -0.33676378517938405 2.4973378420342613 3.8392837627962133 161 187 115 0.40633289803954159 10 462 11 487 12 444 13 497 15 418 17 416
6722 -0.2639705272821069 2.4981090301015176 3.222907806439161 85 132 67 0.11281016604722752 10 442 11 510 12 478 22 446 21 442 20 447 19 434 13 483 14 451 15 434 16 456 17 433 18 425
6723 -1.0520916259060935 2.1999173813928001 3.99016258222357 107 210 109 0.39581702924172768 9 603 11 516 12 441 13 454
6725 -0.1686744052217391 2.3848827364716785 2.684785022343712 89 182 89 0.45212483372391377 9 587 11 542 12 519 13 526 14 502 15 465 16 488 17 468 19 486 18 478
6726 -1.5402395461081981 2.5614953674372556 3.2647212690440441 99 195 100 0.13028158374711532 10 543 11 546 9 614
6727 -0.30815522113654548 2.1913781688496372 3.1292497825133121 84 168 84 0.74218727374709326 10 550 11 551 12 540 13 534 14 508 15 470 16 495 17 474 18 484
6728 -1.6973340571178475 2.6881614524282225 4.4875593758284529 1 1 1 1.4021179169668023 9 663 11 564 12 491
6729 -0.36496535564689009 4.0095621833382573 3.8596281226952747 1 1 1 0.65428065074245956 10 559 11 565 12 531 13 524 14 513 15 478 16 507 17 482 18 496
6730 -0.3501424384050022 3.9941724310387126 3.8575510686147116 1 1 1 0.46556070456950405 10 560 11 566 12 532 13 525
6731 -0.15901886274016377 3.278786061389765 2.9615201631845816 1 1 1 1.5932433147736063 9 635 11 576 12 525 13 515 16 512 14 533
6733 -0.41438456736120888 1.7380992444615118 3.3728394157107306 255 255 255 0.76819620121655119 10 585 11 583 12 526 13 514 14 470
6734 -0.49095244738875787 3.7312078042067203 3.8044060436894274 1 1 1 1.6200395229110953 10 561 11 586 12 546
6735 -0.58889606764830704 3.091221310840278 4.5991086496788425 0 0 0 2.3804289292003582 56 1054 57 954
6736 -0.059225567282053637 1.9560870851567209 2.6614823038470137 150 192 112 1.2462402282434253 10 578 11 597
6737 -1.5580861473094572 2.1874705755380832 3.9592195367103478 255 255 253 1.6350510869639503 10 604 11 603 12 556 13 548 14 473 15 394
6738 -1.0178363067853851 2.9243935647506598 3.5183199041823263 0 0 0 0.26427948435129595 4 742 28 693
6739 -1.0191747674963145 2.1979892642902281 3.7303789553345883 63 123 59 0.21289730839067458 1 497 61 503 2 489 5 425 6 333 7 440 11 296 4 448 9 433 10 288
6740 -0.23787531171121479 2.637018649864098 3.1814896565126372 84 155 79 0.14754261160026694 6 271 7 274 8 421 9 418 10 373 11 465 9 504 10 441 12 433 23 445 22 450 21 446 20 413 13 441 14 415 15 402 16 434 17 405 18 423
6741 -1.6569186482036369 2.6618534364752104 3.184047729819202 109 213 110 0.16111648634610978 8 276 9 261 10 217 11 228 12 33
6742 -0.38994565019561833 2.4843910252753396 3.7485816972963479 185 188 123 0.2073688070823019 10 328 11 344 22 138 17 288
6745 -0.083054755534270663 2.2140429266577413 2.5412523323177241 94 180 91 0.16541346530535064 11 25 12 24 14 27
6746 -1.66088934396268 2.4018000103698305 3.3783548032320732 111 217 112 0.26554286945658939 11 67 12 40 13 32
6747 -0.026410616805446152 2.6269840986157056 2.5233267892173479 79 158 76 0.15920801970040105 10 31 12 43 13 37
6749 -0.17587218613828587 2.5613925997933151 2.7179389501531941 186 196 125 0.061349960159077011 10 51 12 48
6750 -0.16822182411408435 2.0355086570952579 2.8002578618626921 194 201 131 0.078484476492560684 11 54 12 58
6751 -0.16822182411408435 2.0355086570952579 2.8002578618626921 194 201 131 0.078484476492560684 11 55 12 59
6752 -1.4312129656805614 2.4130061674800669 3.413342257318277 92 172 88 0.05187976956285871 11 101 12 64
6754 -0.17417634107314717 2.775018409902934 2.7635390732391785 73 151 72 0.26835916150509853 9 42 12 77
6755 -0.17405357487249418 2.5783307066299548 2.7519985386728734 186 193 125 0.056668517212462875 11 45 12 80
6757 -0.21939260709885283 2.3764934245796483 2.8582547658712847 88 172 87 0.15122701005410083 10 81 11 82 12 88 13 66
6758 0.3639173796946919 4.6467068356583532 4.7083739245172467 0 0 0 1.7341721435946966 48 261 52 215
6759 -1.0068976929160212 2.8899984173801596 3.193234793373561 176 196 123 1.7593069418661449 49 252 12 94
6760 -0.25950014838298308 4.0846693118077368 4.2499569731848554 0 0 0 0.40106211412713455 48 277 53 230
6761 -0.52535957890781337 1.7036385539097361 3.323885666885086 171 213 128 0.15822819362414745 11 149 12 118 13 102
6762 -0.19087171789416238 2.8824110706239972 3.0056335174114799 209 219 195 0.25181316890558308 9 97 12 119 17 102
6764 -1.2775796112270608 3.3443869586117958 3.6095526712351336 192 192 127 1.3284802141955292 24 145 12 127
6765 -0.32802224394084628 2.2450465068668266 3.3477715775258066 66 127 60 0.19269473548134358 11 152 12 148 13 138 14 124 15 101 16 99 17 96 18 86
6766 -0.32743979396423156 2.2443090135985222 3.3472595891315158 66 127 60 0.17211014637710589 11 153 12 149 13 137 14 125 15 100 16 100 18 87
6767 -0.24586960620319998 3.0180295106175383 3.3611679638412513 178 184 119 0.22093111085263462 11 164 12 165 18 130
6768 -0.31955161149456685 2.2597130588011156 3.4503952022397746 67 114 60 0.089327698636175915 11 168 12 169 13 152 16 110
6769 -0.29810588799423787 2.249621562634244 3.4646306118527468 199 217 180 0.20909102436470314 10 154 12 170 13 153 15 103
6770 -0.31478940215982171 2.2042287850325981 3.5082060427855453 202 217 179 0.16933754073552781 10 155 12 171 13 154 14 141 15 266
6771 -0.23837230137319931 3.3222211587678734 3.398021010801632 113 187 99 0.2069718280808498 9 324 12 178 13 161 14 147 19 177 15 144 16 149 17 145 18 159
6773 -0.24724772771217296 2.7963546546449316 3.5472894992497772 120 145 85 0.1790991221172977 10 167 12 184 23 173 16 141
6774 -0.42431254323691758 2.5463065020744118 3.6569379445983441 177 178 116 0.18077166423153043 11 185 12 186 9 198 20 131 19 133 13 175 14 158 15 136 16 123 17 121 18 111
6775 -0.39884030589971098 2.4551190882693179 3.7918349178014226 61 114 57 0.13536127714164387 9 216 11 194 12 202 19 136 15 138 16 147 17 142 18 117
6776 -0.3997414743391835 2.4555728360696576 3.792017084420094 61 114 57 0.11952682356049636 9 217 10 187 12 203 13 199 14 162 15 139 16 148 17 143
6777 0.2026107169783497 1.5968764493262828 2.2503896989383905 199 166 125 0.33013178934708642 11 358 12 208 17 177 19 1 18 163
6779 0.0032141218614800127 2.3434826763617145 2.3628454811948467 88 178 88 0.15924680625054899 11 218 12 215 13 227
6780 -0.037045980645125987 2.6073864978885868 2.4893448705279684 78 159 75 0.096965403702712866 11 222 12 222
6781 -0.13703575120643538 2.6201019218246642 2.6162884710701659 110 170 90 0.038756629310295887 10 33 12 231
6782 -0.14089219376130846 2.27109577645628 2.6541058030159435 193 198 129 0.075838150125560902 11 224 12 233 13 241 14 216
6783 -0.15122193533601508 2.2805536101881749 2.697758851109759 109 181 96 0.21909904837181884 11 233 12 234 15 195
6784 -0.2081153119203272 2.448441802420843 2.8288535754347852 85 170 85 0.23362749590075402 11 252 12 249 13 256 14 231 15 223 16 245
6787 -0.61985632667985391 1.6952918441326428 3.2529893266415506 75 143 72 0.24166503200707884 11 132 12 260 13 79 14 78
6788 -0.13456001603970955 2.96485961119456 2.8745229873712947 146 167 100 0.11951035249530405 9 76 12 265 13 284 14 258
6789 -0.29305799686784689 2.0908012865869603 3.1050058693160141 196 200 131 0.11621682720046997 11 260 12 268 13 278 14 253 15 232
6790 -0.36349730869611918 1.743521863618257 3.3143653323950204 197 162 122 0.21188629148458341 11 397 12 290 13 296
6791 -0.259047709668981 3.1712928861376937 3.2689656291299016 98 156 83 0.12713196102939062 10 135 12 300 21 324 22 323 20 310 9 129 19 293 15 271 16 300 17 278 18 278
6792 -0.79173695521122855 2.1863101511290979 3.8753125563160027 150 195 114 0.12924134438526905 11 330 12 307 13 156
6793 -0.87558864890808796 2.1961640238279401 3.9237153125946631 100 197 101 0.12756808521259907 11 334 12 308 13 314
6794 -1.661538249434757 2.5987178740629515 4.3692921066799535 161 131 96 2.0498479563436796 11 335 12 309
6795 -0.21076162242369412 2.952306065834188 3.4533360829063029 59 116 57 0.434164718020282 24 309 12 314 23 332 22 417 19 170 13 318 16 319 18 285
6796 -0.23584041590023358 2.9488779630217654 3.627419844921739 192 200 131 0.14932867121483179 11 338 12 326 13 328 14 309 15 294 16 322 17 296
6797 -0.4114594811557305 2.4193465367475007 3.8318178522699013 88 124 67 0.14832547146058025 11 346 12 333 13 335 14 317 15 287 16 314
6798 -0.40818438313184541 2.4159230376412886 3.8297244132105814 88 124 67 0.13805850112546275 11 347 12 334 13 336 14 316
6799 -0.3695273004051759 2.3044606350709178 3.8315270958565848 55 109 52 0.593141760882133 11 348 12 335 13 419 14 431
6800 -0.45083484608822266 2.5788923015605789 4.3457672549950397 253 249 238 0.065299082833234878 51 618 12 342
6801 -0.6141572133517087 2.7429660798630349 4.6238688558784036 255 254 245 0.10410772545225028 9 538 12 345
6802 0.04540025906213796 2.3909869486081003 2.3213975384065129 84 168 81 0.33321177424341081 11 362 12 348 16 207
6803 -0.15475567456545486 2.5465541128974958 2.6807493270169465 183 195 124 0.080800235855250729 11 372 12 356
6804 -0.91784074665703641 3.3267936648090397 2.802475311607906 0 0 0 0.49266961993681779 28 509 29 342
6806 -0.20527816762675447 3.6817444118721308 3.4821497195924174 185 156 119 0.13554033483467909 10 382 12 401
6807 -0.3980217895307907 2.3128776780636375 3.7729171254058875 61 115 56 1.0320549400350743 11 345 12 409 13 410
6810 0.23689573912684175 1.6492429541383931 2.3062395322634166 254 250 240 0.41858603448478754 11 439 12 417 23 421 22 425 21 421 20 434 19 418 13 465 14 439 15 425 16 448 17 422 18 367
6814 0.029850289868694979 2.1280989201158711 2.3447910173625104 96 194 96 0.36747762780255366 11 438 12 458 13 466 14 440 15 426
6815 -0.0098442430863939223 2.220022494352158 2.4008945528732952 155 189 112 0.25498284779044494 11 443 12 459 14 441
6816 -0.22664324367381555 1.9853736611866402 3.0811051549148507 186 198 126 0.14098557521259913 11 506 12 470 13 478
6817 -0.15263036849729103 3.2107753717604259 3.0173646727475489 255 253 242 1.2153924484147001 10 490 12 472
6818 -0.92340040625082942 2.16875287315432 3.900477047976397 204 215 140 0.15149015659832396 11 515 12 484 13 453
6819 -0.41313493140525875 2.4747962571239168 3.7459065662846762 189 189 124 0.36553783138881363 11 519 24 380 12 488 23 443 22 452 21 448 20 383 13 493 14 458 15 416 17 412 18 393
6822 -0.2528233288189709 2.7465311955542329 3.7001628271758595 167 194 120 0.33042017834922371 11 518 12 494 13 496 14 478 17 442
6823 0.1483022400798551 1.3045422530768578 2.6170944146613229 161 209 123 1.8665985617456509 12 518 13 467
6825 0.28468359763580436 1.3493120758402832 2.3394231970917416 1 1 1 1.4967251656253666 11 540 12 533 13 545
6826 -0.2817232856237884 2.0883676447359631 3.4693438360784969 144 170 101 0.73917625831570877 11 557 12 545 13 542 14 523 15 486
6827 -0.49095244738875576 3.7312078042067167 3.8044060436894256 1 1 1 1.6200395229110942 10 562 11 587 12 547
6829 -0.028826280603644894 1.6465872533250669 2.8732014335719613 143 199 112 0.1277531530626993 11 547 12 552
6830 -0.062365718083524591 2.9559349048925618 2.7547797554449875 255 253 243 0.39871254073170564 11 590 12 553 15 484 14 521
6831 -0.13848642849454071 2.8919473607543891 2.8676460146145959 114 153 84 0.56330147817717269 10 570 11 591 12 554 13 549 15 485 16 510 17 490
6832 0.20260377718630646 1.5627841338699415 2.4176778890583299 255 252 242 1.1849917475593887 10 600 12 573 13 569 14 541 15 506
6833 -0.3126974868980692 1.8917384302345281 3.3859154263242464 255 252 242 1.2186043752689628 11 616 12 578 13 573
6835 0.12651918994950273 2.3935078002963683 2.1649380750454079 255 252 243 0.83738481150276745 11 613 12 582 8 689 9 682 10 608 13 577 14 547
6836 -0.30492779826531835 2.27214763246227 3.413586556689773 72 142 66 0.26900727212862319 9 430 10 387 11 414 12 400 26 273 25 272 24 253 23 271 22 376 21 268 20 365 19 356 13 399 9 341 14 370 15 358 16 382 17 360 18 347
6837 -0.77777913566859658 2.7227847250879567 3.3719972274012555 77 99 56 2.1185440167331158 7 701 8 703 10 616 38 1171 39 1311 40 1290 9 695 24 661 9 694 56 1101 12 587 7 702 41 1340 56 1102 8 704 11 619 23 599 13 582
6838 -1.1161456323046917 1.916235282152249 3.6094090250896551 127 127 126 2.868721704061465 11 581 12 524 8 666 9 657
6839 -0.22932905518436869 1.9905680375474817 2.9570766585127979 161 187 114 0.079562807380797934 10 88 12 254
6840 -1.7210674195947182 4.1173695806878801 5.4215198384712631 1 1 1 3.2791875043256509 55 832 12 452
6841 0.24211214935904685 1.7187193152173696 2.1857216574075826 118 84 52 0.084856817132371518 24 2 23 7 22 4
6842 0.24532501406423629 1.7511010757617345 2.1919639112058356 59 39 22 0.20387057314241933 24 8 23 8 22 6
6846 -1.4763770990159677 2.7340676852540406 3.1054524397123493 100 197 101 0.19645678181176127 26 61 23 45 21 34
6847 -1.4345806020585654 2.7404293172649861 3.1012158121625837 162 203 121 0.034659199032746113 24 42 23 47
6851 -0.30181654708653893 2.0265639574694672 3.4156830513485588 71 145 68 0.19548420516263951 24 57 23 62 22 76 21 100 20 102 19 90 17 97 16 102 18 70
6852 -1.1765669635180238 2.8894658642959445 3.0252418932831322 206 208 138 0.081240837533756965 24 86 23 66 22 68 21 82
6854 -1.0115102893760954 2.7615573159132714 3.1663961833593004 197 201 131 0.036216252724251885 24 92 23 69
6855 -0.21118880222542519 2.2697760828423954 3.125269662980696 200 209 135 0.63217476523038707 56 86 20 98 19 88
6861 -0.86545834850009329 3.302445994311328 2.9027335125431701 173 176 113 0.052974201086431139 27 143 23 137
6869 -0.13441994157371689 1.7016311040451959 2.9269967240862247 80 165 79 0.20051350490149969 24 215 23 214
6870 -0.15426186482998772 1.7528450988228934 3.0662689396902865 75 153 72 0.17580591263976211 24 218 23 220 22 205 21 216 20 211
6871 -0.10560526995154043 1.6949364743143127 3.0593517838872772 115 162 97 0.3480073980267388 26 16 23 222 22 24 18 31 15 49
6872 -1.3236910413918113 2.4003267856363242 3.3391879985900199 171 192 120 0.11862090004488818 24 24 23 227
6873 -0.26883169144222141 1.9342194666308492 3.1985598265753654 85 170 82 0.25172473162436271 24 232 23 232 22 234 21 229 19 231
6874 -1.1829211806227051 2.8223643693787936 3.0572158369850104 87 168 85 0.15409391118880619 25 267 23 251 22 241
6876 -0.90193377659454099 2.831814866695777 3.1515258034739912 201 201 132 0.088432422830682395 24 260 23 265
6877 -0.27672254277563818 2.4730657662794653 3.0684214477380456 101 197 100 0.29393031795571267 25 103 23 267 22 260 21 263
6884 -0.30967794068681631 2.5652159781518669 3.7883086180510968 167 215 127 0.25338604629148553 24 134 23 307 22 397 21 404 19 412 17 437
6887 -0.21760933722651893 3.0812014610245746 3.4833240492884938 200 205 135 0.056547313965216381 24 321 23 334 22 328 21 330
6889 -0.059830476702693369 1.5953491924227863 2.9366783138144377 127 163 92 0.23475419488578125 24 337 23 345 22 344 21 353 20 402
6890 -0.15075400126570004 1.8007477903786062 2.8658671252091721 171 195 118 0.080459279931239872 24 12 23 349 21 430
6892 -1.0744866377530413 2.8002516672613011 3.1194279176272275 185 197 126 0.021258967696352334 24 366 23 359
6893 -0.27408576018529351 2.3850543152821047 3.3631903305075679 244 255 223 0.24949223822130251 25 289 23 372 21 388
6895 -1.1606620254591706 3.6820782044712721 2.972591799855461 254 251 240 0.4614152645932551 24 400 23 386 22 284 21 151
6896 -1.0142363313318017 3.6644580678503589 2.9853478983489303 254 250 238 0.52794923061459054 24 490 23 389 22 400 21 285 20 139
6897 -0.99267562024174127 3.6584438672505861 2.9671569568419476 254 250 238 0.60653785917710201 24 489 23 390 22 401
6898 -0.88039814855492926 3.4985387109142478 2.8752959624407746 85 166 85 0.13724672756667974 25 507 23 391 22 388 21 399 20 272 19 111
6899 -0.63626459129865864 3.4393167130934192 3.0111496417941845 77 149 76 0.087237791906024917 24 415 23 404 22 403
6900 -0.23939846323312314 3.1054947799354595 3.5651663760243371 101 200 102 0.31630744219999773 24 424 23 411 22 419 21 464
6901 -0.55085881490339861 2.9461419164188185 4.9889945725656037 254 249 234 0.29044523311577408 24 425 23 412
6903 -1.6114479240869686 4.3800579098026891 5.1737872160678631 255 251 240 0.048768010702856052 38 809 23 416
6905 -0.67844256285953874 2.9520084847538728 2.3266401438374307 255 255 254 0.22252998052465475 24 460 23 432 22 435 21 365 20 337 19 324
6907 -0.41270906723900364 2.4728307250527282 3.7440281797197525 201 202 133 0.24197467335090175 12 489 23 442 22 451 14 459 21 447 16 460 18 394
6909 -0.25357186588300379 2.7400392882531093 3.6870220916417598 195 209 135 0.83385089029406056 24 475 23 455 22 497 19 458 15 450 17 443 18 448
6910 -0.28279988224345309 3.1147554864177485 3.2236715202659565 60 113 56 0.95533000139828095 24 421 23 459 22 499 21 507
6911 -0.58283711152844997 2.8120609725745256 4.7817865544722959 1 1 1 1.8136868774686636 24 485 23 462 22 464 27 552 15 166
6913 -1.5093657295516578 2.9540396612431659 2.9450160295777739 181 207 129 0.51350357620699161 25 538 23 477 22 479
6914 -0.23077006681948092 2.8949527276623872 3.6638805212479149 150 206 119 0.27697457554996857 24 484 23 495 22 500 20 478
6915 -1.5491491678443683 4.5814054919571667 5.4224746279621971 0 0 0 0.50835653588876617 8 569 38 977
6917 -0.33724156687330686 2.0517214469637515 3.6667236196987778 255 255 253 0.3382139303826997 25 534 26 461 23 509
6918 -1.4585205728257848 2.8818935961606518 3.0062190400080051 98 194 100 0.27996932344924813 24 589 23 521 22 528 21 520
6919 -1.529055135974746 3.6328411972851811 2.8538026685370133 227 234 211 1.8995166018189538 24 597 25 634 23 534 22 537 21 532 20 466 19 427
6920 -2.0394905553590394 2.6543647628746152 4.4272594623603005 0 0 0 1.1211602756634074 37 1025 43 1175
6921 -0.1746265974232287 1.7726858598711839 3.123578302470615 138 170 97 0.32888933557409761 24 613 23 547 22 562 21 553 20 512 19 484
6922 -0.24104548872919554 2.5279258475393207 2.9912238853584094 195 206 132 0.34928458089476022 24 594 23 550 22 568
6923 -0.080402412542753265 2.7898312820657547 2.8283285068113084 122 167 92 0.26513246458183509 24 603 23 555
6924 -0.080402412542753265 2.7898312820657547 2.8283285068113084 122 167 92 0.26513246458183509 24 604 23 556
6925 0.0051081186100341291 1.6624623631889015 2.7971794503277847 132 173 97 1.5222458949663327 24 620 23 562 22 582 21 572 20 547
6926 -0.92991755674419463 3.2761119427093677 2.6628166171306034 255 252 240 0.22662201752487174 24 624 23 568
6927 -0.70280381240846734 3.2162888138894665 2.8749758533130931 60 117 56 1.5499033285586752 24 633 23 571 22 569 21 539 20 450
6928 -0.20247546928993213 3.0737207005137739 2.9610068221084322 255 255 250 1.1448917687045668 24 644 23 585 22 593 21 586 20 550
6930 -0.29275717716776639 3.4534738334961683 3.3670276941735056 255 252 242 0.58537918931953314 24 658 23 596 22 597 21 592 20 555 21 591 19 533
6932 -0.26836575506976612 2.5129881393498734 3.1874193576909553 84 150 74 0.42828552986252427 8 647 9 639 10 573 11 578 12 542 23 533 25 586 24 596 22 540 19 497 13 539 14 522 15 475 16 500 17 479 18 505
6933 -0.8606129262169675 3.3683631208077838 2.8778953698556986 166 168 108 0.26297164962847364 26 416 24 395 23 381 28 516 29 525 27 500 26 485 22 387 21 393 20 368
6934 -0.26280875657214564 3.103398548982633 3.3082289014133615 72 141 70 0.19981994077897733 9 423 10 380 11 400 12 396 23 407 6 286 25 439 24 422 22 416 21 414 20 392 19 379 14 376 15 368 16 386 17 368 18 359
6935 -0.51298083478579015 2.6651044166441564 4.5438910682547595 0 0 0 0.091307370653413072 7 199 8 236
6937 -0.25910897229482616 1.4803006458070918 3.3069605032463678 255 255 255 3.7123814560232171 24 443 23 342
6938 -1.6048660970068942 4.2984162074024486 5.0716826992965318 255 252 242 2.1715323237000126 38 808 23 415
6939 -1.681936019757496 4.3290832621804576 5.2773992111917103 172 140 104 3.0563967146524558 37 805 23 417
6940 -1.526501421506776 2.5424688781277212 3.2535779741419315 104 205 106 0.16275591092441288 25 574 23 500 22 510
6941 -0.27624764292801191 3.6384789606009358 3.4044095648266097 170 138 102 0.82976185588612439 32 614 31 567 33 631 34 651 35 692 36 694 37 769 38 572 39 634 40 596 30 525 28 459 29 462 27 437 26 439 23 201 10 292 11 408 22 192
6942 -0.15589580726310343 1.7454263929300506 2.9650912846825128 81 163 79 0.20592595232287922 23 23 22 21 21 208
6943 -0.051900192667671208 1.6412342097929498 2.9993095699911643 205 222 188 0.46334982426479304 23 14 22 23 21 28
6945 -1.4597914713265812 2.7292502464223931 3.0912909122806989 101 197 101 0.12534798180133358 23 44 22 27 21 33
6946 -1.4344340127027551 2.5784056974436176 3.2139495207067559 216 219 146 0.063251038711907737 23 28 22 29
6948 -0.23316484181616648 1.9180747694964744 3.0961040983436177 100 176 89 0.1594076298002452 23 35 22 36
6950 -0.29235739583152864 2.0694859264031122 3.1495402170175648 181 194 123 0.060031860135272577 23 59 22 55
6951 -1.1148271862860819 2.8269077500418178 3.0775581044021658 85 162 82 0.085936112171932505 24 69 22 70
6952 -1.1594835011952795 2.7653408592578677 3.111950751277555 86 167 83 0.0035213103956809036 23 67 22 71
6954 -0.28612932069860308 2.0230567142707048 3.4865656112911254 85 160 77 0.16974087467979956 23 76 22 77 21 101 19 91 17 98 15 104
6956 -0.3052781228727996 2.2683105145009925 3.4610171772078679 241 254 221 0.32607116456537288 25 84 22 96 21 269
6957 -0.31250072808562168 2.2013102176368871 3.5075424062137026 240 254 218 0.096986278482575183 23 96 22 98 21 116
6960 -0.69915116369363473 2.918475030388072 3.1659487184855908 0 0 0 0.02244230961905886 39 204 40 242
6961 -0.27327684430120175 2.4886186337555394 3.2142620673983768 72 144 69 0.057454537550969825 23 112 22 110 21 133 18 100
6963 -0.096874599048941135 2.955405212154826 2.6359505672770385 253 250 238 0.056821044068431935 23 146 22 149
6964 -0.17296865212667087 2.5174834545509359 3.7196524564979163 254 255 247 1.2692929796750623 23 157 22 154
6965 -0.73318111201498448 3.4872486738614663 2.9492361302730923 87 169 86 0.19473851983064225 24 178 22 159 20 141
6966 -1.5520604146117993 3.3773553864382997 4.6449881744670449 200 198 131 0.091385548107541875 30 194 22 166
6969 -1.1390827882180994 3.4103589573459336 4.3528854720071211 0 0 0 1.0797334259764533 23 188 51 406
6970 0.90129840893106317 2.5733147366714437 3.5019682930466507 0 0 0 3.3513048110151846 42 72 52 54
6971 -0.2389780736515566 3.338661136390543 3.1196996641304695 253 250 239 0.06461094632446468 23 198 22 188 21 337 20 309
6973 -0.15105950917239408 1.7617970339875302 2.8774826153841921 88 179 88 0.12949087697962447 23 213 22 204 21 207
6975 -0.18897343629452998 1.9375999132344801 2.8829600340007677 204 204 135 0.093822467646717242 23 217 22 212 21 213 20 207
6976 -0.14652524081247964 1.7598511616253687 3.139480138738127 105 157 89 0.19111333512398612 25 240 22 214 20 224 19 211
6977 -1.3834756236202896 2.9208794519852619 2.9951632341670544 209 213 141 0.14815169699781777 23 249 22 219 21 219 24 248 20 37
6978 -1.2593713766986592 2.8292387882706693 3.0276160904199525 95 182 93 0.1046529574346762 23 250 22 222
6980 -0.69713470274045541 2.9251788713937263 2.3346810944710721 251 251 243 0.14344311500066498 25 90 22 238 20 31 19 14 18 5
6981 -1.1817264925569468 2.8217107530631438 3.0558892613532826 88 170 86 0.1810408821697862 23 252 22 242
6982 -0.36336705749171289 2.8454214343529141 2.4207440144836752 97 152 81 0.046073153532977751 23 276 22 253
6983 -0.9630698463445222 2.8949133410010788 3.006930504068229 163 186 114 0.38861871897399908 23 86 22 254
6984 -0.25632290209739156 2.4826145410511269 3.0030436370626035 195 203 131 0.29429159829863055 23 266 22 259 21 377 24 263 19 354 15 399 16 429 17 400 18 342 18 387
6988 -0.57453685548132416 3.4374509162179123 3.0532633779073053 84 164 83 0.15687987817932927 23 327 22 319 21 301 20 154 19 125 18 104
6989 -0.25035103612896603 3.0790069741578692 3.3292885999187818 65 115 58 0.14131520270699277 9 152 24 319 22 322 21 326 18 280
6990 -0.20147243197652676 3.0419886782002337 3.403894331108567 169 191 119 0.30641833885696979 23 192 22 326 21 328 20 316 19 296 14 151 13 168 15 130 16 151 17 291 18 281
6991 -0.20888088303893693 2.9576580076230123 3.5337143670633351 206 207 138 0.20000019737644129 23 193 22 329 21 191 20 178 19 299 15 148 14 171 16 156 17 154 18 147
6992 -0.23535714422152917 2.9567083808119898 3.6641073981472774 112 199 105 0.15412137101159351 23 335 22 331 21 331 20 318 19 380 16 397 17 303 18 365
6994 -0.42713682909409395 4.1438154846274582 4.0128269579155695 249 248 235 1.2547104111420784 30 526 22 338
6995 -0.06673051857845208 1.6175620304057565 2.8832402457937603 185 193 123 0.54513551999685894 24 335 22 342 19 323 20 330 16 223 17 196
6996 -0.076494495726805001 1.6193623363886074 2.8976395676737909 185 193 123 0.066225813232696246 24 336 22 343 20 400
6997 -0.11069069757052882 1.6912259962207836 3.0265109080071677 171 183 113 0.22020213874344041 23 219 22 349 20 208 19 203
6998 -1.5363234666115426 2.6480240216340438 3.1639691460535877 173 209 128 0.13455234543454891 23 350 22 350
7001 -0.60290099827026677 2.993970893197293 2.364001179598695 253 249 237 0.86842004957805807 23 481 22 368 21 234 20 60
7002 -1.6426588494871064 3.8882528690179963 3.0811797668525704 1 1 1 0.50639944387130731 23 378 22 386 20 409
7003 -0.43996503606846821 2.5128397154921727 4.3367152843655363 0 0 0 0.10400119399475841 6 453 7 462
7004 -0.20233543398245604 3.5681336638006806 3.4898544351669254 174 143 107 1.0058571769287732 25 220 22 422
7007 -0.27849856969708497 2.27673081217951 3.3047765956037285 167 187 115 0.58185886904071238 23 436 22 441 20 410
7008 0.035761431496366514 1.4361626442522728 2.6010029840321618 0 0 0 0.083970785811303586 24 434 22 469
7009 0.10627182176570688 1.5803003568002538 2.6509793175641958 255 255 255 0.4311003496960919 23 422 22 472 21 424 20 435
7011 -0.28685877073302829 3.2423943785689073 3.0288781755586243 49 98 44 0.2692154084240585 23 515 22 498 21 413
7013 -0.27904583047330944 3.3857268409940979 3.1442537211530821 136 168 129 0.5945043029088477 23 516 22 522
7014 -0.019655154343826753 1.5688435499330626 2.8593670321566269 182 192 121 0.64337787925414747 23 518 22 526 21 517 20 486 19 466 18 438
7015 -0.26873762358440467 2.0411878067246878 3.077117890564979 159 191 113 0.28452715373377924 23 524 22 532 21 526 20 511 19 489
7018 -0.77849723275317695 3.3997683509292824 2.879224719933021 85 148 73 0.15869923871956423 23 538 22 547
7019 -0.74296340113534376 2.8548359995601928 4.5582343269016903 1 1 1 2.3785876032781612 22 555 21 563 20 520
7020 -0.74296340113534509 2.8548359995601937 4.5582343269016921 1 1 1 2.378587603278159 22 556 21 562 20 521
7021 -0.31284402003286393 3.5667745299380496 3.1918892663835372 0 0 0 0.94929765604183103 23 545 22 557 21 564
7022 -1.1330632448003317 3.4356746288099527 2.7111543122392776 175 145 108 1.987635500571018 23 567 22 566 21 533 20 444 19 342
7024 -1.4181757956924022 3.3622181444250185 2.696693434672905 122 192 105 1.0735365997030111 23 564 24 622 22 574 21 555
7025 -0.015114980040573878 1.4931169883189166 2.8006057008544456 255 255 255 1.6972914410360653 23 587 24 652 25 666 22 595 21 587 20 551 19 530 17 515 18 520
7027 -1.4460653694897925 2.7806861760351675 3.0756428067051362 202 210 137 0.11290930753755701 24 43 23 42 22 43 27 56 26 62 25 50 21 35
7028 -0.26936885484125606 2.5260573326135023 3.1430570463766307 70 137 65 0.15806609529053875 10 120 11 141 12 281 22 108 24 118 23 111 21 131 20 115 19 253 13 289 14 266 15 80 16 272 17 254 18 239
7030 -0.34267118666122809 2.6128158429652055 3.6467133354327324 65 123 61 0.24326650353468368 7 329 9 359 10 398 11 325 12 323 22 297 25 316 23 295 21 293 20 290 19 131 14 301 15 281 17 286
7031 -0.27430843434036145 2.7485930616928695 3.5736201119580855 74 143 71 0.29192320839371605 28 146 4 101 22 314 5 120 27 114 6 147 26 147 25 170 7 128 8 157 9 196 24 153 11 318 12 319 23 156 21 311 20 301 19 284 13 322 14 300 15 277 16 308 17 284 18 275
7032 -0.46414596133374486 2.5532783408293174 4.5054854708907328 0 0 0 0.60043746929060038 27 544 26 479 24 532 23 489 22 519 51 1100 52 1010 53 1079 54 1036 21 508 20 479
7033 0.24979035394202259 1.7494408529625396 2.1836623427055186 51 32 18 0.2727798724865928 22 5 21 2 20 0 19 2 15 172 16 3 17 178 18 167
7034 -1.4107674764012321 1.6333466006674737 4.0661441241778862 252 253 242 2.6006588440023295 4 567 21 8
7035 -0.10226279975464109 1.6718603119512947 2.8986137358688833 170 183 115 0.2385862281977385 22 10 21 23 20 13 19 31
7036 -0.11157385696220215 1.6683376801877825 2.9586318120296347 176 186 117 0.32010066847446589 22 22 21 27 20 23
7037 -1.3610889812189135 2.972309631403816 2.9620054122426875 100 189 97 0.1806776048344996 22 64 21 53 20 35
7039 -1.3355442374642483 2.7478955595660395 3.1068411751868297 100 191 98 0.23751216444537795 22 44 23 49 21 56
7042 -1.071628710352766 2.9579546355989943 3.0035186607602333 94 163 85 0.02974813656093462 22 91 21 84
7043 1.4697073398069629 2.0005915653708777 1.2439340102414482 96 190 95 2.1643712406443623 22 228 21 88
7045 -0.98440502429347476 2.3502639727831363 3.5950192865701851 0 0 0 0.096724192078177493 43 209 44 239
7046 -0.27707816475203073 2.2339163891812839 2.9957744052069577 91 178 90 0.18499085579495664 22 74 21 95
7047 -0.24944519668817894 2.2293091169711579 2.9689356333623094 91 178 90 0.22844334562142268 22 73 21 96 17 224
7051 -0.3110901032546497 2.278793815698521 3.3875973195371905 194 198 128 0.079756968287013674 12 150 21 115 15 102 16 109 17 110
7052 -0.25676376606581652 2.9137929086291328 2.457441461249287 148 193 113 0.323993456853785 22 104 21 120 20 109
7053 -0.24041280437530665 2.5422100155807414 2.9362735541169775 193 202 131 0.032090757252398308 22 106 21 127
7055 -1.1353541611183229 2.8161502884601144 3.8252199701638152 202 205 135 0.067722329370823509 5 157 21 129
7056 -0.27081984008768012 2.4129620231805511 3.3426755520804243 228 247 209 0.19516482224350903 22 113 21 134 14 122 10 140 15 98 16 108
7057 -2.4954307085128846 3.9597107055230789 4.4098257896437527 64 124 61 3.5957495780938151 9 167 21 145
7058 -0.22830219531747997 2.7457043654694218 2.9756643537964242 79 157 76 0.15395238256742019 22 131 21 149 20 127 16 90 17 103 18 97
7059 -0.22830219531747997 2.7457043654694218 2.9756643537964242 79 157 76 0.15395238256742019 22 130 21 150 20 126 16 89 17 104 18 96
7060 -5.7461585021380612 5.898579147162895 6.2853692833541901 182 152 117 0.055983837751748214 11 177 21 153
7061 -0.18954342608852132 2.8270393013655166 3.0311133069228555 236 248 221 0.27503567098682857 23 152 21 169 15 91 10 101
7062 -0.35811764856290712 2.7686757942891007 3.4813991176723533 112 139 81 0.36333136454416287 11 166 21 171 20 286 22 294 19 129 17 362 15 366
7067 -0.14500491491681194 1.761511661599634 2.8721287065184571 88 177 87 0.1035264198026265 22 203 21 206 20 202 19 320 18 306 17 324
7070 -0.23877551643745276 2.1921047956199162 2.9477070649354968 90 179 91 0.17564745444136168 22 227 21 240 20 235 19 226
7071 0.81006187809656005 2.2464388303142782 1.8825599163907814 200 203 133 2.7641116485873036 23 270 21 256
7072 -0.22916085268669367 2.6960098481772174 2.896270758083872 87 175 87 0.099153850557538462 22 267 21 261 20 261
7073 -0.23159596456836853 2.7276284233977117 2.91801313882819 86 171 85 0.14144260001304509 22 278 21 275 20 277 19 259 16 267 18 233
7074 -0.40317798058280918 2.4153260356610957 3.8265089755384332 94 142 76 0.14470857967962511 22 282 23 114 21 284 20 291 19 276 16 313 17 289 15 286 18 264
7075 -0.34504817624676015 2.496441444253279 3.8377283266318938 176 210 128 0.22998510732685529 24 135 21 296 19 376 18 276
7076 -0.36531780142326753 2.4864000725745874 4.0030651435249194 250 255 236 0.18693226838247842 22 301 21 297
7077 -0.63516721040328772 3.4371668328156253 3.0082648273371344 83 163 83 0.10114738866948925 22 402 21 298 20 283 19 269 18 94
7078 -0.27968617005588114 2.9997947893592971 3.3600929164492244 201 199 133 0.14661151085373864 22 309 21 306 20 296 19 280 12 302 13 309 14 137 15 273 16 303 17 280 18 271
7081 -0.17725756863648193 3.1821247334034655 3.151529983501014 63 116 56 0.70172298837933056 22 179 21 322 20 312 19 292
7082 -0.2340405306741275 3.1515277159458437 3.1647062802439963 62 118 58 1.0817192616828644 22 177 21 323 20 391
7083 -0.26259100480391095 2.7981977723756133 3.7350493801122959 198 205 135 0.22601857454351887 22 169 21 334 20 322 19 306
7084 -0.2204472319075047 3.3373112633983988 3.352306488091731 95 188 94 0.028502945551386549 23 199 21 339
7085 -0.2204472319075047 3.3373112633983988 3.352306488091731 95 188 94 0.028502945551386549 23 200 21 340
7087 -0.53223985787160366 2.6331942519648033 4.5190095456941952 0 0 0 0.43633182331044273 4 233 6 455
7089 -0.20075627274609678 1.8979777130752633 2.9353604810551484 89 178 89 0.042272113685870256 22 351 23 218 21 358
7090 -1.3357208691121221 2.9026539078112559 3.0078286309393549 96 188 95 0.16031103594800172 22 354 21 359
7091 -0.15109811504800696 2.1099683147633259 2.7308835894436942 92 182 91 0.072717197475113418 22 211 21 362 20 341
7092 -0.26188204190328584 1.9669416555557584 3.406139473154334 132 172 100 0.1999598417621952 22 366 21 372 20 354 19 348 17 264
7093 -0.27887440686990939 2.4005728310166936 3.0930026887713309 90 181 91 0.08853431054712671 22 375 21 378
7096 -0.5101732898104967 3.4741825251300202 3.1232976973847655 166 193 125 0.28721214799143918 24 495 21 412 20 306
7097 0.23402052031000237 1.6344090948480736 2.2551795215319506 79 47 21 0.4298003356059254 22 424 21 420 20 430 19 416 17 421 18 407
7098 0.19508134490200874 1.9670593713467768 2.322493547227193 127 195 106 1.7514607056541394 25 243 21 426
7099 -0.48748759575385187 2.8873557839706412 2.3434134198319096 85 166 85 0.23503594124602728 22 439 21 437 20 349 19 326 18 307
7103 -0.1342363327981945 2.0513950994824239 2.7517173402822945 186 195 125 0.33218391566688837 22 477 21 474 19 425
7104 -0.64784923039917275 2.7437376160850491 4.4164678926838468 0 0 0 1.0717350169211928 22 460 21 488 20 457
7106 -0.4107808351072314 3.4919861251714215 3.1600292302230732 253 249 236 1.5245549995277405 22 501 21 492 20 424 19 377
7107 -0.45751241596865944 3.9349056488221437 3.8889150628234348 255 252 242 0.78483317521075491 22 505 21 495
7108 -0.10298904449186169 1.8065032724311705 2.6698492279251465 95 192 95 1.0496941582089616 22 471 21 496
7110 -0.071200046048177978 2.8208832200500527 2.4850659153623047 159 127 90 0.61380307578460513 22 517 21 501 20 470
7114 -1.4322832722023604 4.035359206124042 3.4874629919216815 1 1 1 1.0800215740915489 22 571 21 543
7116 -0.025655041385985455 2.1027918641514765 2.5320829786872725 134 192 107 2.6591273607837818 22 573 21 574 20 536
7117 -1.4080593902708192 3.7119189059918232 2.9816770354272903 253 251 239 1.2802398042331915 22 584 21 575 20 528 19 490
7118 -0.043738934298893251 1.4922603140345756 2.8268930950935927 255 255 254 0.58337714370262406 23 588 21 588 24 651 20 552
7119 -0.30650151560775013 3.5285360139074609 3.4130240928644713 0 0 0 1.7997304595669159 30 789 32 932 29 726 31 844
7121 -1.5965506500526863 2.8656667975288723 3.0295208990796616 196 199 132 0.1949050096327557 23 40 22 26 21 31 28 395 30 461 29 392 27 357 26 263 25 252 24 238 20 16
7122 -0.37005016369556726 2.5503368974459941 3.6941417020341221 190 189 124 0.19645162566873814 8 190 9 197 10 315 11 326 12 325 21 172 25 126 24 133 23 129 22 137 20 289 19 273 13 324 14 302 15 282 16 310 17 287 18 263
7123 -0.27412659791903721 2.5107586762431677 3.1157646609658549 85 168 84 0.26254906864866961 7 63 8 94 9 103 10 268 11 270 12 280 21 264 24 264 23 279 22 269 19 252 13 288 15 347 16 370 18 237
7124 -0.20119689896004303 2.7918352253073428 3.023664456630319 75 146 70 0.20880885629635881 6 254 7 260 8 280 9 301 12 383 21 291 24 286 23 304 22 293 20 380 19 361 13 384 14 261 15 258 16 379 18 352
7125 -0.24250378007709014 2.6770887648182029 2.9792272176137691 80 160 78 0.24740390712568566 10 365 11 388 12 374 21 394 23 290 22 279 13 378 14 357 15 344 16 368 17 347 19 352 18 340
7126 -0.36654235942746416 2.6194437682451892 3.6191690528285312 189 188 123 0.28109423360536656 9 438 10 457 11 484 21 403 7 425 9 439 24 288 6 322 25 150 10 456 11 485 23 294 22 396 20 382 19 367 14 426 14 427 15 370 15 414 15 415 17 369 17 370 18 355
7127 -0.2354383010843161 2.6839892728746286 3.0730779827112626 71 144 67 0.65163727712511255 7 614 8 620 9 618 10 572 11 577 12 541 21 540 23 536 22 545 20 497 19 496 13 536 14 509 15 474 16 499 17 478 18 487
7128 -0.37805756194678675 4.097198102500057 4.056003686086064 251 247 234 0.733360431837493 7 670 8 679 9 677 10 596 11 608 21 583 28 672 32 918 31 832 30 777 29 717 27 662 26 645 25 664 24 647 23 583 22 589 20 544 19 521 13 565 14 539 16 524 17 496 18 510
7129 -0.16392539955186264 2.4452068314900095 2.6839012676342069 102 186 95 0.22010610657561455 21 90 20 75 19 55
7130 -0.037207583676046763 1.6012117318102199 2.8610597728011817 181 193 121 0.41390814936932835 21 24 20 12 19 13
7131 -0.62215032385029345 2.9234694063380715 2.3181464805689935 153 205 124 0.19690613801050497 21 232 20 34
7132 -0.13847990885886671 2.2756965148707908 2.6551364367189976 203 202 135 0.077990924112983348 21 61 20 41 19 57
7134 -0.22857980954828588 1.8729262248484591 3.1673767992872413 81 163 78 0.097115232144915284 21 72 20 54 19 44 18 51
7135 -0.19133210900187966 2.257952596633952 2.8065538188318122 88 174 87 0.17774914932929917 21 94 20 79 17 221 16 233
7136 -1.2106818502862426 2.4593894813023938 3.8587717177356597 159 186 113 1.8667114317438567 9 345 20 80
7137 -0.28759900214037654 2.0882081621021129 3.1358556773124047 86 168 83 0.072656725623970284 21 97 20 81 19 68
7138 -1.6478410044864651 2.4955132121506991 4.3307037349924897 171 186 117 0.69345733755116967 23 72 20 82
7141 -0.85260433839374627 2.6789286027540702 3.4218975797812092 85 166 83 0.54343758798555897 44 247 19 83
7142 -0.2928868125024956 2.3182962552420796 3.1918587050796119 76 149 73 0.051519515717575737 21 111 20 99 19 85
7144 -0.30108222382187588 2.069575284287489 3.5289165545896211 147 168 102 0.37484875564398046 22 250 20 103 19 258 17 276
7145 -1.0059858737152978 3.4887426575054121 2.8099432873750536 114 173 92 0.086780465173573254 21 140 20 104 19 92
7146 -0.25380045774334725 2.5628989977853873 3.055167520184749 82 161 80 0.097558187318468922 22 107 20 114
7147 -0.22737491542021415 2.6786441095049081 3.1243304123896225 69 133 64 0.27219237810287866 12 120 22 132 23 291 20 130 15 94 16 104 18 251
7148 -0.39082750554152179 2.546502198099664 3.6734669537589228 69 128 64 0.28455438543266903 12 324 20 150 13 177 15 280
7150 -0.47131947249912232 3.3827423726548256 3.1156358804681128 184 192 125 0.074546913816150431 21 317 20 161
7151 -0.33829125450446346 2.9800960789458388 3.3341141192478161 180 179 117 0.15992213818827189 12 142 21 304 20 164 19 145 13 150 14 135 15 115 16 119 17 136 18 128
7155 -0.21349147568176971 3.0023919752613279 3.5249171161028161 192 200 131 0.15055632140428515 21 189 20 176 18 145 17 151
7156 -0.21349147568176849 3.0023919752613275 3.5249171161028152 192 200 131 0.15055632140430364 21 190 20 177 17 152 18 146
7158 -0.1964625581099087 3.4832490003978909 3.4133832466784808 252 247 234 0.11372822067547828 21 195 20 187
7159 -0.26454297300863727 3.7648232459505815 3.6615541373151896 185 156 120 0.11133223821244237 21 345 20 190 19 181
7162 -0.12198124588294917 1.9914232811802606 2.5248955715883459 97 194 97 1.7513049413045945 12 220 20 193 19 184 13 223 14 322 18 300
7163 -0.033815350249278731 1.6837069491500225 2.670621466387844 101 193 97 0.13038669197689337 21 201 20 197 19 187 18 172
7164 -0.074682013007594639 1.7255155127265978 2.742960446360128 185 196 125 0.084557187059406125 21 204 20 198 19 188
7165 -0.17242721684318418 1.7766778353762618 3.0820778356111149 77 158 75 0.08001643676011258 21 218 20 209
7166 -0.35765806781151366 2.6597135177256184 2.3699662004433542 176 202 125 1.0703516117492062 38 464 20 214
7168 -3.1133431196239933 3.7333972575004353 4.1694172099907538 91 179 91 0.3194619798632265 12 256 20 229
7169 -0.27005946269265302 2.1823949821411808 3.0333547260272287 88 173 86 0.22514153594618005 21 241 20 237 19 227 17 241 16 256 18 210
7170 -0.31327842347831042 2.0758672996053882 3.2618594971612396 76 153 74 0.10026915102484613 22 59 20 238 19 241
7171 -0.31195465491981855 2.0256370451914174 3.3103010849923487 76 152 74 0.16433061110049985 24 55 20 240
7172 -1.0280769227400595 2.4411740120105989 3.4515953848988694 0 0 0 0.057158628393590087 46 663 47 669
7173 -0.86813119491548685 2.7210333846102817 3.572949276591058 155 181 110 2.8223311062521255 43 570 20 263
7177 -0.15796529209542012 3.1797035175066206 3.097057440751724 0 0 0 1.3339085594449784 25 195 27 182
7179 1.0690633727845158 1.3572068106953152 1.9815797407922926 255 255 255 0.14444521310580072 12 209 20 326
7180 -0.26657989019509015 2.0045446493109127 3.0883818055871139 184 192 123 0.044622874582950466 22 231 20 343
7182 -0.49765336589393938 2.4695987356987708 3.6871656976269542 254 252 240 0.49652680670175869 21 395 20 376 19 364
7183 -1.836195504297538 4.2973840508602823 3.5188954028141861 254 251 240 1.5231009795356114 38 810 20 379
7184 -0.95449563500414092 2.3768184076584027 2.6650634827614175 0 0 0 0.22065613001450252 9 475 20 395
7185 -1.7271073364854135 4.2815848604379383 3.5011176498601886 253 247 233 0.079019678332001908 22 461 20 420
7186 -0.41781501166824087 2.470700310302318 4.3391396322931639 185 155 118 0.4704065441546198 22 457 20 423
7188 -0.41811616826699649 3.5210978622117239 3.2425361621532436 254 250 238 1.4570519076901676 21 461 20 428 19 378
7191 -0.082929755621810985 1.7862561917265432 2.709650422318544 158 191 112 0.21727678645799778 21 427 20 437 19 421 18 413 16 450
7193 -0.71131517936225164 2.7611617543042093 4.4813014841710626 0 0 0 0.98270480117448844 21 489 20 458
7194 -0.39531567061353762 2.9230705617700359 2.582474400921754 116 135 79 0.79007870687559012 21 557 20 468
7195 0.36848227948310425 1.8942634257517668 1.9479504681135713 1 1 1 1.313530053589939 21 551 20 483 19 504
7197 -0.30032905752163902 2.1852786969639513 3.1197514505765964 84 170 84 0.34749782670879042 21 529 20 491 19 487 16 496 17 475 18 483
7199 -0.41204964695933211 2.268359890048437 4.0915104728696416 0 0 0 1.4911267539054429 22 546 20 501
7201 -0.64132647513755914 2.8063347025660796 4.8168918829177629 1 1 1 0.75469478748223118 21 512 20 505 19 480 18 495
7203 -0.7404802245674138 2.3572227869928555 3.1470492467945155 132 183 103 1.3187728733586115 21 522 19 505
7204 -0.24474503926561977 2.9793225557277219 3.4245906120228704 61 115 57 0.21060411195515438 21 561 20 518 19 501
7206 -1.8566739192118917 4.1294460143863887 3.7475845382097255 0 0 0 0.61535058602792447 35 1020 36 1048
7207 0.1439844409833787 2.3715249525333322 2.3030212410050721 126 192 102 0.33328091695696294 21 528 20 525
7210 0.26498965884011944 1.9253085969642023 2.1547799585360674 255 255 250 0.39492648856175011 22 583 20 546 19 523 18 518
7211 -0.86693812005710758 3.950194800125733 3.4838129428458831 0 0 0 1.6160105401353195 20 558 19 531
7212 -0.64765207306423478 2.9849633373358397 2.3259344061162155 177 146 109 1.5000926263085497 26 390 25 395 24 364 23 362 22 239 21 233 20 30 32 153 28 126 31 378 33 429 34 440 35 183 36 194 30 133 29 104 27 100
7213 -0.32213382556695724 3.1862163045846708 2.8400659693191708 76 98 55 1.7072909777142034 21 577 20 538 28 682 27 670 26 656 25 680 24 656 23 592 22 592
7214 -0.31719177730949238 2.2315042234281361 3.2473857271756392 192 195 128 0.18996324242516049 9 318 10 374 11 394 12 388 20 359 23 260 21 379 19 345 13 388 14 361 15 349 16 373 17 351 18 331
7216 -0.60543040666877124 2.9456908211496367 4.9122672440986337 248 246 234 0.7236531234809126 56 1076 57 1013 59 888 60 868 2 751 3 752 4 727 3 738 6 672 7 679 8 684 9 679 10 598 12 571 20 542 26 633 25 656 24 636 23 581 22 587 21 581 19 519 13 567 15 503 16 526 17 509 18 516
7217 -0.60549244952532566 2.9458797536768162 4.9123347154118537 248 246 232 0.73819129846037057 56 1077 57 1012 59 887 60 867 2 752 3 751 4 726 6 671 7 680 8 685 9 678 10 599 12 572 20 543 25 655 24 635 23 580 22 588 21 582 19 520 13 568 15 490 15 504 16 527 17 510 18 517
7218 0.25210213258352859 1.7303503116795604 2.1916481202753784 181 151 114 0.54492682670404802 21 3 19 3 15 0
7221 -0.18733018333982157 2.0085098888356598 2.8409787649687273 189 195 127 0.073547669286746345 20 47 19 40 18 27
7222 -0.19569146861722844 2.0105923786318991 2.8475400510987035 189 195 127 0.040447732372320237 20 48 19 41
7223 -0.17660107481283024 1.8039987992829216 3.1290653169848763 84 165 80 0.19774377939503726 21 43 19 45 18 52
7224 -0.17607783408317118 2.4502628238951476 2.6929704594181101 91 171 86 0.14389377263286166 20 74 19 56 17 217
7225 -0.1408206054269022 2.2767431487975651 2.6570666494884239 198 199 132 0.06020507773452953 20 42 19 58
7228 -0.26162305746683234 2.0659504224665421 3.024738661034351 187 194 126 0.04844529318462238 20 49 19 65
7230 -0.28219216323596286 1.9671181626872993 3.1453181143396067 82 165 81 0.30877918219380412 21 70 19 70
7231 -0.25570182442513734 1.9318573792843341 3.2768149435144212 180 191 119 0.082612826550172949 20 85 19 71 17 79 18 67
7234 -0.29576787732629506 2.2795704424247902 3.1675279146233648 81 156 78 0.17805912840831331 20 97 19 87 16 96
7235 -0.13651742229584723 2.5403669375924434 2.9212390593108326 77 143 71 1.4170845853656877 40 129 19 104
7236 -0.13651742229584723 2.5403669375924434 2.9212390593108326 77 143 71 1.4170845853656877 40 130 19 105
7237 -0.29274569159602071 2.3993957655518487 3.1843525743363519 179 182 118 0.028330448584038326 21 110 19 108
7238 -0.73016905940084165 3.3941905204651821 2.8884569381053775 78 153 77 0.12664908572756051 20 120 19 114 18 74
7239 -0.21499597146788504 2.7702935219935485 3.0225603095266909 190 193 125 0.11282869474669803 20 128 19 117 13 107 15 92 16 103 17 105
7240 -0.47355248509460263 2.4926698420430351 3.6750725050216029 76 130 69 0.28924580621854518 20 132 19 119 14 140 15 120 16 293 17 120 18 113
7241 -0.52943723944399945 2.3889241237495806 3.7725074953707138 249 247 234 0.25137184061454948 20 134 19 121
7242 -0.44789354358150629 2.5125110994446693 3.6718540390545229 178 178 117 0.13817342339887692 12 187 19 132 14 160 15 119 16 125 17 123 18 114
7243 -0.3432575001186649 2.5396086096951231 3.7216995339856784 179 184 120 0.096266469199842414 12 197 19 134
7244 -0.19406885055179768 3.0564539600483402 3.0816652115160568 255 254 249 0.1936914784964979 20 163 19 139 18 120 16 111
7245 -0.3380144279652138 2.9794172469884517 3.3334945130004185 181 179 118 0.094787562644166684 20 165 19 146 13 151 17 137 18 129
7246 -0.30585361396938493 2.9909276473649666 3.3468840677806249 63 118 59 0.18406019818456834 21 181 19 147 16 135 15 117 17 135 18 270
7247 -0.33210361452536341 2.7648075094038158 3.5112849170434224 64 119 59 0.086499346170705191 20 146 19 148 14 156 16 139 17 139
7248 -0.33140692405859412 2.7642417384400604 3.5103721001343491 64 119 59 0.11123945136038778 20 147 19 149 14 155 13 173 16 140 17 140
7252 -0.26454297300863666 3.7648232459505815 3.6615541373151892 188 161 127 0.11133223821253035 20 191 21 344 19 182
7253 0.17217761395274772 2.2837478475362625 2.0620974418469928 106 204 106 0.90628635384548129 23 354 19 193
7256 -0.29547501905696461 2.069722651202377 3.1534128731390236 177 188 120 0.077580266396389222 21 71 22 54 19 228
7257 -0.30094590921605413 1.9908293518035651 3.2739495416171129 75 153 74 0.22783429917435075 20 239 19 232
7258 -0.19111987040559014 2.4148615921429268 2.7893974152690557 192 195 128 0.012674697686343463 20 248 19 237
7259 -0.19111987040559014 2.4148615921429268 2.7893974152690557 192 195 128 0.012674697686343463 20 249 19 238
7260 -0.29979517871952599 2.3357358758409434 3.1811036883415009 191 194 126 0.054551167169185032 20 253 19 240 18 242
7262 -0.87910126806310562 2.7385794828774066 3.5401743799556633 137 164 98 0.44171222726541265 43 569 19 249
7263 -0.26154015568609951 2.5657594830393822 3.0630928426345028 70 136 66 0.11452510056558381 21 262 19 250 16 269 17 253 18 234
7265 -1.1433492384001096 5.2850655816899508 6.6824626898089265 0 0 0 0.30626142043810256 40 410 52 426
7266 -1.1433492384001096 5.2850655816899508 6.6824626898089265 0 0 0 0.30626142043810256 40 411 52 425
7267 -0.43762976457400476 2.3473059347234386 3.9040411397831662 72 135 65 0.094158928191755406 20 138 19 277 18 267
7272 -0.1972477122319018 2.087117518134487 2.8487191710545257 99 175 90 0.13312807599512072 20 342 19 331
7276 -0.78296736324590099 3.384557135806558 2.8875580053802659 148 176 104 0.08880229330869048 20 369 19 358 18 334
7279 -0.72536216775953011 3.4186408869746199 2.9258475833084772 170 197 121 0.0022489933778643508 21 450 19 399
7280 -0.68178927472105233 3.4417117314334633 2.9715800593321386 190 201 130 0.16639406791024777 20 415 19 405 18 351
7281 -0.25555568136646423 3.1443176378813065 3.165240873416685 59 115 55 0.53480381190127979 20 426 19 409 18 396
7282 -0.48930879920405679 3.9325037653237858 3.9898793549775697 0 0 0 1.1556399088803098 12 447 30 654
7283 0.24077328683777061 1.8221257929653578 2.1540112240255733 124 86 50 0.48398235983177224 20 433 21 470 19 417 27 518
7284 -0.18437705035833044 2.0661062725636437 2.7848122854648518 182 195 125 0.15090393393386164 20 405 19 424
7285 -0.24038932442414304 1.9979325326259185 2.9976841391614255 168 187 116 0.70458277848920536 22 430 19 426 18 415
7286 -0.3064502636461377 2.2580284696463853 3.1996076049023943 77 155 76 0.60643795712583881 20 446 21 482 19 430 18 417
7287 -0.16212577227044342 3.06507391048663 2.7881200990595727 255 252 241 0.61944068182560041 20 416 19 438
7289 -0.23820675406850428 3.5281394861446063 3.3444185260074621 154 122 88 0.15796131016167547 20 460 19 445 17 419 18 400
7290 0.11049003019006237 1.5714134294731508 2.6370180933321827 255 255 250 0.40487961413270002 21 516 19 449 18 460
7291 -0.042189025120970947 2.8010338580091276 2.4572724987084609 166 133 97 0.38092243462484254 20 469 19 453 18 416 17 393
7294 -0.14133911572146621 2.908799039288994 2.8860174514458894 128 181 100 0.3833160959733784 20 498 19 476 18 488
7295 -0.14574095064732834 2.9085409157008617 2.8862264046611887 128 181 100 0.67338516199974441 20 499 19 477 18 489 17 489
7297 -0.11088564906603685 2.7802052499269672 2.3954435238339404 135 154 92 0.6932637007809328 20 526 19 491 18 464
7298 -0.24713135138413173 2.9825021479566005 3.4289489122838925 61 116 57 0.19200682634191893 20 519 19 502 18 492
7299 -0.46199441719358036 4.0596519266658788 3.9068569495092667 1 1 1 1.1224878506419405 20 522 19 503
7300 -0.49306982840303887 2.0731436384267066 2.5118420008469675 0 0 0 3.556940638992375 2 530 20 534
7302 -0.23147186417316407 2.5857733538844161 3.2986633420857969 253 252 244 1.0369550377637264 7 638 8 649 9 654 10 584 11 601 12 565 19 515 25 631 24 630 23 569 22 575 21 576 20 537 13 558
7303 -0.30497892723185216 2.6275307989365575 3.8197155922165842 200 204 136 0.19894908112419973 9 368 10 324 11 351 12 338 19 152 21 183 20 169 13 333 14 314 15 301 16 325 17 300 18 154
7304 -0.28608325333841206 2.4489016191009552 3.1643376717434366 83 164 81 0.20958783269916753 8 290 9 313 10 269 11 272 12 284 19 255 24 98 23 268 22 270 21 265 13 290 14 360 15 247 16 371 17 348 18 345
7305 0.2413780426712388 1.676723940014037 2.2846412342373803 185 155 118 1.0601465153612897 11 6 12 211 20 325 19 312 26 233 25 4 24 209 23 10 22 339 21 346 13 215 14 7 15 176 16 184 17 181 18 169 18 298
7306 -0.27280772529369612 2.5887864843154946 3.8295253727633081 146 212 119 2.3259380107493399 20 305 19 375 23 308 22 300 21 410 20 421 19 442 16 395 18 361
7307 0.23486751872300432 1.8693611657503992 2.1202242845014845 255 255 247 0.40376984351474604 9 468 11 435 19 388 9 380 10 340 11 356 12 415 13 341
7308 -0.2737285435040413 2.4648760734796102 3.3044630103581878 108 161 86 0.18506190365088354 7 488 8 499 9 510 10 446 11 511 12 479 19 435 24 468 25 393 23 441 21 443 24 378 20 414 26 103 25 105 13 442 14 416 15 435 16 457 17 434 18 426
7309 -0.29286192704116459 2.318019586318965 3.1917978802707259 74 145 71 0.029976157349189115 21 112 19 86
7311 0.10274951113307573 2.4566251127586818 2.3111744333163422 180 187 119 0.14551411218182442 12 7 13 13 14 15 15 15
7312 0.10274951113307573 2.4566251127586818 2.3111744333163422 180 187 119 0.14551411218182442 12 6 13 14 14 14 15 14
7313 -0.033668627589929723 2.2454120515729104 2.4359076042627299 89 178 88 0.14800221758660295 12 17 13 21 14 21
7314 -0.035121269725196469 2.1350004828079339 2.4491505591407638 195 202 131 0.020419299141642588 12 19 13 23
7315 -0.010985182680718908 1.4544419243649267 2.6957451522662472 109 211 110 3.385232349974725 7 24 13 29
7316 -2.7857220040004735 3.5306318522453672 3.5688444875669667 0 0 0 0.17106589091094387 10 45 20 14
7317 -0.14556578926607519 2.0208503983436992 2.7199808129138758 91 177 89 0.13754980329100683 12 55 13 48 14 53
7318 -0.12115250414888845 1.9208920873551074 2.7085919843163961 167 192 117 0.12742350674221881 12 56 13 49
7320 -1.0861522767380265 3.092114054049417 3.0029910644683828 0 0 0 2.9282113369166831 12 53 44 303
7321 -0.94574751090803755 2.4027098648703697 3.5343139775658838 0 0 0 0.0065544937690606882 51 272 52 258
7322 -0.19160496946405722 2.0505026235296566 2.8296105922581196 200 200 133 0.099152246028858151 12 92 13 70 14 74
7323 -0.23581502447102454 2.4302380381381283 2.9743779936829893 83 163 82 0.064250027237571769 12 111 13 91
7324 -0.27829520658669749 2.3328891240011251 3.0683449844774477 83 161 81 0.02872084099607157 12 112 13 93
7326 -0.88598477007448828 1.9027960798550838 3.5328893888943922 102 145 75 2.1358207226437247 12 381 13 103
7327 -0.96702458869781727 3.2512472181667338 3.3833406549999459 70 133 64 0.55524355128892922 46 307 13 108
7328 -0.25868187494372757 2.5385595507118399 3.0726698380204223 178 185 119 0.0090990277131512767 12 121 13 109
7329 -1.0972794494555438 3.0900838634478158 3.4848419283418899 0 0 0 0.89833439713547791 12 126 45 332
7330 -0.30225149102609433 2.2979988053481613 3.197077565751175 185 189 123 0.075438743606618314 12 128 13 117 14 109 15 84 16 98 17 92 18 84
7331 -0.36348137189434876 3.0663316144655708 3.2533328996945112 91 155 81 0.31697817261903599 19 140 13 132 15 110 16 113 17 114
7332 -0.37194440692562397 3.0247670127017074 3.281209760675512 84 151 81 0.21104693499329136 19 143 13 133 14 134 15 113 16 116 17 115 18 109
7333 -0.26562979434799683 3.1221350794065965 3.2933459704322847 75 146 73 0.13594569497135514 20 173 23 187 13 147 19 164 21 185 22 181 24 193 25 196 15 126 16 131 17 134 18 127
7334 -0.26509360908597479 3.1217278047248893 3.2925619187652835 75 146 73 0.13009974122855036 19 165 21 186 22 182 24 194 13 148 25 197 15 127
7335 -0.3219332657535085 2.1569564018715348 3.5240299872707275 66 127 60 0.16344710765078818 12 172 13 155 14 142 17 111 18 88
7336 -1.3130111931076975 2.2811621395537123 4.1582866973777239 174 144 110 0.25915114955169893 12 311 13 159
7340 -0.4816893063076928 2.453840411644943 3.7071826529216736 66 121 60 0.31275385408798739 19 120 13 179 15 121 16 127 17 125
7341 -0.22885944191518146 2.7905805415026173 3.6036244232526844 152 188 113 0.13955766228908428 11 182 13 187 14 174 16 324
7342 -0.24443725337835162 2.7819799377528573 3.6530083436198528 160 191 117 0.14453770026821255 11 191 13 189 14 179 16 162
7343 -0.24238478346540779 2.7216720382833657 3.6618238325359145 188 196 128 0.1270441301546118 21 182 13 190 14 180 19 150 15 155 16 163 17 160 18 149
7344 -0.58667370082651549 2.279242976132156 3.9886453505756081 217 220 147 0.049790141503102181 12 336 13 203
7345 -0.27689232936444491 2.8269307615270232 3.7890371451012372 99 175 92 0.10946961123517145 10 182 13 205 15 163 16 175 17 166
7346 -0.48450575927059397 2.6332593440608401 4.5006904781451658 190 163 129 0.10874364758600449 12 207 13 208
7347 -0.0035722361252547019 1.4144277128161726 2.7106274304594136 107 209 108 0.39215475905161912 9 393 13 235
7348 -0.11167299853589283 2.3611017323153609 2.5734449892505058 194 199 130 0.076230363730672795 12 226 13 238 15 191 14 331
7349 -0.18746538970052989 2.6716597401639088 2.7506699891923123 79 158 77 0.062974191191978238 11 232 13 252
7351 -0.20872660591437328 2.3674302070197393 2.8230061857542261 88 170 86 0.16132485201855312 12 85 13 258 14 232 15 208
7352 -0.19809233408693366 2.1997300187652975 2.8455669047996142 86 170 86 0.1925041454108381 12 252 13 259
7353 -0.19539688688526238 1.9376461994377032 2.8867699523119281 193 199 129 0.12540900737850533 12 253 13 262 14 345
7357 -3.6431788472659754 4.8380733142504653 5.428882393028915 157 187 111 0.34300801582836365 19 271 13 313
7358 -0.18172534344655042 3.5323532792193091 3.4640165184563623 169 138 103 0.16265248098352267 12 313 13 326 14 303 15 304 16 328 17 309 18 162
7360 -0.47823882125710887 2.2491898848780121 3.9975176829079913 179 155 119 0.041779048541918218 12 411 13 337
7361 0.053122789278238935 2.3805415824229064 2.31839125686701 83 168 82 0.029041799577299639 12 347 13 344
7362 -0.025831666687216592 2.3827922527494647 2.4118389901606281 85 171 84 0.18258114826337268 11 219 13 346 14 324 15 318 16 343 17 320 18 188 19 205
7364 -0.17786530182216981 1.9168946828572389 2.8420726943480705 88 176 88 0.31576169195866632 12 359 13 358 14 335 15 322
7367 -0.94816123068142932 2.4680195635078226 3.444842832626994 0 0 0 0.049798110385332647 51 859 54 737
7368 -0.25282708947187227 2.1554972117823183 2.9923659008803933 194 198 130 0.06031552164895361 12 377 13 380
7369 -0.24998105263382203 2.1527653924524319 2.9909436880259017 194 198 130 0.058698984461868484 12 378 13 381 15 337 14 354 16 357 17 330 19 225 20 236 18 323
7370 -0.27167160150706637 2.3353981812215658 3.0978702152763082 180 189 122 0.1537037187993604 12 385 13 386 14 359 15 348
7372 -0.23688475907744522 2.5785082726964501 3.2089188371520123 205 221 186 0.12328059699542218 10 271 13 396 15 355 16 380 17 358
7374 -0.95995383573508275 2.1391190937424276 3.8625691157871391 184 210 131 0.16482665085516401 12 440 13 446 14 371
7376 -0.4267335571489026 2.4543252059172063 4.1999870699355908 153 119 82 0.2763497230058094 12 451 13 463
7377 -0.15242881238623129 1.9780591174971236 2.7313692714856552 168 192 118 0.26481362736377606 12 464 13 471 14 444
7378 -0.34468105726218734 2.1822264589064684 3.3584808988128478 119 163 91 0.16317424414166168 12 504 13 484 14 452
7379 -2.0056156401100909 2.8394160054351549 4.6988458274769824 253 250 239 0.59864351182361553 12 510 13 489
7380 -0.17829893189257984 2.016654551322469 2.8054226621858152 162 189 115 0.19407777485155553 11 501 12 465 13 503
7381 -0.22870417544788835 2.540097942325279 2.8545243682041495 82 165 82 0.19655097899623977 12 521 13 512 14 505 15 469 16 494
7382 -0.2349061395988864 2.0266982621836065 3.0396203994494675 176 195 122 0.79247617638821743 11 526 13 513 14 490 19 488 15 457 12 502 16 479 17 472 18 480
7383 -0.51438139850371312 2.3498277364059228 4.1434142742701887 255 255 255 0.66111143119530003 12 549 13 523 14 498 15 459
7384 -0.23247276574885672 2.0480274215165446 2.9298512995026225 88 173 87 0.22551477453393196 12 538 13 531 14 503 15 466 16 492 17 471
7385 -0.62238207907541543 2.3740099291226762 3.664024200629016 130 169 96 0.14475098802814124 7 648 13 543
7386 -0.37853838048763788 2.6509574630937078 4.1903098879133163 1 1 1 1.0550826762648133 12 570 13 552 14 528 15 489 16 514
7387 -0.32307052744017395 1.8977525687229861 3.3862840745610261 255 252 242 1.2073401017042542 12 579 13 572
7389 0.25418040343663079 1.7638923315265049 2.2241631226101615 186 156 119 0.78898450235339257 7 204 8 238 9 1 10 197 11 357 10 341 12 346 13 214 21 7 20 192 19 183 14 195 15 173 16 183 17 180 18 2
7390 -0.24271770026236261 2.8945738396608101 3.7100921204232735 117 186 101 0.23291340890684298 9 212 10 320 11 340 12 329 13 332 21 335 22 186 20 319 19 304 14 383 15 380 17 304
7391 -0.23328114440212916 2.6529831196717457 2.9339655483170479 198 200 131 0.18089328663427692 7 376 8 395 9 396 10 358 11 387 12 373 13 377 23 278 22 268 21 387 20 362 19 351 14 352 15 343 16 367 17 344 18 339
7392 -0.23485997851556045 3.0827531718130596 3.5678887740445111 94 187 96 0.280733950066269 10 455 11 481 13 495 12 486 19 462 14 465 18 453
7393 0.21252524173957593 1.6812838728144146 2.1753899881804672 249 228 177 1.4160167103705807 4 484 5 459 6 532 7 577 8 535 9 541 12 515 13 500 11 492 12 416 14 466 16 466 17 420 18 405
7394 -0.2870363948167412 2.3134181474800353 3.1355314437462787 139 179 103 0.23583836997864269 10 549 11 579 12 543 13 537 21 531 20 494 19 473 14 510 15 473 16 498 17 477 18 482
7395 -0.29936457268257899 2.3539956098917787 3.3171249460158689 74 151 72 0.71448711880646121 9 640 10 575 11 582 12 544 13 540 26 532 25 584 24 562 23 531 22 536 20 517 19 495 14 512 15 476 16 501 17 480 18 486
7396 -0.27875801682942858 2.7715887729056967 3.5325178000061914 119 157 90 0.72959713722113573 7 664 8 668 9 674 10 594 11 606 12 568 13 563 27 645 26 629 25 654 24 634 23 578 22 586 21 580 20 541 19 518 14 537 15 499 16 519 17 505 18 514
7397 -0.37805756194678675 4.097198102500057 4.056003686086064 250 246 233 0.733360431837493 7 669 8 678 9 676 10 597 11 609 13 566 32 917 28 671 31 831 30 776 29 716 27 661 26 646 25 663 24 646 23 582 22 590 21 584 20 545 19 522 14 540 16 525 17 495 18 511
7398 -0.74382140883247172 2.7569887458709528 3.3202544841316368 95 112 67 1.3124131885641814 19 535 20 559 22 602 25 685 21 594
7399 -0.038259689618935888 3.6854789503914849 4.5494163087492607 0 0 0 1.7650913251261946 47 239 52 252
7400 -1.3130111931076935 2.2811621395537096 4.1582866973777222 174 144 110 0.25915114955169738 12 312 13 160
7401 -0.42482041194847647 2.5465217360176688 3.6567183884449701 196 195 129 0.13319300548243948 11 186 13 176 14 159 15 137 16 124 17 122 18 112
7402 -0.46957953160516125 2.3503002954476999 3.8497338586468763 181 185 118 0.40800189435814238 21 397 22 273 17 366 18 358
7403 0.20497253536397858 1.6413894192715037 2.2265121635251899 200 151 102 0.44758839011466739 13 2 14 4 16 4 17 2
7404 0.23036055459532551 1.6458584680255526 2.2591606954958232 45 28 15 0.14839075962369117 13 4 14 6 15 174
7405 -1.0711468631736711 1.7372958339121014 3.1707461454882777 189 158 121 0.57430589030351276 13 34 14 12 17 5
7406 -0.034569646326859604 2.293506209282782 2.4292745176851649 87 171 85 0.14235180222518701 12 13 14 19
7407 -0.041368146306393572 2.2520169596625763 2.4383166721677383 89 178 89 0.18512047914455251 13 22 14 22
7408 -1.0140251374491382 2.1146851670705602 3.1907620167401864 0 0 0 1.5970149782397969 23 216 44 1126
7410 -0.15547533810016267 2.184987287280979 2.7177260945826105 86 170 86 0.17908660963750614 13 47 14 51 16 38 17 41
7411 -0.12729179409366739 2.5879283013598453 2.648201641025782 83 165 82 0.15953239501025507 13 63 14 64
7412 0.57220868548495019 1.8686826397625602 2.4138721475074174 189 195 126 3.38217854314918 20 50 14 69
7413 -0.19789608688595137 2.5887957180000654 2.774702246899631 80 159 78 0.10805137960340043 12 81 14 70 15 57 17 71 18 58
7415 -0.22796005929911073 1.9124335831088861 2.9623041670324368 88 175 87 0.18080950529337234 13 74 14 76 15 44
7416 -0.22943372238312573 2.6157363115357959 2.9102773265006214 80 153 77 0.26354785740657011 13 276 14 85 18 77
7417 -0.23553572844460363 2.5176779833782152 2.9028523627588361 84 160 81 0.10797439372948504 13 89 14 86 15 58 17 235
7419 -0.28952903819916265 2.3777641407531878 3.1750119118354063 182 184 121 0.21576664864737741 13 114 14 106 15 81
7420 -0.31666246801699366 2.1707552029517498 3.1787845981067764 169 184 115 0.061593304449026928 13 118 14 111
7421 -0.32506590724126105 3.060452808194273 3.1900514784426237 245 244 231 0.12798305516368697 13 131 14 120
7423 -0.21820220550697991 3.1402774758907337 3.4591574006404882 93 183 94 0.102895600574944 13 167 14 168 16 152 17 293 18 143
7424 -0.26051149478311952 2.706256800462608 3.7209083798295071 202 200 135 0.14477153858833536 13 191 14 181 15 156 16 167 17 163 18 152
7425 -0.29951726673743978 2.5950121948675173 3.7868851312202483 93 168 88 0.09256565435852554 13 195 14 185 15 158
7426 -0.32439547516172645 2.5511397155636448 3.8467138593474899 85 168 86 0.14547441435365771 12 339 14 187 15 160 16 169 17 168 19 155 18 136 21 173
7427 0.22590958162668257 1.6875811921461534 2.1821280233996423 255 255 255 0.27468932273254465 13 210 14 193 15 167 16 182 17 3
7428 -0.091033599995042569 1.8691926555282552 2.6512207122309883 193 200 130 0.11370578234674183 13 232 14 209 15 185 16 199 17 193 18 179
7429 -0.17581428736952159 2.6282170860107197 2.7203207696848 152 179 107 0.085411427274435958 12 78 14 228
7431 -0.26567229168615897 2.5446198512220999 3.0694510299228694 175 181 117 0.12681967984779008 19 251 14 263 18 235 20 264
7432 -0.28363607560545118 2.4129217143214357 3.1375307732609303 155 175 108 0.084876991435802782 19 254 14 269 15 246 16 275 17 257 18 240
7433 -0.34124120188898804 2.1996086497597775 3.315479599967182 68 136 66 0.025754983892545092 12 297 14 274
7434 -0.31798542454953166 2.0550955538299087 3.229560461878243 81 163 80 0.24316184267234434 13 295 14 275 15 234 16 260
7435 -0.32801903454466319 2.0835369218759991 3.26874090030819 78 157 77 0.15791769774953027 13 120 14 276 15 86 16 80
7436 -0.30429372007885053 1.991712229541688 3.2699856216437619 86 173 85 0.077380987119681999 13 122 14 278
7437 -0.31010627672447327 2.0288239741951961 3.3089889328905286 83 166 82 0.17523428967977739 13 123 14 279 15 255
7438 -0.26755749961223624 3.2351787426951604 3.231197763628284 75 145 72 0.20897502555009648 13 304 14 291 15 269
7439 -0.40520528460681327 2.4334566953134527 4.1743660128067024 169 136 100 0.20882244077506193 13 422 19 157 14 319 15 305 16 176 17 170 18 155
7441 -0.080279827720336483 1.9203681268102351 2.6148287004321049 91 181 91 0.32022603211703971 13 347 14 327 15 314 16 340
7442 -0.089778148263675583 2.4104050790801277 2.5429772627182028 85 170 84 0.16963657759535192 13 353 14 329
7443 0.27041451740860739 3.769401237553625 4.624328806995023 0 0 0 1.5143367905087373 46 635 51 592
7444 -0.1518742868370484 2.172190570948878 2.6970521801164509 85 168 85 0.036387503564711383 12 357 14 332
7445 -0.15899425853120372 2.055523665437522 2.750986238322771 188 197 127 0.14910265959708363 13 357 14 333 15 321 16 347 17 323
7446 -0.1853203032793086 2.3954498941780082 2.7450091642836454 83 166 83 0.28409153822405014 13 367 14 341 16 421 17 390 18 377
7447 -0.75604091556686925 2.6147598902619236 3.4495320781167593 0 0 0 0.02540514562690703 51 849 52 555
7449 -0.30225548067671748 3.2360473025690402 3.2090567142652278 188 195 124 0.15594035232681908 13 393 14 373
7450 -0.24470434554708528 3.2964169984020626 3.2570745128214891 76 144 69 0.60982496895829497 13 305 14 378 15 124
7454 -0.16887527639953107 2.264385571483253 2.7696954682016957 151 185 110 0.21301901829538025 12 424 14 401 16 422 19 337
7457 -0.12191887127724091 3.1518988797707217 2.8575852692121382 0 0 0 0.5235598080158137 12 430 14 414
7458 -0.28801779643324127 2.3356671829214726 3.2234526552609291 64 126 61 0.12349651141672517 13 479 14 449 15 432
7460 -0.39977630746156001 3.6062333682014081 3.6506886128117504 0 0 0 0.063284598171554518 12 492 14 462
7461 -0.43034065830718349 2.5704030150429995 4.2506184493876269 254 252 241 0.15783794885435082 12 514 14 481
7462 -0.0090572362073886303 2.1348379747968487 2.3856242570647073 94 188 94 0.49590212763697861 12 516 14 485 15 454 16 485
7463 -0.025712378308904882 2.9736570670234173 2.6405470189296492 0 0 0 1.1593490168469303 9 489 12 520 14 489
7464 -0.26978304754622606 3.4645435596579728 3.6081058014602077 1 1 1 1.7576499536338277 13 521 14 496 15 460 16 503 17 493 18 509
7467 -0.099806211287175373 1.8429373696134477 2.6949677213228722 90 182 91 0.92935653452348044 13 528 14 514 15 481
7468 -0.1726285588425818 2.1651890416978858 2.7452470413423717 104 172 91 0.26575052050553183 13 546 14 517 15 482 16 509 17 486
7469 -0.43343005480042462 3.6574751771926524 3.3576845334211298 0 0 0 0.36557393582580616 29 704 30 761
7470 -0.196302910190672 2.8144995412384302 3.0142630156783601 65 124 59 0.38053801902251677 9 98 11 121 20 145 14 260 23 151 20 285 16 283
7471 -0.21227189141602132 2.8975088724878622 3.5359247681109238 191 203 131 0.14372828920404776 9 178 10 164 11 180 12 182 13 172 14 172 20 179 19 171 15 292 16 155
7472 -0.29936179228129206 2.3826295227650927 3.200988743385953 86 165 83 0.11311323647272575 7 91 8 123 11 274 12 286 14 271 9 136 10 124 13 115 15 251 16 95 17 95 18 83
7473 -0.22402805927804095 3.3216897597771005 3.3497767552406459 131 206 111 0.55092722743606048 8 498 10 493 12 483 13 490 14 424 25 445 24 499 23 464 22 466 21 462 20 459 19 414 15 441 16 441 17 417 18 401
7474 -0.20862427533340452 3.1497239744821615 3.4522445670675177 132 212 116 0.53784602760183664 8 317 9 340 10 383 11 480 12 485 13 491 14 464 27 425 26 494 25 510 24 538 23 496 22 502 21 493 20 480 19 461 15 443 16 463 17 451 18 452
7475 -0.26388046164720358 2.530787177562797 3.0020702585527226 186 201 127 1.279294247044789 7 480 8 552 9 557 10 521 11 523 13 533 14 507 23 551 22 567 21 558 20 516 19 494 15 472 16 497 17 476 18 485
7476 -0.084343589190439716 2.1396894470464631 2.5430617818564656 89 172 87 0.12846635432885387 14 28 15 9 16 20 18 23
7477 -0.1218563679818816 1.900155695168332 2.6876143277375668 88 176 88 0.19487030182863921 14 33 15 13 16 23 18 9 19 21
7482 -0.10960889746796681 2.7525525630439547 2.6776015369102004 174 188 116 0.11493110257575063 14 80 15 50 16 60
7483 -0.075778360669245481 2.7524993886437943 2.6673101839463871 83 171 82 0.16011175869773223 13 58 15 52 16 62
7485 -0.27019700264088664 2.2987750424404156 3.0675280887552701 82 156 79 0.11219186130410896 13 94 15 62 16 74
7487 -0.25953889585625434 1.7203290189148273 3.2891156603163032 159 128 94 0.052435409964110002 14 365 15 71
7488 -0.23302905322474721 2.5554077766728081 2.9549601125540854 78 150 76 0.036845910207695162 12 109 15 73
7489 -0.30090099446468699 2.3385290445977529 3.1862773269396731 189 189 125 0.10718119386254082 14 108 15 82 16 97 17 93
7490 -0.30015753877584345 2.2645673428770121 3.145941482994203 186 191 124 0.091518542005375972 14 107 15 83 13 116 16 76 17 74
7492 -0.16280111692667237 2.9276943241529838 2.9431567280933706 67 119 60 0.17083048462516501 19 127 15 90 18 105
7494 -0.35248506910836647 3.0110093478025788 3.3050786847166305 199 200 131 0.058449005450096639 19 144 15 114 16 118 17 116
7495 -0.35434724458204581 2.7154726694658962 3.5592066594619776 142 153 96 0.013942570868797279 14 157 15 132
7496 -0.44561372959313444 2.3897029434502035 3.8262102259922641 64 117 58 0.053246213744958505 14 165 15 143 17 127
7497 -0.20470046985954632 3.0902951546677189 3.4298161731774832 177 193 124 0.065119494033359454 13 166 15 146
7498 -0.52883149698930465 3.091203048833528 3.8769427449881149 85 168 86 1.7653222646983124 47 237 15 154
7499 -0.39770613436947816 2.4633459876562815 4.1996799443965092 160 128 93 0.12335206105018008 14 190 15 164 16 177 17 174 18 156
7500 0.24778227098925271 1.7491470084002532 2.1833075740666765 59 39 21 0.16783839015750843 14 3 15 171 16 2 17 179 18 168
7501 -0.040964742586720837 2.1351257468643734 2.4548753902008387 193 199 129 0.17821869793778219 14 326 15 182 16 193 17 186 18 176 19 194
7502 -0.0027457139477168324 2.4634637607674961 2.4192922196921014 84 171 82 0.18889778540695618 14 214 15 187
7503 -0.11357482114980316 2.3619511883436966 2.5735443923891363 192 196 128 0.15432194313040762 13 239 15 190 16 210 17 204 18 199
7504 -0.12297367309212021 2.3793559426568991 2.6051633433559038 85 168 84 0.1685063690315371 14 215 15 192
7505 -0.16428928841593612 2.6205881469962988 2.6899318609676017 82 164 81 0.13875035602488023 14 227 15 205
7506 -0.16132780036735012 2.4367938219442307 2.6440759118611616 167 186 116 0.14977248584707686 14 45 15 207
7507 -0.19291786159296775 2.0863648056777122 2.8386607052258146 87 166 84 0.062732795271287556 13 260 15 213 16 235
7508 -0.86306718142572159 2.5629877218358823 3.3805674384640856 0 0 0 0.041564035812080374 47 234 50 581
7509 -0.25209995004424934 2.4474695673556446 2.9795625365419691 80 158 79 0.044327740216793213 14 248 15 225 16 249 17 238 18 222
7511 -0.27141991460470105 2.1832768291092783 3.0309996504178933 82 160 80 0.020300033640581472 14 252 15 230
7513 -0.2338522922638851 2.7066352958678626 3.004469724632354 150 164 102 0.10770966304057034 21 276 15 240 16 268
7514 -0.26697299801422519 2.4950022170434809 3.0765012054906107 151 171 105 0.10097075903442289 14 264 15 242 16 271 17 252
7515 -0.26767291480427463 2.4956357900144046 3.0770116751037282 151 171 105 0.097218197172996373 14 265 15 243 16 270 17 251 18 236
7520 -0.39296510597867096 2.5473046013768439 3.6755051992681578 62 118 58 0.17042041186614151 13 178 15 279 16 142
7521 -0.21345923517209769 3.5094969595972518 3.3446083116931691 166 135 99 0.08937222585964201 14 166 15 289 16 326
7522 -0.18998783342950293 3.4807697493096779 3.3812626706586677 173 142 105 0.15208564098963345 14 167 15 290 16 327 17 302 18 295
7523 -0.43455425218027277 2.5373001844240277 4.3712678171477242 181 150 114 0.42039863854686288 19 173 15 306 16 331 17 305
7524 -0.047409685726782169 2.080417778087055 2.4824864529149337 93 180 91 0.071482953952323111 13 231 15 312 16 191
7525 -0.081588996466434749 1.920645887610704 2.6150647847286286 90 179 90 0.32290292999410769 13 348 15 315 16 339
7527 -0.15252668087724594 1.7481864598264887 2.9616196667159707 89 179 88 0.22933127004354628 14 346 15 328 16 350
7528 -0.079099749635896444 1.6487491887150447 2.991809569942439 104 184 92 0.22958575682097057 14 243 15 329 16 424 17 388
7529 -0.18494554748282116 2.671292622440387 2.7525090962898449 77 155 76 0.12756965938734305 14 350 15 332 12 367 16 361
7531 -0.79184165316743305 3.149967224955073 3.0647981949666949 156 175 108 0.30653142399631472 44 904 15 334
7533 -0.2980341929757841 1.9950525029768009 3.3118477582562558 171 193 118 0.33032343678013099 14 363 15 351 16 375 17 341 17 396
7534 -0.28237799903774607 2.3594442209602757 3.3789444146443093 202 222 185 0.12282069205405807 8 320 15 357 17 359 18 256
7535 -0.32012253834571119 3.1855790328503053 3.2191019399517358 74 146 72 0.10018664679973899 14 374 15 363
7536 -0.46067375371025798 2.4391679146510428 3.7624978983756519 62 117 58 0.10242451055877948 14 380 15 372 16 384
7537 0.27531774389414548 1.7365425393118901 2.3400241501565593 95 190 94 1.2571567436052886 8 375 16 410
7538 -2.6963185290327107 2.8363720410440707 3.7290844307155409 0 0 0 0.79541127065568351 19 387 15 387
7539 -1.0342068474273469 1.6858396829666547 3.2515617071547451 255 255 255 0.37570530923835871 14 395 15 388 16 412
7541 -0.20084456699901351 2.6725517541240249 2.7967994179695119 150 173 105 0.4137747393943611 13 432 15 396 18 385
7542 -0.25404502184631766 2.0020083265280029 3.0860913519579416 192 196 127 0.32035137568989713 14 406 15 397 16 423 17 392
7543 -0.3158036291132037 2.2117574730621152 3.1938519759251611 75 151 74 0.12591240161511977 14 412 15 400 16 427
7545 -0.27144656598502381 3.6513887568773136 3.39754831234124 183 153 116 0.31930210506546197 14 430 15 417
7546 -0.22360344940129928 3.6200938469913249 3.5493615207761042 253 250 240 0.052524144579452578 14 433 15 421
7548 0.34881963840181912 1.6949323337731057 2.3461854753766671 128 190 104 0.10265288495248018 19 465 15 455
7550 -0.22673344169370691 3.4366370976450589 3.585649005406192 1 1 1 1.7280500212506233 14 497 15 461 16 504 17 494 19 510 20 533 18 508
7553 -0.17084006661570933 2.1649543556098232 2.745515883555306 100 171 90 0.20205241594587778 14 518 15 483 16 508 17 485 18 498
7555 -0.41462591859593706 2.6750571165732402 4.2130769837119599 1 1 1 0.58167801312392386 14 527 15 488 16 513
7556 -0.050938667701802887 1.6629085764024913 2.8712369254070915 89 179 88 0.35611905987479037 14 531 15 494 16 516 17 501 18 519
7557 -0.38901594457478239 2.4724919363080273 3.7794528699716956 70 135 67 0.26037294327864263 9 453 10 409 11 426 12 408 13 418 14 381 15 373 26 301 25 304 24 277 21 396 20 384 19 368 16 388 17 371 18 356
7558 -0.20918530621296313 3.1310106535078712 3.4149445242151311 93 181 93 0.098082772309031716 12 179 13 164 14 152 15 145 22 190 21 341 20 185 19 168 16 150 17 150 18 142
7559 -0.14987824309557829 2.498870178417572 2.699076980583158 147 183 107 0.32892920625324096 13 529 14 501 15 464 20 493 19 472 16 490 17 460 18 465
7560 -0.21527299493019164 3.0815892486660461 3.4815391737467429 200 205 135 0.16871711598207725 11 179 12 180 13 171 14 304 15 291 24 320 23 333 22 327 21 329 20 317 19 298 16 318 17 295 18 282
7561 -0.26640818078362444 2.7996754905986161 3.7357833767193194 194 199 131 0.3696592020214271 12 407 13 417 14 385 15 378 20 321 19 305
7562 -0.21071950262108552 3.1390464181868252 3.3620207329064979 89 109 66 0.43415910569436855 22 463 21 463 15 412 8 136 13 456 16 442 17 440
7563 -0.37650768183240857 2.6745287396480006 3.5574464505916268 72 140 70 0.53656737636468677 7 424 8 505 9 567 10 528 11 513 12 487 13 492 14 457 15 413 24 131 23 293 22 395 21 402 20 381 19 407 16 436 17 410
7564 -0.32598049254723444 2.2569751937878859 3.7086845871905298 66 119 59 1.8758739479061626 10 506 11 532 15 438 12 445 13 458 14 428
7565 -0.28130878901443473 2.1163066248494666 3.0734423151952139 186 191 124 0.051087633920158644 12 115 13 97 14 90 15 64
7566 -0.78086486731616578 3.0582336892267481 2.9400582359928822 185 193 124 3.8322570947862351 45 922 15 393
7567 -0.90121013367360381 2.1916064038755718 3.1572696550841415 90 179 89 1.4769607364904496 51 217 16 24
7568 -0.88227963838237367 2.7595298054300703 2.9468330977208983 89 169 86 3.3129933574409165 45 227 16 33
7571 -0.11597299334563332 1.736848541864324 2.8241779704549299 160 191 114 0.027131002387573065 15 26 16 44
7573 -0.26763737388058439 1.976741627487923 3.0775533259919898 87 168 84 0.078759296773377854 15 46 16 57 17 64
7574 -2.7817097500028583 4.2202970365910613 4.4663356985022755 0 0 0 0.060760071785511217 9 165 14 110
7575 -0.24126703654708415 2.5432321207387596 2.935700051265802 187 190 124 0.14412333369447472 15 59 16 68 17 87 18 78 19 103
7576 -0.24096403856136583 2.4580992966962372 2.9502688676508564 80 155 77 0.045950439317162153 19 82 16 69
7577 -0.16330023010167197 2.7603752749353849 2.7602223638728769 0 0 0 0.050964748754498045 11 76 13 87
7580 -0.25494674301144349 2.5632243251547187 3.0173670605380378 190 190 125 0.046614366209080708 14 101 16 92 17 89 18 80
7581 -0.27316265107957338 2.3907087417760735 3.0673845628084186 77 153 76 0.072752263838777656 14 102 16 94
7582 -0.22480425337638058 2.68785944212321 3.151229931611029 206 221 186 0.15001181046740525 8 91 16 105
7584 -0.3404748142433679 3.0278750916190149 3.2672915476206983 195 196 128 0.043203615484055796 15 111 16 117
7585 -0.45025558471380489 2.5975322196596471 3.596946854752582 64 119 60 0.1918134077919145 14 139 16 122
7588 -0.28784136815508488 2.9775703931147728 3.3366063248030384 60 117 57 0.047748494570001368 15 116 16 136
7591 -0.21660007268185141 3.1392170478040442 3.4581532867423102 92 176 91 0.10313552964104999 14 169 16 153 17 292 18 144
7592 -0.24204798798443611 2.8941775490170785 3.6599985910974087 86 169 86 0.064788820958935761 14 177 16 159 17 156
7593 -0.2449374730436511 2.8440276531986082 3.6898185685348941 86 169 86 0.064835259673458448 15 153 16 164 17 158 18 150
7594 -0.40760353376596614 2.4980585564543931 4.0208877604958193 109 176 97 0.079650458890781733 14 189 16 172 17 169 18 137
7595 -0.1844600020135507 3.493905368877233 3.4203529165838673 168 138 105 0.14764483372252976 13 183 16 174
7596 0.053994024248534056 1.9922076621818645 2.3667115487281021 99 192 97 0.33919667650189339 14 10 15 310 16 189
7597 -2.1404460206726785 3.3352261819991642 3.6764183051221826 159 185 113 2.640689830878566 21 81 16 213
7600 -0.19719251614280248 1.9411328519827311 2.8869387080262934 191 195 128 0.097125333310857154 15 198 16 220 17 209
7602 -0.1351708622835546 1.7127058170083431 2.9285529147962226 85 173 84 0.20179597792358309 15 203 16 224 17 325
7604 -0.2506138102743552 2.0393255578448439 2.9896929771569583 84 166 83 0.087655176067036836 14 238 15 215 16 238 17 226
7606 -0.1432472161291104 2.722858691325182 2.7123428885462699 80 163 79 0.19689523138165996 15 331 16 243 17 249
7607 -0.22242139126892624 2.4699457849281337 2.866580141144123 158 179 110 0.0080147469229938928 15 224 16 246
7608 -0.2146097137370033 2.3739279859791651 2.8537976183489722 81 162 81 0.040671689512123528 14 233 16 247 17 236
7609 -0.2146097137370033 2.3739279859791651 2.8537976183489722 81 162 81 0.040671689512123528 14 234 16 248 17 237
7611 -0.26947772250604657 2.3244749774379905 3.0160454079565153 122 168 94 0.10153993761410207 14 250 16 254
7615 -0.17210651014181549 2.7641397010774655 2.7643969925356906 78 155 75 0.12619277143978161 15 221 16 265 17 86
7617 -0.31780159656005363 2.2821357714779644 3.3169765484984493 145 156 97 0.304368198015322 9 158 20 100 16 281 17 261
7618 -0.29498927401555969 2.2900485695246098 3.4349824468259991 200 216 176 0.1029530257635928 14 294 16 291 17 274 18 257
7619 -0.51617754032826291 2.4052924601974759 3.7327156581563741 251 248 237 0.15575043739548372 15 267 16 294 17 277 18 258
7620 -0.27782617308255153 3.0754947950477676 3.3144277696089817 170 173 112 0.12672848679265233 20 314 16 299
7621 -0.24460432685465966 2.7677656507093054 3.5655872875430608 87 125 67 0.46742953364860612 20 166 16 309 18 131
7624 -0.19641989600685991 2.9427554306993766 3.4453758674109483 57 109 54 0.35446957664995349 19 169 16 320 18 284
7625 -0.16831848380676256 2.118342563845415 2.7473614445317156 84 166 83 0.31708918683783588 15 320 16 346 17 322 19 330 18 315
7626 0.0050970478428449817 2.5630368005945297 2.4660972448328708 86 177 85 0.18461245864872702 13 352 14 397 16 352
7627 -0.28986011064181699 1.9921612615823143 3.1545589133356451 82 167 81 0.18909975016776337 15 339 16 362 17 332
7628 -0.30332066258908935 1.9936813802232018 3.2738351179863265 80 164 79 0.1198809831642389 15 254 16 363 17 339
7629 -0.15945593343124259 2.8757454857867302 2.8259591282901524 77 156 76 0.1937641720624281 15 239 16 366 17 265
7630 -0.27617205647227844 2.439986084017272 3.1943646516334172 144 157 97 0.24188277642808156 20 364 16 372 17 349
7631 -0.40948155433724842 2.536024018023765 4.3126199972319581 253 250 239 0.60156160066055564 15 384 16 404 17 376 19 384 22 171 18 294
7632 0.28743560314543387 1.7875690369958304 2.3008790947286428 96 191 95 1.2520971165977839 24 332 16 409
7633 -0.1100861775309887 2.3240908976028667 2.5446896758035176 86 171 86 0.45297515710975728 15 391 16 418 17 385 18 312 19 328
7634 -0.12282120429214335 2.1946561159802407 2.6461870433123726 195 196 130 0.29724570958075569 15 392 16 419
7636 -0.27715903301819411 2.3425822978999227 3.104047802906853 182 188 121 0.17424117117437032 14 410 16 431 17 403
7638 -0.22370363709308264 2.8118559305375026 3.6038025235548732 94 170 89 0.089517241445511778 21 457 16 464 17 441
7640 0.19121885312745973 3.0224017937491645 2.9813402280895769 255 252 242 0.73892816191043487 41 558 16 521
7642 -0.28000521332957079 3.4782125648297635 3.3981926731694854 255 253 243 1.2776121571744408 16 533 17 514 18 522
7643 -0.18914333036439848 2.5914447118072275 2.2798058655786915 255 252 242 0.039948678422676173 15 510 16 536
7644 -1.0089204829668077 2.8569190929325474 3.4794817589220024 96 161 84 3.331387388193932 4 743 16 542
7645 -0.19906385665367016 3.6044580266276176 3.496189776588968 163 132 96 0.29744146731073878 12 177 13 327 14 188 15 162 16 178 22 194 21 196 20 188 19 180 17 307
7646 -0.29310749803358682 2.3870179836423491 3.2663076455381157 179 193 121 0.20399096935728192 25 104 24 266 22 261 21 266 20 268 11 288 19 256 16 289 8 422 9 316 11 401 16 381 17 260 18 244
7647 -0.24050144136091672 2.5533457712452878 2.8652219984570997 84 169 84 0.80280611808470059 14 506 15 468 16 493 22 539 21 534 20 514 19 492 17 473 18 481
7648 0.17809072612229887 1.5587619598179039 2.3611618740844151 255 255 254 1.0912471983810124 20 482 19 464 15 445 16 476 24 433 12 457 23 418 21 422 20 431 16 467 17 448 18 408
7649 -0.26382787347172809 2.9597938373989239 3.397521810929502 73 142 71 1.6905453255103084 8 662 9 673 10 593 11 604 12 564 13 562 14 536 15 498 16 518 28 648 27 649 26 632 25 661 24 643 23 579 22 585 21 579 20 540 17 504
7651 -0.31132691363898074 2.8623340082250546 3.4419199178100506 67 127 63 0.21900288831370082 10 150 25 169 11 165 16 305 12 303 13 311 14 298 15 275 22 311 21 307 20 297 19 282 17 282 18 272
7652 -0.3093699172124818 2.911186759725843 3.4023395098733298 207 203 135 0.3187758012950565 11 411 12 397 22 458 21 455 19 374 13 402 13 451 16 387 26 324 25 414 7 112 8 319 9 326 24 408 10 384 23 454 21 456 19 373 14 422 13 450 15 369 16 438 18 397
7653 -0.24071696968221373 2.8110170785899555 3.6711429252157615 98 193 99 0.58380697014358418 8 189 9 356 12 405 13 416 14 384 15 377 16 394 22 168 21 316 20 320 19 303 17 299 18 289
7654 -0.1984545083017179 3.0616566207120073 3.4117572100698079 153 202 118 0.44875379299614737 10 294 11 410 13 457 15 442 16 462 25 559 24 537 23 494 22 521 21 510
7655 -0.25450628001388576 3.5600738397865328 3.4222412959676203 167 135 99 1.115731001130704 13 455 14 461 15 440 16 474 27 621 26 608 25 641 24 610 23 558 22 558 21 550 20 507 19 479 17 453 18 474
7656 0.25690270798799358 1.8849027154126761 2.1176540699613557 255 255 252 1.1471866019074142 7 576 9 605 11 537 16 475 21 515 20 484 14 467 18 435 18 457
7657 -0.1377500092640781 1.9990639307249913 2.7633426251147863 152 187 111 0.90129129053870027 13 527 14 500 15 463 16 487 22 476 21 497 20 488 19 471 17 457 18 463
7658 -0.23804092888705267 2.0544063255767941 2.9363894547864273 87 174 87 0.54454370076081948 14 504 15 467 16 491 22 530 21 525 20 490 19 483 17 470 18 476
7659 -0.22523514038022327 1.909974847494182 2.960062768012401 85 171 85 0.028973247040688883 15 45 16 55
7660 -0.14050672536838121 2.0428135908815892 2.7127744323545127 86 168 85 0.060767502548910411 15 197 16 215
7661 0.20840972853437684 1.7707100284344381 2.1356609540502878 182 151 114 0.3922275883927846 16 0 17 0
7663 -0.11913394765839341 1.8222803210187142 2.750170391615816 89 176 88 0.20109379233278099 16 25 19 23 17 17
7664 -0.11071367495515705 1.7981742187410565 2.7532860573918185 196 198 130 0.11143250512950038 16 26 17 19
7665 -0.14715566230724558 2.3074515501102888 2.6327003275641561 188 195 127 0.095843109203745613 16 34 17 36
7666 -0.14715566230724558 2.3074515501102888 2.6327003275641561 188 195 127 0.095843109203745613 16 35 17 37
7669 -0.20721998585494597 2.206676604928433 2.850212578636659 83 165 83 0.0066063249413572372 19 62 17 58
7672 -0.28526356157463106 2.0880483621038111 3.1034668403007641 193 194 127 0.082110628371441868 19 67 17 62 18 45
7673 1.1077513549742841 1.3823759376911668 2.2373751028613769 83 167 82 2.8240973134021612 13 59 17 65
7674 -0.19379172482560963 2.5066696793856815 2.7730130751396924 187 192 126 0.14491315088875184 16 67 19 79 17 73 15 38 18 60
7675 1.1011061217593523 1.4203379976886992 2.259411496234637 145 181 106 2.0286289979802294 13 61 17 76
7676 -0.30186822857727336 2.0272052428350551 3.176484418995178 145 181 106 0.095355878815574155 20 84 17 77 18 50
7679 -0.26906975203396533 2.5220869100839405 3.0709445914784439 86 139 72 0.058202292082131783 19 106 17 91
7682 -0.18518657306247913 2.8647687321883644 2.9799781622935724 77 115 62 0.018959550374830277 19 128 17 101
7683 -1.5439699192935175 2.4551898654783373 3.3345615716447865 0 0 0 0.25864896829693995 51 358 59 184 55 257
7684 -0.27077625073867639 3.2163469190088256 3.2397749533937632 60 112 55 0.050224281150972411 19 161 17 131
7685 -0.53572288642843191 2.5411923209462826 4.4606545302718752 0 0 0 0.027924672912887111 2 379 3 260
7686 -0.074641393109660004 1.908703777772681 2.6051248971865002 90 180 90 0.068137460431276428 19 197 17 189 18 177
7687 -0.14106695970805946 2.3930839110728628 2.6133467378076753 88 169 85 0.1327234490322711 16 228 17 215 18 200
7688 -0.15336753868236797 2.27699495895139 2.6933524790218009 87 167 85 0.098677247124894049 19 223 17 218 18 203
7689 -0.15162511869901302 2.2762617569705648 2.6922133544589784 87 167 85 0.086997737852454418 16 231 17 219 18 204 19 224
7690 1.419276847151153 1.052350677614146 1.9932957728286398 0 0 0 0.79043419285926819 13 224 16 43
7691 -0.20732446091909978 2.3649841953204569 2.8227206994567497 83 163 82 0.10489517132002671 16 232 17 222
7692 -0.13195371675844045 2.6828449636881277 2.6596149123731236 86 174 85 0.16636092202583794 19 99 17 230 18 220
7693 -0.2918588072324319 2.4032249947890589 3.036727476588255 102 162 86 0.073366769073714394 16 250 17 239
7694 -1.1917864203857984 2.4178295302588593 3.4373834543190203 0 0 0 0.011796142049977022 46 684 47 678
7695 -0.27612499492193987 2.2161590370660735 3.0612011743860212 165 182 114 0.10165749381635376 16 257 17 242
7697 -0.19743321641648248 2.709397515846931 2.7958794235718161 77 154 75 0.099559597587824566 16 64 17 250 18 76 19 102
7698 -0.28731005593805425 2.4055295861421326 3.1073695980564433 72 144 71 0.10410419201028702 16 273 20 252 17 256
7699 -0.19407968805283646 2.8079081747713923 3.0442532184940467 200 214 183 0.31216479607398823 13 285 17 267 18 98 23 153
7700 -0.27056163686031343 2.5006438309719154 3.3022947535039275 211 225 192 0.34773914593931482 15 262 17 271 18 254
7701 -0.48034408319245492 2.3883628972461413 4.2523367505887446 254 248 191 0.24263905678077449 16 402 17 301 18 292
7702 -0.26773613620788983 3.7291206698253023 3.6157343478221633 179 149 112 0.018107209257302755 16 179 17 308
7704 -0.046014661694095238 1.825588852347686 2.5500920549303618 101 191 97 0.88659662573693532 14 32 17 314 18 302 19 186
7707 -0.2707232608476422 2.0076120690959764 3.0922129640588172 188 194 125 0.14393728973147685 16 358 17 331 18 324
7708 -0.16108654724086363 1.765723817242226 3.0725427961309992 84 174 83 0.07701493366587038 15 217 16 239 17 333 18 318
7709 -0.17681972351813702 2.6268659546496118 2.6926751767645865 84 169 83 0.15339155669911037 16 360 17 336
7710 -0.95226505467026468 3.1245435226441027 2.9161965260054035 0 0 0 0.057208114342705833 42 638 43 610
7711 -0.30892317519510648 2.0496436851767532 3.4294681444967656 76 154 74 0.19181351387849799 15 359 16 282 17 353 18 349
7712 -0.053697730014914458 2.0863877668372934 2.4959565233728216 90 180 91 0.21086879807920758 19 317 17 382 18 304
7713 -0.22981043061946624 2.6015147029084469 2.892867340453142 75 149 73 0.078359169290417544 16 426 17 399 18 386
7714 -0.2574967497258398 2.4841622165787021 3.0053913736636564 181 188 121 0.1206140837917186 16 430 17 401 18 388
7716 -0.25317903465845437 3.4889529862823849 3.2457008136164096 255 252 241 0.29441578588450179 15 411 17 439 18 451
7717 0.021392913332271113 1.9465119721036088 2.4518471978448515 105 187 97 0.7272026339325649 19 470 17 455 18 461
7718 -0.22701031938248109 1.818525193495194 3.4667314332938739 0 0 0 1.2382594635961075 22 434 17 461
7720 -0.457677196714529 2.6666469958864951 4.2154032580180143 0 0 0 0.86056469980067452 19 459 17 466 18 473
7721 -0.16293125439965553 2.3797125462942073 2.6777179014417243 83 165 83 0.058665823586668546 16 489 19 485 17 469 18 477
7722 -0.25847258841735155 1.9458772856698197 3.5051087461995194 255 254 244 0.24607663294691731 20 527 17 488 18 502
7723 0.26553086287262667 1.5467163902556398 2.3982363522856303 255 255 246 0.64792911940465547 19 529 17 511
7724 -0.49333568423398144 2.4869215906105278 4.1885046747541885 255 255 249 1.7523662575055432 15 509 16 534 17 513
7727 -0.17812280740287623 2.2283600090241191 2.7619040903451335 84 167 84 0.2147885378373465 14 343 15 326 13 242 16 355 17 328 20 234 19 336 18 322
7728 -0.29834026275624015 2.3975228581513579 3.1837521196660106 156 163 105 0.33810919838814796 8 122 9 133 7 65 10 272 11 273 12 285 13 293 15 250 16 278 17 94 19 107 21 109 18 82
7729 -0.29175209737172308 3.1352373147654657 3.2668357757901485 61 116 57 0.18829681029261292 13 146 16 130 17 133 22 180 21 184 20 172 19 141 14 133 18 125
7730 -0.21015070985390388 3.6029423629845527 3.5326984281432701 252 249 238 0.24278981706643746 13 414 14 386 15 379 16 330 17 377 20 189 19 310 18 366
7731 -0.39829114782341107 2.4499995829382502 4.0052322359398493 146 201 114 0.4495848719897409 7 521 8 526 9 579 10 464 11 488 12 449 13 498 14 434 15 419 16 443 17 446 25 129 23 377 22 385 24 391 23 447 21 454 20 419 19 443 18 431
7732 -0.25625454675511111 2.5307909674620426 3.2508998009183543 203 221 184 1.516492757173971 8 305 9 315 10 284 11 285 12 143 13 397 14 368 15 356 16 288 17 270 6 99 7 88 8 306 9 328 12 294 15 96 16 106 18 253
7733 -0.23516956123122265 1.8880264309946182 3.2039022634255407 182 193 122 0.3938443756226237 15 236 16 262 17 340 24 347 22 352 21 363 20 346 19 341 18 215
7734 -0.091781823419179231 2.2168753008129567 2.596090053442409 163 196 118 1.3899017141620402 9 477 10 480 11 496 12 498 13 511 14 487 15 456 16 486 17 467 21 523 20 509 19 482 18 475
7735 -0.33405106588935496 2.1933132875001888 3.3103411992055083 69 138 66 0.14626568198268769 13 302 15 253 16 279 17 352 21 380 20 360 19 347 18 332
7736 -0.21338971203177465 3.4720973837057589 3.3491535640384527 255 253 247 0.17988439966955555 13 407 14 382 15 376 16 390 17 374 28 370 27 335 25 452 24 429 23 414 22 420 21 418 20 394 19 386 18 364
7737 -0.3993668075066088 2.4908209964143624 4.2558135278356151 178 147 110 0.22843851035678689 11 432 12 413 13 423 14 390 15 383 16 403 17 375 24 289 23 309 22 399 21 411 20 390 19 383 18 363
7738 -0.33732163052968006 2.8412128442794331 3.4308655063138742 79 146 76 0.94761239981196732 27 302 6 121 26 322 7 113 9 327 10 385 11 412 12 399 13 404 15 406 16 439 17 415 25 413 24 474 23 488 22 496 21 487 20 456 19 441 18 430
7739 -0.71268769696838574 2.6617741932357917 3.3017970119937985 87 153 80 2.2765397788383619 15 514 16 541 44 1360 45 1408 46 1402 52 1230 53 1250 54 1183 55 1102 14 551 17 519
7740 0.22598082588212304 1.7079125373627839 2.135468909392944 213 180 134 0.20453441801328479 17 1 18 0
7741 -0.711507516558745 2.8893437067820189 2.3388595138812898 170 140 105 0.12514138218028645 17 8 19 15 18 4
7743 -0.11921558265481805 2.4437358381786005 2.5613342624919642 88 176 87 0.12975329546545636 17 53 18 39
7745 -0.28220564387210806 2.0865719828895339 3.1009381024592853 196 196 129 0.062529494427478571 17 61 18 44 16 77
7748 -0.13071767047200764 2.7089003432797778 2.6762497137299857 0 0 0 0.18288374518223433 12 74 15 53
7749 -0.13071767047200764 2.7089003432797778 2.6762497137299857 0 0 0 0.18288374518223433 12 75 15 54
7753 -0.25804441753994312 2.5404960021808076 3.0526285584600279 186 187 123 0.014858514233200452 17 90 18 81
7754 -1.5743994188958292 2.3012571065382192 3.4971383425189737 0 0 0 0.014975755206840642 48 384 50 364
7755 -0.8310212831483561 2.2663628373609113 3.7305635062608742 0 0 0 0.076419631519084152 2 158 7 153
7756 -0.28052080307349503 3.3544108680201674 3.1031017798244465 162 164 129 3.2553249252266543 17 129 18 138
7757 0.12567938749715113 1.6299186220218855 2.5924301965765513 0 0 0 0.54814319445391901 12 30 17 15
7758 -0.13341865376033038 1.9292608362708026 2.7140749058410241 166 191 117 0.071490560389489657 19 199 18 180
7763 -0.14687981515864015 2.4230633425898009 2.6380172740911325 163 185 114 0.0098998533159214228 17 216 18 201
7764 -0.17078532194712812 2.4450708128867422 2.687564832555553 85 169 85 0.20663838740894008 16 229 18 202
7765 -0.25268540175974435 2.22743047440999 2.9707752385045532 83 164 82 0.16157004249237739 16 252 18 208
7770 -0.2000771332053819 2.5490659918280554 2.7610521025810963 195 196 129 0.025962783068652982 17 233 18 221
7772 -0.30504998088253443 2.0075216592920553 3.3213287077169804 163 182 112 0.30844857086768784 20 87 18 224
7774 -0.19078580801143188 2.6768464876869884 2.7579734719968121 81 163 80 0.25879716608135911 17 231 18 230
7778 -0.11706846788529301 2.9517203911584646 2.8633612539543267 150 180 106 0.098612937293718006 19 270 18 261
7779 -1.8982362130568062 3.671626055084523 3.8725221153246356 0 0 0 1.2689436287665878 23 136 60 404
7782 -0.1626741373498532 2.1820639531454615 2.7066206388676157 85 169 85 0.31717970713488736 16 345 18 314 15 319
7784 -0.051621091497488059 2.8175937594974276 2.4841475398767585 168 137 101 0.2863747226280538 17 70 18 337
7785 -0.20198632853774218 2.1685723330380218 2.8529404795322666 148 180 108 0.37735189284626069 14 402 18 378
7786 -0.30946685069228019 2.0877700724575616 3.2264751018798403 146 172 103 0.1901674654469514 22 355 18 381
7787 -0.14740042642937592 3.1671748862178255 3.1445796134695656 71 129 64 0.59997352245019786 17 413 18 398
7788 -0.46795034650416384 2.4384761807854201 4.2337043893761566 0 0 0 0.83616478537376582 16 465 17 447 14 482
7789 -0.41518927937984756 2.5488370563363891 4.3250205395046439 254 250 240 0.31808108268587415 16 446 18 402
7791 -0.55049767879798961 2.356872714680267 4.273316681261627 0 0 0 0.77880503547956093 17 452 18 432
7792 -0.44558431360919715 3.6526776674919894 3.7032890876052642 0 0 0 0.054703349049543284 13 522 33 859
7793 -0.054567062449368486 1.7896145924844624 2.6239624394648695 94 189 94 0.43023649324871149 16 478 17 456 18 459
7794 0.21383036123142846 2.3530208750819028 3.2803432029496746 63 119 59 2.3371243431093367 16 502 18 490
7796 -0.43885104662066654 2.3365015724789266 4.0456186126847742 255 255 245 0.10699976559216859 16 522 18 507
7797 -0.24940207491460625 1.9261437652198277 3.2962813601750636 83 167 80 0.12263670643474729 16 85 17 80 18 68 21 231 20 86 19 72
7798 -0.40894972438548288 2.3678923474736573 3.9319871900073857 92 141 74 0.20512111992559245 15 303 16 316 17 290 18 277 22 140 20 153
7799 -0.23975659679064656 2.7736740732075376 3.6456648331825741 160 201 120 0.50537952733975566 8 339 9 355 10 312 13 188 14 178 15 152 16 161 17 155 18 148 24 154 22 167 21 315 20 303 19 302
7800 -0.30875700296239783 2.7152257068498207 3.8422226599897766 96 189 97 0.31640251921921347 7 512 9 573 10 508 13 506 14 479 17 444 18 433 20 427 21 459 19 444
7801 -0.25593486089133932 1.956855933284444 3.3540464105140244 125 136 83 0.40581258661307573 17 262 19 242 25 43 24 36 23 244 22 356 21 244 18 225
7802 -0.71800066789169792 2.9336336474665017 2.3181269108746445 182 153 117 0.73621659187566624 16 5 17 7 18 173 32 673 31 614 33 702 34 728 35 774 36 787 37 732 29 511 22 358 20 213 19 191
7803 -0.26828775413773159 1.9366062888292452 3.2024629027430791 83 171 82 0.4395166024296035 14 255 15 235 16 261 17 244 18 213 24 233 22 233 21 228 19 230
7804 -0.27091034040684386 2.329291174766273 3.0633783455899803 53 104 52 0.17896078372986246 14 251 16 255 17 240 18 223 19 84 20 96
7805 -0.23958424615978086 1.9156499462293839 3.3278796260038535 108 170 87 0.32262943080214185 15 352 16 433 17 398 18 418 23 478 24 516 22 482 21 479 20 443 19 428
7806 -0.2286888552289543 3.2768328798780542 3.4124956120749741 114 186 100 0.19335784844121875 14 148 16 317 18 293 21 194 20 183 19 176
7807 -0.8071887146929474 2.9902672793469907 2.297032583616033 254 253 243 0.4631044967901034 16 333 17 313 18 303 20 403 19 315
7808 -0.04946500733832998 1.7515450831139758 2.6301018212604328 94 193 94 0.35791462236921917 16 417 17 423 18 409 21 423 20 436 19 419
7809 -0.63962606561794866 2.7978613673696482 4.7934623811205253 1 1 1 1.591004812007409 11 589 12 550 13 544 14 499 15 462 16 484 17 481 18 494 21 511 20 504 19 481
7810 -0.22842589630732879 1.99125990882649 2.956163883605647 163 184 113 0.17807441858104464 15 41 16 237 19 42 18 30 17 59
7811 -0.24009678230035766 2.7012637554838128 2.9029271359611273 73 145 71 0.16399933132314032 19 247 18 231
7812 -1.3516380150540641 1.8745760133891736 3.3045963751480754 0 0 0 3.139060411102812 17 454 50 286
7813 0.14329733082522478 2.9539111471209467 2.4372857511936199 203 185 163 3.5456619531765012 29 664 18 503
