# 3D point list with one line of data per point:
#   POINT3D_ID, X, Y, Z, R, G, B, ERROR, TRACK[] as (IMAGE_ID, POINT2D_IDX)
# Number of points: 3445, mean track length: 10.743396226415094
1 -1.3342664467863208 -0.53740520541966519 9.7924865223689235 145 124 84 0.17453281988075756 49 2 43 475 45 12 44 18 46 11 47 507 48 463 41 20 40 40 51 5 52 6
2 -3.3013912792840023 -0.36471347821141697 9.3351521377294819 250 245 232 0.26904947821503894 49 4 43 1 45 0 44 2 46 1 47 7 48 5 42 1 50 5 52 10 53 10 58 34 59 48
3 -1.8529885185559143 -0.41604852482620203 10.78052516845014 103 123 74 0.1942627319302947 49 8 43 26 45 10 44 31 46 12 47 10 48 472 42 22 41 38 50 12 40 39 51 4 53 8
4 -3.4555165172141771 -0.23413095820828189 10.462524822578334 127 147 89 0.18571084340299684 49 13 43 12 45 8 44 13 46 9 47 8 48 13 42 8 50 16 40 13 39 13 51 20
5 -3.2678777295842019 -0.24127036776189065 10.415547927660835 57 104 52 0.21616146593795604 49 14 43 473 45 507 44 489 46 510 47 513 48 473 42 9 41 16 50 474 40 14 39 14 51 491 52 469 53 16 38 11 54 24 55 21 37 15 56 17 36 6 57 33 35 16
6 -3.7044970331113007 -0.14172607071698184 10.406319812935727 69 115 66 0.81510965941885427 49 15 43 472 45 505 44 12 46 824 47 520 42 495 41 517 50 17 40 494 39 460 51 18 51 796 53 441 55 440 56 41 57 402 35 5 58 391 59 70
8 -0.79242651516996898 0.52047260136703266 13.471990416074556 86 167 85 0.21134867203039401 49 34 43 69 45 74 46 64 47 546 48 40 41 88 50 490 40 101 39 98 51 31 38 104 37 105 36 95 35 121 34 151 33 127 32 141
9 -5.9958157824177389 0.29414334726604596 11.36664254131253 96 134 74 0.18624402337225943 49 40 43 8 45 14 44 21 46 14 47 26 48 24 41 514 40 1 39 454 38 1
10 -6.6069907963119938 0.58469404917229384 11.732592012013697 71 133 65 0.781395764429893 49 41 43 17 45 13 44 22 46 34 47 27 48 44 42 13 41 1 50 51 51 531 52 498 53 478 38 0 54 455 55 108 56 86 57 92 58 784 59 658 61 162 1 160
11 1.823289397922977 2.8104299917647553 24.864017222225495 247 246 225 0.22660757988828917 49 83 43 159 45 149 44 145 46 135 47 101 48 97 42 177 41 643 50 75 40 643 39 601 51 54 52 57 53 55 38 603 54 444 55 48 37 238 56 30 36 238 57 397 35 280 58 371 34 277 59 403 60 13 61 377 1 372 2 340 33 273 32 538 3 12 4 24 5 307 6 49 7 31
12 3.1617590898101304 5.5900672883776368 22.023839717793596 136 165 99 0.26784720007144586 49 113 43 214 44 653 5 7 6 12 8 26
13 -16.494015437628416 10.170971094736414 57.270838284472447 121 95 62 0.80796385833255535 49 122 43 145 45 610 44 156 47 594 48 557 42 609 41 619 50 111 40 597 39 135 51 151 52 148 55 147 51 150 52 142 50 110
14 4.0124084254205776 7.8690490677449434 22.014248071701811 60 110 55 0.24858455195659429 49 139 43 266 45 268 44 239 46 232 47 183 48 165 42 308 41 328 50 128 40 331 39 313 51 113 52 107 53 96 38 319 54 91 55 68 37 334 56 46 36 319 57 45 35 335 34 347 33 324 32 329 31 315
16 18.274252892932964 44.335185719993675 81.068444823174445 255 252 236 0.20176393218149027 49 276 43 392 45 400 44 383 46 369 47 341 48 303 42 443 41 459 50 642 40 438 51 638 52 611 53 176 38 416 54 504 55 504 56 106 57 440 58 78 59 67 60 49
17 -20.190505891325149 44.286547076948601 65.442869330726396 198 198 131 0.066489868223378698 49 321 43 307 45 354 44 316 46 350 47 359 48 321 42 321 41 309 50 321 51 329 53 312 54 299 55 314 56 307 57 285 58 240 59 264 60 272 61 219 1 217 2 191 3 182 4 176 5 178 6 157 7 148 8 153 9 143 10 149 12 123 11 121 17 88 13 119 14 90
18 -4.1577691639031613 48.841446412676056 68.599242781544476 59 109 54 0.13582424341507854 49 331 43 366 47 387 48 354 41 415 38 347 52 309 55 246 56 214 57 195 35 318 58 163 34 285 59 171 60 138 61 122 1 120 31 217 4 92 30 164 5 63 6 77 7 62 8 57 9 51 24 83 10 54 21 73 20 70 13 55 11 62 16 55
19 -52.148842160957933 67.117409063813881 94.681530599985564 176 182 111 0.1917595779457833 49 342 43 270 45 328 46 341 47 344 42 262 50 378 52 381
20 -6.0515827748270024 54.362221483218931 70.669029288556999 59 108 54 0.11554881002242579 49 356 43 390 48 371 41 433 36 301 51 377 35 292 34 283
21 1.6894767898003014 58.543244752012896 78.128215063683442 61 110 55 0.032846271739287711 49 359 43 404 45 420 41 452
22 -40.194570730662093 48.220413562814976 61.748175390949996 183 153 115 1.0829021541332544 49 366 43 269 45 326 44 308 46 339 47 372 48 336 50 377 51 411 3 308 5 262
23 -17.28610867414956 53.078642457279749 66.902380476276107 202 199 134 0.079637561692144351 49 371 43 353 44 364 46 383 47 415 42 345 41 369 50 382 40 339 52 367 53 340 38 301 39 302 54 325 55 350 37 250 56 310 36 249 57 289 58 244 59 265 60 241 61 220 1 218 2 167 33 169 35 223 32 126 31 124 3 186 4 149 5 150 6 137 7 115 10 83 11 92 18 59 19 57 20 51 21 42 22 42 23 45 24 37 17 53 13 62 15 67 14 67 16 65
26 -13.382877503632946 57.928379202674073 69.544434213679878 179 181 120 0.13828886470100701 49 376 43 384 40 375 44 399 34 252 32 147
29 -10.686795711715627 68.29824406592347 77.009905016464245 60 107 54 0.072487387235059361 49 404 43 402 45 438 44 419 47 444 42 431 51 407 52 392 53 345 54 330 55 322
30 -10.686795711715627 68.29824406592347 77.009905016464245 60 107 54 0.072487387235059361 49 405 43 401 45 437 44 418 47 445 42 430 51 406 52 393 53 346 54 331 55 321
31 18.379552480830647 135.85535213109239 156.65920454711653 69 125 62 0.094720659859343179 49 410 43 452 45 487 44 467 46 478 47 478 48 408 51 390 38 420 37 402 35 407 34 384
37 -1.620062314412712 -0.45830974610228958 9.6161705702371254 184 155 117 0.32114519934939573 49 455 43 474 45 508 44 491 46 513 47 505 48 461 42 501 41 525 50 464 40 498 39 475 38 453 37 459 36 446
38 -3.4330881924538135 -0.2841323140854477 9.315316114166416 140 118 76 0.2463600197011227 49 457 43 465 45 497 44 484 46 505 47 6 40 4 52 22
40 -3.0745347186943635 -0.27948246074677729 9.2677513034131174 185 155 118 0.31547704845993008 49 459 43 466 45 498 44 486 46 508 47 510 48 467 42 497 50 460 51 490 52 457 53 434 54 417 55 429 56 430 57 392
41 -2.0045981020739658 -0.39871007332939201 10.71116475974339 50 96 46 0.26946965674417062 49 463 43 484 45 509 44 500 46 512 47 518 48 471 42 511 41 529 50 466 40 506 39 477 51 492 52 14 53 7 38 49 54 9 55 10 37 34 36 52 35 57
42 -1.2431520156537064 -0.45079573016373409 11.348953938123225 57 112 55 0.49108957352485116 49 464 43 488 45 522 44 504 46 527 47 519 48 780 42 527 41 540 50 468 40 522 51 7 52 456 53 429 38 487 54 10 55 5 37 68 56 429 36 67 57 382
43 -5.381122173467765 0.24227668902304236 11.14393692651981 88 129 70 0.54401509881471499 49 476 43 471 45 513 44 493 46 516 48 484 42 493 41 515 50 493 40 2 39 455 51 512 52 49 53 57 38 9 54 59 55 70 37 2 56 58 36 2 35 4
44 -3.2387020751068714 0.89846693628968088 12.5351431211449 80 156 79 0.1783122111660542 49 489 43 516 45 548 44 539 46 546 47 541 42 538 41 551 40 518 39 502 38 476 37 474 36 477 35 48 34 57 33 46 31 54
45 -2.6854759223614404 0.7093387458152477 12.334841547335174 80 155 79 0.29958503176390594 49 490 43 517 45 549 44 540 47 534 48 504 42 539 41 552 50 502 40 529 39 503 52 481 53 448 38 480 54 437 55 444 37 487 56 45 36 480 57 43 35 483 58 44 34 465 33 51 32 60 30 81
46 -2.3868771258607473 1.0173551052786434 13.617855385232284 84 164 83 0.29416289378832905 49 491 43 525 45 551 44 551 46 548 47 543 48 506 50 503 51 519 52 494 53 462 54 439 55 446 56 458 57 409 58 45 59 426 60 40 61 40 1 41
48 2.4880258794865235 3.1207442361335209 24.295276964048572 247 246 233 0.49302316405128704 49 516 43 588 45 599 44 617 46 592 47 578 42 632 41 644 50 527 40 644 39 620 38 604 37 604 36 637 35 796 34 612 33 740 32 744 31 703 29 667 28 603 27 587 26 609 19 547
53 -1.7697601483882319 4.7223898011796503 32.200440708051438 131 185 101 1.2930073908636188 49 528 43 586 45 598 41 179 50 85 52 520
54 3.2932633253728287 6.6699290767567438 22.124097970340358 67 131 65 0.34287247384219394 49 541 43 237 44 214 46 641 47 634 48 566 42 259 41 291 50 547 40 710 51 556 52 523 53 486 54 449 55 456 59 408 3 334 5 298 6 302 7 293 8 338 9 309 10 308 11 316
55 -12.900715544672524 5.3752883605524699 20.332121286725592 137 185 113 0.21253117501719987 49 542 43 77 44 111 48 552 41 52 50 132 40 59 33 13
56 -10.092026734272265 9.2909809371793468 58.04896282640118 124 104 65 0.38218354769887281 49 547 43 583 45 613 44 611 46 605 47 595 48 558 42 611 41 639 50 553 40 182 39 163 40 184 51 571 52 115 53 118
58 -22.43988773486123 40.168243619844567 68.380675928266456 173 182 116 0.23753647387608842 49 663 43 676 45 709 47 720 42 695 50 671 39 630 53 627 55 585 57 544 32 664 7 397 8 426 12 369
60 -25.888222847653434 44.567791464724266 69.204543301073926 69 132 66 0.082971414777172819 49 677 43 677 45 724 44 719 46 713 47 735 42 694 41 688 39 628 5 412 6 400 8 446 9 389 10 382 11 392 12 370 13 376 14 361 15 333 16 359
61 -1.7279982602507449 49.751754248548238 71.257390606953479 62 110 55 0.15929146202941516 49 687 43 739 44 762 46 753 47 763 42 773 41 777 51 692 52 670 53 634 38 690 54 566 37 680 36 667 57 516 55 566 35 629 58 471 34 616 60 483 31 487 30 457 29 434 32 530
62 7.5025903180410491 69.114975042384913 89.512414392126331 90 125 70 0.13581742673506444 49 702 43 773 51 705 52 672 58 142 56 221 57 504 60 117 61 76 1 76 2 69 3 51 4 45 5 30 7 25 8 35
63 36.738128449472832 117.3910133754392 159.53860023046073 71 133 67 0.39588922933280141 49 705 43 1003 45 820 44 1016 46 793 47 800 48 737 42 823 41 1030 50 690 40 1022 39 963 51 694 52 654 53 614 38 929 54 551 55 540 37 716 56 522 36 731 57 472 35 682 58 102 34 864 59 100 60 73 61 49 1 49 2 35 33 606 32 582 31 549 3 32 4 15 30 522 29 495 7 3 28 439 27 425 26 424 25 406 24 165 23 154 11 0 12 1 22 138 20 103 19 334 18 41 17 39 13 1 14 1 16 19
64 -44.11159773670699 53.687009548576178 67.61581584568836 254 251 236 0.1815797430805226 49 708 43 671 45 721 44 715 46 731 47 747 48 702 42 670 41 670 50 724 40 646 39 168 51 413 52 398 53 379 38 152 54 367 55 394 37 130 36 98 35 71 34 75
65 -44.207648679185262 53.78193442055106 67.757964750134349 254 251 236 0.17376689195273312 49 709 43 670 45 720 44 714 46 730 47 748 48 703 42 669 41 669 50 725 40 647 39 169 51 414 52 399 38 153 37 129 36 99 35 72 34 76
66 -49.282456368974621 62.688794407885226 76.109807863085251 185 155 118 0.23469234361069935 49 710 43 672 45 732 44 716 46 740 47 749 48 718 42 690 41 686 50 726 40 648 39 584 51 739 52 734 54 368
67 -20.049310160996985 52.171145469809147 66.713715204773422 61 112 56 0.13760914076837724 49 714 43 708 44 750 46 746 48 724 42 737 45 752 41 730 50 712 39 300 40 316 51 730 52 699 53 659 38 634 54 609 55 618 56 609 36 219 57 563 59 540 58 530 60 530 3 419 2 452 5 385 7 362 8 154 4 179 9 358 11 347
68 -3.2706258383481321 65.701282059103605 78.984341809576804 61 109 55 0.16322777015920673 49 717 43 752 45 798 44 796 46 786 47 796 42 786 48 731 41 786 39 708 51 717 52 708 53 652 38 701 54 305 55 592 50 719 37 679 56 570 36 676 57 533 35 628 58 491 34 615 59 498 61 131 1 129 33 538 32 521 4 65 5 65
70 2.8850943761104397 65.362971488053731 82.947308539437117 62 112 56 0.055710540265702158 49 719 43 754 44 798 46 788 47 777 48 733 42 791 39 724 41 788 34 632
71 2.8885032678646136 65.735881095251656 83.461960410285968 62 112 56 0.10990850871515266 49 720 43 755 45 802 46 789 47 778 42 792 41 789 39 725 53 637 52 687 32 286 33 283 25 95
73 2.8811914329276065 103.4836665226504 113.7321808423105 187 189 126 0.34886582109493891 49 734 43 996 45 1025 44 827 46 801 47 806 48 768 42 819 41 1023 50 934 40 782 51 738 52 908 38 715 54 801 37 896 35 655 34 332 31 242 30 189 29 167 27 119
74 10.186879487515613 109.62167666973839 126.12803940987978 68 125 64 0.23102402083899734 49 736 43 782 45 815 44 828 46 803 47 807 48 751 42 820 41 816 50 722 40 797 39 743 51 721 52 373 53 329 38 728 54 288 37 707 56 254 36 707 35 668 58 167 34 642 33 564 32 539 31 510 29 195
76 -23.282412348033166 75.767211358905001 81.000855091175936 59 110 55 0.082972552091181553 49 744 43 732 44 792 47 791 42 763 50 732 51 750 53 682 54 622 58 533 59 556 31 120
77 -23.30003015100948 75.835876817685261 81.074435404657606 59 110 55 0.0772168929357092 49 745 43 733 44 793 42 764 50 733 51 751 53 683 54 623 58 534 59 557 31 121
78 -49.901608483652439 124.35503866658235 119.96822364456207 71 136 68 0.17088489734405229 49 754 43 728 45 809 46 796 48 769 42 760 41 397 40 336 39 316 51 774 52 750 53 700 38 294 54 652 55 655 37 241 56 655 58 570 59 586 60 341 2 259
80 -3.0029542340421291 -0.22259688738634176 9.3761104982386563 152 128 85 0.80288450654466836 49 764 43 1013 45 1032 44 1026 46 1019 47 1023 42 1020 50 772 40 1025 39 966 51 789 52 762 53 11 52 458 38 931 37 922 36 741 35 692 34 687 33 392 32 22
82 -4.006293743772174 -0.10124151988086044 9.8493569402748093 122 122 68 0.23900816356898921 49 770 43 792 45 834 44 835 46 822 47 822 48 781 41 824 50 471 40 808 51 501 52 466 53 442 55 439 56 38 57 49 59 71
83 -3.9907951232327332 -0.091285609015927749 9.8182054400265706 122 122 68 0.22632315038060877 49 771 43 791 45 833 44 834 46 823 47 823 48 782 42 829 41 823 50 472 40 807 39 456 51 502 52 467 38 439 37 442 56 39 36 429 35 447 34 7
85 -5.0429281616629913 0.50355903729874019 11.41492284296897 69 131 66 0.35141865807086775 49 786 43 795 45 838 44 837 46 839 47 833 48 788 42 832 41 827 50 784 40 811 39 762 51 811 53 723 38 745 54 680 55 864 54 858 37 729 56 690 36 739 57 650 57 815 35 689 58 611 34 685 59 636 60 627 61 596 1 593 2 595 33 618 32 406 31 381 3 578 30 353 29 358 28 316
86 -1.9752187312758265 0.98721433369836831 13.728609300318006 191 195 127 0.24313062772773911 49 790 43 824 45 853 44 860 46 850 47 842 48 796 42 855 41 852 50 787 51 807 52 779 53 451 54 677 55 445 56 448 57 22 60 41
87 -1.9788256878969617 0.99323634602677502 13.732286620106001 191 195 127 0.16337376983211668 49 791 43 823 45 854 44 861 46 851 47 843 48 797 42 854 41 851 50 788 40 840 39 789 51 808 52 780 38 770 37 749 36 760 35 714 34 722 33 651 32 466 31 440 30 411
88 4.2498854776487214 8.7527151396314871 22.593968007260266 255 252 246 0.33823314499252471 49 840 43 902 45 919 44 937 46 911 47 899 48 861 42 922 50 822 40 945 51 835 52 803 53 735 54 686 55 689 37 870 56 684 36 871 57 414 58 378 59 411 60 410 61 375 1 370 2 332 3 338 4 300 30 515 5 288 6 2 29 488 7 0 28 446 8 2 27 444 9 5
90 -13.320926307953956 12.450998809938394 18.822537468392717 255 254 244 0.59342220607194929 49 882 43 589 47 681
91 -5.8628187418212958 40.055756081512442 67.450612407273141 199 197 131 0.080093469855681873 49 892 43 944 46 945 47 939 48 917 41 963 50 877 40 956 39 907 51 884 52 862 53 804 38 866 54 751 55 747 37 853 56 746 57 692 58 649 59 671 60 645 61 603 1 600 2 588 32 707 33 712 31 669 3 560 4 521 30 627 5 509 6 510 29 615 7 504 28 546 27 533 24 504 25 508 23 532 22 525 12 484 10 479 11 496 9 500 21 491 20 483 19 494 18 473 17 488 13 481 15 455 14 486 16 495
92 11.259085378367137 56.529110698176297 92.763653266859095 182 186 122 0.25197592722821932 49 896 43 973 45 977 44 988 46 759 45 772 47 744 48 934 41 1002 50 883 40 1000 42 778 39 946 51 889 52 854 53 794 38 913 54 532 55 518 37 704 56 519 57 469 35 844 58 442 59 453 60 454 61 405 1 403 2 364 31 527 4 317 30 497 5 313 28 429
93 -41.53722737608885 53.361995994009341 80.601998644755952 69 136 67 0.12609392172157199 49 902 43 903 45 941 44 938 46 938 47 946 48 924 42 908 41 901 50 901 40 893 39 827 52 899 53 858 54 816
94 13.238994345342933 62.50714717655179 95.139848339707726 208 204 137 0.14155474787487685 49 910 43 984 45 992 44 990 46 969 47 971 48 935 42 993 41 1008 50 884 40 997 39 944 51 890 52 864 53 795 54 736 55 731 37 902 56 728 36 901 57 674 58 443 34 845 59 456 60 623 61 580 1 576 2 558 3 536 4 496 5 314 6 313 29 650 7 310 28 572 30 680 8 345 27 566 33 771 9 305 25 526 24 524 23 539 10 304 11 307 12 291 22 521 21 499 13 302 19 482 15 284 17 301 18 332 20 343 14 303 16 484
95 -11.85536506040547 55.057748743213104 68.430286119719284 57 105 52 0.057722472176465402 49 929 43 968 45 986 44 984 46 975 47 983 48 956 42 964 41 980 50 919 40 966 39 902 51 927 52 907 53 854 38 879 54 798 55 798 56 787 57 741
96 -4.608277149411558 58.968950735151715 73.719717281726275 171 174 115 0.10403387798914962 49 931 43 970 45 988 44 998 46 977 47 985 48 958 42 977 41 998 50 910 40 983 39 930 51 929 52 890 53 840 38 889 37 875 36 860 34 800 33 726
97 17.593188966351097 114.72177057602487 136.08043407033352 164 175 112 0.17814135783094256 49 936 43 1000 45 1020 47 1011 48 974 50 924 40 1018 51 932 53 639 37 906 35 851 33 766
98 -21.817103084286824 66.327298712415356 74.839727359326886 58 107 53 0.11559620986837151 49 943 43 967 45 984 44 981 46 989 42 960 41 977 40 949 39 899 51 947 52 921 53 862 38 860 54 820 55 819 37 829 56 815 36 828 57 768 35 767 58 706 59 730 60 699
99 -15.293802995208473 73.171044502283308 79.626336975918434 58 106 53 0.058223294816131123 49 944 43 978 45 999 44 997 46 990 47 995 48 969 42 975 41 997 50 932 40 981 39 917 51 948 52 914 53 863 38 877 54 821 37 864 36 843 35 778 34 782
100 -6.8971843734580149 72.841210863215991 82.695270147614934 59 108 54 0.13811348147708216 49 945 43 979 44 1000 46 991 47 996 48 970 42 988 41 1004 50 921 39 929 52 915 51 939 53 855 54 799 55 799 37 874 56 791 36 859 38 898 57 742 35 814 58 675 34 799 33 723 32 701 28 513 29 592 27 512 26 510 25 483 23 491 22 487
103 -9.1579540887474185 104.57524337419127 107.89999372002411 62 115 58 0.12145228529310589 49 961 43 987 45 1023 44 1020 46 1010 47 1008 48 984 42 1000 41 1014 50 946 40 993 39 938 51 949 52 925 53 864 38 899 37 884 36 875
104 -80.179255056577801 135.72753313172527 134.16878925164522 70 134 68 0.48099446625113584 49 962 43 713 45 789 44 771 46 774 47 801 48 756 42 732 41 728 50 949 40 689 39 644 51 961 52 942 53 883 38 606 54 841 55 846 37 174 56 843 36 564 57 794 35 125 58 747 34 104 59 599 60 585 61 542 1 540 2 522 33 82 31 23 3 485 4 454 5 441 6 445 29 10 7 417 28 3 8 455 9 398 25 0 23 0 11 132 21 0 14 75 8 226 11 131 16 44
106 -30.944773115818688 107.37254753150793 104.64495538760744 178 184 121 0.41916356478836048 49 967 43 976 46 798 44 807 42 781 41 994 47 1124 50 755 40 750 39 915 51 765 52 739 53 692 38 875 54 634 55 645 34 210 59 304 60 547 61 257 1 254 2 208
107 -19.591494466182372 139.67335145514582 136.35698370367453 74 143 73 0.41459794245168524 49 968 43 994 45 1022 44 1018 46 1009 47 1019 48 992 42 998 41 1012 50 947 40 992 39 937 51 959 52 933 38 897 54 824 55 636 56 629 58 537 59 271
108 -13.772702075492175 137.23930987438661 135.99591361104186 72 140 71 0.4008836204175617 49 969 43 995 45 1024 44 1019 46 1011 47 1020 42 999 41 1013 50 948 40 1002 39 939 52 926 53 871 38 699 54 823 37 687 36 675 35 624 34 281 33 254 32 211
109 -1.7198395801836139 -0.3583859030137323 10.107657377811668 255 255 248 0.52508753346288772 49 976 43 1020 45 1035 44 1028 47 1025 48 1003 42 1025 41 831 50 959 40 820 39 774 51 974 52 946 53 889 38 754 54 845 55 664 54 658 37 735 56 662 36 463 57 380 35 469 34 458 59 9
110 -3.2110801885112727 -0.17935673473554897 9.7818127416028293 255 254 244 0.56599973583505792 49 978 43 1015 45 1033 44 1027 46 1021 47 1022 48 1000 42 1021 41 1038 40 1026 39 765 51 790 52 768 53 711 38 746 54 667 55 671 37 727 56 671 57 394 35 450 58 381
111 -3.211996540659499 -0.18406823468934846 9.777222723005762 255 254 244 0.62963184623775859 49 979 43 1016 48 1001 42 1022 41 1039 40 1027 39 766 51 791 52 769 53 712 38 747 54 668 55 672 37 728 56 670 57 393 35 451 58 380 59 421 60 425
112 -5.0547623467124358 0.270781186629103 10.997683182227526 88 136 72 0.52279309246567407 49 980 43 1123 47 1026 51 980 52 952 53 902 54 855 55 684 56 689 57 649 58 412 59 460 61 102 1 100 2 128
113 1.412114691265121 1.1019018519728845 21.364816126201912 147 124 85 0.34584518699253308 49 989 43 1135 45 1151 44 1143 50 968 51 984 52 951 53 895 54 852 55 853 57 801
114 -7.1547683873945287 1.1154092002887332 13.230994518380706 186 194 124 0.28718873803016315 49 990 43 802 45 1039 44 840 46 1030 47 1035 48 1017 42 837 50 969 40 492 39 11 51 989 52 958 53 910 54 863 55 869 57 834
115 -5.9181053687504015 2.1216878891474322 15.711314037290576 83 166 84 0.28316837201741696 49 992 43 1026 47 1045 48 1020
116 2.1422307082917218 2.8201980011588077 24.357231715589588 145 128 82 0.46112709676066604 49 993 43 1044 45 1156 44 1053 46 1140 47 1144 48 1023 42 1056 41 1070 50 973 40 1063 51 986 52 955 5 624
118 -12.981730281943536 4.7384631981178948 21.602928040812778 130 120 69 0.51634285811475766 49 1003 43 1029 45 1053 46 1041 47 1054 48 1026 42 1033 41 1052 50 1081 40 1037 51 1101 53 995 54 1007
119 -12.07479008170551 10.388704506395838 63.819978591453797 124 108 62 0.94619705588481173 49 1004 43 1141 45 1159 44 1150 46 1145 47 1149 48 1121 42 1161 50 984 51 1003 53 915 54 870 55 875 37 953 56 876 36 957 57 667 35 749 34 767 33 691
121 -25.006039566073429 45.56524464364054 68.47976413024287 190 192 125 0.14157873891597431 49 1040 43 1072 45 1087 44 1080 46 1079 47 1095 48 1068 42 1080 41 1089 50 1018 40 1075 39 1015 51 1038 52 1015 53 961 54 918 58 820 59 851 60 808 61 770 1 765 2 748 3 719 5 664 6 655 7 641
122 -13.48652984104441 49.314946892983578 65.711066275613433 200 198 132 0.16989969620291059 49 1047 43 1084 44 1091 47 1102 48 1073 50 1030 40 1089 41 1102 39 1031 52 1019 38 991 37 972 36 978 57 857 58 807 59 845 60 794 61 763 1 758 2 739 3 708 4 677 5 646 6 644 8 642 7 626 9 608 10 593
124 -0.90015456033536134 52.016032382586367 72.832311776728375 203 199 134 0.059758240392014043 49 1051 43 1096 45 1103 44 1102 46 1094 47 1103 48 1077 42 1112 41 1116 50 1022 51 1042 52 1003 38 1003 39 1050 54 766 54 905 52 877 50 897 55 764 37 991 56 752 56 903 36 1002 57 696 34 940 60 649 61 592 1 589
125 -21.682977273382477 66.019448647917727 74.603133415487122 58 107 53 0.093620867196887017 49 1064 43 1094 45 1102 41 1108 39 1035 51 1064 52 1028 53 965 38 990
126 -18.493879109084741 72.294676493591268 78.750707122259172 205 201 136 0.075709610951222375 49 1065 43 1095 45 1110 44 1105 46 1101 47 1110 48 1089 42 1111 50 1045 40 965 51 1065 52 1029 38 876 54 924 56 929 36 842 37 844 35 777 34 771
127 -8.5529546309582098 114.39319504870279 115.90772345872814 206 204 137 0.33883843153756199 49 1078 43 1112 44 1117 46 1115 47 1125 48 1099 42 1122 41 1126 50 1054 40 1104 39 1054 51 1067 52 1032 53 966 38 1012 54 926 55 919 37 994 56 924 36 999 57 859 35 941 58 809 34 935 61 617 1 614 2 594 33 860 32 833 31 792 3 576 4 524 5 501
128 -2.3339969364435391 -0.70121651545031938 9.0177356367609836 185 155 118 1.4635279620002177 49 1083 43 1175 45 1205 44 1126 46 1194 47 1129 48 1105 42 1198 41 1201 40 1169 39 1120 38 1067 37 1065 36 1020 35 1025 34 1023 33 904 31 894 30 875 29 814 28 739
129 -2.3305328836292234 -0.39425402960877343 9.3823810552463236 141 105 69 0.40207523072955259 49 1086 43 1121 45 1135 44 1129 46 1017 47 1133 48 1109 42 1140 41 1139 50 957 51 782 52 763 53 704 54 655 55 667 56 428 57 383 58 366
130 -1.4323399797800129 -0.49036036802673366 9.9216260239604157 158 131 96 0.27489073431605027 49 1088 43 1122 45 1137 44 1130 46 1124 47 1135 48 1110 42 1142 41 1143 50 1062 40 1118 39 1069 51 1080 38 1025 37 1004 36 925 35 881 34 886 33 814
131 -3.6943605052866091 -0.1748395794425317 9.4626059785069501 178 149 110 0.54810789234735613 49 1089 43 1176 47 1130 48 1106 42 1200 41 1202 50 1065 40 1168 39 1118 51 1086 52 1045 53 977 38 1065 54 936 55 854 37 1064 56 858 36 1068 57 810 35 959 58 768 34 963 60 607 2 371 33 901 32 882 31 752 30 714 29 542 28 486
132 -3.2651694388267294 0.26303271802508627 11.11918900056533 200 198 133 0.37654817296694831 49 1094 43 1124 45 1140 44 1131 46 1125 47 1027 42 1144 41 1145 40 1117 39 1067 51 1088 53 979 38 1024 54 938 55 855 57 811 58 770 59 799 60 763 2 559 5 364 7 365
133 7.7318303052491117 58.509216287111499 85.680614490180716 136 152 94 0.33558553500366872 49 1126 43 1166 45 1194 44 1178 47 1181 48 1144 41 1195 50 1106 40 1158 52 1066 53 1008 54 961 56 894
134 7.5296599644677826 56.957795796879871 83.190402187449678 136 152 94 0.38680712033581721 49 1127 43 1167 45 1195 44 1179 47 1182 48 1145 41 1196 50 1105 40 1159 39 1154 52 1067 53 1007 54 960 37 1057 32 914 30 849 28 714 29 792 26 731
135 21.284514198767162 87.835981569926687 116.35422431185299 65 122 62 0.44109408562306396 49 1128 43 1217 45 1247 44 1186 46 1190 47 1188 48 1152 41 1245 50 1108 51 1126 52 1073 53 1009 54 962 55 955 56 896 36 1105 35 1015 58 783 57 905 59 812 60 773 61 735 1 731 2 717 3 686 4 649 5 620 6 614 7 596 8 622
136 -1.2759475221696841 -0.72321317740126723 9.7545015518880476 255 255 255 0.98317410803742544 49 1141 43 1178 45 1206 44 1188 46 1195 47 1200 48 1163 42 1202 41 1204 50 1125 40 1172 39 1122 51 1143 52 1085 53 1046 38 1068 55 985 37 1116 41 1249 56 1012 36 1112 57 937 35 1064 58 902 34 1074 59 929 60 893 61 845 1 842 2 872 1 885 61 888 33 987 32 977 31 940 30 961 29 876 28 829 27 797 26 834
137 -3.5166127498739472 -0.4444329594024754 9.2476899730049382 253 249 237 0.78632031593955265 49 1142 43 1174 45 1204 44 1187 46 1193 47 1199 48 1164 42 1197 41 1200 50 1126 40 1167 39 1119 51 1145 53 1081 38 1064 54 1037 55 1025 37 1063 56 1055 36 1069 57 976 35 1023 58 941 34 1021 59 972 60 937 61 945 1 940 2 877 33 943 3 881 4 849 30 868 5 826
139 -12.353319865041827 9.4529466448757091 53.968873911785657 81 82 32 0.24670722309322682 49 1148 43 1183 45 1217 44 1193 46 1206 47 1211 48 1171 42 1210 41 1210 50 1137 40 1177 39 1128 51 1153 52 1092 53 1055 38 1078 54 1002 55 948 37 1020 56 967 36 1079 57 902 35 982 58 858 34 985 59 816 60 783 61 752 1 747 2 598 33 918 32 824 31 788
140 -22.03323383139498 36.228004822600823 71.429518591087842 70 137 69 0.40053574057115077 49 1163 43 1192 45 1232 46 1221 47 1222 48 1188 42 1221 41 1217 50 1149 51 1164 52 1102 53 1067 54 1022 55 1011 56 1039 36 1084 57 963 35 1035 58 923 34 1037 59 955 60 916 61 869 1 866 2 848 33 964 32 948 31 901 3 809 4 787 30 884 5 766 6 759 29 826 7 754 28 749 8 763 27 727 9 723 25 660 23 713 10 743 12 665 22 715 21 685 20 643 19 661 18 652 17 664 13 670 15 648 14 681 16 655
141 -22.152832314182422 36.330920712129803 71.719916472540049 70 137 69 0.36583390535048377 49 1164 43 1191 45 1231 44 1205 46 1220 47 1223 48 1189 42 1220 41 1216 50 1150 51 1165 52 1103 53 1068 54 1023 61 870 34 1038 35 1036 36 1085 37 1084 1 867 2 849 33 965 32 949 31 902 3 810 4 788 30 885 5 767 6 760 29 827 7 755 28 750 8 764 27 728 9 724 26 760 25 661 10 744 7 791 4 834 12 666 20 644 19 662 18 653 17 665
143 26.891513813324099 87.428183610938078 126.82608138308554 179 185 121 0.26334233902911086 49 1171 43 1252 47 1230 42 1276 41 1279 50 1152 38 1153
144 -1.6117183016320522 72.093903256532926 85.654357859227844 60 111 56 0.42153203696738856 49 1173 43 1213 45 1244 44 1219 46 1228 47 1234 48 1203 42 1236 41 1241 50 1159 40 1203 39 1153 51 1175 52 1113 53 1024 38 1101 55 967 37 1098 56 984 36 1098 57 915 35 1047 58 870 34 1056 59 896 60 873 61 820 1 815 2 799 33 974 32 957 4 728
145 -20.997856757077013 72.913201626975734 78.569730790683579 59 108 54 0.27536661417872155 49 1174 43 1209 45 1241 44 1218 46 1227 47 1231 48 1202 42 1233 41 1233 50 1160 40 1196 39 1109 51 1178 52 1122 53 1077 38 1052 54 1030 55 1016 37 1042 56 1043 36 1042 57 967 35 993 58 927 34 993 59 958 60 919 61 871 1 868
146 -53.015983826902911 99.470213629103895 100.32703750908097 68 129 65 0.58863783119733448 49 1179 43 1163 45 1198 44 1177 46 1186 47 1190 48 1155 42 1176 41 1189 50 1164 40 1138 39 1096 51 1181 52 1083 53 1078 38 974 54 1033 55 1022 37 954 36 960 57 970 35 898 58 895 34 896 59 965 33 820 32 803 31 761 3 784 30 725 29 700 27 604 26 627 25 583 23 601 22 586
147 -46.348421727499179 153.06745207370975 143.07358357577257 70 135 68 0.51241381715980738 49 1180 43 1168 45 1249 44 1185 46 1230 47 1238 48 1205 42 1190 41 1115 50 1165 40 1097 51 1182 52 1123 53 1045 54 992 55 984 56 1009 57 877 58 833
148 -1.4143237505571116 -0.26736776377841465 11.384375708123002 62 117 58 1.4678772795963357 49 1183 43 1258 45 1284 44 1263 46 1273 47 1273 48 1206 42 1285 41 1283 50 1168 40 1251 39 1209 51 1186 52 1126 53 1080 38 1165 37 1166 56 1013 36 1165 57 938 35 1112 58 903 34 1115 59 930 60 894 33 1026 32 1016 31 977 30 963 29 916 28 790 27 773
149 -0.63780983867502417 -0.17356701522130674 11.792376286587949 106 138 78 0.4099256097339371 49 1184 43 1227 45 1254 44 1225 47 1274 48 1207 42 1287 41 1286 40 1211 39 1167 51 1187 38 1113 37 1125 36 1115 35 1068 34 1085 33 1004 32 990 31 909 30 890 29 833 28 758
150 -4.8916128869995532 0.35058157814221913 10.870783619696551 122 152 89 0.83340203936649204 49 1185 43 1225 45 1253 46 1235 47 1243 48 1208 50 1169 51 1188 52 1127 53 1083 54 1042 55 1032 56 1060 57 980 58 944 59 980 60 907 61 859 1 856 2 840 3 770 4 674 5 545 6 541 7 545 8 229
151 -7.9674874436269922 3.6154793632349849 20.291613693865884 149 179 104 0.29396667936490478 49 1187 43 1229 45 1255 44 1228 46 1237 47 1244 48 1210 42 1249 41 1253 40 1212 39 1163 38 1110
152 -13.329057486226446 5.0996776180074255 27.944798012033079 120 179 92 0.71747433868221877 43 1341 45 1394 44 1347 44 1372 47 1397 48 1347 42 1357 41 1356 40 1255 37 1122
155 -64.735634771103662 104.10545904269348 110.31732020388112 163 175 112 0.26934063334425279 49 1208 43 1203 44 1214 50 1199 51 1217 53 1111 56 1096 57 1019
156 -1.9877548389273367 0.14187422700934865 11.57177509214679 127 158 94 0.61282745897183366 49 1216 43 1257 45 1285 44 1264 46 1274 47 1272 48 1235 42 1284 41 1285 50 1210 40 1250 39 1213 51 1221 52 1165 53 1115 38 1164 54 1078 55 1071 37 1163 36 1164 35 1111 34 1114 33 1025 32 1015 31 976 30 960 29 829
157 -4.0642283211093533 0.053097830739532392 10.783283685806536 65 125 61 1.455227407896146 49 1217 43 1226 45 1282 44 1261 47 1271 48 1234 42 1247 41 1248 50 1208 40 1208 39 1161 51 1220 52 1168 53 1119 38 1066 54 1083 55 1075 37 1066 56 1101 36 1070 57 1028 35 1024 58 981 34 1022 59 1010 60 980 61 947 1 943 33 945 32 930 31 892 2 887
158 -3.5472492223451306 0.34946048774657446 11.192335783933165 115 152 88 0.677886751414847 49 1218 43 1256 45 1283 44 1262 46 1276 47 1276 48 1236 42 1283 41 1282 50 1209 40 1247 39 1206 51 1224 52 1169 53 1121 38 1158 54 1084 55 1074 37 1115 56 1100 57 1029 58 980 59 1011 60 976 61 946 1 941 2 923 3 846
159 -1.5566265670511716 0.42755244902123823 12.533905652019211 81 156 80 1.0664305986746478 49 1219 43 1339 45 1365 44 1345 46 1356 47 1277 48 1320 42 1356 50 1211 51 1222 52 1166 53 1117 54 1081 55 1072 56 1098 57 1025 58 940 59 967 60 935 2 829
160 -1.5457007951508694 0.43791996179480086 12.490174608314902 81 156 80 0.98063218309131728 49 1220 43 1340 45 1366 44 1346 46 1357 47 1278 48 1321 42 1355 41 1355 50 1212 40 1328 51 1223 52 1167
161 -5.3436347723872224 1.3103004194763752 12.9057766987607 138 170 101 0.59904262731402325 49 1224 43 1259 45 1286 44 1265 46 1277 47 1279 48 1239 42 1286 41 1284 50 1216 40 1249 39 1208 51 1227 52 1172 53 1124 38 1160 54 1085 55 1076 37 1113 56 1103 36 1108 35 1059 34 1068 33 948
162 -23.207339194998287 10.59724789850091 56.489711156593351 242 244 221 0.70849548299137266 49 1231 43 1342 45 1370 44 1349 46 1359 47 1372 42 1359 41 1294 50 1294 40 1262 39 1218 51 1302 52 1182 54 1100 55 1089 37 1168 36 1117 35 1067
163 -22.560027090287825 10.424955105970795 55.012930287146524 242 244 221 1.086930600369602 49 1232 43 1343 45 1369 44 1348 46 1358 47 1371 42 1360 50 1293 51 1301 52 1181 53 1208 54 1099 55 1088 37 1169 56 1123 36 1118 35 1066 58 966 34 1029 59 953
164 -20.296964613696051 39.719617659727888 69.104733110292102 68 132 66 0.34087860249165997 49 1261 43 1286 45 1319 44 1296 46 1313 47 1322 48 1277 41 1305 50 1253 51 1264 52 1215 53 1163 54 1127 56 1145 57 1070 58 1020 59 1045 60 1011 61 982 1 978 2 958 3 910 4 871 5 846 6 836 7 834 8 837 9 798 10 788 11 771 12 736 13 743 27 791 25 771 26 818 15 711 14 754 16 725
166 13.651595339291676 56.275128548856095 97.870584486056515 77 150 75 0.57520109700256605 49 1268 43 1328 45 1343 44 1323 46 1333 47 1338 48 1286 42 1345 41 1344 50 1249 40 1348 39 1298 51 1248 38 1237 37 1240 35 1177 58 947 34 1177 59 979 60 938 61 894 1 891 2 875 33 1085 3 832 4 804 5 783 6 769 7 766 8 780 9 735 10 724 11 726 12 686 19 728 20 682 21 694 18 708 17 721 13 715 15 693 14 721 16 706
167 -23.353673014265578 45.705377773538579 68.513086603850169 136 163 97 0.22561091546543971 49 1272 43 1296 45 1327 44 1304 46 1323 47 1335 48 1290 42 1317 41 1312 50 1260 40 1278 39 1231 51 1272 52 1223 53 1175 54 1134 55 1125 56 1154 57 1078 58 1028 59 1051 60 1017 61 990 1 986 2 959 3 918 4 881 5 847 6 837 7 835 8 838 9 799 10 779 11 772 12 725 13 733 15 712 14 742
169 -35.970286705895958 52.882370749880074 75.00407689412161 146 169 102 0.64377252772011884 49 1280 43 1240 45 1269 44 1246 46 1319 47 1331 48 1298 42 1259 41 1262 50 1268 40 1226 39 1177 51 1289 52 1241 53 1192 54 1150 55 1138 56 1165 36 1126 57 1090 58 1042 33 954 32 940 31 899 3 868 6 804 5 772 28 696
171 -29.881948105694772 49.984232079716136 72.603330446751841 81 137 71 0.36382003281174902 49 1282 43 1295 45 1326 44 1303 46 1322 47 1334 48 1289 42 1316 50 1270 51 1281 52 1234 53 1182 54 1142 55 1131 56 1160 57 1085 58 1033 59 1059 60 1023 61 993 1 989
172 -19.426502610779618 47.738350970097478 66.884670545233831 61 115 57 0.23998413905503119 49 1283 43 1304 45 1330 44 1308 46 1324 47 1341 48 1299 42 1323 41 1320 50 1271 40 1291 39 1242 51 1282 52 1235 53 1183 38 1187 55 1126 54 1135 56 1156 57 1080 58 1022 59 1053 60 1016 61 984 1 980 2 961 3 912 4 873 5 839 6 833 7 823 8 831 9 789 10 771 11 760 12 724 13 725 15 701 17 728 14 733 16 714
174 -6.1888099752663264 50.565740472807583 69.914134814371394 138 156 96 0.54728031537076771 49 1286 43 1315 45 1338 44 1319 46 1336 47 1344 48 1302 42 1338 41 1338 50 1263 40 1309 39 1266 51 1274 52 1226 53 1166 38 1206 54 1128 55 1110 37 1207 56 1138 36 1204 57 1053 35 1147 58 1003 34 1147 59 1027 60 958 61 911 1 907 2 895 33 1049 32 1040 31 997 3 857 4 822 30 979 5 801 6 782 29 918 7 776 8 788 9 738 26 822 25 768 28 830 24 760 23 774 10 732 11 729 12 687 22 781 21 743 20 708 19 715 18 692 17 715 13 689 15 659 14 702 16 699
175 5.9077458831663288 59.436697127427834 82.228647518976047 139 153 96 0.39722289220946178 49 1289 43 1329 45 1347 44 1361 46 1341 47 1348 48 1303 42 1369 41 1372 50 1264 40 1347 51 1277 52 1219 53 1161 54 1122 55 1103 56 1121
176 -43.187294669974769 62.659350996349687 81.93640859564033 70 139 68 0.90181194417927713 49 1290 43 1293 45 1329 44 1301 46 1318 47 1339 48 1296 42 1314 41 1304 50 1278 40 1225 39 1176 51 1290 52 1244 53 1196 38 1124 55 1143 37 1131 56 1169 36 1122 57 1093 35 1081 58 1043 34 1076 59 1072 60 1031 61 1000 1 996 33 991 32 974 31 937 3 930 4 891 30 913 5 860 29 861 28 777 27 749 26 779 25 720 23 739 19 681 18 669 17 683 13 736 12 695 15 704 14 745 16 718
177 -10.633337482905196 62.360662334807827 73.881480174540542 77 114 62 0.24848660965270794 49 1293 43 1325 45 1353 44 1330 46 1345 47 1352 48 1311 42 1343 41 1341 50 1282 40 1308 39 1264 51 1293 52 1239 53 1187 38 1202 54 1146 55 1130 37 1205 56 1149 36 1199 57 1073 35 1145 58 1016 59 1048 60 1005 61 970 1 966
178 2.4537044378575357 74.978345019127502 90.634968184818788 148 161 102 0.42377941545716841 49 1295 43 1330 45 1355 44 1333 46 1347 47 1354 48 1313 42 1348 41 1347 50 1283 40 1316 39 1274 51 1285 52 1231 53 1178 38 1216 54 1131 55 1115 37 1213 56 1141 36 1210 57 1003 35 1157 58 997 34 1158 59 993 60 953 61 907 1 903 2 891 33 1064 32 1055 31 1014 30 984 31 1015 29 885 28 837 27 798
179 -26.750859129499066 79.11531388931607 83.696479624021734 105 137 78 0.38886147674525318 49 1300 43 1324 45 1352 44 1329 46 1344 47 1361 48 1316 42 1342 41 1335 50 1286 40 1298 39 1257 51 1295 52 1245 53 1197 38 1192 54 1154 55 1141 37 1191 56 1168 36 1189 57 1088 35 1129 58 1037 34 1122 59 1061 60 1026 61 991 1 987 2 964 3 919 4 874 30 924 32 991 33 1008 5 811 6 825 7 826 9 745
180 -4.3413739743710558 0.76154225178320811 11.957692995015547 75 146 74 0.36755842387821225 49 1303 43 1338 45 1361 44 1341 46 1353 47 1363 48 1322 42 1282 50 1292
182 -12.424936328546936 85.275506423437349 92.141121407671193 127 147 90 0.36728400022343871 49 1314 43 1349 45 1382 44 1364 46 1380 47 1388 48 1336 42 1368 41 1371 50 1304 40 1344 39 1295 51 1317 54 1147 55 1135 37 1210 56 1158 36 1203 57 1083 58 1024
183 -0.62470847832034981 -0.55422435856428809 10.703204298567787 255 255 253 0.64404638970322836 49 1323 43 1359 44 1371 46 1388 47 1396 48 1342 42 1379 41 1381 50 1315 40 1358 39 1304 51 1323 52 1271 53 1224 54 1177 55 1167
184 -4.4632128477237218 -0.036159583247507676 9.7156451964080954 255 255 254 0.96029365113563159 49 1324 43 1357 45 1391 44 1376 46 1393 47 1402 48 1343 42 1377 41 1379 50 1316 40 1356 51 1324 52 1274 53 1225 54 1179
185 0.66575830150014415 -0.67380109758239726 13.713416832555968 255 255 249 2.0718617457385067 49 1331 43 1360 46 1395 48 1353 50 1325 40 1359 51 1335 52 1282 53 1235 54 1184 55 1178 56 1200 57 1126 58 1076 59 1106 60 1063 61 1028 1 1025 2 1000 3 951
186 -2.5852366644624039 -0.43493971702263401 8.958042318945731 116 80 49 0.21645184261947858 43 3 45 2 44 4 47 0 50 7
187 -2.4758296606961796 -0.42268168574696963 9.1714385011425374 178 148 111 0.32239481397455855 43 5 45 3 44 5 48 459 42 10 52 459
188 -2.2551174537343353 -0.40281689117477482 9.0559636978502773 177 147 110 0.11893009548848428 43 469 45 4 44 7 46 2 47 1 48 2 50 9
189 -3.9133392755092671 -0.1462947519303513 9.5275234701361224 247 242 231 0.29747724514766821 43 9 49 466 45 7 44 11 46 7 47 509 48 464 42 6 41 2 50 470 39 1 51 500 52 21 53 31 38 2 55 32 57 31 58 49
190 -2.3664770786827254 -0.31876371553025529 9.5411835382642209 185 155 118 0.15899375238494928 43 13 45 9 44 15 42 11 41 9 40 18 39 16 38 28 37 20 36 24 35 20
191 -5.601562832751787 0.34922693331943488 11.24501795038679 59 111 54 0.17488514143798664 49 42 45 15 44 23 46 15 47 28 48 25 50 40
192 -5.5887871375383007 0.3523672813337102 11.224632041749246 59 111 54 0.16098743127474333 49 43 45 16 44 24 50 39
193 -1.9940272567607895 -0.159084795005066 10.976954490416233 197 195 131 0.10286943747504557 49 20 45 30 44 33 46 25 59 15 53 19
195 -0.11211065211844508 -0.47924035181228719 12.345979761066264 248 247 234 1.2319532844817929 49 11 45 34 56 3
196 -7.4845669639500674 0.95859293349860242 13.29661269171339 135 178 103 0.31837065497159939 49 499 45 35 44 36 46 538 52 511 57 473 58 641
197 -5.3912577258760503 1.1111423040171942 12.344516371661483 71 140 71 0.21654331372194696 43 33 45 38 44 41 46 52 47 49 48 500 49 501 42 30 41 26 50 512 40 29 39 23 51 534 52 501 53 480 38 19 55 81 37 10 56 60 36 11 57 77 35 12 34 12 33 17 32 19
198 -5.4403815458618423 1.0936782300469559 12.449666490681148 71 140 71 0.14080473104358432 43 34 45 39 47 50 42 31 40 30
199 -3.7373146808801763 0.53310202797887052 11.46407623510815 195 193 130 0.22115225260012658 43 35 49 25 45 42 44 44 46 38 47 32 48 32 41 28 50 42 40 32 39 28 51 39 52 42 53 47 54 48 55 59 56 44 57 50 58 55 59 73 60 80 61 53 1 53 2 77 3 81 4 103 5 97 6 147
200 -3.5100774639921899 0.56893276666547465 11.595905674784088 192 191 127 0.11016404448861949 43 37 45 43 44 45 46 39 49 26 47 35 48 34 42 33 41 29 50 43 40 33 39 34 51 42 52 43 53 48 38 39 54 47 55 60
201 -3.2069662585271557 0.62851689649953979 11.842845104367603 71 136 69 0.18174374170776661 49 45 45 44 46 42 53 50 55 41
202 -3.0158035966681673 0.46583319426954067 11.538135831078591 69 134 68 0.17574002984623271 43 38 49 28 45 47 44 47 46 41 47 33 48 35 42 35 41 33 50 33 40 52 39 38 51 41 52 45 38 41 37 42 36 44 35 37
203 -2.1538590339956731 0.39805353900873353 11.899999960034719 199 196 132 0.11097819613575274 43 41 49 32 45 50 44 52 46 45 47 40 48 38 42 57 41 47 50 35 39 60 51 28 52 30
204 -1.9091700638559495 0.30217875988390097 11.884286289440544 206 202 136 0.2696965127275871 43 42 49 31 45 51 44 53 47 41 48 39 46 46 42 58 41 48 40 56 39 61 51 29 52 31 53 26 38 63 54 32 55 27 37 66 36 62 57 20 35 66 34 70 32 81 30 108 29 109 28 109 27 116 26 157 25 147 24 157
205 -0.66464347896979226 -0.24342341122804245 12.190185732591893 66 111 55 0.20289631802678634 43 45 45 53 44 55 42 60 39 80 38 76
206 -0.77594906503753203 0.36789472597326345 12.338397984683475 76 143 73 0.073759183871958733 43 54 45 55
207 -0.25019916470695364 -0.27913354079701752 12.390611341825929 55 104 50 0.20004626596538017 43 56 45 57 44 56 46 31 41 64
208 -0.19166040566666548 -0.16506406555128439 11.956959730377415 55 104 50 0.10230218204346554 43 57 45 58 44 57
209 -7.2067436224606425 1.6419527333173467 14.109875512067374 87 170 86 0.53840413017742028 49 505 45 64 44 61 43 46 46 70 47 549 48 510 50 798 51 822 53 740 54 695 55 704 56 708 57 678 59 660
210 -5.5266394229038633 1.5780294395634424 13.677495672686762 187 189 124 0.16583751503097618 49 56 45 68 46 74 44 65 47 67 48 62 42 51 50 69 40 50
211 -5.1521736880538613 1.5051799526533545 13.503007749830493 185 188 123 0.15597270364411878 43 49 45 71 44 66 46 56 49 58 47 68 48 63 42 52 41 44 50 70 40 51 51 63 52 61 53 84 54 82 55 86 56 66 57 78 58 85 59 108 61 105 1 103
212 -0.79537173296303043 0.51924609065772942 13.477152203164264 77 149 76 0.20240966348109363 43 68 45 75 46 63 49 35 48 41 42 72 41 87 40 100 39 97 51 32 52 36 38 103 55 17 37 106 36 96 35 120 34 152 33 128 32 140
213 0.34754388040800671 0.079773319152343702 14.676497862931024 189 201 128 0.50941144635661972 49 38 45 80 44 87 48 43 52 19
214 -5.2340834887350791 2.0698289299568806 15.676856237260987 182 188 120 0.21870052746221161 43 62 49 71 45 82 44 77 46 76 47 78 48 76 42 65 50 73
215 -4.2687784654359664 1.5735103900616298 14.291011541447597 79 155 78 0.1736201213693179 43 64 45 83 44 75 46 75 47 70 42 64 40 70
217 -2.774339013946058 1.6729709534814026 15.524967883096771 83 157 79 0.17288157149261754 43 89 45 85 44 78 47 74 42 90 41 81
218 -1.4255340059127002 1.0337802539126999 14.371456946546997 187 190 124 0.15376608017357948 43 67 49 47 45 86 44 80 46 66 47 57 48 49 42 93 41 85 40 94 39 91 38 509 37 515 36 86 35 115 34 123 33 123 32 115 31 142
219 -0.71972952895897724 0.95168234077363467 15.149758117596765 88 159 82 0.24317974986908891 43 94 45 88 44 86 46 82 47 61 48 51 42 97 41 113 50 48 39 113 51 46 55 28 56 13 36 125
220 -4.5383118576938246 2.3474568248114198 17.425013218531319 150 178 106 0.15828945556955984 43 85 45 97 44 101 46 94 47 565 49 75
221 -3.5723527894475304 1.9579190407554266 16.36179135818124 81 161 81 0.14998998024982896 43 87 45 98 44 103 46 99 47 81 42 87 40 90 38 91
222 -2.3686767733349035 1.9670534845486669 17.513342976892815 176 184 117 0.17827162667870541 43 90 45 103 44 108 46 105 42 123 41 111
223 -2.3703472254161411 1.9689903772345017 17.518926235336703 176 184 117 0.18207241627372686 43 91 45 104 44 109 46 106 48 88 49 80 42 124 41 112 51 69 52 68 53 59
225 -6.1884557335962054 3.3796194914545743 21.50110727659785 84 164 83 0.18643196261527689 43 105 45 117 47 571 48 105 46 117 42 118 40 109
226 -6.4073898765756701 3.587951135350862 22.849344453318082 84 168 83 0.20317076437144774 43 106 45 119 44 117 46 118 47 94 41 107
227 -1.0861598856331629 2.4995049709982053 21.629364532494847 84 166 84 0.15397392148303202 43 121 45 125 44 120 46 123 42 144 41 134 40 157 39 138
228 1.6939068921960285 2.4985201547574687 24.896525689329525 236 236 217 0.20552682198312225 43 158 49 82 45 127 44 144 46 591 47 84 48 96 42 176 41 187 50 64 51 52 52 55 53 54 54 54 55 46 56 28 58 22 59 27 60 12 61 16 1 17 2 16 3 10 4 23 5 306
229 1.8930860722088061 1.4211660976705578 22.463109888019613 159 127 89 0.25473385461719356 43 128 45 128 42 179 41 160 40 618
230 2.1663303351230869 1.943307542898836 23.711586690748508 166 135 99 1.0453161317536492 43 130 45 130 46 133
231 -11.607054620852216 7.11239543964665 18.646834786314816 65 121 61 0.21646461413141624 43 99 45 132 44 589 46 152 47 153 42 105 41 94 39 68 36 27 34 22 33 8 32 10 31 6 30 7 40 76 29 7 28 8 27 7 26 15 25 23 24 26 23 57 20 97 18 133 17 163
232 -11.652001194859698 7.1512251288447723 18.715825080915195 65 121 61 0.30881164199729694 43 100 45 133 44 590 46 151 47 152 47 613 49 581 48 571 42 106 41 95 50 588 40 77 39 69 51 618 52 615 53 573 54 555 55 555 56 574 57 536 58 229 34 23 36 28 59 280 60 291 61 271 1 267 2 247 33 9 32 11 3 253 4 236 30 6 5 238 6 256 29 8 7 247 28 7 8 300 27 6 26 14 25 24 24 25 23 56 10 263 11 230 12 224 22 58 21 95 20 96 19 131 18 132 17 162 13 219 15 168 14 227 16 204
233 -11.548894355398366 6.931448534163323 19.117688004609811 69 131 66 0.32252415371634774 43 101 49 157 45 134 44 122 46 153 47 126 48 140 42 107 41 97 39 70 38 68 37 37 36 451 35 25 34 24 33 12 32 12 31 377 30 8 29 13 29 351 28 296 27 296 26 320 25 314 24 308 23 346 22 57 21 96 20 99 19 130 17 161 15 170 16 203
234 -9.9311658318954645 6.305843050951192 34.592120998404269 224 228 209 1.688295645102126 43 115 49 123 44 136 47 113 48 116 42 140 39 110 52 114 53 141 54 142
235 -9.70364539386253 7.0121029372641175 49.629567064448068 211 217 196 0.62439043640808478 43 148 45 140 44 137 46 144 40 156 39 157
236 -1.8337295401224667 3.421322756127342 24.72243308755721 87 172 85 0.2582231130433732 43 119 45 142
237 -1.9035694900847631 3.4296237015305371 25.205220335178115 87 172 85 0.28849641071046311 43 120 45 143 44 597 46 128 48 535 42 169 51 88
240 2.7042405820588642 2.733751427926022 25.195497594603175 174 143 106 0.33244113792077462 43 160 45 153 44 147 46 137 47 105 42 200
241 -11.540831459997698 7.803392574455728 18.505821848535682 64 119 60 0.18661624810143826 49 160 45 154 44 125 46 175 47 155 51 204 52 222 53 238 55 262 14 197 15 171 16 170
242 -12.275558344141089 8.2040188475346874 18.225110809684971 82 158 80 0.2296233997899392 43 109 45 155 44 148 46 616 20 61 21 60 19 97 18 101 17 359 16 382
243 -19.264204024764791 10.075485617248711 53.88095626209374 223 224 201 0.14617875975295491 43 112 45 164 44 132 47 132 48 126 41 124 39 109 38 111 54 155 37 90
244 -8.2026063311619861 9.4189918329610087 60.245564345102132 139 124 83 0.20339050467849548 43 585 49 127 45 174 44 161 46 161 48 559 42 193 50 113 40 188 39 188 51 127 52 116 38 188 37 168
247 3.4599772964721982 5.0561507135199939 22.414827991018353 68 130 65 0.29435759611213452 43 631 49 96 45 212 44 632 46 614 47 587 48 550 41 684 42 230 50 95 40 686 39 641 51 78 52 80 53 68 38 650 54 58 55 50 37 620 56 34 36 658 35 622 34 624 33 301 32 554 31 533 4 1 30 519 5 4 6 9 29 502 7 5 28 458 27 459 9 20 26 445 25 440 24 438 23 450 41 253 10 32 11 47 12 64 13 99 15 121 14 103 16 173
248 -12.082910638322586 11.538725117361155 19.307682118737116 254 252 239 0.34337221426837683 43 591 45 215 44 184 46 236 47 247 42 616 41 609 40 565 39 532 38 500 37 499 36 494 35 475 34 446 33 405 32 398 31 372 30 343 29 341 28 283 27 4 26 4 25 4 24 14 23 17 21 31
253 -27.980164532076039 34.151310978839597 83.615643281214574 78 149 75 0.13505544925926416 43 222 45 253 47 259 48 226 42 244 41 204 51 239
256 -7.3172289173160285 30.45418194340763 89.500777667320165 172 173 111 0.0889109665909949 43 254 45 262 44 257 47 229 48 206 42 276 41 274 46 247
260 4.0140643525038007 7.8817526583913331 22.08679217621065 59 109 55 0.20550508583598984 43 267 45 269 44 238 46 233 49 140 47 182 48 164 42 307 41 329 50 129 40 332 39 314 51 114 52 108 38 318 37 333 36 318 35 334 34 346 33 323 32 328 31 314 30 259 29 262 28 219 27 236 26 226 24 206 23 217 22 203 21 202 20 176 19 138 18 136
261 4.2233419602296607 8.7194616956241138 21.992897902620804 254 249 235 0.33196200998822867 43 296 45 270 44 270 46 252
263 -6.7961048903676717 31.605014308943055 85.340732479322114 170 171 110 0.091405923639568468 43 255 45 286 44 259 46 274 47 231 48 207 49 202 42 278 40 297
269 -16.388794352913031 36.254547285947112 68.003037713235415 200 199 131 0.077028833191687809 43 281 45 305 44 284 46 298 48 265 49 261 42 291 41 270 50 267 40 255 39 251 51 278
270 -12.472932390965941 33.366736945659689 70.319619837885597 67 128 64 0.11048357825724547 43 282 45 307 46 301 44 287 47 302 48 268 42 293 50 233 49 233
274 -7.0360109865801093 35.250428008899014 73.375037916366566 176 175 114 0.085613690997085504 43 289 45 313 44 295 46 309 47 305 42 298 41 320
280 10.243215853555601 22.494011838919285 47.298410684069225 186 157 120 0.19009494053644266 43 343 45 346 44 357 46 337 49 214 47 315 48 246 42 402 41 427 50 214 40 413 39 400 38 399 37 395 36 395 35 422 34 394 33 601 32 367 31 543
283 -20.186071023749907 44.273344929285543 65.426801417957677 198 198 130 0.064630561242378065 43 306 45 353 44 315 49 320 46 349 47 358 48 320 42 320 41 308 50 320 40 279 39 266 51 328 53 311 38 251 54 298 55 313 37 218 56 306 57 284 35 190 58 239 34 190 59 263 61 218 1 216 2 190 33 141 3 181 4 175 5 177 8 152 9 142 10 148 11 120 7 147 12 122 17 87 13 118 15 94 14 89 16 98
290 -52.663312594552139 80.904436960008809 96.142699086032792 79 150 75 0.20907572113819592 49 395 45 383 44 329 43 300 47 406 42 312 50 400 39 237 51 744 53 386 54 372 55 653 57 604 58 569 59 364 60 571 61 332 1 328 2 506 33 83 30 26 29 27 24 10 23 7 22 9 19 34
295 -6.6845367032469278 45.121616738103398 66.518506296481789 194 193 128 0.064563331951611042 49 328 45 396 40 349 43 364 41 375 44 373 39 336 35 296 32 217
296 16.074801662930394 38.519310900240392 71.453394783789122 176 148 113 0.12444810563700345 49 275 45 399 46 739 47 340 48 678 42 780 50 248 39 409 38 417
298 -37.554771818730323 76.680312446705258 81.297222257523103 72 133 68 0.12239100084390125 43 347 49 414 45 404 44 391 46 428 47 434 48 388 41 358 39 263
300 -14.79030970471513 54.729927002575884 67.451952332444264 62 117 58 0.15781841722317805 43 356 49 375 45 413 44 398 42 379 41 402 39 324 54 329 37 284 59 244 60 240
301 -11.544905460370581 52.160464911656405 66.991274806131557 59 110 54 0.057289054271944168 49 353 45 415 47 419 42 382 53 320 54 304
302 -3.9279359398789655 51.189600507514385 70.036457216171712 198 195 131 0.069478495854470149 49 357 45 417 44 404 46 392 47 389 48 357 41 434 50 328 40 379 51 337 52 344 53 291 38 349 54 282 55 248 37 317 56 245 36 303 57 197 35 320 58 191 59 173 60 139 61 126 1 124 2 116 31 216 34 284 3 96 30 163 29 176 27 128 26 101
303 -3.9262147936787049 51.196502028716537 70.032803055658377 198 195 131 0.063049143678901812 49 358 45 418 44 405 46 393 47 390 48 358 41 435 50 329 40 380 52 345 38 350 55 249 56 246 57 198 58 192 60 140 61 127 1 125 2 117 3 97 4 95 5 62 6 80 7 67 8 56 9 48 10 53 11 61 12 48 14 61
304 10.152876083474945 58.488978960663609 88.223754740418883 61 112 56 0.1415240897776002 49 333 45 421 47 392 48 330 46 396 50 307 51 317 35 383 34 362 30 251 28 191
305 18.789346304068012 70.232137890260489 109.11956267282268 204 200 134 0.11081009619092021 43 413 45 424 44 429 46 417 47 395 49 334 48 333 42 439 41 482 50 305 40 457 39 424 38 409 37 410 36 406 35 417 34 390 33 355 32 343 30 277 29 271 28 212 27 196
308 5.3712338328830693 69.629495788731816 88.577091174829476 59 107 53 0.080687778956459497 43 431 45 442 46 444 47 424 48 372 41 473 50 364 40 431 51 341 35 381 33 312
312 35.705479805170413 100.81188969998269 156.02382236188944 73 136 68 0.27070842817746182 43 776 45 454 44 804 46 419 47 397 49 338 48 335 42 810 41 807 50 308 40 803 39 759 51 298 53 231 38 741 54 205 55 166 37 719 36 733 35 683 34 667 33 607 32 585 31 552 30 524 29 507 28 454 27 440 26 425 25 424 24 406 23 410 22 395 21 360
314 -6.1860161648698719 81.566130006251981 89.385241852381341 63 112 57 0.11228300710295214 43 425 45 462 46 474 44 442 47 475 42 452 41 450 40 422 39 402 52 394 38 375 37 343
316 0.13658701206840615 77.492422592784251 90.368370592597685 206 202 137 0.073758639342117766 49 380 45 467 47 449 48 400 50 391 39 405 51 382 37 368 36 363 33 278 34 314 35 349 32 244 31 212 28 115 27 123 25 74 24 77 23 62
317 2.1858505861844297 83.016303181074122 96.680771425475058 209 204 138 0.090922876609991252 49 408 45 468 44 446 46 476 47 450 48 401 42 455 50 393 40 441 41 471 43 430 39 406 38 391 35 350 36 365
320 -27.060461445366219 120.58266166116631 117.35859764170245 201 199 134 0.1099535581897771 43 418 45 477 44 809 46 808 49 756 47 814 48 771 42 426 41 444 50 756 40 398 39 378 51 767 52 741 53 402 54 636 55 370 56 375 57 312 58 272 59 303 60 283 61 226 1 224 2 171
322 -22.399525926072616 155.46084119186591 147.85725099997714 72 137 69 0.51021743674741427 49 442 45 483 47 491 42 448 41 465 40 770 39 716 52 435 53 378 38 697 54 364 55 375 37 342 56 350 36 295
324 -3.1051325307476678 -0.2968156746774947 9.3361597519579416 185 155 118 0.20853790488997287 43 467 45 499 44 485 46 509 47 511 48 468 49 460 42 496
325 -2.3635067200279254 -0.46812174149182018 8.9370054548173776 99 68 40 0.65193456276123207 43 4 45 503 44 6 46 503 47 502 42 4 41 5 50 461 40 8 39 5 52 2 53 2 54 4 55 7
326 -3.4845282493244589 -0.18731624580626244 9.6815349486039697 180 153 115 0.41125048773414041 49 467 45 504 44 488 46 506 47 512 48 466 42 494 41 4 43 11 50 473 51 489 52 468 53 433 54 427 55 33 56 16 57 30
327 -3.2484106377147857 -0.222446882460967 9.5827477993079331 139 130 84 0.27253809171891413 43 793 45 506 46 507 42 831 41 826 40 810 39 457 38 442 37 443 36 435 35 449
328 -1.4431986574131042 -0.43798360430137839 10.159993598032294 177 151 112 0.23762605477043394 43 486 45 510 44 492 46 515 47 517 42 512 41 530 40 508 39 478 38 51 37 51 36 54 35 59
329 -1.0561817465239303 -0.45769451092237601 10.518266085456158 115 121 62 0.20770032921781356 43 28 49 769 45 511 44 34 46 828 47 826 48 779 41 539 50 770 51 484 52 454 53 423 54 409 55 423 56 1 57 379 58 3 59 7
332 -1.6829042527011859 -0.059701934829299641 11.42679858789446 203 200 135 0.17064602023961994 43 500 45 523 44 521 46 526 47 527 49 471 48 478 42 526 41 556 40 520 39 489 51 495 38 483 37 477 36 486 35 495 34 471 33 437 32 439 31 599 30 414 29 417 28 368 27 362 26 401
333 -0.77789676982406697 -0.39503660080667435 11.834498301481725 137 149 91 0.22781713695637029 43 502 45 524 44 528 41 51 42 46 40 73
334 -7.7532774822152621 1.0701842178539365 13.478678487905066 216 218 206 1.112306004519225 43 489 45 525 44 506 42 504 40 491 39 9 38 7 38 8 37 1 36 427 34 6 33 1
335 -6.2897041735717014 1.0420814655205231 12.67732961922076 93 149 79 0.16105343177507914 43 493 45 526 44 508 46 539 47 539 42 514 41 534
336 -6.2491719658826081 1.056239005876721 12.605100650380178 93 149 79 0.21607879997743551 43 492 45 527 44 509 46 540 42 513 41 533 40 27 39 465
337 -3.9445632562375623 0.48050906560222151 11.280012170408133 197 194 131 0.10636451926682017 43 479 49 479 45 528 44 511 46 530 47 533 48 488 42 519 41 536 50 496 40 501 39 468 38 449 37 454 36 442 35 454 34 36 33 21 32 26 31 19 30 35 29 37
338 -4.0296924232148355 0.89681571333776466 12.184231555496265 177 183 119 0.21169902675611388 43 495 49 487 45 529 44 512 46 542 48 502 42 521 41 547 50 499 39 484 38 458 35 35 36 40 34 37
339 -4.0367312435142013 0.90413295153287521 12.203711218954412 177 183 119 0.27703590360421304 43 496 49 486 45 530 44 513 46 543 48 501 42 522 41 548 50 498 39 485 51 525 52 492 54 448 53 470 55 451 56 466 57 57 61 79 1 79 2 78
340 -3.6362946396037645 0.6481799640178284 11.73572456747266 70 136 68 0.22918034437085391 43 494 45 531 44 514 46 531 48 489 49 488 50 497 40 504 51 516 52 491 53 459 54 434 55 450 37 29 56 455 57 422 58 397 59 430 60 435 61 414 1 412 2 388
341 -3.1863827686505841 0.76533062088233383 12.202825370850521 72 139 70 0.40957773462767677 43 515 45 534 44 517 46 532 48 503 42 537 41 550 50 501 40 517 39 486 51 517 52 493 53 460 38 477 54 436 55 452 37 473 56 457 57 408 34 58 59 56 33 47 32 42
342 -2.2582081123090449 0.45979125150064365 12.095132421222724 185 188 124 0.23953582395975656 49 482 45 536 46 535 44 520 48 492 50 486 51 506
343 -2.0954659690528556 0.45228823467094792 12.081294254970214 71 138 70 0.2098162324190824 43 519 45 537 44 524 47 536 48 493 41 555 42 541 40 531 39 506 38 482 37 490 36 484 35 493 34 470 33 435 32 437 31 427 30 412 29 415 28 367 27 114 26 126
344 -1.6650301348753538 0.18492234390561593 11.856956330106867 200 199 133 0.13622173634173393 43 501 45 538 44 525 46 536 49 474 47 535 48 494 50 487 51 508 52 473 53 437 54 424 55 435 56 434 57 387 58 11 59 19 60 31 61 14 1 14 2 22 3 19
347 -8.7454510014300233 1.5338548649610515 15.40136097657984 212 215 201 0.43116524823602986 43 29 45 543 44 531 42 26 41 23 40 25 39 20 38 15 37 7
348 -6.2738977476688342 1.5880605434147035 13.682070874173089 149 177 107 0.3272251913538014 43 510 49 506 45 544 44 532 46 557 47 550 48 511 51 545 52 515 53 488 54 458 55 477 56 488 59 122 60 148
349 -4.9589467078408758 1.2291620222366593 12.805929088707733 187 187 124 0.18738774969808356 43 513 45 545 44 535 46 541 47 540 48 512 42 533 41 546 50 514 49 57 40 515 39 483 51 61 52 60 53 81 54 79 55 82 58 82
350 -3.9621419622663701 1.3266939822100157 13.662936401876186 75 147 74 0.16179510148935794 43 814 45 547 44 853 41 567 40 528 36 475 34 68
351 -1.3272036310096584 0.77199629503378464 13.637889817140135 188 190 125 0.19333870145857851 43 527 49 492 45 552 44 553 46 552 47 545 48 507 42 552 41 576 50 505 51 520 52 483 53 452 54 430 56 435 57 21 58 17 59 22 60 32
352 -7.0507396843464329 2.0500818149916866 15.177539873728497 82 161 82 0.21607949651497302 43 509 45 555 44 546 46 559 47 561 49 510 48 523 41 42 50 806 40 46 51 547 52 527 53 741 38 36
353 -5.8534918319522777 1.7186638492335717 14.03000008100754 78 151 76 0.19498798746991094 43 512 45 556 44 536 46 558 49 511 47 552 48 513 42 534 41 545 50 520 40 49 39 482 51 546 53 491 37 28 38 38 36 35
354 -4.2659128377016735 1.8969580810828308 15.556600908136817 81 159 80 0.15145527958202229 43 524 45 558 44 550 46 561 49 512 47 555 48 525 50 522 51 536
355 -3.0659430232850111 1.7400179362947963 15.889133012791893 80 157 79 0.13526530378545301 43 539 45 560 44 567 46 563 47 558 49 504 48 516 50 516 51 538
356 -2.1712965969346447 1.3300554780064591 14.855774358471004 153 177 108 0.22364287777188505 43 526 45 561 44 552 46 564 48 517 42 92 41 84 50 517 40 92 39 89 51 527 37 98
358 -0.55115438890832757 0.85702692118691914 15.114045806808685 148 177 107 0.18676748816396449 43 544 45 564 44 555 46 566 49 493 47 547 48 509 42 569 41 591 50 507 40 558 39 544 38 530 37 536 36 539 35 538 34 540 33 158
359 -1.0288840595282394 1.1101328163637421 15.142118453712278 79 157 79 0.23012695129226379 49 494 45 565 44 554 43 543 46 565 47 559 48 508 42 568 41 589 50 506 40 557 39 543 51 522 52 486 53 453 55 30 37 533 36 537 58 19 32 478 30 443 29 192
361 -6.5903318753207918 2.6706024588679194 17.395310303955835 81 159 80 0.25038293925241439 49 522 45 570 46 570 47 562 48 531 42 63 41 57 50 81 51 560 52 531 38 70
362 -3.9386018425894287 2.4539864336523203 18.661373398631312 81 162 81 0.17145826272296194 43 541 45 576 44 570 46 572 42 580 41 585 40 555 39 522 38 526 37 94 36 517
364 -3.2316134733030752 3.0542918088639786 22.323836426229978 175 184 115 0.18902627611376965 43 558 45 590 44 586 46 586 47 576 42 596 41 602 40 135 39 562
365 -3.2026511795507049 3.0472686285573163 22.225544748233855 175 184 115 0.24468433374977014 43 559 45 591 46 585 47 575 49 90 48 108 41 603 40 136 52 87 54 86 55 72
369 -12.440643676131881 9.223645526774817 18.422051653405138 78 149 76 0.35156946040200487 43 131 45 620 44 151 46 615 47 637 48 613 49 852 42 130 41 92 50 850
370 -11.583951581285039 8.6345268513321827 18.520437089369054 62 117 59 0.28805354042569076 43 565 45 621 44 879 46 617 48 590 42 871 40 550 39 519
374 3.1520501357878423 6.2905416189016172 22.037745168130105 72 140 70 0.22815965422948789 43 651 45 645 44 652 46 639 42 668 53 477 57 641 58 375 59 407 60 405 61 558 1 555
375 -11.766743990069836 10.407104151216197 18.349143906934437 132 149 92 0.33889955140873107 43 590 45 647 44 618 46 644 47 661 48 644 41 596 39 516 51 658 54 790 55 791 56 598 35 474 58 542 59 561 60 554 61 511 1 510 32 8 33 4 34 18 31 371 30 341 29 343 26 5 23 19 21 32 20 36 19 72
376 -11.568458798539167 10.312074274207278 18.718568668073051 126 175 99 0.26783217802533205 49 218 45 648 47 660 42 598 41 597 39 517 38 80 37 70 36 467 33 5 32 9 29 4 26 6 24 17
378 3.4339714645082147 7.0951117900848413 21.994686500841947 71 135 68 0.24906418454899107 49 558 45 665 44 674 43 653 46 643 47 635 48 568 42 689 41 702 50 549 40 709 39 661 51 565 52 524 53 487 38 671 54 450 55 457 37 644 56 463 36 316 57 401 58 376 59 409 60 407 61 373 1 368 2 330 3 335 4 298 5 287 6 303 7 292 8 507 9 310 10 309 11 301 12 307 13 311 15 460 17 360 18 486 19 389 14 332 16 346
380 -41.231962525350895 41.229584046963794 91.657475654547554 78 152 76 0.12702736120719055 43 637 45 672 47 687 42 637 39 571 38 553 36 549
381 -3.4668528751676382 31.682899201553521 97.856179357067873 68 131 65 0.098026314717387528 43 663 49 594 45 676 44 687 46 667 47 669 48 632 42 682 41 699 40 704 39 657
382 -45.10759118349975 49.04835958054943 86.496478502543724 75 145 72 0.18514150243246733 49 661 45 682 44 675 46 704 41 645 50 681
383 -38.335605034541913 41.640392817230001 85.617509409762221 75 149 74 0.22316704624632405 43 638 45 683 44 658 46 683 42 660 41 649 50 645 39 589 38 552 35 528
385 -33.255303911291058 39.029194454636638 82.303566121057486 75 148 74 0.15555824136236962 43 639 49 641 45 685 44 660 46 684 47 689 48 669 42 661 41 650 50 648 54 579
386 -16.298624094315194 33.057842928319651 70.494745015083922 70 136 68 0.07261433722009393 43 660 45 687 44 681 46 688 49 629 48 651 47 691 42 677 41 691 40 669 51 647 52 627 53 584 54 543 56 549 23 389 22 388
390 2.376088703778771 35.817861459090935 94.418460770715186 66 126 62 0.12017133315846384 43 686 45 696 44 707 46 695 47 697 42 715 40 726 39 676
392 -25.588088374788995 27.313799369634843 38.643559195996502 186 157 120 0.090185842410751144 43 633 49 303 45 701 44 240 46 318 47 317 48 304 42 231 41 190 50 692 40 163 39 140 51 354 52 375 53 350 54 628 57 336 58 333
393 -26.736634899280862 40.623071829441152 72.635366681666724 72 141 70 0.12983205140639392 43 657 45 705 44 697 47 710 42 674 41 689 40 653
395 -17.67622581191312 40.257887602292364 64.431795405585774 68 129 65 0.1382689527698315 43 694 49 681 45 726 46 715 47 721 48 681 42 700 50 685 40 692 39 646 51 698 52 680 38 611 55 586 36 609 35 561 34 552 59 516 60 516 31 127 29 399 30 421 32 473 28 345
396 -13.269212402683062 36.669818268921517 65.832292133838564 63 122 61 0.11479804249870414 43 680 45 727 44 700 46 717 48 682 47 722 42 705 41 715 40 693 39 648 52 647 53 609 38 637 54 562 55 563 36 611 59 505
397 -12.883467207779821 37.72849585623576 65.215176441402903 63 119 59 0.042493389564859284 49 666 45 728 44 720 46 718 43 695 52 664 51 689 53 610 56 566 58 485
400 1.2114093974519653 5.2086585350062915 2.0699454208329851 180 181 120 0.90048972013770889 43 718 45 742
401 1.2114093974519653 5.2086585350062915 2.0699454208329851 180 181 120 0.90048972013770889 43 719 45 743
402 16.311506602995614 32.064111140235774 69.680906392364534 255 255 255 1.1598786880976664 43 963 45 747 46 729 49 216 48 661
403 -16.934394467142667 49.290804510434391 65.436170589367606 194 194 129 0.071796204155534935 49 695 45 753 44 751 43 709 46 747 47 757 48 708 42 738 41 745 50 697 40 715 39 665 51 712 53 660 52 698 38 636 54 596 37 609 56 606 57 545 58 517 59 539 61 473 1 472 2 435 3 418 4 387 5 384
404 -13.844404526348784 47.962176688857454 64.849022021500147 184 187 123 0.17324325342216995 49 698 45 758 41 748 52 684 53 650 54 595 55 604 56 589 57 546 59 518 2 434 3 156 19 61 21 45 23 66 22 41 16 62
406 -4.4521247534847079 47.683047315551008 68.600105645173457 198 195 131 0.07197295591027332 43 721 45 762 44 759 46 752 47 762 49 685 48 715 42 751 41 764 40 757 39 697 53 631 50 689 38 680 54 563 37 655 36 666 35 611 34 600 32 522 30 447 29 433 28 374
407 5.5374577503463698 47.646252401926745 79.372741645127675 59 110 55 0.13621243176591899 49 670 45 766 44 765 46 737 48 688 50 662 51 675 52 631 53 592 54 530 55 536 30 499 27 406 29 472 24 381 21 362 20 346 19 356 18 352 17 325 13 313 12 310 15 287 14 320 16 331
408 5.7138436980693257 49.177000304575984 79.68018637672256 59 109 54 0.15875104506752732 43 741 49 673 45 767 44 768 48 698 50 677 51 676 38 706 37 695 36 696 33 568 31 517 30 498 41 781 28 426 29 471
409 22.990977307592967 71.855750289717392 122.07814005383025 80 144 71 0.53033982894628995 43 744 45 773 44 786 46 760 47 371 48 701 42 795 41 791 40 789 39 750 38 733 37 710 36 727 35 430 58 99 34 393 60 70 3 30 4 32
411 -11.803986072086946 57.453975339320664 69.797117243384477 61 109 55 0.13214442051794242 43 735 45 782 44 777 46 768 47 771 48 728 42 766 41 762 53 661 52 705 38 675 39 681 54 598 55 606 37 628 36 641 35 596 34 583 31 453
416 -22.92833681717514 72.189041088222723 78.699104977155514 199 198 132 0.059139371277361304 43 731 49 728 45 793 44 776 46 779 47 790 48 747 41 760 50 731 40 734 51 749 52 727 53 681 38 654 54 621 55 633 37 624 56 627
418 -15.514425119404164 69.431747946730283 76.750450156196521 63 117 59 0.11917461917209139 49 730 45 795 44 794 47 793 46 782 50 735 51 752 52 720 40 753 41 772 39 693 53 673 54 624
421 -42.041825870886072 117.32734289792117 114.08574062026524 72 138 69 0.22178767309488626 43 747 49 755 45 810 44 791 46 797 47 802 48 770 42 762 41 398 50 754 40 367 39 318 51 773 52 751 53 691 38 295 54 643 55 656 37 243 56 650 36 242 57 608 35 217 58 562 59 570 60 563
423 -18.239043387515803 97.937359780398154 97.892281939665864 72 133 68 0.094155887962683982 43 763 49 748 45 812 44 810 46 809 47 815 48 772 50 745 51 768 52 731 53 684
424 3.863562430153908 88.897630559980101 102.29845837756523 61 113 57 0.13882762222084624 43 770 45 814 44 818 46 800 47 805 42 806 41 802 39 740 38 717 36 695
425 14.561389345392518 104.6844995248904 125.59951703839829 63 119 60 0.11273851581384337 49 721 45 817 46 802 48 752 50 721 51 722 52 690 53 638 54 586 55 569 56 553 58 144 57 165 59 150 60 120 61 77 1 77 2 72
426 15.666708126102758 114.33423056272565 134.66336528610282 66 125 63 0.21032372369839827 43 783 45 818 44 829 46 804 47 808 48 753 41 817 50 394 40 799 39 753 51 389 52 353 38 729 55 253 37 708 36 718 57 166 34 644 33 579 32 559
428 -13.287281660329613 103.05564619860331 104.79333972253377 97 137 77 0.20376703878811286 43 765 45 823 47 818 48 764 42 801 41 784 50 747 52 730 53 676 54 626 55 623 57 568 56 614 59 525 60 214 58 247 2 143 3 126 5 92
431 -2.5919051767385008 -0.29030044516878573 10.446561688170432 103 121 71 0.10903414896945485 43 796 45 836 46 825
432 -3.1442745949525523 0.63633507661499999 11.909573916393409 70 135 68 0.25052514849206414 43 808 45 844 44 845 46 840 47 834 49 788 48 789 42 838 41 843 50 785 40 824 39 777 51 804 52 778 53 720 38 460 54 674 55 678 37 739 56 679 36 458 57 406 35 482 58 394 34 453 59 425 60 436 33 418 32 420 31 405 30 50 29 79
433 -2.6027552046397284 0.57437038679320396 12.028766769538047 71 138 70 0.2794416738692721 43 815 45 845 44 846 46 841 49 781 47 836 48 791 42 845 41 844 50 780 40 826 39 783 51 805 52 777 38 759 54 429 55 443 37 741 56 447 36 478 35 704 58 385 34 467 61 38 1 39 2 40 33 420 32 432 30 397
434 -0.78526945072513821 -0.039151706765022942 12.448063221265578 68 128 64 0.48176236563117086 43 817 45 846 44 847 46 842 49 777 47 832 48 787 42 848 41 855 50 776 39 791 51 795 52 767 53 709 38 764 54 660 55 668 37 751 56 664 36 763 57 635 35 716 58 590 34 724 59 397 60 600 61 367 1 362 2 338 33 657 32 655 31 628 3 344 4 311 30 620 29 609
435 -6.7892600440488229 1.310041289251366 13.231979645860566 82 164 82 0.43793399464362237 43 803 45 847 44 841 46 843 47 837 49 794 48 802 42 515 41 531 50 797 40 499 39 466 51 821 52 796 53 737 38 17 54 688 55 693 56 706 57 662 58 631 59 659
436 -6.2612887128536325 1.4301150882416658 13.376665887745791 75 148 75 0.25174074803109303 43 506 45 848 44 848 46 845 47 850 49 795 48 804 42 518 41 535 50 799 40 500 39 467 51 818 52 795 53 738 38 448 54 690 55 694 37 451 56 695 36 440 35 10 34 11
437 -5.6669762017024361 1.14831438990176 12.548851457936852 73 142 71 0.20642590372244926 43 804 45 849 44 842 46 844 49 796 47 838 48 803 42 517 50 790 51 817 52 789 53 731 54 689 55 467 56 487 57 443 58 429 59 476 60 476 61 134 1 132 2 130
438 -4.3736154478953981 1.295532635982017 13.137473204658962 188 189 125 0.24136198049405291 43 811 49 799 45 850 44 849 46 846 47 840 48 806 42 842 41 840 50 793 40 822 39 775 51 814 38 757 36 455 37 469 35 463 34 451 32 419
439 -4.3756036752187732 1.2978902058034789 13.157429265259406 188 189 125 0.18870050737583319 43 812 49 798 45 851 44 850 46 847 47 839 48 805 42 843 50 792 51 813 52 791 53 726 54 684 55 687 56 691 57 655 58 415 59 440 60 462
440 -4.5843835421565071 1.4802344818679658 13.738193263847316 75 150 75 0.30645438073483822 49 800 45 852 44 851 46 856 48 807 41 841 40 831 39 497 53 483 38 471 54 452 55 461 37 470 56 63 36 456 34 450
441 -0.63400454290398967 0.50663185143464473 13.788333199807459 77 150 76 0.16651506833722302 43 827 45 855 44 855 42 859 41 859 40 843 37 517 38 511 39 527 36 538 35 520 34 525 33 485 32 142 31 168 30 154
442 0.039376720835717943 0.427388564910267 14.867459328454656 89 174 89 0.20389249660759781 49 485 45 856 44 864 46 853 47 849 48 792 51 509 52 477
443 -10.085534487863427 2.3392798747038634 17.45723856958363 241 241 224 0.39131894586621063 43 505 49 997 45 857 44 857 46 854 47 856 48 816 42 528 41 541 50 1073 40 511 39 479 51 1094 52 964 53 919 38 447 54 705 54 949 55 714 37 450 56 731 36 9 35 9 34 9 59 840 60 796 61 647 1 643 2 651 33 2 32 18 31 8 3 457 30 17
444 -6.6558170606919456 1.7590425365953033 14.339957489080861 79 157 79 0.26241683565374746 43 507 45 858 44 534 46 855 47 851 49 805 48 817 42 529 41 542 50 801 40 512 39 480 51 823 52 797 53 739 54 696 55 695 37 452 56 707 57 663
445 -2.5600256504644445 1.1288352532958386 13.984396168036772 75 148 75 0.42302625365295587 43 822 49 789 45 861 44 859 46 849 47 841 48 794 42 853 41 850 50 504 40 838 51 526 52 496 53 463 38 762 55 454 37 748 56 460 36 756 35 712 34 710 33 455 32 639 31 425
446 -2.0242505323629931 1.1469264654215485 14.348514509432752 76 150 75 0.28940314450561339 43 825 45 862 44 862 46 857 47 844 48 798 42 856 41 858 40 839 39 525 51 809 52 784 53 721 38 771 55 680 37 503 56 676 35 505 34 504
447 -0.45153883618074586 0.68295527450906457 14.795507617638904 79 156 79 0.34984524491781088 43 828 45 863 44 863 46 852 49 792 47 847 48 799 42 865 41 860 50 492 40 848 39 809 51 511 52 476 53 440 38 781 54 425 55 436 56 436 57 14 35 737 36 777 37 770 34 747 33 677
448 -0.48608134656362278 0.97759724395537873 15.784611477027731 82 162 82 0.21240390570834161 43 835 45 864 44 874 46 859 47 848 48 800 49 496 42 866 41 866 50 509 40 849 39 808 51 521 52 484 53 454 37 771 36 787 35 736 34 746 32 495 31 467 30 453
449 -11.056706923216188 3.4858344748147854 21.499483875204838 174 186 111 0.25732365219253139 49 999 45 865 44 867 46 875 47 1049 48 1024 50 979 51 1000 52 968 54 880
450 -11.776081722433105 3.4806632996464444 22.788423438491286 174 186 111 0.54181101001748666 43 522 45 866 44 868
451 -6.9936343373304339 2.5252444861475878 16.646783684530813 81 160 80 0.16975192524471189 43 819 45 867 44 858 47 857 49 813 42 851 41 848 40 828 39 495 37 468
452 -6.2740532263531952 2.4551258579920199 16.413948921343152 182 185 120 0.25319592805302815 43 820 45 868 44 547 46 865 47 858 48 819 49 521 42 852 41 561 50 808 39 496 51 549 38 470 40 830 36 473 35 479 33 416
453 -4.2534413275878604 2.1158123172760637 16.791484589377863 81 162 81 0.35328742382626849 43 832 49 807 45 871 44 869 42 862 41 856 40 837 39 788 38 768 37 501 36 500 35 502 33 74
454 -4.6563148256981899 2.5356702296281202 18.391326218778691 82 163 82 0.25153631355713252 49 808 45 872 44 565 43 537 46 869 47 862 48 822 42 563 41 573 50 535 40 552 38 507 37 72 36 84 35 86
455 -3.025024426222922 1.8767263479917862 16.349019933151901 174 184 116 0.17778018337223714 43 833 45 873 44 870 42 863 41 857 39 797 38 769
456 -1.5994806290959109 1.8608654722743343 17.46502273340494 179 185 118 0.21947522768055144 43 842 45 874 44 871 46 871 49 802 47 864 48 810 42 870 41 865 50 795 40 859 51 528 52 787 53 465 54 443 56 461 58 46
457 -1.6314178807973676 1.8486637608046146 17.633520130557443 179 185 118 0.25028434534257998 43 841 45 875 44 872 46 872 47 865 48 811 42 869 41 864 40 858 39 541 38 791 37 532 36 536 35 536 33 482 32 139
458 1.1315261131318597 0.89651072903443241 20.292595497337434 240 240 222 0.29183628544327184 43 843 49 498 45 876 44 875 46 862 47 855 48 519 50 510 51 523 52 488 53 455 54 432 55 438 56 437 57 389 58 6 59 12 60 403 2 339
460 -11.449169718312856 8.2395381748609093 18.400615868319001 62 119 59 0.27042128732555748 43 844 45 882 44 881 46 885 47 882 48 864 49 851 42 1046 41 862 42 872 50 840 40 846 39 784 51 867 52 843 53 797 38 760 54 758 55 574 37 743 56 579 36 751 35 696 34 691 33 800 37 931 32 601 31 565 30 547 29 537 28 480 27 480 26 483 25 466 24 467 23 488 10 416 22 485 21 470 20 467 19 490 18 483 17 510 16 527
462 -16.914273088539595 10.118149015313811 54.920669972469305 143 127 87 0.38791167308251928 43 853 45 886 44 887 46 882 47 876 48 835 42 879 41 877 40 865 39 817 38 541 37 529 36 535 35 142 34 149 33 120
463 -9.559632869080696 9.5873306109306284 60.972212708078523 134 119 79 0.56400675526161337 43 584 49 827 45 887 44 890 48 837 42 626 41 887 50 817 40 613 39 579 52 544 53 506 38 580 54 475 55 479 37 567 56 490 36 579 57 97 35 571 58 106 34 556 33 692
464 -11.440082361915774 9.04891143630004 18.225041505318131 60 113 57 0.28379605124939788 43 849 45 888 44 880 46 886 47 889 48 614 49 603 42 589 41 869 50 627 40 549 39 518 51 868 52 856 53 799 38 490 54 576 55 576 37 481 56 597 36 465 57 556 35 459 34 435 33 396 32 400 31 374 30 345 29 345 28 287 27 290 26 307 25 305 24 298 23 487 22 482 21 303 20 325 19 332 18 348 17 357 15 361 14 384 12 388 13 399 16 364
469 3.6944333508556571 5.3859404083619697 22.171063824382983 69 134 66 0.6075377718689976 43 879 45 898 44 912 48 551 42 1070 41 1077 40 1078
471 4.1168899507555485 6.8919312794088921 21.905493782801798 65 122 61 0.46534414115325956 43 891 49 559 45 907 44 922 46 892 47 636 48 570 50 548 51 558 52 96 53 71 54 76 55 67 56 37
472 -13.188203088273042 12.545046178993317 19.239895334608711 175 146 109 0.49251292353781501 43 856 45 908 44 903 46 913 47 916 42 615 28 475
478 -10.286084501221056 30.1531205792934 83.793783560102341 172 174 111 0.097719408983549694 43 898 45 916 44 921 46 909 42 912 37 821 36 823 35 775 34 793 33 715 32 709 30 645
479 4.3619908479645382 8.3233445462696469 22.634971109483352 122 143 87 0.76101331308143916 49 833 45 918 44 692 50 821 51 828 56 47 57 46 12 466 14 474
484 -43.460494541977113 49.65998466879239 85.08845486523532 198 199 130 0.10778570510856537 43 892 49 899 45 928 44 925 46 923 47 936 48 908 42 896 41 899 50 889 40 882 51 906 38 795 37 775 36 781 35 722 31 589 30 371 29 376
486 -11.649565877995723 33.856958029674047 68.957302858309419 66 126 63 0.061142962970697622 43 909 45 932 44 942 42 918 41 935 40 926 39 882
487 -13.660146018697652 36.001558988415738 66.588247312127947 64 123 62 0.064523267014587243 43 906 45 933 44 943 46 930 40 923
488 -4.0657078244582783 35.109390119530353 74.58800886551235 176 176 115 0.080203424963475017 43 925 45 935 44 945 46 933 47 931 42 935 41 950 40 940 39 891 38 867
491 -27.221041224226258 47.916102538415828 69.621527179211043 71 136 68 0.10756408321383144 43 918 45 943 44 948 46 952 47 948 41 928 42 916 40 908 39 853 38 817
494 -7.0069993380683702 37.073694079537027 68.283787264890677 169 178 113 0.13905914767411626 49 877 45 948 46 943 48 901 52 861 53 789 54 749 55 746 56 745 57 691 31 646 29 616 28 548 26 541
496 -25.244963582372282 50.926436665531433 68.101825399939798 157 173 108 0.24077206825054992 43 920 45 955 44 961 46 961 48 940 42 928 41 929 40 917 34 737 39 875 32 643 3 613 4 577 5 552 7 529 28 497
497 -17.040458673163663 46.656717728790746 64.420844366485767 64 120 60 0.11835698469912868 43 939 45 956 46 962 49 916 47 963 48 942 42 942 41 948 50 905 40 936 39 877 51 924 52 904 53 834 54 794 55 796 38 849 37 831 56 803 36 815 57 738 58 689 34 754 59 712 60 681 61 641 1 637 2 619 33 679 32 661 3 603 4 548 30 596 5 541 8 552 27 498 10 493 9 512 11 510 12 486 14 491
499 10.34691144075013 46.584169226282569 93.723090677178902 62 118 57 0.24745185527088573 43 947 45 962 46 947 48 905 50 858 49 881 51 635 52 608 53 553 54 514 55 501 56 716 57 466 58 619 59 449 60 612 61 578 1 574 2 556 3 356 4 499 6 496 10 465 12 473 17 498 13 329 15 320 18 369 14 334
501 -35.421178687563838 65.721132564490802 76.743674962645386 70 135 68 0.078234928064624204 43 936 45 967 44 967 46 971 47 978 48 953 49 941 42 927 41 946 50 930 40 916 39 852 51 945 53 867 54 827 55 828 57 776 56 829 58 731 59 750 60 725 61 684 1 680 2 656 3 628
503 -9.0337823874544512 50.459180481532066 67.491591789525756 58 107 53 0.13717297406061629 49 919 45 972 44 972 43 955 47 968 42 965 41 982 50 908 46 967 40 967 39 903 51 926 48 946 53 836 54 784 52 889 55 783 37 850 56 785 36 846 57 727 35 798 58 671 59 685 60 672 1 613 61 616 2 607 3 575 4 532 5 512 6 511 7 495 8 531 9 501 10 471 11 486 12 476 13 469 15 446 14 478
505 -1.0521751936212174 45.542013625997456 69.187346883807393 173 176 115 0.14630694720354601 49 907 45 974 50 879 53 807 55 749 56 749 57 694 58 650 59 655 60 646 61 590 1 587 2 578 5 496 3 544
506 11.125021947479514 56.058683141963591 91.918086708623946 177 181 117 0.19283428763941043 49 897 45 976 44 987 48 933 41 1001 43 972 50 882 40 999 39 945 51 888 52 853 53 793 38 912 54 531 55 517 37 703 56 518 36 902 57 468 35 843 58 441 34 846 59 452 60 453 61 404 1 402 2 363 4 316 5 312 6 314 7 308
507 23.733459601789821 61.386874475893826 105.79669159220082 97 88 47 0.46564496868907146 43 758 45 978 44 992 47 956 49 898 48 921 42 798 41 808 50 664 40 791 39 431 51 656 52 612 45 787 53 202 38 414 54 176
511 -8.8023229185770457 54.591679847332998 69.100846337644114 58 106 53 0.073451857943693993 43 969 49 930 45 987 44 985 46 976 47 984 48 957 42 976 41 983 50 909 40 968 39 918 51 928 52 906 53 838 38 880 54 797 37 865 36 845 35 797
513 1.839153440407181 54.329520843644296 76.136609438036004 57 105 52 0.053105164292223762 43 971 45 990 44 986 46 979 47 969 48 947 42 979 41 999 50 898 51 915 52 878
514 9.8538146863908498 59.542550837099263 87.694184759129968 59 110 55 0.07503891201905856 43 983 45 991 46 980 44 989 47 970 48 948 49 909 41 1007 50 885 40 996 51 901 52 865 53 796
515 -33.884081521784395 88.059165159510968 90.847137758418242 68 131 66 0.17000497862739922 43 965 45 997 44 995 46 988 47 1005 49 957 48 981 42 958 41 976 50 943 40 947 39 887 51 956 53 877 38 857 54 829 55 833 37 827 56 833 57 778 58 733 59 743 60 710 61 673 1 669 2 650 3 615 4 567 5 553 6 540 7 522 8 555 9 516 10 483 11 499
517 -0.66600784090938625 63.561656895431824 80.148145853114414 57 105 52 0.099708123553084463 43 980 49 932 45 1001 44 1001 46 992 47 987 48 959 42 990 41 1005 50 912 40 994 39 932 51 930 52 892 53 842 38 901 54 785 55 766 37 887 56 771 36 878 57 709 35 829 58 654 34 817 59 675 61 605 1 602 2 580 33 742 3 548 4 511 5 499 6 502 7 488
518 4.3122618922372009 68.487621801944101 86.880957647225685 56 104 52 0.081414201375639858 43 982 45 1002 46 993 47 988 48 960 42 991 41 1006 50 913 49 933 40 995 39 942 51 916 52 893 53 824 54 767 55 765 56 754 35 840 34 826 33 755
519 16.558645168067287 73.556938578447742 101.87012281917386 60 111 56 0.14776598518360845 49 922 45 1004 44 1003 46 997 47 990 48 949 42 1005 43 992 41 1020 50 899 40 1012 51 902 52 866 53 810 54 753 55 732 45 1115 41 1130 56 729 59 458 60 624 61 410 1 408 2 368 3 33 5 316
521 -20.233592268423891 86.462407434091716 89.052766127517799 167 178 115 0.21501519167107952 49 959 45 1014 50 744 52 923 51 957 55 635 57 586 58 535 3 164 4 151 60 282 5 128
522 -18.188174992620123 107.67863391500464 107.738319643802 69 132 67 0.14672016761767143 43 986 49 960 45 1015 44 1009 46 1008 47 1018 48 991 42 997 41 1003 50 945 40 991 39 928 51 958 52 924 53 870 54 822 55 822 56 818 57 569 58 536 59 542 60 519 61 467 1 466 2 425
523 7.1769673016714499 81.586996000336455 99.73301701738815 59 109 55 0.15016393781807044 43 989 49 934 45 1017 44 1010 46 994 47 997 48 972 42 1002 41 1016 50 914 40 1007 39 950 51 931 52 894 53 826 54 786 55 767 56 756 57 699 34 841 33 756 32 734 31 696
525 11.582959479186002 85.181183303608904 106.54007442094593 59 109 55 0.295368876458379 43 991 45 1019 44 1013 49 935 46 995 47 998 48 962 42 1003 41 1017 50 916 40 1008 39 953 51 918 52 895 53 825 38 918 54 769 55 751 56 755 57 698 58 638 59 645 60 472 61 583 1 580 2 384 33 765 32 747 3 360 4 330 5 318 6 317 7 300 8 347 9 307 10 305 11 298 12 285 18 288 19 314 21 331 17 285 13 287 15 260 14 291 16 291
527 -1.7302541957299797 -0.39446112996389249 9.7248730828832404 150 128 85 1.0103632248376124 43 794 49 975 45 1034 44 836 46 1022 47 1024 48 1002 42 836 41 528 50 958 40 23 54 844 55 848 57 634 58 586 59 396 60 5
528 -5.6342039293923731 0.28096775065296803 11.304072803215121 65 111 56 0.32512753117626653 43 1018 45 1036 44 1029 46 1023 47 1030 48 1008 49 985 42 1019 41 1137 40 1113 39 1064 38 930 37 921 36 915
529 -4.4988450066388888 0.45824373210572733 11.235064995936312 194 192 129 0.22009003159733734 49 987 45 1037 48 1011 50 965 51 982 46 1025 52 954 53 898 54 857 56 868 57 817 58 601 57 652 59 629 60 626 61 585 1 582
530 -1.168434962277846 0.044703694984447678 12.042525694137193 205 201 136 0.12459607925100089 43 1024 45 1043 44 1034 42 1031 40 1040 39 979 41 1050 38 946 37 935 36 939
531 -5.6915293078617415 1.3108792907183782 12.870579628737067 180 186 121 0.39160119483990052 43 1021 45 1044 44 1038 46 1031 49 991 47 1036 48 1018 42 1026 41 1044 50 971 40 815 39 770 51 990 52 959 38 750 55 867 37 731 56 874 36 743 35 694 58 780 34 428 60 636 2 596 33 404 32 404 31 16 3 596 4 390 5 388
532 -0.682755625904233 1.2084501573653088 16.175859751796107 141 173 103 0.25165914978586218 49 988 45 1048 44 1045 42 1044 39 990 38 954
533 -3.8159643628590194 2.6116023686100909 19.508062757848055 141 173 101 0.18481952185006015 43 1036 45 1049 44 1046 46 1040 48 1022 42 1041
534 -1.0901775392257695 1.777029167263513 17.905689532239162 82 163 83 0.36878771188256426 43 1037 49 804 45 1051 44 1044 46 873 47 866 48 812 42 1045 51 816 52 786
535 1.7520105047190062 0.77953417149730753 20.581064447319203 248 247 233 0.85422595352888142 43 1038 49 793 45 1052 47 1043 40 1128 39 1088 51 810 53 894 51 983 54 849 55 427 52 478 56 850 59 776
537 2.088601694238434 3.4154861559672134 24.711214628694584 230 234 213 0.28926968890618709 49 996 45 1056 46 1046 47 1052 48 1025 50 975 51 992 52 957 53 980 54 939
539 2.3415793719730078 4.4835620829799154 23.612624848533454 104 165 85 0.42298573076884771 43 866 45 1059 44 902 46 1142 47 1147
540 -11.032313875429525 10.597997863587528 16.524801730727589 177 147 110 0.0094819359884072488 49 1116 45 1064
541 -13.449013560144602 11.682811464978165 22.432382754247122 255 255 251 1.1532912938295206 43 1143 45 1065 44 1056 41 1158 38 1070 33 950 28 691 27 682 26 631 25 588 24 581
542 -33.064039099391088 35.997504665359941 86.097134617449868 185 191 122 0.20039493387915661 43 1053 45 1072 44 1064 46 1059 48 1049 39 1000 38 956 33 832 32 812
543 -32.947221042533741 35.884628787200356 85.839859333014118 185 191 122 0.2069095855876657 43 1054 45 1073 46 1060 47 1074 48 1050 39 999 38 957 44 1063 33 831 34 900
544 -16.328761029514624 34.116253846422858 69.441313542542545 182 188 121 0.16587317093271625 43 1060 45 1080 44 1067 46 1069 47 1077 49 1024 48 1056 42 1073 41 1082 50 1005 40 1076 51 1030 52 997 53 944 54 903 55 899 56 910 57 846 35 908 36 968 58 799 34 918 59 836 60 792 61 762 1 757 2 736 33 842 32 822 31 785 3 710 4 682 30 757 5 651 6 647 29 722 7 636 8 653 27 644 9 624 26 658 24 599 23 625 10 615 11 604 12 572 13 581 15 558 14 583 16 594 17 583 18 565
546 -37.719994313875546 44.120333448145182 57.403744484395354 179 148 111 0.49917728412694368 43 1064 45 1083 44 1074 46 1170 49 1129 47 1173 48 1143 42 1071 41 1075 50 1157 40 1055 39 998 51 1177 38 955 37 757 36 764 35 706 34 703 33 630 32 612 31 574 30 548 29 12 27 293 25 303 22 15
547 -34.397187680030548 51.426177662638239 74.625971635005783 187 192 125 0.12403654143180341 43 1066 45 1084 44 1078 46 1076 47 1092 49 1044 48 1065 42 1077 41 1080 50 1026 40 1073 39 1007 51 1047 52 1012 53 962 54 922 55 921 56 933 36 953 57 869 35 897 33 823 32 806
548 -24.883428762345201 45.327470775855211 68.115582176606637 196 196 128 0.15591459418055312 43 1073 49 1039 45 1086 44 1081 46 1078 47 1094 48 1067 42 1079 41 1088 50 1017 40 1074 39 1016 51 1037 52 1014 53 960 54 917 36 964 57 865 58 821 34 903 59 852 60 809 61 769 1 764 2 747 33 830 32 809 35 899 31 778 3 718 4 690 30 741 5 663 6 654 7 640 8 655 9 627 23 609 10 606 11 598 12 575 13 570 15 550 14 577 16 584
550 -20.94888619894105 54.741617715882199 67.993150394395073 201 199 133 0.082134936861135321 43 1083 49 1059 45 1096 44 1090 46 1089 48 1083 50 1039 40 935 41 957 42 941 39 889 39 1029 51 1053 52 1023 53 964 55 917 37 830 56 928 36 814 57 750 58 822 59 714 60 698 61 642 1 638 2 637 33 663 32 658 3 604 3 712 4 564 5 543 6 538 7 520 8 553 9 513 10 495 11 497 12 487 13 485 15 450 14 482 16 490 17 483
551 -10.405487054770191 50.914703998926512 66.987134923808526 71 116 60 0.20939980249638068 43 1086 45 1098 42 1105 41 1109 55 914 37 974 36 984 35 923 34 929
555 -39.640600855507074 85.482568914135697 87.95815945050019 195 196 130 0.186252557037723 43 1081 49 1072 45 1107 44 1098 46 1099 48 1093 42 1100 41 1100 40 1082 39 1026 38 980 47 1192 37 961 36 962
556 13.355683413787212 81.124106220480925 104.65240184655724 197 195 131 0.20131402964006806 49 1053 45 1113 44 1114 46 1105 47 1116 48 1085 42 1127 43 1109 41 1129 50 1035 40 1106 39 1059 51 1043 52 1004 53 951 38 1017
557 12.667075393469094 77.16537894907016 99.174012840079811 197 195 131 0.18570235242294467 49 1054 45 1114 44 1115 46 1106 47 1117 48 1086 50 1036 51 1044 52 1005 53 952 55 895 54 907
558 -38.541717669253167 114.12860197875389 110.30733250858532 170 180 116 0.43176720505589056 43 1099 45 1118 46 1108 47 1123 48 1161 42 1110 40 1092 39 898 51 1075 52 1040 53 970 38 859 57 876 59 857 60 813
559 -20.039940832913398 116.8628265290991 114.18782467861291 193 194 129 0.22981301503139345 49 1079 45 1124 44 1116 46 1114 48 1098 42 1121 41 1117 50 1053 39 1047 51 1072 52 1039 53 968 38 1005 54 929 55 923 37 873 37 988 56 931 36 995 57 871 35 926 58 823 59 849 60 801 61 765 1 760 2 625 1 627 61 630 3 593 4 537
561 -2.3172401540189194 -0.37240459768026157 9.340039359832776 128 95 63 0.26098093610653356 43 1120 45 1136 44 1128 46 1018 47 1134 42 1139 41 1138 40 813 39 767 38 749 37 447 36 437 35 455 34 432
562 -0.62512324870720115 -0.28798970957488251 12.002662546890145 89 120 66 0.57029492349996891 49 1092 45 1141 46 1129 47 1139 42 1150 41 1148 50 1063 40 1121 39 980 38 947 37 941 36 940 35 717 34 725 33 474 32 470 31 145 30 155
563 -3.3840889695925558 0.80590061432529636 12.211689708497806 145 169 103 0.95861242048922157 43 1127 49 1095 45 1143 42 1149 50 967 39 1070 53 899 54 854 55 857 56 680 52 782 36 1022 58 771 59 800 60 764 61 581 61 736 1 577 1 732
565 -11.035102535843759 2.7507536021613448 18.637339599314547 151 129 88 1.4009850308446876 49 1099 45 1145 44 1133 43 1129 46 1135 46 1136 47 1141 48 1117 42 1028 41 1047 50 1074 39 769 39 972 51 1097 52 1057 53 991 38 934 54 952 55 954 35 869 58 922 56 977 57 908 34 684 60 918 61 873 1 870 2 855 33 616 32 604 31 568 30 550 29 541 4 791
566 0.23025197700187294 0.72224423490122946 17.259354145381124 163 194 116 0.78951125485549567 43 1131 45 1147 44 1136 46 1037 47 1040 50 789 53 43
567 -7.5815108553940931 3.1743270740917002 19.322416238513821 156 180 108 0.32217990291210385 43 1130 45 1149 44 1135 46 1137 47 1143 42 1152 41 1151
568 1.4254094221452775 1.0844417032838214 21.41015984969485 157 133 93 0.26206930870104728 43 1134 45 1150 44 1142 46 1138 47 1140 48 1116 42 1156 41 1163 40 1127 39 1087 38 1038
569 0.63247399806671034 2.0510734182375949 28.59103785526003 105 164 83 0.62858180110937201 43 1137 45 1153 44 1144 46 1139 47 1047 42 1053 41 1162 40 1054 39 838 38 583 37 205
570 -17.270971488201059 11.169341322022886 63.307655759222683 127 110 65 0.71095446355062952 43 1140 45 1158 44 1149 42 1160 41 1161 40 1051 39 993 38 953 54 875 55 880 37 950 56 717 57 680 35 735 58 642 60 149 59 491 33 481
571 -9.1869319175192654 11.751314270516739 78.673030777631197 125 114 71 1.2603944362281809 43 1187 45 1160 46 1207 47 1212 49 1105 48 1122 42 1212 41 1212 50 980 40 1180 39 1131 38 1083
572 -12.902497201482303 10.983679233761332 18.767025820767358 255 255 253 0.50634423214180235 43 1142 49 1162 45 1164 44 1152 46 1153 47 1156 48 1185 42 1157 41 1154 50 1148 40 1049 39 1076 38 948 37 930 36 1023 35 963 34 965 33 797 32 883 31 744 30 815 29 769 28 690 27 601 26 708 25 463 24 645 23 668 21 575 20 461 20 587 18 598 17 659 16 652
574 4.1810516965342206 8.2083509883862966 22.536505023894779 139 159 99 0.52699324174549855 43 1149 49 1106 45 1169 44 1160 46 1152 47 1154 48 1126 42 1224 50 1078 51 1095 52 1053 53 908 55 863
575 -50.35252085829157 48.8905044235091 98.351501876426667 95 158 81 0.19085318316108549 49 1117 45 1170 47 1166 48 1134 42 1165 39 1083
577 -31.062480573532294 34.18150059118242 47.193448800159963 167 143 103 0.93934429532252894 43 1148 49 1172 45 1173 44 1162 46 1167 47 1172 48 1191 42 1065 50 1156 51 1176 54 1070 52 1117 55 1065 56 1093 57 1017 58 971 34 700 59 1004 60 969 61 931 1 927 33 629 32 613 31 575 3 825 30 549 26 304 24 296
578 6.1471524403059785 13.590151363753728 30.421075193640391 157 136 97 0.086729152458848463 43 1156 45 1177 44 1168 46 1165
579 -40.361774038806502 53.260681941659087 81.901313568970309 169 181 114 0.46061339089755327 43 1152 45 1178 46 1168 47 1174 39 1005
580 -54.798742487426388 71.613791951313289 88.982731086768041 113 90 49 0.84644532599944666 43 1151 49 1058 45 1179 44 1165 46 1087 47 1099 48 1080 42 1169 41 1175 50 1042 40 1134 39 1093 38 1035 37 1017 36 945 35 891 34 713 33 635 32 618 31 388 30 361 29 364 28 292 26 13 25 9 23 12 22 14 20 34 19 309 18 71 17 321
582 -32.816610103952549 63.988695441114309 75.722494920412316 118 154 88 0.3418936906404606 43 1158 45 1184 44 1174 46 1181 47 1184 48 1149 50 1113 53 1035 55 982 56 1004 58 890 60 889 61 833 1 830
583 21.532129937182898 59.742583758331627 105.06017227455774 112 89 43 0.90222593873245693 43 1164 49 1119 45 1190 44 1103 46 1180 47 1177 48 1139 41 1122 42 1118 50 1093 39 1060 51 1110 52 1063 53 1000 54 954 55 949 56 972 57 826 58 775 59 805 60 613 59 625 61 392 1 388 2 352 3 29 4 9 5 11 6 17 7 12 9 9 10 8 11 23 13 23 14 49 15 48
584 -26.57833780636318 62.370766543258213 72.474738971455494 148 167 104 0.26589186021993877 49 1133 45 1192 42 1178 50 1116 40 1139 52 1081 53 1038
587 -8.6420743700807741 78.45835138719417 86.206130674159809 163 171 111 0.43764674994488262 49 1134 45 1201 46 1191 47 1195 48 1153 42 1192 40 1157 53 1030
588 8.1948533869760887 107.15918454110698 121.1040628320257 165 178 114 0.37526051952090078 43 1170 45 1202 44 1118 47 1119 48 1091 42 1195 41 1199 50 922 40 1162 38 1016 37 997 36 1007 33 874 31 810 30 773
589 -3.7593262828360787 0.0084161582050351347 10.343795401816823 57 109 53 0.4756459955317775 43 1177 45 1207 42 1201 50 1129 40 1171 51 1147 52 1088 53 978 51 1087 54 937 55 939 56 952 57 891 58 769 60 762 2 572 3 550
590 -1.5126693295617488 -0.28754398727103248 10.908761899374385 53 102 49 0.34369771748756728 49 1144 45 1208 46 1128 47 1201 48 1166 42 1147 40 1119 39 1071 38 1026 55 986 37 1007 36 1026 35 970 34 891 32 801 30 590
591 -0.27250543793312182 -0.37462499517697845 12.558046047302705 59 105 51 0.48051555549049652 43 1179 49 1093 45 1209 44 1189 48 1115 42 1151 41 1149 50 1064 51 977 52 1044 53 973 55 849
592 -11.917527370499116 6.2710337019546829 19.965174271209779 136 162 95 1.4379919032608666 43 1180 45 1210 44 1191 46 1141 47 1148 48 1035 49 1006 50 989 51 1008 52 829 53 571 54 739
593 -12.798845212672969 7.9493442140285469 49.340923594483016 213 221 194 0.2302746264806986 43 1181 45 1211 46 1200 47 1206 42 1159 41 1160 39 1081 38 1030 37 1016 36 947
594 -9.9719998081043677 7.5427970883532511 49.233650151111661 214 221 197 0.43617125331772905 43 1184 45 1212 44 1194 46 1201 47 1207 42 1209 41 1211 40 1178 51 1152 54 947 55 943 56 966 57 828 59 478
595 -12.79242684786823 10.609806664311533 19.948323820460345 132 153 94 1.4177619300552511 43 1182 45 1223 47 1255
598 4.1489990196030408 9.5220742257515223 25.173441971179148 253 253 247 0.55608957945109094 43 1150 45 1229 44 1209 46 1255 47 1219 49 1196 48 1218 42 1171 41 1099 50 1171
599 4.8906848055122749 8.6229791879638658 23.006143838309576 255 255 255 0.38543755276092284 49 1154 45 1230 44 1210 43 1196 46 1219 47 1218 48 1179 42 1263 43 1243 50 1079 51 1096 52 1054 53 983 54 944 55 940 56 955 57 809 58 760 59 881 60 849 61 801 1 796 2 780 3 751 4 635 5 611 6 605 7 592 8 690 9 595 10 643 11 645 12 608 13 560 15 602 14 627 16 624
601 -18.970227872761772 51.537222483046499 66.793750524728367 63 120 60 0.16539896755796327 43 1204 45 1237 44 1215 46 1224 47 1226 48 1194 42 1228 41 1228 40 1194 39 1142 38 1091 37 1090
603 23.861369617447995 80.568380819965171 127.58322662351364 200 197 130 0.62550415176847984 43 1214 45 1239 46 1226 47 1229 42 1237 41 1243 50 1099 40 1242 51 1113 52 1065 53 1001 38 1149 54 958 55 953 37 1156 56 973 57 900 35 1054 35 1108 37 1107 58 856 59 810 60 769 61 734 1 730 2 710 33 1021 31 963 30 951 5 618 29 895 27 780 25 746
604 -21.785538637924276 103.57440646490747 101.94735433164884 183 187 123 0.17290507087620544 43 1216 49 1212 45 1246 44 1221 42 1235 41 1240 50 1202 40 1202 39 1151 51 1215 38 1100 56 1091
606 9.0683996803498808 148.73228681866422 160.00752175570173 70 136 68 0.64611950020359343 43 1223 49 1136 45 1251 44 1224 46 1231 47 1197 48 1156 42 1244 41 1244 50 1118 40 1205 39 1158 51 1057 52 1024 38 1106 37 1059 36 1063 35 1009 34 951 33 873 32 732
607 -1.7383063829327134 2.7785331923687671 21.214683642882733 139 173 100 0.79089215991074358 43 1230 45 1256 44 1229 46 1238 47 1245 48 1209 42 1251 40 1179 39 1125 38 1080 37 1075
610 1.3948261378120521 31.297368373915408 73.596229260607785 87 133 70 0.41357069222779258 43 1299 45 1267 44 1244 42 1326 41 1324 40 1295 39 1261
611 -35.296664234174081 51.774564281865501 73.278748598815454 145 171 103 0.40813883582049854 43 1241 45 1268 44 1245 46 1320 47 1332 48 1297 49 1279 42 1260 50 1267 51 1288 52 1240 53 1191 54 1149 55 1137 56 1164 57 1089 58 1041 59 1066 60 966 61 925 1 921
613 -19.100059128722773 51.195721562093055 66.806412976034892 63 120 60 0.30109406727970023 49 1204 45 1272 44 1250 46 1258 47 1261 48 1226 50 1192 51 1209 52 1155 53 1105 54 1068 55 1061 57 1010 59 998 3 807 2 851 4 783 5 764 6 757 7 749 8 753 9 711 10 707 11 705
618 -1.0530689617159397 0.76703924839263782 13.823662682096472 141 170 102 0.90462254596843628 43 1261 49 1223 45 1287 44 1271 46 1278 47 1280 48 1238 42 1294 41 1290 50 1213 40 1258 39 1217 51 1225 52 1170 53 1120 38 1167 54 1082 55 1073 37 1173 56 1054 36 1167 57 974 35 1075 58 908 34 1083 33 1002
619 -5.2161498415878631 1.7179003503930033 14.402653318972138 76 151 76 0.47605137028775563 43 1260 45 1288 44 1266 46 1279 47 1283 48 1241 42 1288 41 1287 40 1252 39 1210 38 1109 37 1118 36 1110 35 1063 34 1028 33 951 32 935 31 854
620 -5.3813668813981774 1.7289998284933761 14.773003267458931 76 151 76 1.1955071592744522 49 1227 45 1289 44 1267 46 1280 47 1282 48 1240 50 1217 51 1228 52 1175 53 1125 54 1086 55 1034 56 1063
621 -4.8136768866571487 2.0799955356571611 15.427716873182488 141 173 102 1.0240324633419058 43 1228 49 1228 45 1290 44 1268 46 1282 47 1288 48 1244 42 1248 41 1252 50 1218 40 1173 39 1123 51 1230 52 1176 53 1126 38 1069 54 1087 55 1078 37 1069 56 1104 36 1075 57 1031 35 972 58 945 34 974 33 909 30 566
622 -1.7415377847202711 1.2631477910429929 15.184397560839868 77 153 76 0.27981758787914962 43 1267 49 1226 45 1291 44 1269 46 1281 47 1285 48 1242 42 1293 50 1215 51 1226 52 1171 53 1122 54 1041 55 1029 56 1056
623 -1.7504238172547784 1.3002340207568177 15.54447909888937 77 153 76 1.512631276554145 43 1266 45 1292 44 1270 42 1292 41 1291 40 1261 38 1169 37 1171 36 1169 35 1078 34 1092 33 962
624 -6.4205824540424405 2.8321366287954528 18.513181621719845 82 163 82 0.55818868802501032 43 1264 45 1293 44 1273 46 1283 49 1230 47 1286 48 1246 42 1290 41 1289 50 1220 40 1257 39 1166 38 1111 37 1123
625 -6.462278770842576 2.842277365417349 18.607185426468934 82 163 82 0.51910651488125537 43 1263 45 1294 44 1272 46 1284 47 1287 48 1247 42 1289 41 1288 40 1256 39 1165 38 1112 37 1124
626 -2.5863157520276623 1.8175225561312116 16.277567658600027 131 169 97 0.30626898947906239 43 1265 45 1295 44 1274 46 1285 47 1284 49 1225 48 1243 42 1291 41 1293 40 1260 39 1216 51 1190 52 1128 38 1168 37 1170 36 1166 35 1074 34 1082 33 1001 32 989
627 -2.3512525575765797 2.3032558610220866 19.335604395278168 80 162 81 0.27274577563482272 43 1269 45 1296 44 1276 46 1287 47 1290 42 1296 41 1295 40 1263 39 1219 38 1115
628 -2.3444416026049222 2.3098269771365545 19.303649128098421 80 162 81 0.20532056048959815 43 1270 49 1229 45 1297 44 1277 46 1286 47 1289 48 1245 42 1297 50 1219 51 1229 52 1173
629 -9.1131520408669502 4.7689934967812082 25.959978444729085 87 176 86 1.1211031220507428 43 1268 45 1298 44 1275 46 1288 42 1295 41 1292 40 1259 39 1215 38 1166 37 1167 36 1119 35 1065
630 -3.2249311493390298 4.1833758748745646 28.151390447521358 87 178 87 0.96512639483452944 43 1272 45 1299 44 1278 46 1289 47 1291 41 1255 50 1221 39 1129 51 1231 38 1079 37 1021 36 958 35 904
633 -10.889510960560804 29.201141118371954 98.507174219656875 65 129 63 0.55579100642799817 43 1280 49 1304 45 1307 44 1287 46 1363 47 1373 48 1323 42 1308 41 1303 40 1276 39 1238 38 1184 37 1186 36 1187 35 1144 34 1145 33 1056 32 1045 31 1012 3 887 2 927 1 946 60 982 61 950 59 1016 58 985 57 1036 56 1110 55 1084 4 850 30 992 5 834 6 827 29 939 7 828 28 850 27 814 26 845 25 797
634 -1.2291152435284038 26.314182881379704 91.565663669188538 152 171 104 0.69998140366470119 43 1285 45 1308 44 1288 46 1294 47 1297 42 1313 41 1311 40 1285 39 1249 38 1136
635 -32.957443564474453 40.599724188936712 77.980276383218396 104 154 84 0.46426776252367474 43 1281 45 1310 44 1289 46 1307 47 1315 49 1260 48 1268 50 1250 51 1261 52 1213 53 1171 13 752 15 729 14 762
638 -6.6491771843013483 31.965158663062155 77.976929180910176 62 122 60 0.40902779112310628 43 1289 45 1316 44 1292 46 1303 47 1311 49 1244 48 1265 42 1320 41 1315 50 1232 40 1282 39 1246 51 1243 52 1190 53 1137 54 1104
639 0.52302500103182858 30.241904972248726 85.92476999535215 117 150 86 1.1398517913317463 43 1291 45 1317 44 1294 46 1304 47 1302 49 1197 48 1255 42 1321 41 1317 40 1284 39 1291 38 1233 37 1232 36 1233 35 1176
641 -17.767356008363841 35.168113993948928 69.673446069332329 147 172 104 0.43468514529711222 43 1283 45 1321 44 1298 46 1309 49 1251 47 1317 48 1270 42 1310 41 1307 50 1241 51 1254 52 1204 53 1156 54 1117 55 1107 56 1135 57 1063 58 1011 59 1043 60 999 61 974 1 970 2 947 35 1125 34 1127 36 1178 33 1039 32 1027 31 955 3 908 4 869 30 935 5 844 6 831 29 877 7 832 28 789 8 835 27 767 9 796 26 792 37 1181 25 735 24 769 23 787 10 786 11 777 12 734 22 794 21 761 20 685 19 686 18 676 17 694 13 741 15 719 14 752 16 731
642 -13.543118276228395 35.066720318263506 71.608018923517861 91 140 75 0.30862709538889577 43 1288 49 1252 45 1322 44 1299 46 1310 47 1318 48 1271 42 1318 41 1313 50 1242 40 1279 51 1255 52 1206 53 1145 54 1110 55 1100 56 1128 57 1050 58 1000 59 1033 60 998
645 -11.793674117209004 38.118185197238766 66.138579633372487 88 132 71 0.30162585627998856 43 1297 49 1263 45 1328 44 1305 46 1315 47 1324 48 1279 42 1325 41 1322 50 1255 40 1280 39 1244 51 1266 52 1208 53 1158 54 1119 55 1109 56 1137 57 1052 58 1002
646 3.457426023111859 45.724310426130415 81.004937358150542 85 124 67 0.35004401791900963 49 1267 45 1333 44 1314 46 1330 47 1327 48 1283 50 1248 51 1259 52 1199 53 1150
647 3.4023374863414038 44.937173655748346 79.724504123232876 85 124 67 0.39062411774408512 43 1318 49 1266 45 1334 44 1313 46 1329 47 1328 48 1282 42 1340 41 1340 50 1247 51 1258 52 1198 53 1149 54 1105 55 1094 56 1072 57 992 58 953 59 983 60 947 61 900 1 897 2 883 3 844 4 814 5 787 6 775 7 808 8 812 9 767 24 777 23 792 10 760 11 748 12 710 22 799 21 755 20 721 19 730 18 709 17 732 13 720 15 694 14 728 16 707
648 7.9512906929845419 45.801100525775247 83.632352012195 163 172 110 0.52295839704420233 49 1257 45 1335 44 1322 43 1319 46 1331 47 1329 48 1284 42 1271 50 1184 51 1198 52 1137
649 -29.206316013395533 56.220911047746817 71.736409676364914 95 142 77 0.30680154182209024 43 1303 49 1291 45 1336 44 1307 46 1334 47 1340 48 1305 42 1322 41 1319 50 1279 40 1229 39 1180 51 1291 52 1242 53 1193 38 1128 54 1151 55 1139 56 1166 57 1086 58 1035 59 1068 60 1025 61 995 1 991 2 968 3 924 4 883 5 856 6 838 7 840 8 839 9 791
650 -15.629328687807527 52.406572973313132 68.57501163054809 146 165 102 0.42204281597368482 43 1313 49 1285 45 1337 44 1318 46 1335 47 1343 48 1301 42 1328 41 1329 50 1273 40 1301 39 1252 51 1284 52 1237 53 1185 38 1195 54 1139 55 1128 37 1194 56 1157 57 1071 58 1023 59 1046 60 1012 61 975 1 971 2 948 3 903 4 865 5 830 6 822 7 817 8 822 9 781 10 763 11 753 12 717 18 668 19 679 20 676 21 715 17 718 13 690 15 690 14 725 16 702
652 4.5613202567067859 50.084510437980121 77.142419507671775 90 121 68 0.39246801930379327 43 1326 49 1277 45 1341 44 1326 46 1337 47 1345 48 1295 42 1344 41 1342 51 1269 52 1142 53 1098 54 1059 55 1047 56 1076 57 993 58 957 59 984 60 949 61 901 1 898 2 884 3 845 4 807 5 788 6 776 7 769 8 781 9 736 10 726 11 728 13 688
655 -30.896285683945685 66.945156707405161 76.758420477629869 129 156 93 0.43589517483294854 43 1310 45 1346 44 1317 46 1371 47 1347 48 1309 50 1302 51 1315 52 1266 53 1219 54 1173 55 1161 57 1091 58 1044 59 1069 60 1027 61 996 1 992 2 969 3 925 4 884 5 848 35 1121 6 840 7 836 8 832 9 792
656 -70.937843552783661 141.73067040471156 136.50608316788072 70 136 69 0.43044089410386105 43 1321 45 1348 44 1328 46 1349 47 1358 49 1301 48 1318 42 1268 41 1270 50 1289 40 1232 39 1141 51 1219 52 1248 53 1199 38 1090 54 1075 54 1159 55 1068 37 1087 56 1097
657 -48.200800192392919 99.990079786523609 101.85626521298268 142 167 102 0.43844874842797166 43 1249 45 1349 44 1253 46 1343 49 1299 47 1357 48 1315 42 1267 41 1271 50 1290 40 1233 39 1185 51 1298 52 1247 53 1200 38 1135 54 1157 55 1147 37 1142 56 1173 36 1129 57 1094 35 1085 58 1049 59 1073 60 1034
659 -35.588175567054101 86.536160017841809 89.601310926972758 94 143 78 0.41849201329736968 43 1323 49 1315 45 1351 44 1325 46 1376 47 1359 48 1332 42 1333 41 1334 50 1308 40 1297 38 1186 37 1190 36 1134 35 1088 60 1029 59 1071 61 998 1 994 2 971 31 942 32 984 30 916 7 788
660 18.747508911217608 74.851812039573474 109.10429037116918 62 115 58 0.62119442171901651 43 1332 45 1354 44 1331 46 1342 49 1278 47 1349 48 1304 42 1349 41 1348 50 1265 40 1318 39 1277 51 1205 52 1143 53 1094 38 1220 54 1061 55 1048 37 1220 56 1073 36 1218 35 1165 34 1164 33 1087
661 17.00620399055558 90.725343383461393 117.15751379087163 161 169 109 0.87729724168280365 43 1331 45 1356 44 1334 46 1348 49 1207 47 1355 48 1306 42 1352 41 1350 50 1193 40 1321 39 1278 51 1207 52 1148 53 1101 38 1218 54 1064 55 1051 37 1218 56 1078 36 1216 57 994 35 1162 58 918 34 1163 59 943 60 905 61 856 1 853 33 1071 32 1062
662 27.638798238178179 117.86922249232674 147.87323674316343 63 120 60 0.54496351923532416 43 1336 45 1357 44 1337 46 1350 49 1298 47 1356 48 1314 42 1353 41 1351 50 1194 40 1243 39 1199 51 1208 52 1150 53 1071 38 1152 54 1021 55 1008 37 1157 36 1155
663 -35.87220503795016 146.41174033843407 139.65319914375706 70 138 69 1.1287602355097126 43 1251 45 1358 44 1332 46 1351 47 1362 48 1319 42 1274 40 1201 41 1239 39 1114 52 1160 38 1055 54 1074 55 1067 37 982 56 1044 57 968 58 931
665 -0.35304258207440664 151.04868488504854 158.15554008672811 72 139 70 1.580395987077881 49 1209 45 1360 46 1352 48 1317 42 1351 41 1278 50 1198 40 1241 39 1195 51 1213 52 1120 51 1179 53 1034 38 1146 54 980 55 916 37 1153 56 793 36 1099 57 551 35 1051 58 225 34 1059 59 217
666 -4.27805497638332 0.80368522242314688 11.874544648496608 69 135 68 0.42990120897969802 43 1337 45 1362 44 1342 42 1281 41 1281 40 1246 39 1205 38 1161 37 1162 36 1163 35 1110 34 1069 33 984 32 972 31 934 30 872 29 812 28 697
667 -37.899401595578112 45.610075511692365 69.41914908573284 70 138 67 0.75502053550017822 43 1345 45 1371 44 1352 46 1365 49 1269 47 1375 48 1287 42 1362 41 1363 50 1266 40 1333 39 1286 51 1279 52 1232 53 1190 38 1229 54 1148 55 1136 37 1226 56 1089 36 1226 57 1014 35 1172 58 969 34 1174 33 1078 32 1069 31 1028 30 1008
668 11.409664695339577 41.449844235971213 86.901590829508905 57 112 53 1.5122291558890928 43 1309 45 1373 44 1353 46 1366 49 1306 47 1374 48 1324 42 1341 50 1296 40 1311 39 1271 51 1304 52 1256 53 1209 38 1215 54 1167 55 1156 37 1216 56 1179 36 1148 57 1104 35 1106 58 1058 34 1110 59 1086 60 979 7 862 8 868 9 817 10 808 11 792 12 752 13 767 15 705 17 740 14 780 16 719
670 -10.24422724116965 48.890813925571223 65.358298600071393 83 122 66 0.37488133923752065 49 1308 45 1375 44 1355 46 1370 47 1379 48 1326 42 1337 41 1337 50 1298 40 1303 39 1259 51 1306 52 1224 53 1176 38 1205 54 1137 55 1119 37 1202 56 1146 36 1202 57 1066 35 1139 58 1013 59 1036 60 1002 61 967 1 963 2 941 3 892 4 856 5 824 6 815 7 815 8 815 32 1035 9 774 10 762 11 750 12 712 20 704 19 717 18 694 17 716 13 717 15 688 14 724 16 700
671 -19.015368922023214 59.627958185298475 70.699357139000625 63 119 59 0.28911530434935789 49 1313 45 1377 44 1357 46 1373 47 1380 48 1328 42 1334 43 1311 41 1327 50 1300 40 1299 39 1250 51 1309 52 1261 53 1217 38 1194 54 1143 55 1133 37 1193 56 1162 57 1081 58 1029 59 1054 60 1018 61 985 1 981 2 949 3 913 4 866 5 840 6 823 7 824 8 823 9 782 10 764 11 754 12 713 13 718 15 685 14 727 16 698
672 -2.7056482100336225 57.360317075683433 74.6709696150821 57 104 52 0.47659078932808879 43 1346 49 1287 45 1378 44 1358 46 1374 47 1382 48 1330 42 1363 41 1369 50 1274 40 1345 39 1268 51 1275 52 1227 53 1167 38 1209 54 1129 55 1111 37 1211 56 1140 36 1209 57 1055 35 1149 58 1005 34 1153 59 1029 60 991 33 1058 32 1050 31 1003 30 977 29 925 28 831 27 799 26 820 25 773 24 758 23 772 22 779 21 741 20 701 19 713 18 690 17 713 15 683 16 696
674 -31.675676431815287 120.91357286989725 122.85092997434327 69 132 67 1.809882840598793 49 1318 45 1380 46 1379 47 1387 48 1335 41 1368 50 1311 40 1342 51 1318 52 1267 53 1220 54 1174 55 1162 56 1182 57 1107 58 1038 59 1062 60 1020 61 988 1 984 2 963 3 860 4 828 5 807 6 792 7 781 8 789 9 741 10 733 11 701 13 656
675 -27.66449452837308 104.47074553093479 106.00177648794892 69 132 67 1.130307810085714 49 1317 45 1381 46 1378 47 1386 48 1334 50 1310 51 1319 58 1039 59 1063 60 1019 61 987 1 983 2 962 3 861 4 829 5 808 6 793
676 -1.5728390924303637 113.60017908710128 126.50571838651015 60 111 56 1.9594242209255079 43 1352 45 1383 44 1365 46 1381 47 1389 42 1370 41 1373 40 1349 39 1296 51 1311 52 1263 53 1189 38 1236 37 1237 36 1236 35 1155 34 1156 33 1063 32 1048 31 1001 30 939 29 880 28 792 27 764 26 789 17 654 18 642 19 652 23 743 24 726 20 632 21 680
677 -0.89343937536196483 98.690734011807905 110.40684033014614 60 111 56 1.6096845865360876 43 1353 45 1384 44 1366 46 1382 42 1371 41 1374 40 1350 39 1297 53 1188 51 1312 52 1264 54 1140 55 1121 56 1150 36 1237 57 1005 35 1156 58 964 34 1157 59 994 60 960 61 912 1 908 2 892 33 1062 32 1047 31 1000 3 852 4 816 30 940 5 758 4 777 6 745 29 881 7 739 28 791 27 765 26 790
678 9.4113495066697173 85.496292181675571 107.17363960916887 80 120 66 0.67144914860153915 49 1296 45 1385 44 1367 47 1384 42 1372 41 1375 50 1276 40 1351 39 1300 51 1286 52 1229 53 1169 54 1123 55 1113 37 1239 56 1131 36 1213 57 998 58 958 59 989 60 950 61 906 1 902 2 885 3 835 4 808 5 789 6 771 7 768
679 8.8000503900983311 79.652068378795065 99.43453594524442 80 120 66 0.56801159959789771 49 1297 45 1386 44 1368 47 1385 42 1373 41 1376 50 1277 40 1352 39 1299 51 1287 52 1230 53 1170 54 1124 55 1114 37 1238 56 1132 36 1214 57 999 58 959 34 1160 33 1068 32 1060 31 1019
680 -2.783417785911626 -0.012585127532462215 11.305021772265535 92 134 73 0.66185808901455367 43 1358 45 1392 46 1390 48 1344 49 1325 42 1378 41 1380 50 1317 40 1357 39 1303 51 1325 52 1273 53 1227 38 1241
681 -26.161551900506325 26.735350726188834 40.5800197492119 255 255 245 1.7788840100273255 43 1363 45 1395 44 1374 46 1391 49 1329 47 1401 48 1349 42 1383 41 1386 50 1324 40 1363 51 1333 52 1280 53 1239 37 1224 38 1228 39 1283 36 1222 35 1170 34 1169 33 1074 32 1064 31 969 30 955 29 902
682 10.024167342365914 22.520367027233789 50.694974098962831 250 250 236 1.5717405918670513 43 1364 45 1396 44 1375 46 1392 49 1328 47 1399 48 1348 42 1384 41 1388 50 1322 40 1367 39 1314 51 1330 52 1278 53 1232 54 1166 53 1207 55 1154 56 1178 57 1101 58 1055 59 1083 60 1039 61 939 1 935
683 -11.961513913999303 3.4308865827799995 17.871785560963481 1 1 1 1.6634126446555342 43 1366 44 1377 42 1390 41 1391 40 1369 39 1309 38 1249 37 1250 36 1246 35 1187 34 1189 33 1096 32 1083 31 1037 30 1032 29 963 28 876 27 840 26 870 25 810
684 2.6973095233003077 1.5467324949807764 21.331818251976514 1 1 1 1.5878861357918437 49 1332 50 1326 51 1336 52 1283 53 1236 54 1185 55 1175 56 1197 57 1119 58 1070 59 1100 60 1057 61 1021 1 1018 2 989 3 942 4 924 5 880 6 863 7 863 8 867
687 1.7579852908059721 4.9160907348875202 36.937605369793268 224 224 203 1.2796668842865104 43 1372 45 1405 44 1381 46 1401 47 1409 42 1393 41 1399 40 1377
697 -5.2767640689761652 8.0937670858140631 24.743354825148629 132 175 99 1.5045577436635496 45 1406 44 1383 46 1402 47 1410 42 1394 41 1402
698 -2.308491788940064 -0.45028932658797882 9.0964546247257001 174 145 108 0.85211989024160328 43 468 44 8 42 498 41 518 40 489 39 462 38 445 36 742 35 695 34 688 32 608 31 576 30 560
699 -2.2949223409736201 -0.39239659993869247 9.6114588978894542 135 111 68 0.12415992735687818 43 14 44 16 41 10
700 -1.4601871578006322 -0.59446233728361197 9.796905652833539 247 242 228 0.42449658415281849 45 11 44 17 46 6 47 4 48 4 41 527 50 2 39 476 52 4 38 455 54 3 37 35 36 55 35 39 34 64 33 423 32 47 31 413 30 401 29 418 28 85 27 364 26 379
701 -6.2763471686031007 1.2471320725871164 13.064286720828617 77 150 76 0.10194128775024075 45 61 44 39 42 27
703 -2.4622997203785948 0.56353507282142767 11.858920890954508 76 136 70 0.081691546445175345 43 52 44 50 39 57
704 -2.3337824760157955 0.45487823779300507 11.860830306368022 71 133 68 0.19670927985599318 43 40 44 51 47 38 48 37 47 39 42 56 41 46 40 55 39 59 38 62 54 34 37 47 36 61 34 69 33 52 32 61 30 82 29 108
707 -7.7217399635649198 1.8706090202186103 15.021420102736306 165 191 116 0.12417956037093883 43 47 44 62 42 48 50 76 40 44
709 -5.1505235112908654 1.5062742944348262 13.49475635485744 185 188 123 0.14250495070876751 43 50 44 67 46 57 49 59 47 69 48 64 50 71 51 64 52 62 53 85 54 83 55 87 56 67 57 79 58 86 59 109 61 104 1 102
710 0.23287253920043421 0.16933075768983852 14.090770713981609 88 170 87 0.37839496839474501 45 77 44 70 46 69
711 0.82989712013585859 -0.29370987262559112 13.845573205567035 250 249 235 0.15505978252964864 45 59 51 10
713 -0.47780570639185049 0.47688336928782127 13.869606716304988 75 146 74 0.18039559527597063 43 70 45 76 44 83 40 102 37 107
715 -0.33765152923475145 0.53431831791147899 14.240021804596445 78 152 77 0.21769606251991133 43 72 45 78 44 85 42 98 41 89 40 118 39 99 35 146
716 -12.425303418276421 4.3149064368577985 21.488292305055637 231 229 211 0.18702877953428954 43 78 44 91 42 62 41 53 40 62 39 51 38 55 37 40 36 32 34 29 33 16 32 17 31 13 30 16 29 19 28 19 27 25 26 46 25 68
717 -9.5237948068253218 3.7333162322664881 21.014244535163744 85 170 85 0.15863083895627991 49 102 44 93 42 77
719 -5.5841336779532131 2.3804907236308028 16.716934494201539 175 182 116 0.11032995483461368 43 83 44 98 46 90 41 76 40 84 39 73 38 73 37 64 35 63
720 -3.591276437026456 1.9535389309603812 16.404055401727586 80 160 80 0.13416028123299412 43 86 44 102 42 86 39 87 38 90
721 -2.2650907903834572 1.6864221447100971 16.494023316459671 179 185 119 0.15530700321404378 45 101 44 105 46 79 47 75 48 69
723 -9.2327637046796038 4.3569107851054314 23.306005733500985 87 171 85 0.067033352856129241 43 103 44 115 46 116
724 -12.227877873205161 7.147245310794502 18.547289442829552 82 158 80 0.29733519636176137 45 131 44 121 46 600 47 151 48 139 49 156 42 104 50 192 39 67 51 617 52 614 53 206 38 53 54 230 55 258 56 576 57 554 58 522 59 546 60 536 61 507 1 506 2 494 3 472 4 460 5 458 6 467 7 437 8 489 27 8 9 452 26 16 24 27 10 427 11 453 12 420 22 55 21 62 20 100 19 132 18 134 13 220 15 172 14 229 16 205
725 -11.534731038476901 6.9297181093812492 19.117046516011964 67 128 64 0.28783745498013419 43 102 44 123 46 154 42 108 36 450 40 537 32 13 35 26 31 378 29 352 28 295 27 297 26 319 25 313 24 307 23 345 22 56 21 97 20 98 19 129 18 168 17 160 15 169 16 202
726 -2.0807921717616074 3.2219579227400725 24.296458670338598 172 183 112 0.16003499546087072 43 118 45 124 44 138 46 126 51 70
727 -1.6674666185485725 3.3559063939693536 25.729709956575942 164 179 109 0.077174470909381218 45 145 44 139 42 174
728 -1.0475425902113067 3.0989677278262286 24.818795092682972 145 176 103 0.057666034979698966 43 123 44 140 42 175
729 -12.380120469293676 11.007551908359408 18.49061449463974 252 247 234 0.09519216582870145 49 245 44 165 50 252 51 299
730 -11.878895351724116 10.019638295333825 18.157635673773328 69 130 66 0.23621754264835476 43 132 45 213 44 166 46 210 49 217 47 214 48 201 42 149 41 117 50 249 40 122 39 83 51 261 52 291 53 277 38 79 54 291 55 298 37 55 56 293 57 274 35 22 58 286 34 19 59 318 60 320 31 4
732 3.6296770441086372 4.7336475368407944 22.79026715931963 78 149 76 0.23333396643406418 43 213 44 183 42 657 41 685 40 687 39 642 38 651 37 621 36 659 35 633 34 626 33 561 32 564 31 534 30 520 29 503 28 600 27 584 26 607 25 570 24 566 23 457 22 452 21 425 20 415 19 423 18 401
733 -12.263698581390386 12.089069720329583 19.926677360719772 135 121 75 0.15040122729339947 43 164 44 187 42 181
735 3.7327956630750534 5.6611472703011501 22.173823926951709 67 127 64 0.14999514328629882 43 215 44 215 46 171 42 261 41 294 40 272 39 291 38 292 37 306 36 294 35 338 34 325 33 300 32 332 31 319 30 287 29 287 28 239 27 252 26 246 25 243 23 248 22 257 21 228 20 210 19 201 15 107 13 75 14 102
736 -11.844092711929784 12.830292278858344 18.859928955743076 255 255 247 0.14466223344900678 43 604 45 246 44 218 41 625 39 551 38 515 37 493 36 487 35 470 34 445 32 395
737 -25.531689322791017 27.256535457430562 38.547360215205018 186 157 121 0.11641975920295274 45 702 49 302 44 241 46 317 47 318 48 305 50 693 51 353 52 374 53 351 54 629 56 380 57 335 58 332 59 361 60 371 61 526 1 525 2 294
738 -31.886598842535935 36.373596185245731 54.899269064371147 71 137 66 1.1628541410720346 43 655 49 307 44 243
739 4.7782428361599161 35.964461290786353 104.52337214845873 201 199 131 0.21672576312302608 49 179 44 268 47 236 60 88
741 -8.4851925808038349 35.411181730428304 68.93183299465305 66 120 60 0.14282407008096493 49 265 44 294 46 304 47 306 48 273 51 281 24 149 22 154 20 154 18 146 17 115 14 117 16 119
743 -36.33197208620679 56.715844872125324 75.918698343571123 74 143 72 0.089874690195528503 43 301 45 348 44 310 46 344 47 375 48 341 50 380 52 386 54 340 55 360 57 324 60 331 61 302 1 298 2 256 3 261
747 -24.124748245642675 62.102778474370417 71.908837248148103 69 128 65 0.14154203978612909 49 400 44 361 56 342
748 -17.354542346347703 53.289922268513166 67.196221159202935 201 199 133 0.050698231284471935 49 372 44 365 46 384 43 354 47 416 42 346 41 370 50 383 40 340 39 303 52 368 53 341 54 326 55 351 37 251 56 311 57 290 58 245 60 242
749 1.6378078627082808 4.1758692498419663 0.75245407932567077 167 172 111 0.23493935423015469 43 387 44 376
750 1.6378078627082808 4.1758692498419663 0.75245407932567077 167 172 111 0.23493935423015469 43 386 44 377
757 -1.5215500545876426 -0.63488237207597242 9.4979956251184134 115 78 48 1.1299552280409946 49 1 44 490 50 1 40 814 39 773 51 0 52 3 53 1 38 752 54 1 55 4 56 0 36 745 57 0 35 876 58 2 34 885 59 6 60 596 61 716 1 712 2 697 33 812 32 792 31 770 3 673 4 647 30 827 5 706 6 696 29 782 7 686 28 706 8 747 27 698 26 728 25 705
758 -4.8864263345011132 0.40174464841385515 11.263182302023491 63 122 60 0.18297797364203863 43 477 44 494 46 517 47 530 48 485 51 513 52 490 53 468 54 447 55 459 56 465 57 429 58 413 59 439
759 -4.3380949593684148 0.31805384530756015 11.066804139757533 67 121 61 0.26344121827353462 43 478 49 477 44 495 46 518 47 531 48 486 42 505 41 521 50 495 45 514 40 493 39 764 51 514 52 781 53 456 54 679 55 449 37 446 36 432 57 420 58 401 59 86 60 444 61 78 1 78 2 396 3 101 4 129
760 -2.0837165889089309 -0.063827386110308193 10.998245383848692 67 124 62 0.22128082564687543 45 520 44 502 46 524 47 526 49 469 48 477 41 537 42 525 50 475 40 507 39 488 51 493 52 463 53 435 38 463 54 420 55 426 37 476 56 431 36 462 35 487 34 456 33 422 32 438 31 411 30 399 29 395 28 357 27 361 26 130 25 146
761 -7.3193004556489196 0.84473275869730824 12.64485417839872 218 219 206 0.37305122474298136 43 476 44 505 42 503 41 520 40 11 39 459 38 441 37 441
762 -8.2092130691603842 1.3057483985958127 14.378828883859709 214 216 202 0.27896698406859127 43 490 44 507 47 63 42 25 41 22 40 24 39 10 38 16
763 -3.4877977329625232 0.61802854651659556 11.779563848342139 182 185 122 0.11272370726746457 45 532 44 515 42 523
764 -3.4877977329625232 0.61802854651659556 11.779563848342139 182 185 122 0.11272370726746457 45 533 44 516 42 524
765 -1.6643453697613591 0.077727882250972241 11.557430228634123 70 132 67 0.070960597390701138 49 473 44 523 50 477 51 497 52 472 54 423 56 433 57 386
766 -0.8654263782156626 -0.097569270716017731 12.227220927289547 65 123 62 0.15377849112318198 45 539 44 530 46 537 47 529 48 481 51 499
767 -6.6116817858432979 1.7457299216121487 14.266976558824199 81 161 81 0.11936095457865396 43 508 44 533 42 530 41 543 40 513 39 481 38 33
768 -3.9516496553399536 1.2138516161348267 13.202564188946296 74 144 73 0.24618549293677194 43 514 44 538 46 545 49 502 42 535 41 549 40 516 39 499 52 503 38 472 37 472 36 474 35 480 34 56 33 45 32 40 31 53 30 49
769 -2.7553862836035514 0.85079565017897685 12.621330101699973 72 141 71 0.21894595392448915 43 518 45 550 44 541 46 547 48 505 42 540 41 553 40 530 39 504 38 478 37 488 36 481 35 491 34 464 33 433 32 435 31 82 29 107
770 -0.18369323236787011 0.31584555190353253 13.953261753982614 104 159 87 0.23819617674127028 43 530 44 545 46 555 49 483 47 537 48 498 41 579 42 553 40 559 52 475 53 439
771 -6.2907588233588916 2.4550154245505205 16.454605690309837 176 186 118 0.24095917562942287 45 869 44 548 46 866 47 859 48 818 50 807 49 520 51 548 53 494 54 474
772 -4.6382814030514545 1.6518473571012988 14.183528284910032 157 180 110 0.19263107929378584 45 557 44 549 46 560 47 553 48 515 42 548 50 521 39 498 52 502 53 484 55 88
773 -10.354195717087251 3.7200454460821257 21.345960889380077 85 173 84 0.23512552180838472 43 534 44 557 46 579 47 568 42 558 41 56 40 64 39 55
774 -11.691041563748053 4.4349648708502993 24.171927743457914 86 174 83 0.32248898839170087 45 112 44 558 47 109 48 541 49 536 50 552 51 570 52 559
775 -9.8911895084132908 4.0001927510098616 22.21940807858638 84 170 84 0.13683085876378073 43 535 44 559 48 542
779 -3.6639231738444065 2.0796681835153827 17.272361545425124 82 161 81 0.093633272034880269 45 575 44 568 42 565
780 -2.7545009670240765 2.0225388643520317 17.611564025342734 182 186 120 0.26673594561655489 43 542 44 571 46 574 47 566 49 514 48 526 50 525 51 539 52 504 54 61 53 471 55 455 56 51 58 59
782 -1.3007397136459864 1.4357565284382314 15.818100276072137 159 177 109 0.30747428620070433 43 834 44 573 47 854 54 678 55 679 56 677 57 639
783 -1.1507946824622997 1.6949322694552706 17.790163014531618 81 160 81 0.17362943994820029 43 561 44 574 42 586 41 590 40 575 39 545 38 546 37 534 36 556 34 538 33 483
785 -11.00927748119731 4.673652416970536 24.925195044438173 85 173 85 0.24645113248458198 45 586 44 579 46 581 47 581 48 543 41 70
786 -6.7161117687293785 3.5108480794746075 21.044738913998895 173 184 112 0.22948144716039651 45 587 44 580 46 583 47 574 48 533 42 577 40 551 52 102
787 -6.768052886398511 3.5202910319646734 21.192098540012648 173 184 112 0.18624541739175865 45 588 49 526 44 581 46 582 47 573 48 532 50 542
788 -6.1349619350234255 3.3777788356576091 21.36349165466283 85 167 84 0.04885023779264195 45 118 44 584 47 572
789 -1.7547027173495668 2.0682465716312284 18.515923012842315 80 160 80 0.25680161313119376 43 560 44 585 46 575 47 567 49 515 42 584 41 132 39 540 38 543 37 124 36 555 35 144
790 -0.90803475914737231 2.8434668570143788 24.514263251662982 82 166 82 0.1256731932207549 45 592 44 598 47 577 46 587
791 -1.0628325288397202 3.3673033407454378 27.008985307375561 85 173 84 0.17811567252133456 43 571 44 600 42 612 41 623 40 614 39 580
792 -9.1504961528711775 10.815192062213068 66.175130211566668 218 224 199 0.24653832466994174 43 601 45 615 44 612 42 627 41 641 39 189 37 169
794 1.1781803328898326 3.5729197188106014 39.388949533268438 206 210 189 1.6113446424982349 49 530 44 616 46 598 47 103 46 590
799 4.4738637307995113 10.174752501117865 21.927825466893363 155 130 93 0.45103936934910266 43 701 44 711 42 730 40 362
800 1.3567615409214493 4.0484311710061007 0.67207737347040641 181 184 120 0.15558739714735159 45 318 44 725
801 5.2419754815216528 11.442085326094219 23.534547849371474 145 127 85 0.34722893346187189 43 703 45 718 44 729 46 702 42 744
802 -17.260167503095015 51.319978615415636 66.534897943818109 64 121 61 0.055026521291091778 49 696 44 752 47 758 48 709 52 700 56 607
803 -17.260167503095015 51.319978615415636 66.534897943818109 64 121 61 0.055026521291091778 49 697 44 753 47 759 48 710 52 701 56 608
804 -10.429865527082997 46.069068017975461 64.783668363707079 90 125 69 0.12286336771409019 49 700 44 755 48 712 42 740 40 740 39 683 51 700 52 683 37 631 36 629 35 598 32 506 31 457 24 87 23 353 21 80 20 78 17 310 16 318 15 66
805 -11.780894214260476 60.696431596903892 71.559799760783989 61 114 56 0.076970865181200582 49 715 44 778 46 783 45 783 47 794 48 729 42 767 43 736 41 773 50 717 40 754 39 694 51 735 53 663 52 719 54 610 55 607 36 278 37 313 35 606 34 253 33 196
806 24.99173937003512 63.592701738575272 112.61110076587217 184 155 117 0.59151695684380412 43 745 45 401 44 787 47 370 42 796 41 793 40 790 39 751 38 734 37 712
807 23.449927973712487 88.292880253263789 121.23535547222112 64 114 58 0.12908585975300499 43 775 49 704 44 822 42 822 41 819 40 801 39 755 38 738 37 715 36 722 35 675 58 120 59 99 33 599 32 580
808 -3.7003082043531568 -0.21639807620374135 9.407160326025906 150 123 87 0.14058208287618917 45 832 44 832 46 821 47 508 42 828 41 825 40 809 39 761 38 743 37 726 36 428 35 446 34 427
809 -1.9882362300074856 -0.56600207978678796 9.1508769427791599 139 98 62 0.50131248257140737 43 1011 44 833 42 1023 41 1040 39 969 38 932 37 923 36 916 35 962 34 881 33 809 32 786 31 758 30 723 29 707 26 654
810 -2.2580980178713044 -0.0039508037179619149 11.085126538241125 66 124 63 0.088965318780562685 45 842 44 839 46 834 47 830 49 775 48 786 42 839 41 836 50 775 40 821 39 778 43 800 51 793 52 771 53 715 38 753 54 662 55 673 37 742 56 667 36 748 35 703 34 699
812 -3.9619910960397693 1.3257530127178732 13.648579278264478 76 148 75 0.14986928210540806 43 813 45 546 44 852 46 848 47 852 48 808 49 801 42 536 41 566 50 794 40 527 39 500 38 474 37 485 36 476
813 -1.3134571095648968 0.58763137209588112 13.197231559036975 72 142 71 0.15466139559932585 43 826 44 854 47 845 42 858 41 854 40 841 39 790 38 774 36 761 35 715
814 0.51814568699284358 -0.055509540319915118 15.176773261482269 126 166 93 0.3422361933480092 45 553 44 865 46 556 40 851 39 550 38 793 37 773 36 562 35 751 34 770 33 695 32 700 31 496 30 472
820 -54.094382644402593 70.632382190217839 84.903438750087915 96 87 45 0.31179422043457827 49 723 44 946 47 957 48 719 50 727 40 649 39 602 51 757 52 735 53 380 38 171 54 369 37 131
823 -41.462898219055333 70.42061551631528 82.634092148825403 201 198 132 0.07853400354743155 43 935 45 965 49 940 44 960 46 960 47 977 48 1082 51 944 51 1063 59 752 60 737 61 686 1 682 2 667 3 635 4 592 5 577 6 566 7 542 8 582 9 539 10 512
824 -24.445878235957704 58.164322151425289 70.150352049968916 67 127 64 0.088916498158959079 43 937 45 968 49 927 44 968 46 972 47 979 48 954 42 940 50 918 40 934 41 956 39 876 51 936 53 860 38 848 54 818 55 818 37 812 56 814 36 813 57 767 58 719 59 729 60 709 2 640 1 658 61 662 4 566 3 614
825 -8.0571197565398069 46.383424857139183 66.088567961584275 58 108 53 0.07536735978136265 43 954 45 971 44 971 46 965 47 966 48 945 42 966 41 961 50 894 40 955 39 904 51 913 52 887 53 823 38 882 54 783 56 770 55 763 36 848 37 851 57 726 35 799 58 661 59 684 30 610 31 643 32 686 29 597
826 -38.500812513802956 81.861778043387901 86.78875787682847 71 135 68 0.070380046452962017 49 955 44 978 48 979 50 941 51 954 52 929 53 875 54 832 55 836 56 832 57 784 58 732 59 754
827 -16.740564224602466 61.249573286963333 71.625825033258906 182 187 123 0.14891472381809107 45 985 49 928 44 983 46 973 47 981 48 968 42 961 41 978 50 920 40 950 51 938 52 913 38 861 54 812 55 808 37 846 56 805 57 564 58 691 59 715 60 517 61 477 1 476
828 -4.499853849047339 0.46633256276792356 11.222488583829586 193 191 128 0.18492933338308545 45 1038 49 986 44 1030 46 1024 43 1019 48 1010 42 1024 41 1043 50 964 40 1029 39 967 51 981 52 953 53 897 38 933 54 856 56 867 57 816 35 872 58 773 59 806 33 796
829 -3.0350578159126904 0.34367224308263111 11.392318857251023 67 130 65 0.41022175024722829 43 1022 45 1040 44 1032 46 1026 47 1032 50 963 39 973 40 1031 37 734 36 923 34 883 33 628 32 616 31 581 30 567 29 556
830 -2.5173816204475905 0.30740434512627207 11.465826519073619 68 130 66 0.11233207229716327 45 1041 44 1033 46 1027 48 1012 43 1023
831 -1.1728444112405449 0.042732724055502436 12.018502840391843 207 203 137 0.35721322686581897 45 1042 44 1035 46 1028 47 1029 48 1006 42 1030 43 1025 41 1049 50 961 40 1039 39 978 51 794 52 766 52 949 53 708 38 945 54 664 55 669 37 934 56 665 36 938 57 636 58 589 59 604 60 402 32 652 31 615 3 347 30 604 29 589 28 539 27 541 26 561 25 174 24 184 23 234
832 -7.873731085768779 1.7158479916048299 14.995058776064495 160 191 114 0.99833852298758308 43 810 44 1037 46 1034 47 1042 41 532 40 28 39 22
833 0.31909936887784529 0.16990121993252949 15.106893666518683 194 199 130 0.44861013296986035 45 1045 44 1041 46 1033 47 1033 48 1013 49 983 50 782 49 784 51 803 52 465 53 431
835 -4.5534227225118258 2.1015330742329779 16.138371156839547 176 185 117 0.17913110858419459 43 1032 44 1043 46 1038
836 0.30281417177764192 2.0356715722640373 23.924587434607105 165 182 109 0.47751782053544822 43 1042 45 1054 44 1049 46 1043 49 810 47 868 48 824 42 1049 50 518 51 529
840 -34.558620309318165 51.647348461355669 74.982327775337268 193 198 128 0.11840490281704277 43 1067 45 1085 44 1079 46 1077 47 1093 49 1045 48 1066 42 1078 41 1081 50 1027 51 1048 52 1013 53 963 54 923 55 922 56 934 57 870
842 -7.3881470867098615 47.989139778366827 66.37818783759279 199 197 132 0.28467506790653346 43 1088 49 1049 44 1095 46 1092 48 1075 42 1107 41 1110 50 1020 39 1036 52 1007 51 1040 38 996 37 983 56 912 54 909 55 912 36 985 57 853 35 927 58 804 59 837 60 788 2 726 1 753 61 758 32 825 31 793 3 702 4 670 30 754 5 642 6 636 7 613 8 636 9 606 24 487 10 588 11 579 21 474 12 475 18 458 13 563 14 572 15 544 16 486
848 -6.4226658043171456 -0.051603664231466451 10.794671219539424 255 255 250 1.8293535335219304 44 1127 42 1016 40 1112 53 901 57 898
849 1.0416205537114811 0.87376133104414933 20.574370092150605 232 236 216 0.39607565682529705 43 1133 44 1137 42 1154 41 1156 40 1126 39 996 38 961 37 1028 36 970 35 920 34 927 33 858 32 715 31 693
851 -2.5170412623886955 4.7954957820598754 35.11068867420682 88 184 86 0.47104708773704307 45 1155 44 1151 46 1045 49 998 47 1145 50 977 51 994
855 -12.463581394314058 3.5568285220625531 22.05426062308452 210 217 189 0.98667517299721685 45 1148 44 1190 42 1204 41 1251 40 1210 33 947
856 0.47805971270503733 3.8440998774581079 39.207424963392064 129 173 92 0.27716175569325902 43 1185 44 1195 46 1203 47 1203 48 1170 42 1213
858 1.9052961812981268 3.4277351380380301 25.458371384777006 216 222 196 0.77240168225557582 43 1231 44 1232 42 1214 41 1168 40 1133 39 1013 38 973 37 964 36 975 35 997 34 1052
860 -11.89586945391277 11.098294677423649 19.074701598010094 255 255 245 0.55508950448622052 45 1258 44 1234 46 1252 47 1256 48 1186 49 1160 50 1091 51 1115 57 862 56 990 58 885 59 918 60 817 61 774 1 769 2 753 3 726 4 598 5 574 8 590 9 548 10 402
868 -5.5057064995057656 37.338449660462786 71.992095120648159 58 114 56 0.31589948381007971 43 1298 45 1372 44 1306 46 1317 49 1254 48 1274 41 1323 50 1244 40 1294 39 1253 51 1245 52 1196 53 1147 38 1198 54 1111 37 1204 56 1120 57 1046 58 995 59 1020 60 988 61 956 1 952 2 933 32 1041 33 1050 34 1149 31 1006 4 847 30 988 29 928 28 839 27 808 26 837 24 774 23 793 11 757 10 767 8 820 12 721 22 801 21 757 20 723 19 736 18 718 17 736 13 731 15 708 14 740 16 722
869 -11.071346852356292 43.13172525812621 65.63996890981349 129 150 91 0.52421805901178409 43 1306 49 1274 44 1310 46 1368 47 1377 48 1292 41 1330 50 1262 40 1293 53 1165 38 1197 55 1117 37 1203 57 1064 58 1012 59 1035 60 1001 61 966 1 962 2 940 33 1044 32 1036 31 990 3 902 4 855 30 972 5 829 6 821 29 919 7 816 8 821 9 780 26 823 25 769 24 761 23 775 10 769 11 752 12 716 22 783 21 744 20 709 19 726 18 706 17 726 13 723 15 699 14 731 16 712
870 -1.2051773245688771 42.468814837254619 73.35741428167826 167 170 111 0.44088671690468956 43 1308 45 1332 44 1312 46 1328 47 1326 49 1265 48 1281 42 1329 41 1331 50 1246 40 1304 39 1260 51 1257 52 1140 53 1151 38 1208 54 1058 55 1046 56 1075 57 997 58 956 59 988 60 948 61 905 1 901 2 890 31 1016 32 1053 33 1060 3 850 4 815 30 987 5 795 6 781 29 935 7 775 28 846 8 787 27 807 10 736 9 772 11 751 23 791 24 773 25 780 12 715 22 793 21 756 20 716 19 731 18 711 17 734 13 722 15 696 14 730 16 709
871 -6.5836617983499828 0.37580882903277291 12.219651974926212 159 172 109 1.0301041035374301 45 1281 44 1340 46 1275 47 1275 48 1237 41 1353 40 1244 39 1203 38 1155 37 1159 36 1160
872 -2.7899507324441135 0.26452196867970634 11.46240601622284 85 136 72 0.67058709351781709 45 1363 44 1343 46 1354 47 1364
873 -2.7899507324441135 0.26452196867970634 11.46240601622284 85 136 72 0.67058709351781709 45 1364 44 1344 46 1355 47 1365
874 -13.40164660454913 11.697494899513648 20.50091617188864 230 228 225 0.73143325287318373 43 1361 44 1373 42 1380 41 1384 40 1361
876 -2.1402468811860134 -0.5198499486814836 9.0843421844225478 99 68 39 0.38518376704780249 44 10 46 3 47 504 49 454 48 460 50 0
877 -2.1064305469602518 -0.46479399553724443 8.9855536902720381 99 68 39 0.12150625017346652 44 9 46 4 41 7 42 500
878 -3.586147926593942 -0.26256421724310425 9.2181930774515326 255 255 246 0.087555291494594983 44 0 46 8 40 3 39 2 38 4
879 -4.9081451687997388 0.30350445706717327 11.125645722988212 68 128 64 0.16974060265855148 49 24 46 16 48 26 51 35 53 45 56 48 57 55
880 -3.2830187297729614 -0.082679728271732089 10.584056973958067 70 124 62 0.073010382119839096 45 21 46 18 47 14 38 27 57 34
881 -1.9970571970781141 -0.15962404306095446 11.000271099864442 193 192 128 0.17086458124715154 45 29 46 26 47 22 48 18 49 19 50 21 52 16 51 16 55 11 53 18
882 -1.6794693214814325 0.065648576494684002 11.589163969546483 70 134 68 0.13719178187351078 45 52 46 29 47 23 48 21 42 45 41 49 40 57 39 62 36 65 35 67 32 82
883 -1.680390669176691 0.064066575545446203 11.594331184589269 70 134 68 0.16319796841193301 43 44 46 30 47 24 42 44 41 50 40 58 39 63 36 66 35 68 32 83 38 485
884 -3.3170622361474975 0.5849136845335372 11.583909167911498 83 141 74 0.35842656106004561 44 46 46 40 47 36 49 27 48 33 50 44 39 37 52 44 53 49 51 40 54 50 56 43 57 41 59 55
886 -7.1442000446285769 0.95946993609298792 13.071091977678059 180 192 121 0.32624421576705909 44 37 46 48 47 45 49 49 50 65
887 -6.7722169938991916 0.98533324702874858 12.671021931353874 83 161 81 0.28528299533281798 44 38 46 49 47 43 48 499 50 519 51 532 52 510 53 479 55 476 56 497 57 453 58 447 59 489 60 485 61 161 1 159 2 173 4 209
888 -6.1404526187635238 1.2743124337460929 12.822163476468356 74 145 73 0.21262921506592991 45 60 49 51 46 50 47 47 48 57 42 28 50 66 51 56 52 84 53 77
889 -6.1396507720400395 1.2680627180227226 12.824445670773846 74 145 73 0.14607470207177428 49 52 46 51 50 67 51 57 53 78
890 -5.0504999227266874 1.3738040789902093 13.059383210576906 77 146 74 0.11780381047441407 45 70 46 55 47 51 48 60 53 82 54 80 55 83 56 64 58 83
891 -1.3407898884156708 0.90395747786571801 13.929741780942113 79 152 78 0.13426695157310675 44 79 46 65 47 56 42 70 39 90 37 102 35 113 33 121
892 -0.32726039827658776 0.54020953360202939 14.21868674314706 83 162 82 0.32681495710436231 45 79 46 68 42 99 35 145
893 -7.3494262087569169 1.7299558887864723 14.478099942760723 86 166 84 0.25131857520505002 49 508 46 71 47 64 48 520 51 544 52 526 53 489
894 -7.569282204613395 1.9517982705859858 15.024107639069777 86 171 86 0.15549553222751933 49 509 46 72 47 65 48 521 50 80 52 97 51 80
895 -5.8767489376528834 1.6503477279274681 13.756571317684545 188 187 124 0.11783329130073096 45 67 49 68 46 73 47 66 48 59 50 72 51 82
896 0.15350973244572025 0.8899457282217853 16.8639949698055 174 197 120 0.3530373847147239 43 549 46 84 48 53 47 560 41 115 50 49
899 -4.0031688047330833 2.0244345175142056 16.178209717418657 80 160 80 0.15411866198264942 44 99 46 95 47 80 49 73 48 79
901 -2.2933354608594221 1.8340911105627749 16.771860159833665 84 161 82 0.10164183451769479 44 107 46 103
902 -2.2933354608594221 1.8340911105627749 16.771860159833665 84 161 82 0.10164183451769479 44 106 46 104
903 -13.229504049348837 4.3185599589574686 21.323179486544642 156 122 88 0.33385086128558417 45 90 46 108 47 87 43 60 48 539 51 142 52 166
904 -13.133696201415736 4.817456981733713 20.914971376541867 173 144 106 0.22755943898273293 45 108 49 119 46 109 47 106 48 540 50 131 51 584 52 570
905 -12.64685477970621 4.492730029963508 21.354924919837192 131 117 77 0.23470104301168249 43 75 45 109 46 111 47 107 40 61 51 143 52 167 53 158 54 180 37 38 56 190 36 30 35 29 34 27 31 12 30 15 29 18
907 -9.2748160232271619 4.3678823462923146 23.415469290950824 87 171 85 0.17018195762829536 44 116 46 115 47 582 42 111 41 101 40 105
909 -0.70163486286833943 2.5937857634848194 22.980257493888409 86 174 87 0.12486916893028963 43 122 46 129 42 145 41 156
910 1.7514414633316082 2.244154533391999 24.522491743880266 149 131 91 0.20892517518924125 49 62 46 132 47 85 42 178 41 186 50 63 53 466 38 229 54 44 55 31 56 15 58 21
911 -13.006801123025868 6.7072743386354512 32.288730113304375 225 227 209 0.54676040091405154 44 128 46 141 42 114 43 568 41 103
913 -7.3324341033027354 6.4654597510291847 44.219567831163843 224 229 209 0.89076978673786 43 149 46 145 44 610 47 584 53 101 38 162 39 161 40 598
914 1.7953857742108881 3.664018999806212 35.932603378768874 240 241 222 1.6758721164701806 45 151 46 148 47 104 48 111 49 84
915 -19.174642036179147 10.912517993734756 58.504219729435995 138 121 79 0.36031747305111794 43 578 44 607 49 121 46 159 47 133 42 161 50 135 51 147 52 143 55 146
917 -6.1563775511391849 8.3497837225890947 56.319366142328292 225 225 202 0.08854723872094819 44 162 45 175 46 163 47 139 48 119 41 177 39 191
918 2.9177839008578905 5.2289009633481189 22.380522323931668 73 142 72 0.15585046502658689 45 211 49 95 46 169 47 124 48 120 50 92 52 78 53 66 54 67 55 51 56 35 57 28 58 28 59 31 60 18 61 7 1 7 2 4 3 3 4 6 5 6 6 11 7 15 8 23
920 -11.643566996977983 7.7333186775330525 18.294496479744481 146 166 101 0.69686516638494145 49 159 46 174
921 -11.496131066045256 7.7718917673405672 18.418775175575195 64 121 60 0.19707634871017624 44 126 46 176 38 66 35 24 34 21 33 7 29 6
925 -11.891228739519526 10.037591532363342 18.178078285145748 65 121 61 0.20733696186954179 45 214 46 211 47 215 48 202 50 250 51 262 52 292 53 278 54 290 55 297 56 292 57 273 58 285 59 317 60 319 61 294 1 290 2 271 3 257 4 240 5 240 6 240 7 235 8 250 9 235 10 213 12 183 13 172 14 174
926 -12.001746464031765 11.518045839815631 19.132312605866296 255 249 235 0.30031798911601609 45 216 46 235 47 246 49 246 48 220 51 303 54 292
928 4.2225721390449529 9.5554536868745679 23.781265193981383 247 242 229 0.1564292279409468 49 153 46 253 47 212 48 200 50 153 51 582
929 4.131981297784149 9.4218155399035233 23.246292052469201 247 242 229 0.21843624544265616 49 152 46 254 47 211 48 199 50 152 51 581 52 541 53 502 54 453 55 462 56 470 57 416 58 389 59 418 60 411 61 376 1 371 2 333 3 342 8 8 7 2 9 7 10 6
930 -12.78743754110733 14.121647468877198 20.1736773512296 165 140 101 0.10847657853018611 44 217 46 256 47 285
932 -29.605883276810875 36.502835437939183 78.727034861236675 176 186 117 0.11622349462316471 43 227 46 263 44 226 47 266 42 239 39 178
933 -26.817235095128446 34.397037415247546 80.891592022534724 187 190 122 0.078574742509218254 43 225 44 229 45 256 46 266 47 262 49 226 48 229 42 243 41 227 39 181 51 242 50 227 38 180
934 -20.256488624272535 34.998650203870262 71.094503456573122 189 190 124 0.10702670736326363 44 253 46 269 45 280 47 293 42 267 50 261 48 258 49 257 52 268 53 255 51 271 55 234 57 226 58 209 59 228 6 179 61 213 1 211 7 171 9 169 10 181 11 170 12 178 13 190 14 169
936 4.7937193297594733 11.474918995462728 23.523052813412288 163 140 100 0.13084818765336628 45 323 46 284 48 219
937 6.2270151880054376 14.800433636798752 32.851937369649157 252 250 236 0.88852502632943042 43 702 46 285 47 283 48 218
940 -16.508962165685158 36.312171058318306 66.652050425917395 69 132 66 0.16567640638739536 43 280 44 285 46 299 47 300 49 262 48 266 41 310 42 290 50 288 40 254 39 250 53 260 54 252 57 232 55 242 56 238 58 211 59 232 60 204 61 185 1 183 31 129 3 180 5 144 6 154 7 142 8 166 9 140 10 144 11 142 12 150 17 117 18 121 19 117 20 119 15 112 14 164 13 153
946 -20.512912804389398 43.202142876126366 65.775513407223627 67 128 64 0.12950233451737028 49 318 46 347 47 356 48 317 44 318 51 327 52 329 55 311 40 282 38 250 56 302 57 249 60 270 33 143 32 131 3 209 2 189 4 173 5 175 7 145 8 170 10 146 11 144 12 124 14 122
947 -20.535491383373319 43.271278751546305 65.86880106693026 67 128 64 0.12262205187403204 49 319 46 348 47 357 48 318 44 319 40 283 52 330 55 312 56 303 57 250 34 163 3 210 5 176 29 101 7 146 8 171 10 147 11 145 12 125 14 123
948 -22.872149341178542 47.73166000100364 66.794286177340453 70 129 65 0.11526183329135527 44 335 46 352 47 354 42 318 3 214 2 194 1 244 61 247 8 176 9 146
950 -2.8501356908703297 41.930431323466948 69.608551499320683 200 197 131 0.084205493147706575 44 344 45 363 49 291 46 359 47 363 48 291 42 356 43 331 41 378 50 293 40 353 51 287 52 276 53 267 38 330 55 215 54 221 57 160 58 159 59 143 60 136 2 90 1 92 61 94 33 261 35 297 36 304 32 251 31 220 3 93 30 200 29 177 28 142 27 145 25 123 24 112 23 127 22 151 21 110 20 111 19 107 18 84 17 82 13 86 11 86 8 82 15 90 16 91
955 3.2259283311537774 49.957810434714887 76.910027202073792 59 110 54 0.074256416406574613 49 332 46 395 48 329 42 417 50 300 52 284 53 270 30 224 32 291
956 18.870206200926756 70.772271841471749 112.86933028276285 71 133 67 0.18504435643530728 44 407 45 422 46 398 47 393 48 331 42 437 50 303 40 787 39 748 51 296 52 246 53 230 55 165 37 415 36 725 59 98 33 360 30 279 29 273 27 197 25 182
957 18.780199850730199 70.275177519639414 112.11212268477473 71 133 67 0.15646554849575894 44 408 45 423 46 399 47 394 48 332 42 438 40 788 39 749 37 416 35 420 33 361 30 280 29 274 27 198 25 183
961 -6.5752764882758097 52.918240173898234 69.447849304613115 205 201 136 0.076530063957388067 44 402 49 355 46 413 48 353 42 413 41 413 50 360 47 420 40 377 39 360 51 376 53 322 52 343 38 345 54 283 37 315 36 300
965 -34.978508363543341 80.607032320611992 83.939087563809707 68 128 65 0.12159362576875526 44 392 46 432 47 438 49 418 48 418 50 421 51 439 55 385 53 396 54 379 56 388 57 347 58 323 59 331 60 340 61 281 1 277 2 237 3 239 5 183 4 206 6 166 7 154 8 157 9 116
972 -27.423611369004288 87.041824402512958 89.471383890595106 205 202 137 0.10672032690598221 43 398 46 467 47 471 48 424 42 408 41 400 50 424 39 322 53 372 55 387 54 361
973 -30.493618062737593 94.681831680982128 95.199173905631625 68 129 65 0.17031743347406872 44 416 46 468 47 470 42 410 50 425 40 370 39 320 41 429 43 397 51 448 52 434 53 401 38 297 54 363 55 389 37 283 36 247 35 221 58 304 56 374 59 335 61 258 1 255 2 210 33 165 32 121 31 94 3 223 29 61 28 22 27 29 26 20 25 13 21 2 20 6 18 2 9 347 7 122 11 77 17 10 13 40 15 16 14 41 16 11
975 -17.298686046845766 83.559936423703348 87.228572271083067 65 121 61 0.089979793701085387 44 437 46 470 47 472 42 427 50 426 52 408 53 373 54 346
981 -1.6356856299917248 -0.48622359880964694 9.7250909239099954 185 155 118 0.066089589287917486 49 456 46 514 47 506 48 462 50 465
983 -3.8700049184145859 0.33700991170375993 11.087620257348879 68 129 65 0.12248007761139332 45 516 46 522 47 532 53 457
984 -3.7635691463520677 0.40426492887947313 10.820108140745559 68 129 65 0.03979195853292665 45 517 46 523
985 -2.5348087169230151 0.19937071421702915 11.141307136394843 69 132 66 0.058329816920823764 44 518 46 525 47 525
986 -1.2653680024753213 -0.063122756102605149 11.802197639988 67 122 61 0.21218747408485231 44 527 46 528 47 528 48 479 49 776 41 845 50 478 40 533 39 508 51 498 52 464 38 763 54 663 37 492 36 502 35 496 34 487 33 457 32 86 31 117 30 138 29 137 28 136
987 -2.2588798972977915 0.45641123070364054 12.101861788390364 187 190 126 0.22529877070991292 44 519 49 481 46 534 48 491 50 485 51 507
989 -1.9152153358559234 0.62936397436142388 12.680127601778272 171 182 116 0.17904318758391977 43 521 46 549 50 488 53 450 54 38 56 26 58 16
992 -10.849745033644174 2.674916727859618 17.827558276209309 165 138 103 0.14713482333408398 49 517 46 568 48 529 50 540 51 567 52 805
994 -12.653695017348404 5.0722215957973891 20.524710653953928 250 248 237 0.45122506471040491 49 543 46 578 47 580 42 556 41 560 50 567 40 524 39 491 51 585 52 818 53 765 38 467 54 737 55 736 37 462 56 759 36 452 57 710 58 677 59 703 60 701 61 665 1 661 2 659 33 401 3 638 4 605 5 591 6 589 7 580 28 298 8 614 9 581 26 323 25 328 24 323 10 572 22 371
1002 -40.090806587014292 33.76788855650836 103.23123878969798 79 157 78 0.10217661677658083 44 639 49 606 46 649 45 652 47 641 48 620 41 633 50 616 40 606 39 572 52 620 38 556 37 546 36 553 35 531
1006 -35.067759590401472 35.60189521695915 89.200327690360666 78 153 76 0.091281920029431585 45 671 49 626 46 663 44 661 47 664 48 648 42 638 50 632 40 629 51 644 52 635 53 601 38 554 37 545 36 551 35 530
1013 -14.395012876515583 35.239284718848872 67.297635676050348 148 167 102 0.13394463152196312 44 699 46 705 48 672 42 703 43 679 50 652 40 670 3 403 9 372 11 387 12 366 21 371 22 386 19 365 17 355 13 374 15 354 14 374 16 373
1017 -10.751018443203671 36.213006202199566 66.288189129722454 64 121 61 0.096007952633368601 43 696 45 729 46 719 48 673 47 723 42 707 41 716 40 694 39 650 38 640 32 508
1018 -7.6669824275958254 39.403965231005046 65.921977241009216 62 115 57 0.049547647622726822 43 710 46 721 40 717 41 731 39 668 37 633
1021 14.485769884754328 34.699436344404234 65.642444650526258 170 138 102 0.24580773216797111 44 975 45 963 49 656 46 738 47 945 42 779 41 792 50 641 40 775 39 729 38 724 37 912 33 366 32 366 30 305
1029 -26.084094085080729 70.029028068728934 76.8571838415168 66 121 61 0.054221160979264972 43 730 49 726 46 777 48 744 50 730 51 746 52 726 54 631 55 631 56 636 57 585 58 551
1031 -8.9823489314651646 60.191274743640619 72.073503200584881 57 104 52 0.070385977419022014 44 780 45 796 49 716 46 784 47 773 48 730 41 775 42 769 43 737 50 716 40 756 39 695 51 736 52 706 53 662 38 688 54 600 55 608 36 663 35 609 34 581
1033 7.6304129745145115 69.779785200953953 90.460144644878454 97 126 72 0.084889516020993316 43 772 46 791 47 779 42 807 41 803 39 746
1034 -31.834501904723435 110.64550929273481 107.9979529949581 188 192 127 0.11372859528127373 44 808 46 799 42 782 40 751 51 766 52 740 53 693 54 633 55 646
1038 -13.327096975257716 103.42764415797205 105.23271256169632 100 137 78 0.084209645039044115 44 812 49 750 46 813 50 746 51 755 53 675 54 625 55 622 56 613 52 729 57 567
1040 -1.0573089167863525 -0.46682128898814212 10.559007527022912 106 113 53 0.31351708325414612 49 768 46 827 47 825 48 778 41 538 50 771 40 510 39 490 38 486 37 478 35 70 34 74 33 80
1041 -4.2321620661170787 -0.069427335431108961 10.664165889000849 55 105 52 0.64693915963010151 45 835 46 830 47 12 48 12 42 7 41 516 50 25 40 812 39 763 51 19 38 10 55 54 37 725 56 451 36 433 57 418 35 448 34 14
1044 -7.0632427144753533 2.5241589406581242 16.762038943629317 80 158 80 0.22978208881771231 43 818 46 864 42 850 41 847 40 829 39 494 38 469 37 467 36 38
1045 -4.9305445246845192 2.7873737653550443 18.620747768674228 153 179 106 0.32157200043506501 43 1033 46 868 48 827 49 814 41 1059
1046 -8.5396811846596972 3.7147595322636753 20.333480403103064 173 185 115 0.24346024751712425 45 878 49 818 46 877 47 869 48 826 50 813 51 830 52 807
1047 -1.2208027032289459 2.7812369386075027 21.821561882380188 169 183 113 0.10105540155069488 45 880 46 878 47 870
1048 -8.9847622477304796 5.6262427495193839 29.366244725530201 84 179 81 1.2361415966753615 49 545 46 879 52 543
1051 -13.204904984245067 11.548796591451794 18.924827470653309 239 227 207 0.35045748609683197 45 646 46 903 42 597 39 82 37 54
1053 5.3871851602245489 9.3033639068121516 24.157898925797859 255 253 237 0.43238559161492029 49 579 46 912 47 659 48 863 50 566
1055 -43.117875837965684 50.999251910030239 83.966353135189792 72 142 70 0.14851948064692447 44 927 45 929 46 922 48 910 51 919 52 898 53 849
1056 -43.578802268736808 49.779971390085514 85.314232696314619 196 197 127 0.085799760514849055 43 893 46 924 48 909 41 900 40 883 38 794 37 776 36 782 35 721 34 717 31 588
1057 -26.47263129694387 40.25035731682248 72.06693202671994 72 140 70 0.10834060016871204 49 887 46 928 50 875 48 912 51 895 52 871 53 820 54 791 55 794 56 801 57 735 58 686 59 710 60 695 61 658 1 654 2 646 3 625 4 574 5 563 6 562 7 536 8 577 9 547 10 521 11 530 12 525
1059 -11.279984175260683 36.405828752759007 68.987142574619938 64 122 61 0.12357767746727664 44 944 45 934 46 932 42 919 43 910 41 936 40 924
1060 -14.335455062405934 41.307834919819804 64.188504736535421 63 118 59 0.057425177339910989 45 957 49 905 46 954 47 951 50 893 48 929 51 911 52 874 53 822 54 782 55 781 56 782 57 725
1061 13.182488851146273 62.164553831657791 94.662473359502101 209 205 137 0.074715579308451074 44 991 45 993 46 970 47 972 42 994 40 998 39 1057 27 567 30 681 28 573 29 651 25 527 24 525 23 540 21 500
1064 -39.310233220240264 91.398923171511314 93.193817398417238 70 132 67 0.26140837789044408 43 964 44 979 45 996 46 985 47 1002 49 956 48 980 42 957 41 954 50 942 40 946 39 886 51 955 52 930 53 876 38 847 54 834 55 839 37 811 56 835 36 811 57 786 35 752 58 734 60 727 59 755 61 674 1 670 2 657 31 414 3 629 30 382 6 406 29 370 32 641
1066 -37.073248383878941 101.71729619132556 100.34991658383861 71 135 68 0.22277561850195629 44 994 45 1011 46 1000 47 1006 48 982 49 965 50 952 51 965 52 931 53 878 54 836 55 834 56 834 57 779 58 736 59 744 61 502 1 501 2 471 3 433 4 400 5 399 6 389 7 364 8 392 9 362 10 341 11 79 12 60 14 43 15 36 17 12 18 7 19 5 20 8 21 3 16 13
1070 -3.7949162911979224 -0.13758501166551207 10.546134436558322 53 103 49 0.057147618611519034 43 1014 46 1020 41 1037
1071 -8.0266106600936453 1.3047686437916721 14.412476597148256 117 182 95 0.3847260137515871 49 1097 46 1029 47 1041 48 1016 50 970 51 1091 52 1051 53 984 54 867 55 947 56 974 57 901 58 791 59 832 60 789 2 458 60 663 3 435 5 578
1072 -0.72337117108352944 0.69402996557075958 14.045503260500523 189 193 126 0.19846566695565279 44 1040 46 1032 47 1039 49 982 42 1034 40 1047 39 987 38 950 37 943
1073 -6.7461338707316836 1.8999942721247103 15.055140164153963 147 175 105 0.66871650993162413 45 1046 46 1035 42 1029 40 1034
1074 -1.6561329905202979 1.6136995989287768 16.693084965597105 82 161 82 0.22708602366908856 45 1050 46 1036 42 1043 41 1060 40 1046 39 807 38 780
1076 2.2178487896035981 3.3917799176280883 27.315841256463447 233 234 213 0.13446937911436449 45 1057 46 1047 47 1053
1080 -16.196018964179277 33.890550597602164 68.967325743841073 188 190 124 0.17790490210831628 43 1059 44 1068 45 1079 46 1070 47 1078 42 1072 41 1083 40 1077 36 967 35 909 34 917 33 841 32 821 31 784 30 756 29 721 27 643 26 659 28 653 23 626
1082 -16.972467685800012 46.334757697538798 63.967466604804123 62 117 58 0.10353378837079083 49 1046 46 1090 50 1028 51 1049 52 1017
1084 -7.4660746847057817 48.339032642835512 66.902156659855478 188 189 125 0.14514152970073108 43 1089 44 1096 49 1050 46 1093 48 1076 42 1108 41 1111 50 1021 51 1041 54 910 55 911 37 984 56 913 57 852 58 803 59 838 60 787
1086 -18.468526430653643 71.98295620520544 78.358288641860113 202 200 134 0.13082890977738848 44 1106 49 1066 46 1102 47 1111 50 1046 52 1030 54 925 55 810 56 930 57 753 58 708 59 718 60 683 61 644 1 640 2 622 3 591 4 549 5 527 6 516 7 506 8 533 9 345 10 329 11 329 12 302 20 295 19 293 18 282 17 278 13 307 15 276 14 310 16 301
1087 -3.8521428595154608 70.079387614929146 82.02585430154673 207 202 137 0.11162003069645426 44 1107 45 1111 46 1103 47 1112 48 1090 41 1118 42 1117 43 1102 50 1040 40 1101 39 1048 51 1054 52 1020 38 1006 37 989 56 790 53 843 54 800 55 786 36 1000 57 729 35 815 58 662 59 687 60 662 61 606 1 603 2 592 3 564 4 514 5 343 6 332 7 320 8 360 9 315 10 313 11 311 12 298 18 293 19 298 20 292 21 307 22 333 17 288 13 292 15 261 14 294 16 296
1091 -3.3971554528132062 -0.25397316806180431 9.4758470297848785 145 122 87 0.1803118382229546 49 1084 46 1122 47 1131 48 1107 50 1066 51 1081 52 1046 53 976 54 935 55 936 56 857 58 763 59 798
1092 -1.9140879132348594 -0.31945328560634578 9.2198721780104069 243 239 226 0.29674463649132188 43 1017 46 1123 42 1141 41 1142
1094 -1.854300178472472 -0.13890016698534358 11.029781514561432 156 167 106 1.2483156487071247 49 1091 46 1127 47 1138 48 1114 42 1145 51 1083 53 974 37 1005 34 975 33 910 32 897 31 774 30 736 29 719
1095 -4.9990419542780975 1.0400223352761091 12.118050623370818 169 180 115 0.15073657837853122 49 1145 46 1133 50 1130 51 1148
1096 -10.822396745158462 2.3312813274873192 17.478985312792126 246 245 230 0.80635497659857436 44 1036 46 1134 47 1044 41 838 52 1056 53 990
1100 -12.896815236326283 41.014385259280679 64.918011900492047 115 145 84 0.36449308363869026 43 1154 46 1172 47 1176 41 1186 40 1143 39 1099 51 1118 38 1044 37 1034 34 995 33 922 31 869 30 838 23 680
1101 -12.91386107683239 42.404002872175099 63.971833977192425 167 178 113 0.33619967144176122 49 1125 46 1173 48 1140 52 1077 53 1013 51 1123 54 970 56 987 57 914 59 907 61 825 1 822 2 805
1102 -9.3072443703572532 39.443167099186645 63.636181131620226 116 144 84 0.62520191492039823 44 1171 45 1181 46 1174 48 1138 42 1174 43 1161 51 1119 52 1071 53 1003 38 1050 39 1105 54 965 55 964 56 982 58 867 60 871 1 819 30 839 6 707 4 737 29 787 28 709 25 664 24 661 23 681 22 665 21 642 20 597 12 614 19 620 18 600 17 623 15 604 14 634 16 627
1104 -31.330675069529221 61.099909172088445 72.063234147813148 131 159 95 0.44083194561074529 44 1175 46 1182 43 1159 47 1185 48 1150 50 1114 53 1036 55 983 56 1005 58 891 60 890 61 834 1 831 3 780 4 749 5 734 6 715 7 711 8 714 9 669 11 659 13 627 14 637 16 622
1107 -4.7269857870850363 1.3431156186915891 13.016105122549247 74 145 73 0.5687178299236888 49 1146 46 1197 48 1168 50 1131 51 1149 52 1089 53 1052 54 997 55 992
1108 -9.03697326196151 2.1126164636378539 16.795986495801181 149 188 107 0.44810708541133032 45 1146 49 1186 46 1198 47 1202 50 1170 51 1191 52 1130 53 1086 54 1045 55 1039 56 1107 57 1039
1113 0.32137571434200701 -0.29768930148174466 13.32293942102118 117 147 84 1.2791566470865499 44 1226 46 1236 41 1209 40 1213 39 1169 35 1114
1121 -11.90572808022025 38.466057086606227 66.745563609024131 86 131 70 0.40381557570106297 49 1264 46 1316 47 1325 48 1280 50 1254 51 1265 52 1207 53 1157 54 1118 55 1108 56 1136 57 1051 58 1001 59 1034 60 1000 61 965 1 961 2 939 3 901 4 864 5 828 6 820 7 821 8 828 9 779 23 777 36 1194 10 768 11 758 12 722 22 787 21 750 20 717 19 732 18 712 17 737 13 732 15 709 14 741 16 723
1122 7.6065079786545322 45.138558824401926 82.038436944932414 136 156 95 0.65579271470844491 43 1320 49 1256 46 1332 47 1330 48 1285 42 1272 50 1183 51 1197 52 1136 53 1093 54 1054 55 1045 56 1071 57 989 58 952 59 940 60 901 61 854 1 851 2 831 3 796 4 773 5 753 6 742 7 738 8 744 9 701 10 698 11 700 12 655 22 722 21 724 20 684 13 659 15 663 14 672 14 703 16 670
1125 -4.7348173252604173 9.2369725846850468 75.421562127829915 226 228 204 1.5229674167603819 44 1350 46 1360 48 1248 56 1061 54 1088 55 1079
1126 -3.0892609425319484 7.4803985454645954 54.010344904623381 226 228 204 0.82720875926119619 44 1351 46 1361 48 1249
1127 3.4936468003981522 6.4596646059520477 37.791133026242349 112 164 84 0.8897668143017845 43 1276 44 1280 46 1362 42 1306
1129 -11.140384907168821 43.203000167950762 65.930589165682761 118 143 85 0.53383026498253427 43 1307 44 1311 46 1367 47 1376 48 1291 49 1273 50 1261 51 1273 52 1216 53 1164 55 1118 57 1065
1133 -2.7763417502310808 0.062046126042549804 11.177818888625588 85 135 72 1.0200073036976629 45 1393 46 1389 48 1345 49 1326 50 1318 51 1326 52 1272 53 1226 54 1178 55 1168 56 1176 57 1099 58 1052 59 1079
1134 -6.6203722216528051 0.32279458713982973 11.400140930628041 252 249 236 1.8782683325682574 45 1397 46 1394 47 1403 42 1387 41 1390 40 1371 39 1315 38 1248 37 1258 36 1252 35 1193 34 1193 33 1102 32 1098 31 1048 30 1030 29 974 28 873 27 842
1135 0.22759402836440792 -0.44991833401133552 13.088229021502558 65 116 62 0.44104373796359708 43 59 44 59 46 33 49 465 45 542 48 483 42 73 41 65 50 469 40 104 51 488 53 424 54 410 57 3
1136 -2.5813309749539521 0.4076380778945774 11.653563145859835 40 78 39 0.34937977129686554 49 30 44 49 46 44 43 39 45 48 47 37 48 36 42 41 50 34 41 45 39 41 51 27 52 46 53 36 38 61 55 38 37 46 56 20 57 19
1137 -15.440618593217703 62.486634593142277 73.234186652894138 165 172 111 0.32771117679392869 44 1254 46 1263 42 1273 50 1196 40 1236 39 1187 53 1107 38 1140 37 1146 56 1088 36 1142 57 1012 35 1096 26 782 27 754 28 785 29 868 25 721 24 725 22 749
1138 -2.2586639525427876 -0.40731570166505093 9.0684529707093553 175 147 109 0.079745385659058837 49 6 47 2 48 1 50 8
1139 -1.1716219302916511 -0.58945093271292737 9.8693362325395153 253 251 244 0.17822471587247937 46 13 47 5 50 4 37 36
1141 -3.3302200019105697 0.017376061583577712 10.636524952462988 196 195 129 0.15602032052931297 45 20 47 16 37 17 36 23 35 18 40 17 34 42
1142 -2.385827257941791 0.042635146589034167 11.047411996161786 68 129 65 0.064944254663066026 49 21 47 19 48 19 50 18
1143 -2.387470722864633 0.041182197192700193 11.054808446196262 68 129 65 0.071238067258259666 49 22 47 20 48 20
1144 -3.8132384254886071 0.53576113503726708 11.2834985950185 80 139 72 0.23655920846940814 45 40 47 30 48 30 39 26 38 24 33 22 32 25 30 33 29 35
1145 -3.8285217801798734 0.52770943004057291 11.321639673553902 80 139 72 0.2289798165822127 45 41 47 31 48 31 39 27 38 25
1146 -5.8680750045189782 1.1530896331393752 12.608283130494472 74 143 72 0.13435564472115111 45 62 49 50 47 46 48 55 50 56 53 79
1147 -12.33259792469099 3.4718170449407326 23.478433288390388 173 187 111 0.30804092325166077 49 100 47 88 51 121 52 139 53 136
1148 -1.8754932327765834 3.418899648315247 24.955650755998644 91 174 87 0.024066591081714168 49 92 47 99
1150 -14.573336742996478 7.3854539503443526 45.020070292979469 218 225 204 0.089015440145875979 44 134 47 112 45 137 42 138
1155 -11.575079918898076 8.6020097336107924 19.046461481060888 164 197 115 0.15771892927223971 45 604 47 184 41 870
1164 4.4320846470597814 10.667058032937902 22.804633433881133 240 235 222 0.37555520004634169 46 282 47 244 48 217 50 585 51 600 53 514 54 466 55 466 56 475 59 420
1170 -12.053117369720217 13.094259261389034 18.329677978667462 184 154 117 0.30706493799907625 49 279 47 284 48 250
1173 10.202182278573177 22.428048749967687 46.995787758522127 186 156 119 0.088888768774664645 46 338 49 215 47 316 48 247 50 213 51 201 52 164 53 155
1180 -21.824026449450241 45.90092894994774 66.276856016091713 201 199 132 0.088744383724824613 45 352 47 352 48 319 42 319 50 350 40 278 51 369 54 300 58 265 3 213 5 179 15 96
1182 -20.785580764293844 42.266245889681123 66.00932873967939 199 198 131 0.084482148245936473 44 317 47 355 43 304 42 289 41 307 40 281 39 247 38 252 36 192 35 191 33 144 32 132 4 174 30 96 31 99 5 174 6 183 29 102
1183 -0.032144156718044992 43.988464189608173 72.45356911702136 204 201 134 0.05276794512966184 45 368 47 365 48 296 49 293 51 289 50 295 52 278 56 172
1184 8.8677456175219191 50.475729049013793 86.655479696250993 68 121 61 0.17924688853539938 44 379 45 398 46 366 47 367 48 301 42 421 50 276 51 294 52 245 53 200 38 383 35 384 31 305
1189 -9.443326414183506 48.02474454920727 65.923147519540976 60 108 54 0.05168500646466534 45 395 47 386 44 370 42 381 50 357
1195 -35.891833503744408 64.449301033220237 76.432178045320711 70 133 66 0.14669454244682212 43 320 44 333 47 410 39 238 41 330 42 314 38 244 37 177 40 273
1200 4.4026324359332261 86.047451223887563 100.50435909371927 207 203 137 0.097233596567848954 45 469 46 477 47 451 44 448 48 402 40 443 42 456 39 412 37 385 38 392 41 472 36 366 34 334 33 309 32 284
1202 19.557869449112033 88.038185658814143 115.76004064710182 63 117 59 0.1150520434662106 45 473 46 454 47 454 42 478 41 499 39 441 38 426 37 407 36 402 29 254 30 275 32 341
1218 -2.1272224983705557 -0.36182367375139168 9.4815789455571853 237 230 215 0.2411900354133564 49 461 47 515 48 470 50 463 49 765 52 452 53 706 54 413
1219 -2.4806465859363298 -0.35247425991222447 10.528403140858883 116 129 78 0.2620272058397658 46 10 47 516 42 19 41 19
1220 -3.797690070344502 0.20645827509870607 10.913743609420615 199 196 132 0.16661187636777428 43 480 46 521 49 478 47 521 48 487 42 506 44 496 41 522 50 480 40 495 51 515 52 479 53 444 54 433 55 448 56 452 57 419 58 392 59 428 60 433 61 412 1 410 2 387 3 377 4 363 5 365 6 380 7 134
1221 -0.17882386465041669 0.2902878032469568 14.064448813529369 106 171 92 0.18561042145770676 49 484 47 538 48 497 50 491 52 474 53 438 55 15
1222 -6.9751721198225063 2.9356324516282712 18.249673395376462 152 177 106 0.14145516675322287 49 523 47 563 48 104
1223 -9.5627416184070917 3.9972522874576151 21.516536656145281 82 163 81 0.12734456313563491 45 584 46 580 47 570
1224 -13.127041122468633 6.8636702803976384 45.326920255710895 117 167 94 0.63210935755512421 44 595 47 583 48 545 40 572 37 530
1228 -14.98415752046696 8.8752130359929691 50.711373597529786 237 239 216 0.18505866560771467 45 138 47 593 42 595 40 154 38 142
1232 -9.6415002183079306 11.16016515371026 69.149897058018794 218 223 199 0.1096264023563245 45 614 46 608 49 548 47 602 48 560 50 554 51 572 52 547 53 119 54 115 55 116 56 92 57 98
1235 3.9564152863092574 6.0813799053105182 22.288978907224315 71 135 68 0.31941179903222983 46 642 47 609 48 569 49 540 50 538 51 94 55 53 7 4 8 6 9 19 10 16 11 45 12 306 13 328 15 317 14 331 16 512
1238 -11.78362240659979 8.9771657996517931 19.303170868925935 179 194 120 0.067904190943181564 46 618 47 638 48 167
1242 8.013711824530068 37.882755899589881 155.74247990891283 201 203 132 0.14566479808655056 45 679 46 658 49 574 47 656 44 672 48 584 50 582 51 579 52 552 53 512 54 478 56 483
1249 -12.84045218516899 13.974904822088826 19.422416635369832 157 134 95 0.26597752028223937 46 675 47 705 48 679 49 659 50 680
1251 -26.553822449605789 40.351369628213256 72.117964142396346 71 137 69 0.13767264031007434 44 698 45 706 47 711 40 654
1252 -17.855451999530658 34.710975211947733 69.623633318131652 132 161 95 0.14258045264693023 44 680 45 710 47 712 42 675 52 640 57 524 17 372
1264 -67.223796263624351 92.93093124310704 114.62816385328937 88 159 80 0.25518231256202489 44 328 47 750 48 365 50 397 52 418 53 686 54 638 55 651 56 396 36 131 57 354 58 335 34 108
1265 -55.490512503528166 80.467331861780067 101.73648291133932 78 149 75 0.24317542640833667 44 731 49 711 47 751 48 720 50 728 51 742 52 723 56 827
1269 -8.9051113586004522 56.933376775143458 70.331239014279447 57 104 52 0.081963437543533454 44 779 47 772 42 768 41 774 50 715 40 755 38 676 55 591 37 652 56 591 57 530 35 607 58 499 34 584
1273 -2.6795955195398085 0.046667718144853571 10.925846544610465 100 137 77 0.088585628657126478 49 773 47 828 42 834 39 473
1274 -2.694349829686606 0.032254636256930175 10.982499037574298 100 137 77 0.0032110856970784499 46 833 47 829
1275 -2.4641493976348592 0.43061824781007429 11.721707363845686 156 174 109 0.10634910870798878 43 809 47 835
1276 -0.6431118400844712 0.47736504683573666 13.93819451280228 82 160 81 0.12916049057638043 46 554 49 782 47 846 48 496
1277 -3.6591328765694779 2.046331366109027 17.26457066529284 82 165 83 0.26800895343653769 46 870 49 806 47 861 48 823 50 803
1278 -1.1007163098439359 1.7595382055773068 18.292950551337647 86 171 86 0.16436053714905915 49 803 47 867 48 813 50 796 51 815 52 785
1281 -37.017636742785314 32.15488661016326 104.85261756117464 190 192 123 0.11349380273946355 45 902 47 890 46 894 48 868 49 853 41 635 50 843 40 609 51 858 52 832
1283 4.2630544869253377 8.7717859901728144 22.621663155214449 251 248 240 0.27517962448544353 49 841 47 900 48 862 50 823 51 836 52 804 53 736 54 687 55 690 56 685 57 415 58 377 59 412 60 409 61 374 1 369 2 331 3 337 4 299 5 289
1285 5.8129378437902366 10.539132679643068 23.507712206553794 255 255 255 0.73114107438454345 49 602 47 915 54 93
1286 -22.595391220423402 32.540734812348305 77.991502236341802 74 146 73 0.14846967745884723 44 919 46 918 47 920 48 884 49 861 50 854 52 846 53 785 55 759 61 636 1 632 2 632 33 668 35 744 37 791 3 607 4 572 5 561 6 550 7 533 26 528 25 511 10 534 11 540 18 506 13 529 15 498 14 540 16 539 12 529
1287 -14.30448456156857 34.269908897211707 68.329078431114496 68 130 65 0.15782992941655949 46 929 49 874 47 928 45 931 44 941 48 897 50 865 40 909 41 917 42 917 39 857 52 859 53 802 54 762 55 745 56 744 36 820 57 706 59 682
1291 -5.8381955073500293 39.964711736320879 67.307935534109632 203 200 133 0.059003958613612975 46 946 49 893 47 940 48 918 40 957 37 854 31 670 30 628 28 547 25 507 24 503 27 532 23 531 12 485 22 524 21 490 20 482 19 495 18 474 17 489 13 482 14 487 16 496
1292 4.9744768715956678 45.298302038580239 80.22032145859194 62 116 57 0.049686825219602868 45 961 46 957 49 880 47 943 48 920 50 870 51 876 53 772 54 735 55 719
1293 -38.636387317128595 61.923202333808845 78.433420331073961 178 184 119 0.20538853663012516 43 916 47 958 42 925 41 924 40 906 39 624 38 587 34 728 35 524 36 567 33 440 37 552 32 441 31 398 29 371 28 306 26 316
1295 -26.654559826299806 50.435358488864026 68.925231935525261 67 128 64 0.11234464962284881 43 919 49 915 47 961 48 939 50 904 51 923 52 902 53 853 54 810 56 813 57 765 58 703 59 727 60 706 61 661 1 657
1296 -20.928105182406419 48.737975262032293 65.183570550159203 173 182 116 0.155436849284939 43 938 47 962 48 941 42 929 40 918 52 903 54 811 55 807 37 813 33 664 34 753 32 660 31 606
1297 -12.977356273003883 46.944003757476281 64.724695367768717 59 109 55 0.053591724056263494 49 917 47 964 48 943 44 969 42 943 43 940 41 959 40 953 51 912 52 886 53 835 38 863 37 833 56 784 54 795 36 829 58 672 59 700 60 671 61 627 1 624
1298 -21.959381706816412 61.690091881035059 71.855891670763199 170 178 115 0.25200954667274189 43 716 47 980 51 732 52 912
1300 14.186838848561935 102.43694719519031 122.40057497016996 63 119 60 0.26168112884598332 43 999 44 1022 47 999 42 1010 41 1027 40 1017 39 959 38 917 37 905 36 907 33 580 34 645 32 746 31 512 30 489 29 466 28 398 27 386 26 382 25 372 24 358 23 84 22 61 21 67 20 40 12 6 19 41 17 18 14 4 16 1
1302 -23.578962427893931 100.29069047741093 100.03881357953468 67 127 64 0.20711495268971522 43 977 44 1008 49 1077 47 1007 42 987 41 996 50 944 50 1052 40 980 39 916 51 1071 52 932 53 869 38 888 54 830 55 821 37 863 56 824 56 936 36 841 57 769 35 591 58 709 34 578 59 731 60 700 61 646 1 642 2 624 33 696 32 480 31 441 3 595 4 551 30 415 6 519 29 396 7 351 28 330 8 377 27 42 9 331 26 31 25 27 10 331 11 314 12 33 20 2 13 36 20 3 25 28 26 32 15 15
1305 0.1350860748013146 3.0680680798484405 29.476250812869583 158 189 110 0.93689325647508248 49 811 47 1050 50 805 52 505 53 63
1307 -20.751419696299884 28.524319661528562 84.850009046121016 147 176 103 0.33890263096709772 43 1050 44 1059 45 1074 47 1067 42 1062 39 1003 33 843
1311 6.5304161564597791 45.572046623250387 83.939002935575829 188 188 124 0.18993297812490478 46 1084 49 1026 47 1086 45 1094 44 1088 48 1062 50 1009 51 1025 52 990 53 931 54 889 55 884 56 883 57 832 58 781 59 809 3 689
1313 15.066000285758616 72.949926392074047 103.41504774189416 173 176 116 0.37431981865695524 49 1042 47 1106 48 1078 42 1126 50 1023 52 1000
1315 4.2152334647553049 73.096043421850496 90.060172486881996 197 195 131 0.16578320686251349 45 1112 47 1113 42 1124 44 1113 41 1127 50 1033 49 1060 39 1055 52 1009 51 1050 53 949 54 911 55 904 56 905 57 849 58 795 59 823
1316 9.3011330817455313 82.293577980859908 101.11919085678356 78 121 65 0.36571391699641742 43 1107 47 1118 51 1051 54 768 55 768 57 700 58 639
1319 -3.37626080760672 -0.23164407898336953 9.4156182986925216 144 120 86 0.075411265325113622 49 1085 47 1132 48 1108 50 1067 51 1082
1320 -1.4308360320724536 -0.48380582622917478 9.942209728059666 144 121 91 0.19736723011171189 49 1087 47 1136 48 1111 50 1061 51 1079
1321 -3.4715548301710313 0.070785666202822672 10.589614067511112 154 166 106 1.2159822736912123 49 1090 47 1137 48 1112 60 859 58 852
1323 -32.051509457759558 16.439303458214926 78.242058231204339 103 155 83 0.76038468024360806 49 1007 47 1151 48 1125 44 1147 55 891 56 900 58 664 59 512
1328 -16.595516063056145 16.906175649537456 25.733230167091538 165 141 102 0.31343833988498426 46 1066 49 1120 47 1165 48 1136 50 1100
1340 -4.653288213330697 4.9463212584976937 13.967978356473312 225 230 206 1.3965132432766882 49 1104 47 1249
1350 -33.172668877087524 40.855199235260919 78.502118121033078 78 144 73 0.25308638694986613 45 1311 46 1308 49 1259 47 1316 48 1269 50 1251 51 1262 52 1212 53 1172
1352 -2.991771760992874 0.87592978041580327 12.54681069989719 89 152 80 0.12894603824688758 49 1221 47 1366
1355 2.9281380626544808 3.0237177249078093 24.478205975890493 153 153 152 0.34455779690742705 43 1045 49 812 49 995 46 1044 47 871 48 825 41 1074 51 988 52 788 53 900 56 856 57 803 60 754 61 718 1 714 2 691 3 752 4 643 5 622 6 615 7 606 8 629 9 603 10 597 11 587 12 500
1356 2.9980363297514399 35.723039383827143 113.85726343320285 45 87 43 0.14853360535485621 46 669 49 596 43 666 45 695 44 689 47 673 48 609 42 714 41 721 40 727
1357 -3.1303346023709566 0.10623936911573072 10.87276267572336 65 123 62 0.1573345163400309 45 839 46 831 47 827 49 772 43 797 44 838 48 783 42 833 41 828 50 777 40 817 39 772 51 799 52 770 53 717 38 751 54 669 55 676 37 733 56 672 36 744 35 465 34 442 32 412
1359 -47.337617990712495 84.134302590525522 88.947772989006353 71 138 69 0.49684746198606011 43 1245 45 1276 44 1247 46 1264 48 1229 41 1223 50 1200 40 1188 39 1139 38 1085 37 1080 36 1081
1360 -7.8890685426988139 0.81303973345729474 12.069224691909223 254 252 240 2.1329874512235283 45 512 47 1034 53 909
1361 -2.4762640355181982 -0.36727245337315018 9.5505543679844926 134 108 68 0.094434306660221456 49 7 48 7 51 3
1362 -2.2535824601500014 -0.35885998557319987 9.8726811109688182 172 147 108 0.42240070452586681 49 462 48 8 50 10 51 481 52 460 53 428 54 6
1363 -3.3545529830509278 0.0024777717091681029 10.692580273556313 196 194 129 0.12558819880548702 49 16 48 14 50 28 51 21 52 23 53 32 54 25 55 34 57 35 58 51 59 51
1364 -2.5424948329703598 0.18701645046146512 11.164156866781271 69 132 67 0.18876354040884033 49 29 48 15 42 37 41 37 50 32 39 46 52 29 53 24 51 505 38 44 54 30 55 25 37 43 56 18 36 46 57 18 35 53 40 505 58 37 34 61 33 49 32 44
1365 -2.0288955446039547 -0.22518611493046364 10.858993189465656 69 111 57 0.029533241005821779 47 21 48 16 41 36
1366 -2.1705717626363992 -0.1316585531501181 10.951299797089543 198 196 132 0.12862217565979331 44 29 48 17 50 20 52 15 36 50
1367 -0.91171694210226295 0.027420981350508855 12.334478669626224 153 170 107 0.28999499247204247 43 53 48 22 51 17
1368 -4.9092654050095863 0.30807501247987262 11.116693380567089 67 128 64 0.15878579713094085 46 17 48 27 56 49
1370 -5.7439212737025027 1.4772299259887935 13.296917447628289 191 193 127 0.12471616701434736 45 65 48 58 50 68 53 86
1371 -5.0498351221753568 1.3757641687007629 13.055093152375431 81 150 77 0.11244469255833835 47 52 48 61 53 83 55 84 56 65 58 84
1372 -4.2470455836372665 1.5820406568844492 14.231451909498217 82 160 81 0.13024595418829618 44 76 47 71 48 66
1375 -5.1911478651636074 2.4944757737613616 18.320066255733167 174 186 117 0.042124827906264914 46 97 48 80
1376 -5.1911478651636074 2.4944757737613616 18.320066255733167 174 186 117 0.042124827906264914 46 96 48 81
1377 -11.953606935746931 3.1898305037893846 22.328953411270827 140 176 95 0.25898909750375526 46 85 48 99 51 118
1386 -0.36369332721992864 3.9833745129251903 0.32739270661773817 177 187 118 1.3568089425673513 49 206 48 184
1387 -0.36369332721992864 3.9833745129251903 0.32739270661773817 177 187 118 1.3568089425673513 49 205 48 185
1388 -13.468932750762903 27.60274201991389 104.91477180548803 169 173 109 0.087565826634545318 44 200 45 233 48 188 42 252 41 236 43 202 40 236 39 223 38 217
1392 -26.452985472945667 39.571609314741721 73.17943537385824 72 139 70 0.15204312637970124 46 292 47 292 48 257 42 266
1393 -19.942752233505335 35.60038164742511 70.057965592165388 72 138 69 0.10898939690129002 43 247 47 295 48 260 41 266 39 211 55 236 57 228 59 230 60 229 61 215 54 245 1 213 2 185 8 165 9 168 10 180 19 155 13 157 14 168
1395 10.860465327504102 26.965828704243577 54.047023079713846 188 159 123 0.097025078558866398 44 355 45 378 48 278 42 400
1396 10.860465327504102 26.965828704243577 54.047023079713846 188 159 123 0.097025078558866398 44 356 45 377 48 279 42 401
1402 -41.998146842008325 59.521417322203774 81.932179426960474 191 193 125 0.083851909572925029 45 329 49 343 48 337 54 337 55 357 53 354 51 398 57 327 58 315 56 361 59 347 60 355 61 308 1 304
1403 -41.97480587091885 59.48617207055063 81.883663197794476 191 193 125 0.087361791735879948 45 330 49 344 48 338 52 383 51 399 57 328 55 358 56 362 53 355 58 316 59 346 60 356 61 309 1 305
1404 -5.2787070736772339 52.800723484985873 70.59928945778239 208 204 137 0.14306780481272938 44 403 47 388 48 356 43 389 41 414 50 359 49 354 40 378 39 361 52 346 53 290 38 346 37 316 36 302 59 174 2 120 4 96 12 49 9 53 20 46 21 72 25 81 17 49 14 28
1418 -3.0490065992452426 -0.60386670641699247 9.0743140301039329 185 155 118 0.60855163601943585 49 451 48 454 50 766 54 416 58 593
1419 -2.2340387527996191 -0.49717881542052356 8.9140783227500844 231 189 141 0.19808646296946736 49 453 48 458 50 456 51 781 52 758
1423 -11.557836763805032 6.0823362903317939 31.853516303995722 112 180 94 0.77810815954493262 44 594 45 593 48 544 42 117
1424 -3.0279515203943577 4.746671228797001 27.62455287163386 102 179 89 1.6081488451507855 45 596 48 546 50 84 51 86
1426 -12.248983082093783 8.2301017215342185 18.111111052645104 78 153 77 0.17232603838492216 47 611 49 850 48 588 50 839
1429 -21.732152600597473 28.639480006690285 93.053899322500939 77 151 76 0.17358341040154421 45 657 48 598 51 627 49 591 53 562 54 522 55 528 56 528 57 496 58 466 60 503
1432 5.6710978451555496 9.9617462364239042 23.874180244955653 255 255 255 1.298422277115338 45 927 47 679 48 612 50 586 53 110 50 130
1438 5.6941371974516768 43.676220951362332 83.132523533118729 64 122 60 0.12029314774981832 46 728 49 654 48 677 45 745 47 731 50 640 51 653 52 607 53 567 54 528 55 516 56 516 57 467 58 437 59 450 60 451 61 422 1 420 2 379 3 357 4 327 5 324 6 328 7 313 9 322 8 355 10 321 11 319 12 330 13 330 14 335 15 303 17 344 18 370 16 349
1441 -30.970985901033821 54.77246966054215 71.864608975638191 67 127 63 0.098823815139461271 45 736 49 712 48 704 41 706 44 734 50 708 51 727 52 714 53 667 56 635 57 583 58 547 59 564 60 542 61 498 1 497 2 485 3 448 5 416 6 404 8 432 9 391 7 400 10 371 13 360 11 394
1443 -17.341670533558393 53.236695556549577 67.092549103648537 199 197 132 0.038741133665064771 45 754 48 725 51 733
1444 -17.341670533558393 53.236695556549577 67.092549103648537 199 197 132 0.038741133665064771 45 755 48 726 51 734
1445 7.5873929569728693 69.477788162593257 90.084764525004942 87 122 68 0.066988668969005016 44 800 48 734 50 701 53 635
1446 3.4138157784312555 69.08439212047135 86.089655232371271 195 193 129 0.14686738649508208 44 799 48 736 40 773 42 805 38 719 61 98 1 96
1452 -4.7913707816831907 1.0230594377176421 12.348700317305255 75 146 74 0.11256259497183511 49 797 48 793 50 791 51 812 52 790 53 724 54 683 55 686 57 653 58 612
1460 -13.063104116443792 12.923261678218664 18.365650021713993 252 248 238 0.46454553427114681 47 704 49 883 48 894
1463 -20.903652451395903 57.190780505835711 68.849280984121435 60 111 55 0.19706573947162673 43 952 48 955 41 958 51 937 53 861 54 819 57 751 59 728 61 643 1 639 2 639 5 542 7 519 8 544 9 359 11 346 12 336 18 300 17 295 13 324 15 294 14 327 16 303
1465 -1.7164995195745119 -0.32942894463851602 10.008953418936482 255 255 246 0.50864318165214095 49 977 48 1004 50 960 51 975 52 947 53 890 54 846 55 665 54 659 56 663 57 381 59 8
1466 -4.8144237637203808 0.98779094809433032 12.408944242146395 75 146 74 0.16156387546687895 44 1031 48 1015 42 1027 40 1030 39 970 37 924 36 918 35 871
1473 -4.5618632046693639 4.9466353250059232 13.969314975975758 253 254 235 2.4788298960818413 47 1248 49 1103 48 1120
1474 0.11907115167238283 5.3898317004332119 1.1443774161249323 172 175 116 1.812774935778438 45 1191 48 1151
1477 -6.3917925655194034 0.6887073062642517 11.398356945318838 125 157 91 1.4416382469830347 46 1196 48 1167 58 954 53 1123 60 954 61 915 1 911
1491 -8.8158703695496126 4.0757555858338961 22.85230394590991 174 182 113 0.18694584460254676 49 105 45 113 44 114 48 115 43 104 46 114 47 92
1492 -12.548466560318079 4.7031283264594297 25.197625828978861 149 185 104 0.62430111381629083 43 830 45 877 44 876 46 876 47 1056 46 1042 48 1027 49 826 45 583 52 812
1493 -3.198711112639288 116.75325647943066 122.57786781288554 206 204 137 0.13911977296333963 43 781 45 826 44 826 46 815 48 432 49 432 47 495 42 817 41 799 50 410 40 781 39 739 51 422 52 396 53 363 38 713 54 333 55 329 36 694 35 636 34 312 37 366 33 275 32 241 31 210 30 159 29 139
1495 -4.6132503867310826 0.61893960926419345 11.630614002871519 69 133 67 0.29586068756444484 43 805 47 1031 48 1014 45 843 44 843 50 966 40 816 51 985
1496 -23.547778416834948 13.055667655409824 67.156576738457062 53 101 50 1.3671253474088148 46 1205 49 1151 47 1210 45 1157 48 1214 47 1250 49 1191 50 1142 51 1159 52 1095 53 994 54 882 54 1053 55 722 55 996
1499 -12.279992310656654 6.1207832447606014 21.819560006669885 136 138 124 0.92060883776155944 45 1403 47 1407 49 1338 48 1358 50 1331 51 1341
1500 -7.3306950720772042 0.59688729846077493 12.052831437974062 248 247 235 1.6445133868953639 44 20 42 12 39 0 36 0 34 1 33 0 32 391 31 0
1501 -2.5129190634577694 -0.13516817512759144 10.669432179584703 188 184 123 0.06148620025842462 46 23 42 20
1502 -5.2216482542283664 1.033276574293915 12.27549917149846 180 187 122 0.068577147950044479 43 32 42 32 41 27 40 31
1503 -1.7622946427126185 -0.16155546462576348 11.207429473647343 165 168 110 0.21104576185201671 45 32 42 43 50 22 54 19 37 52 36 64
1504 -0.85013559930149452 0.38250870129281728 13.184477162426617 81 139 73 0.097342771245687867 44 68 42 69 38 102 36 94 33 129
1506 -7.5570898013030359 2.9183907419579809 18.341595715576492 90 168 85 0.096329880808445623 45 93 42 79
1511 -2.0893487885484432 2.5567161789459987 20.919895574383993 87 165 84 0.19119353689006263 46 120 42 142 40 138 39 137
1519 -2.3731152209650928 5.7037180448823781 44.436394249312748 227 231 210 1.4053291415696703 45 176 42 197 41 181 40 217
1533 -14.604006406676564 45.917375506550385 64.16688114850912 192 193 128 0.10190034688261496 49 347 42 347 50 351 51 332 55 317 36 252 57 253 58 216 34 221 4 146 3 155
1554 12.453175184224145 71.97355591803192 96.375356209007734 60 107 54 0.11624153872282275 43 438 46 449 42 464 40 452 32 315
1559 19.68784560625625 88.613314996888519 116.50539756274425 63 115 58 0.07775520421084009 46 455 47 455 42 479 41 500 39 442 37 408 29 255 30 276
1565 -5.0108023426422275 1.8579891893661613 14.960052031307786 81 159 80 0.16480270185063919 47 554 42 550 41 564 52 516 53 485
1566 -17.443538220060862 5.9233703996616462 32.625787964565269 208 213 191 0.74518283706348043 43 533 44 577 42 559 41 570 40 540 37 60 36 56 35 42 34 52
1567 -8.7691932547006299 3.6966194178991483 20.843608929118954 170 185 114 0.13449220679261822 44 560 42 560 41 571 40 542 43 831 39 510 38 493
1571 -7.1855428415153701 3.8546762626510689 22.447153952308668 85 172 85 0.10331414360832566 44 582 42 579
1572 -4.2583919699370378 2.7880357620112188 19.923052222025557 87 169 85 0.21961906664807324 43 556 45 589 42 581 41 588 40 554
1579 -72.236373886127055 49.119384419992343 138.75363563773556 182 184 119 0.1190711492323745 44 620 46 646 42 617 40 586 41 611 39 552 38 536 37 752 36 507 35 710 34 480 33 643 32 628 31 592 30 576 29 565 28 337
1580 -72.044856753947244 48.964556615763527 138.33077497405327 182 184 119 0.10805573065322766 44 619 45 649 42 618 46 645 41 612 40 587 39 553 38 537 36 508 34 481 29 566
1593 -17.090113213843427 37.933469444078447 64.895172636868764 182 189 122 0.055810134872038016 48 680 42 701 49 664 52 662
1596 -0.88305279848664864 34.281741880154271 88.887421462063585 63 121 60 0.15239401903014904 48 636 42 713 41 719 40 943
1601 -4.1205285786951489 48.993168676237012 68.842234829606582 59 107 53 0.10948456428611983 44 760 45 763 42 752 40 758 53 632 54 564 37 656
1603 -6.8909969438587719 53.934307022542214 69.701195270135926 194 194 130 0.11330460881755489 47 775 42 770 50 700 51 715 38 689 37 653 36 665
1604 -6.90315288405783 53.990363328792753 69.742382223389427 194 194 130 0.11048935737654575 47 776 42 771 51 716 37 654
1608 -0.20173319773622866 57.797350179512392 75.934106748717255 168 175 113 0.12366458374315101 46 770 42 789 41 776 26 98
1610 1.5797812587898701 6.7344474881442524 3.3994526101533169 99 144 79 2.9068844711803949 45 803 42 800
1613 -2.5108782805630079 0.32773499689765262 11.472454887292672 66 128 64 0.28559975439422519 49 780 42 840 41 835 50 778 40 825 39 779 51 801 52 774 38 758 54 671 37 740 56 673 36 747 35 702 34 698 33 633 32 434 31 406 30 398 29 392 28 356 27 342 26 377
1614 -3.3485116502909831 0.76543792172213487 12.102913876727317 155 174 108 0.23080386406470449 43 806 42 844 41 842 40 823 39 776 37 738 36 457
1615 -1.1834914041514089 0.3791002458535071 12.769877832120326 156 171 108 0.24307866382398788 43 816 42 857 41 853 40 535 39 514 37 750 36 762 35 506 34 505 32 467 30 428 28 382 27 380
1616 -2.1582905760837083 1.4800872598290398 15.666554702571851 79 156 78 0.16122448808868189 46 858 42 864 40 847 38 773 36 520
1617 -3.8929214960873089 3.1765293868409064 22.067480476489802 85 171 85 0.21001918844024597 43 839 45 879 42 868 39 805 41 873 40 857 38 790 37 531
1619 -12.081075218234737 10.933024324972617 18.698263336117009 243 240 233 0.4215747177497724 49 858 42 876 41 874 50 860 40 852 39 793 38 766 37 744 56 799 36 749 57 759 35 700 58 713 34 433 59 736 60 719 61 512 1 511 2 498 33 395 32 396 31 370 3 465 4 443 30 340 7 234
1626 -17.044527304657571 41.575567247653709 64.771872992470279 199 198 131 0.069005547375126222 45 947 42 932 41 932 40 920 39 879 41 1091 38 831 37 815 2 618 3 602 4 562 5 540 6 536 7 517 8 550 9 524 10 507 11 509 12 498 18 464 21 477 17 492 13 499 15 458 14 505 16 499
1636 7.0752931998560511 51.276376741262069 83.65843664850486 153 161 103 0.35119959648718924 49 895 42 981 50 881 36 890 11 308 6 315 7 309 8 352 4 329 12 309
1637 16.598068281001723 42.385451344176694 77.995183474187385 245 243 230 0.23378702570478313 46 1086 42 984 47 1090 41 1010 39 949 38 924 37 911 36 910 35 679 34 670 33 364 32 362 31 347
1638 13.938425596408104 64.214337298759318 94.832344946154521 59 107 53 0.21595734741861777 47 973 42 995 41 1019 40 1011 39 954 38 921 36 900 35 854 33 770 30 679 29 649 27 565 23 538 22 375 21 344 20 342 18 331 12 19 17 300 15 267 14 302
1658 -2.186072704465444 -0.85964534304997919 9.4118569843373816 181 149 112 0.4683195781557758 43 1010 42 1138 41 1140 40 1114 39 1065 38 1022 37 1003 36 917 35 873 34 968 33 810 32 892 31 759 30 724 29 709 28 649 26 655
1660 1.0522482757872873 0.87984190843002308 20.547961138176472 238 239 222 0.35648680192267174 44 1138 42 1155 41 1157 39 997 38 962 36 971 37 1029 35 921 34 928 33 859 32 714 33 721 31 692
1664 -13.536279336681392 49.64116388128366 66.091948192093653 196 195 130 0.066116477034525833 45 1187 42 1180 51 1129 53 1023 54 977
1665 -25.125123502739687 70.032346191364752 78.837017659564609 175 185 119 0.42361882376178556 46 1187 42 1184 41 1190 38 1049 37 1032
1671 1.2575979358274325 88.632954241511982 100.24799607394857 64 121 61 0.12210591778870712 49 1175 42 1239 52 1114 37 1100
1672 1.4394368440432133 83.893830751627434 95.111704415994524 64 121 61 0.69713908006604342 49 1176 42 1240 52 1115 56 985 57 916 58 871 59 898 60 868 61 821 1 816
1674 -23.689114726567578 22.770496955416696 33.491698031582608 0 0 0 1.1574572189868639 45 1263 46 1256 42 1253
1676 -23.14432970174067 51.307293084053171 67.780458733085823 162 177 111 0.21535038694654329 45 1270 42 1264 40 1230 39 1182 52 1154 53 1104 38 1129 58 968 1 916 61 920 2 906 3 864 4 832
1688 0.35454286573958765 4.8191390665119043 21.256245189097129 228 230 207 0.86365248826619201 47 1370 42 1381
1692 -3.1262938418517923 40.152552876374067 70.824974204674177 130 131 86 0.073747241198821936 49 288 47 331 48 288 42 355 43 329 46 327 44 339 41 380
1694 -44.977550218917038 109.74176972239192 107.23991362507937 70 136 68 0.22719719476222089 43 727 45 790 44 790 42 759 49 964 46 999 47 1004 48 988 41 758 50 951 40 733 39 662 51 964 52 940 53 882 38 652 54 835 55 840 37 606 56 837 57 787 58 735 59 585 60 562 61 504 1 503 2 488 3 453 4 418 5 403 6 391 7 383 8 413 10 91 12 63 14 46 15 42 20 11
1695 -39.948158037763214 63.728366461787012 80.787469773790349 178 185 119 0.28634462910012554 43 917 47 959 42 924 49 926 45 734 44 733 41 925 50 707 40 907 39 623 51 934 52 919 38 588 54 826 55 827 56 643 36 568 57 775 35 525 34 729 59 582 60 724 61 519 1 518 33 441 37 551 32 442 4 434 5 433 29 372 12 160 14 134 15 102 16 108
1696 -28.24712250894666 73.205247521370708 79.325195855693437 44 83 42 0.065156033292186652 49 942 45 983 44 980 42 959 43 966 46 986 41 955 50 931 40 948 51 946 52 922 53 868 54 828 55 831 56 823 57 777 58 720
1699 -2.3795243719869013 -0.62271605660508167 9.0645430930684388 255 255 237 0.6433411464200367 42 3 41 6 40 9 39 6 38 12 37 5 36 7 35 6 34 17
1700 -4.7110459899340782 0.45880687968389611 10.990876070836784 69 134 67 0.18552978415374366 42 14 41 13 40 12
1701 -3.8253267180004622 0.35821093727739944 11.015436548219274 68 130 65 0.13228305769698093 43 19 41 14 38 22 37 12 36 18 35 14 34 39
1702 -3.8253267180004622 0.35821093727739944 11.015436548219274 68 130 65 0.13228305769698093 43 20 41 15 38 23 37 13 36 19 35 15 34 40
1703 -3.3274775943738595 0.01970485105477035 10.638436455421759 179 179 119 0.084980640220584144 43 18 41 18 40 16 38 21 37 16 36 22
1704 -1.1585534104267736 -0.53639513558903762 9.9859394423383083 141 115 79 0.060961362548931933 42 23 41 21 39 31 38 465 37 53
1705 -3.004403467119622 0.11262287155563236 10.936204274752255 63 120 60 0.019708989321783502 42 18 41 31 40 34
1706 -2.0029719251817988 -0.15915574469720095 11.002525107122585 179 177 117 0.16732328195180632 42 42 41 39 38 50 36 53 34 71 33 55 32 63 30 86 26 132
1707 -5.8603709327952327 1.6501082734077688 13.751312204236418 184 191 123 0.0085689720315109408 43 48 41 41
1710 -5.5763513741250366 2.3804295174600276 16.699722224170301 177 187 118 0.1285086310894209 43 82 44 97 41 75 40 83 39 74 38 72 37 65
1711 -4.0070070930823007 2.0206695908022563 16.192341512371417 82 165 83 0.19941704923994469 48 78 41 79
1712 0.0023803416343514475 0.38360977936090956 14.40986682396726 76 146 74 0.16449145981210078 43 73 41 90 40 119 39 114 38 122 37 125 36 154 35 150 34 181 33 160 31 206
1713 0.35612136069622413 -0.05325218432115314 14.284215753042677 78 150 75 0.16634256912467466 42 74 43 74 41 91 40 121 44 72 39 101 38 124 37 128 36 156 35 151 34 184 33 192 32 176 31 209
1714 -8.7518144050493998 4.1593784333554913 23.323417765918386 87 173 86 0.047668682253183714 45 114 41 102 40 108
1715 -6.3274296695298364 3.5836316640099137 22.598763334089355 87 174 87 0.11006567182189797 45 120 46 119 41 106
1716 -2.7501647038393164 2.0538542491150542 17.659252578183867 179 186 118 0.13909649134285568 42 122 45 102 41 110 40 114 38 114 39 112 36 120
1717 -0.43589054169056263 0.770797556387122 15.16800572370625 76 148 75 0.054093303028704846 42 100 43 95 41 114
1718 1.0240830085573553 0.18276145354529996 15.27794808803867 248 247 232 1.7151774390967582 44 88 41 116 39 118 37 152
1719 -10.32146124872215 8.9403956409270489 54.129282804201118 124 99 59 0.11032962404448855 44 158 45 170 46 160 41 151 40 181 39 158
1720 -10.244258247284224 8.8073626645471581 59.39104533034574 224 227 203 0.23506214428482775 47 116 41 152 40 183 39 578 37 564
1721 -2.5349771169771032 4.661091648346412 27.590535759395042 95 180 93 1.2231291268281854 47 585 41 153 46 146 40 187
1722 1.242615374095005 1.7286247458036192 24.281508242764261 217 220 196 1.6557484954647033 43 572 41 159 40 196
1723 -1.0703352218309465 4.6500432894551205 32.667160334991337 130 176 108 0.80534816167318068 43 155 41 180 40 191
1724 0.33705567936705227 3.4560486504394436 33.910544687921472 89 172 82 0.21697448741681866 43 156 41 183 40 193 39 196 38 228 36 236 35 249
1725 -26.836241104518166 28.347722919765605 100.08413442396316 167 169 106 0.085001542101193941 49 172 41 206 36 172
1727 -29.738995453113095 33.783679525244807 46.915687719019068 186 156 119 0.27138261644245665 44 271 41 220 50 340
1729 -13.440364193646417 27.501828514597189 104.56689285438826 165 167 105 0.12725172797029374 45 234 41 237 46 225 47 206 48 189 39 222 40 235 36 231 35 244 34 241 33 248 32 229
1731 -24.691585793392083 43.497083708060821 68.797359958820635 73 142 70 0.12672375814608375 42 288 47 327 41 262 48 312 50 319 40 250 43 279 51 325 56 300 36 190 57 281 58 262 34 159 61 243 1 240 2 229 32 99 3 212 4 203 5 201 6 188 8 175 11 147 15 114 14 126
1732 3.4001259433941979 6.4312195917384107 21.639617459031491 144 171 104 0.45776782078225664 49 117 41 289 52 93
1733 -25.953209134846269 57.868811874242297 70.791714495668742 158 175 109 0.11127206883829015 46 378 48 366 41 334 58 294 60 302
1734 -8.7085052152635907 46.404798413384071 65.549656428041203 61 116 58 0.025376044736964126 46 388 47 383 41 373
1737 -7.5429454942826961 53.061440390878744 69.108483983472212 76 122 64 0.17935036730902487 42 386 46 412 41 412 39 359
1738 -4.1507020986736443 48.859902323960014 68.623637036923753 61 108 54 0.13674331345776999 48 355 41 416 38 348 52 310 55 247 56 215 57 196 35 319 34 286 59 172 61 123 1 121 31 218 4 93 30 165 6 78 7 63 8 58 24 84 10 55 9 52 11 63 21 74 20 71 13 56 16 56
1739 -0.37211417970206095 44.208359950061862 71.441745825783059 57 106 52 0.11834441020009866 46 362 41 418 48 328 35 323 33 289 36 308 32 255 29 204 25 126
1742 1.686069781510326 58.302517506558466 77.79992964114993 58 106 53 0.06773115715634484 42 433 47 421 41 453 40 426
1744 5.3504842916188293 69.290128539870551 88.117629719034994 63 117 59 0.093928658331360021 43 432 44 425 45 443 47 425 41 474 46 445 40 432 39 408 35 382
1745 6.9326920516394095 73.867165882227269 92.625254339863687 63 117 59 0.13670947173578607 43 433 45 444 41 475 46 446 39 413 53 296 49 384 38 396
1749 -3.2541520307324956 0.083308012441958512 10.715319605578063 64 117 59 0.045319491295728272 43 482 41 524 34 44
1750 -1.6490963166404315 -0.47866826862646061 9.6378291406286127 185 155 118 0.34385436299865674 42 502 41 526 40 497 39 474 38 454 37 460 36 445 35 467 34 459 33 411 32 423 31 412 30 53 29 85 28 83
1751 -5.9435486244427302 1.6727803988085337 13.855465388658679 182 191 122 0.1903948709023357 42 531 43 511 41 544 40 514 39 32 38 37 37 27 36 14 35 32 34 31
1752 -0.87872040422540398 -0.10630778013271974 12.230141613529218 58 109 53 0.1483171259258157 42 545 41 558 40 534 39 515 38 497 43 503 37 505 36 503 35 507 34 506 33 458 32 469
1754 -11.861213804843359 6.6755951532841458 18.62326892353305 99 147 80 0.16426538107168012 42 573 43 551 41 569 40 835 39 780 38 466 37 461 36 449 35 461 34 439 33 400 32 401 31 376 30 346 29 348 28 294 27 295 26 309 25 470 24 309 23 501 22 501 21 485 20 480 19 504 18 497 17 528
1755 -1.2058421795046186 0.98486532766294321 14.747354572827241 189 188 124 0.2394200124987633 42 567 43 528 41 577 40 556 39 526 38 527 37 516 35 519 34 524 33 473 32 477 31 449 30 442
1756 -0.80452038454788388 0.61734638790320617 13.933767784031195 184 186 123 0.24707836526300156 43 529 41 578 40 547
1757 -0.20603426027380853 0.29616675058321129 14.100526841335022 97 142 78 0.20320274034926902 43 531 41 580 39 528 37 519 36 541
1758 -0.49828713759958787 1.2014762938360768 16.731025070993148 79 156 79 0.21112575028780173 43 545 41 592 40 580 39 546 38 547 37 535 36 557 35 179 34 177 32 172
1759 -14.387588909185123 9.5132005035032066 53.642111823900898 127 109 68 0.2038438498578076 44 157 41 621 38 146
1761 -29.873404911135179 28.698465396618793 105.35898970994354 119 149 83 0.15900583536358029 46 652 41 636 38 570 58 476
1763 2.276821809731095 3.9576806852624369 23.676914566530243 130 175 104 0.37011983005166899 42 887 43 867 41 667 40 664 39 621
1764 -48.974221681943781 57.330631059721711 86.5427048783842 166 179 108 0.17457327373299375 43 238 46 319 41 672 38 549 36 525 35 512 34 490 33 425
1765 -13.797685680172453 32.538416120301591 71.142601421256302 90 137 73 0.067077399254865805 42 678 43 661 44 682 41 693 45 688 40 671 39 633 37 595 36 613 34 568 35 583 32 492 31 459 30 439 28 377 9 386
1767 3.9772484843081606 8.3802275852695107 22.330501123912079 131 153 92 0.2268195811457332 48 586 41 722 49 578 39 312 52 540 38 337 55 458 56 464 36 317 57 413 60 408 61 372 1 367 33 322 3 336 4 2 5 290 6 294 7 286 8 339
1769 -13.959942832356187 46.461853510340923 64.309040785009429 70 124 63 0.031764514553822738 44 741 45 756 41 746 46 748 51 711
1770 -14.077949005981711 46.784826909307533 64.773754564804435 70 124 63 0.053258145760477049 44 742 41 747 50 699 56 588
1771 -7.1193038075984427 45.602564509173895 66.086813527816247 61 112 56 0.052641671118652117 44 758 41 751 45 761 52 668
1773 -3.6976313654500474 81.881250307189561 90.476418135668865 160 174 110 0.21462903144769011 43 766 48 971 41 800 34 614 35 637 33 536
1774 7.6278265007534261 69.919211420630347 90.666540439571136 93 128 72 0.11398987742755291 45 804 46 792 41 804 40 785 39 747 54 569
1775 -4.8379077473054837 0.99247089089539464 12.456989840549062 75 147 75 0.099976740915523415 44 844 41 832
1776 0.47911630507059888 -0.27671836333234129 13.202531108653474 72 126 63 0.7158824487574097 42 555 41 861 40 548 39 798 38 532 37 520 36 542 35 542 34 544 33 191 32 683 31 486 30 217
1777 -1.2480092563014229 2.7583456882092001 22.115071380128118 173 182 114 0.2265266152958931 43 846 44 877 41 880 40 868
1778 -0.96760989961351984 2.7849248593969689 24.690374146850523 81 164 82 0.20502627371067741 42 873 43 848 41 881 40 869 39 825 38 803
1779 -0.16989697848475255 2.4512177144922593 24.142382973296648 81 163 80 0.34283294552832644 42 874 43 847 41 882 44 878 39 826 40 881 38 809 37 796
1780 2.2396361273156091 1.5390458668926641 24.844176521430686 255 255 255 0.70167957002171466 43 129 40 619
1782 8.9118127846474007 42.478022343334807 97.364658743737039 192 190 125 0.071084041115977284 47 934 41 970 48 893 49 867 50 848 51 632 54 712
1785 -0.58403328544487543 -0.95503327809540617 11.31461967888915 255 255 255 0.82476259619432224 42 1148 41 1046 37 937
1786 -0.47215106154054554 -0.38536439644872134 11.757846432866646 252 249 236 0.49859828537473766 42 847 41 1051 40 833 39 981 38 498 39 64 57 2 59 3 33 475 32 118 30 156
1787 -12.1607682547689 5.1988972183068221 20.706896613316534 226 226 208 0.2213811491261185 43 1031 44 1139 41 1055 40 1038 39 976 38 936 37 928 36 921 34 879 33 805 29 699
1788 0.28559294037434807 0.17131631544061915 15.002700849530511 182 188 121 0.38342328278475785 42 1035 43 1027 41 1056 40 1048 39 991 38 951 37 946 36 1036 35 905 34 908 33 844 31 657 30 649 29 632 28 585 26 238
1790 -18.262973179426361 18.311968306874487 30.842695259976775 0 0 0 0.99095272315600924 41 1069 37 1014 31 845 30 817 29 696
1791 -64.791199005326675 86.013161167365169 118.17175513119436 83 169 82 0.37746209547367027 48 1072 49 1056 41 1078 50 1038 40 1064 51 1052 52 1026 32 795 31 857 30 824 29 775
1794 -4.8864600083093119 0.91953288628365804 11.978526428808657 158 179 111 0.25616360819858608 42 1143 41 1144 40 1116 39 1066 38 1023 35 870 34 875 33 808 32 781 31 755
1795 -12.452991444000487 10.424171134707114 21.368306022685566 253 254 238 0.36963396178190638 43 1043 41 1155 34 969
1796 -33.462551063503362 38.4806052289359 58.484986322685444 88 149 75 0.51166719330535082 45 1174 41 1171 39 1130
1798 1.6776886351788931 6.3344026143236078 3.5344723145956793 178 185 121 1.5956283053305664 44 1181 41 1194
1800 -3.9488050591082957 0.38058832980359147 10.874448041310501 65 128 64 0.81175557460410463 42 1203 41 1203 40 1170 39 1121 37 1002 36 1021 35 961 34 964 33 902 32 887 31 847 30 821 29 778
1801 -0.51021645705626706 -0.032388593992765363 12.508991667838401 93 126 71 1.5310388285037049 46 1132 41 1205 51 1085 37 1011
1802 -1.5491553908161093 1.0028292666165419 13.584251757146731 75 148 74 0.52923456524315571 42 1205 41 1207 40 1175 38 1072
1803 -1.5874365560886448 1.0080299680591165 13.816215429794065 75 148 74 0.65518763087389853 42 1206 41 1208 40 1174 38 1071 37 1070 36 1076 35 1030 34 1030 33 960 32 944 31 906 30 835
1806 -2.7369838239592674 -0.22856385631662435 9.3875573350920565 179 149 112 0.23991021508205809 41 1280 40 1245 39 1204 38 1156 37 1161 36 1162 35 1058
1807 -4.8850097350498505 31.265335588429341 88.679050476311843 112 138 80 0.24888347789458287 42 1312 43 1284 44 1293 41 1316 40 1283 39 1247 38 1191 37 1198 36 1197 35 1148 34 1151 33 1061 32 1054 31 1017 30 999 29 944 28 853 27 820 26 850 25 795 24 785 23 805
1809 1.2731707739824702 0.43236046079985835 18.370107162137593 248 246 232 1.7850152757325211 47 1368 41 1383 50 1214 40 1362 52 1252 38 1244 37 1246 57 1024 58 978 34 1184 61 889 1 886 2 824 3 674 4 642
1810 -4.4123670042756311 1.1673438357477623 12.879706091338273 82 148 77 0.24058949809988195 45 69 48 48 42 53 41 43 44 537 46 544
1811 -1.5962844729226773 -0.39656464274391712 10.914466077809564 53 98 49 0.48323913068953228 49 767 43 801 41 837 43 27 45 31 44 501 40 509 51 787 52 765 53 707 38 464 54 414 37 50 36 485 35 488 34 72
1812 39.159355275955434 110.60108284466104 162.60794793423059 64 118 59 0.18530745812127361 42 482 43 445 45 455 41 506 40 478 39 444 38 430 37 428 36 414 35 437 34 672 33 375 31 551 30 301 28 232 27 222 25 180 24 193 23 180 21 132 20 101 18 74 17 40
1814 -1.1554145353542624 -0.35401192483926425 11.496103983056088 183 185 121 0.32962989585392272 44 35 45 33 50 14 51 486 53 430 54 415
1815 -3.6770150416006286 -0.23729691754153398 9.4142668654687363 145 119 85 0.11193583762952611 49 12 50 15 51 11 52 20
1816 -3.8472598634155806 0.33674191914674256 11.072390967911561 72 135 68 0.25315563177108424 48 28 50 26 51 36 52 40 55 56 58 53 60 78
1817 -3.8505692059024552 0.3372288583191751 11.07492241609479 72 135 68 0.28056333557746715 48 29 50 27 51 37 52 41 55 57 58 54 53 458 60 79
1818 -2.994039529040379 0.1172496917418374 10.89666784026678 66 126 63 0.074540187946861874 49 17 50 30 51 22 52 24 53 33 54 26 55 35
1819 -2.1115128826641394 0.47354801111027217 12.08800630809006 81 156 80 0.11666281664508983 49 33 50 36 51 30 53 39 54 33 56 21
1820 -0.49204713262986899 1.0671582754829552 16.245218678269769 97 192 98 0.1822825203567878 47 76 50 50 51 47
1822 -5.2501082120400673 1.0342779061185632 12.310837771591547 194 196 130 0.16279516768679028 47 48 49 53 50 57 51 59 52 58 53 76
1824 -8.7483574695353568 2.0172798433709711 16.461184376916751 89 176 87 0.16735305673606932 48 74 49 85 50 77 51 97 52 99 53 505 54 486 58 460
1825 -1.7756905270982584 4.8677258987934691 30.648766021606729 225 227 208 1.7151705341022156 47 121 50 86 40 190 42 172 43 152 52 89 53 92 54 88 55 73
1834 -0.42339371967761447 6.6801551843593625 4.3128819345348059 63 116 58 1.5814035155981228 43 302 50 299
1837 12.378899265983069 71.421841631896271 95.571598803067502 66 119 60 0.12548243615416188 46 448 50 334 40 453 42 463 43 439 39 420 51 344 52 315 53 272 32 314
1838 -42.495903769930123 57.268322003004791 83.240798844330669 190 191 124 0.10008853889172074 47 345 48 309 50 341 51 360 52 378 54 335 55 356 56 359 57 322 58 313 59 345
1840 -27.465830173583321 46.203090707052567 68.907887616888743 67 129 64 0.1131531835737824 47 351 48 314 49 317 50 347 51 362 52 362 53 333 54 321 55 343 56 337 57 304 59 289 61 277 1 273 2 233 60 300 58 268 3 235 5 202 14 127 12 154 13 124 17 92 16 106 15 115
1844 -10.961091014129458 59.398908971487536 71.158263492839652 135 149 93 0.24409040660026798 41 432 50 386
1846 -36.182107891376184 64.724603673008218 77.042124027816996 67 124 63 0.059913307232074962 46 376 50 402 54 353 56 382 60 334 61 310 1 306 3 265 4 225
1848 -0.59355815027737924 4.7312032510457076 0.070619455880047519 0 0 0 1.9213624545017549 48 386 49 424
1851 -54.660319898894713 108.28770011575178 107.52024179027393 204 202 136 0.09365315177851595 46 426 49 438 50 438 47 465 48 413 44 389 43 346 45 426 41 355 42 369 40 309 39 262 51 458 52 440 53 408 38 239 54 393 55 417 37 212 56 404 36 183 57 360 35 155 34 130 59 370 60 365 61 316 1 312 2 287
1853 -1.6654028844675193 0.077387017356961185 11.561115146072504 69 130 66 0.069306985329070522 49 472 50 476 51 496 52 471 54 422 55 13 56 432 57 385
1855 -0.4781540219948397 0.96616934974704016 15.838316106980246 97 191 98 0.17021870362274027 48 801 50 508 52 485 54 42
1856 -3.937087685585174 1.2317936292749234 13.171431261508676 83 164 83 0.15408286572861127 48 514 50 515
1857 -1.2873257866032395 2.736447578860675 22.646183538452767 171 189 116 0.16697447876939644 48 527 50 526 51 540
1858 -6.7769982936913218 1.850833534966855 14.611317964837328 81 161 81 0.34389250618679734 47 551 48 522 50 530 53 490 54 471 55 478 57 454
1860 -14.608963004359543 7.4238561732286126 57.065722133626387 117 177 90 1.0043795773828945 48 829 50 543 39 818 40 867 51 831
1865 -3.454276288649627 31.618113350262892 97.57720121816385 75 147 74 0.083200008754931873 41 700 50 601 40 705
1866 -32.55687801780639 37.213949030930721 81.632369883074787 140 170 101 0.10911161474253701 45 673 46 682 47 688 50 646 48 649 52 637 49 640 51 661 53 620 55 581 58 513 4 425 3 441 9 429 6 433 10 413 12 402
1869 2.8998168022761472 42.048157229489988 79.034939846139281 87 132 70 0.071416188665832672 46 725 49 655 50 661 47 730 48 676 51 654 26 419 30 480 19 377
1871 -5.3739193783335644 42.297892133852656 66.03159635332814 166 172 111 0.33314431289440916 45 361 50 674 53 612 38 679 48 327 61 120 1 118 24 114 21 108
1877 -23.862606124438791 56.54729633390977 69.936350130039656 60 111 55 0.10107335023348851 46 745 50 711 52 718 54 619 49 713 55 619 56 626 58 531
1879 -30.32166576900039 77.645404714034058 82.192295309130358 132 150 93 0.15758748164385378 42 376 50 742 38 262 30 57
1880 -24.059081518452796 80.943721013091434 84.654499702814974 206 202 137 0.09722211417216689 46 780 47 803 48 762 49 747 50 743 51 764 55 634
1882 -1.4640137368396704 -0.80515541307919014 9.6348093429794073 255 255 255 1.3840867693723875 46 504 50 764 39 464 41 11 53 419 38 456 36 448 61 550 59 395 1 548 2 539 3 672 60 749 4 769 30 579 28 511 6 621
1883 -2.7238414742678834 -0.26331474486328754 9.1052608163718975 254 252 237 1.4864478277220126 49 974 50 767 52 764 53 703 54 419 55 19 55 850 54 848 56 947 57 804 58 594 59 413 60 27
1884 -1.6041175514301969 -0.44062902274250337 10.042763492639144 163 142 99 0.10368301680196655 49 766 50 769 51 783 52 455 53 420 54 412 55 424
1886 -3.0226412426439278 0.3947568361386421 11.340055845898394 75 143 73 0.14860812648126451 49 778 50 779 51 800 52 776 53 718 54 673 55 677 56 674 57 643 58 597 59 614 60 608 61 397 1 393 2 373 3 363
1887 -0.73573251835692233 0.65316929810557012 14.114486520839629 197 204 133 0.25055647129456826 49 783 50 781 51 802 52 775 53 716 54 665 55 675 56 669 57 388 58 368 59 401 60 9
1888 -5.5673933453010234 0.33197696771434126 11.113102127044296 75 124 64 0.44838858666685716 49 785 50 783 51 524 52 489 54 451 55 71 56 56 57 74 58 104 59 105
1889 -4.5241588286346728 2.0602833857376424 15.986501994552922 183 189 121 0.25749747370199355 48 820 50 802 51 819 53 733 52 517 56 477
1890 -10.285113281918822 3.7543575619560943 21.139453343303838 83 166 82 0.169516677999316 48 828 49 817 50 811 51 829
1892 -10.226757419683784 29.96963601141265 83.140401682550475 196 196 128 0.090712200028268505 45 917 50 845 51 861 52 837 53 760 54 722 55 718
1894 1.7627365264254431 47.353901552340631 74.755474485984678 146 161 100 0.16436643223043779 47 954 48 932 50 880 51 900 52 863 53 808 54 752 57 693 28 560 32 737 34 820
1896 -10.322130857861646 21.558605353329206 157.52435246710263 138 182 104 1.0674161549394163 47 1150 48 1123 50 981 46 1146 49 829 51 997 52 800 53 742 54 460 55 480 45 636 44 178 56 94
1899 -49.550449883671376 64.652708320000656 80.449501813681451 111 96 48 0.61597522673757665 46 1088 47 1100 48 1079 49 1057 50 1041 52 917 53 872 54 831 55 650 56 651 57 615 58 572
1901 -12.589963374179799 3.8719692360909099 23.584372367645763 108 168 83 0.31534310917927871 48 1119 49 1100 50 1075 51 1001 52 967 53 922 54 881
1906 -4.710231858153314 1.3908132320694815 12.87861363502806 82 160 81 0.69993136719529403 48 1169 50 1132 51 1150 52 1090 53 1053 54 996 55 991 56 1019 57 946 58 910
1907 -7.3821009728395053 7.5789843129220351 53.431494213399127 243 249 227 0.61969528901925419 47 1208 50 1135 56 960 57 896
1908 -7.3821009728395053 7.5789843129220351 53.431494213399127 243 249 227 0.61969528901925419 47 1209 50 1136 56 959 57 895
1909 -12.988240146168598 5.3199526971603648 22.654785258238078 255 255 241 0.38716333539963355 48 1212 49 1189 50 1139 51 1158
1913 -36.6357071507706 61.289672159219101 77.817596523901429 139 162 98 0.12959492302945455 47 1260 49 1206 50 1195 40 1183 41 1220 39 1134 51 1212 52 1159 53 1108 54 1071 55 1064 56 1090 59 1001
1914 -10.769085722109391 63.301546560510936 75.055256995670632 84 118 65 0.35617592119194691 46 1346 47 1353 48 1312 49 1294 50 1281 39 1265 51 1292 52 1238 53 1186 38 1203 54 1145 55 1129 37 1206 56 1148 36 1200 57 1072 35 1146 58 1015 34 1139 59 1047 60 1004 61 969 1 965 2 943 33 1015 3 894 4 857 5 825 6 816 7 811 9 769
1915 -9.5751138914966205 1.5977192750993732 16.037009544391868 255 255 251 0.85784563817524484 48 1346 50 1319 51 1328 52 1277 53 1231 54 1182 55 1172 57 1116 59 1094 60 1054 2 982 3 936
1916 -5.3386988883658404 2.3679098862238543 17.095358899753993 182 185 118 0.32792457986513002 43 536 44 563 47 564 41 572 50 82 45 96 49 72 46 91 48 77 40 543 39 511 52 85 38 495 37 484 36 498 35 65 34 66
1917 -14.185668413703443 53.640733274869611 67.120754571218015 202 200 134 0.096069463766194005 49 374 43 357 50 385 44 367 46 409 48 368 39 325 40 341 41 403 42 378 52 369 53 343 54 328 55 319 37 285 38 303 56 312 36 251 57 256 35 256 59 243 60 239 2 165 4 147 3 159 1 190 61 192 6 131 5 124 7 94 8 115 9 75
1919 -44.923245428638182 82.575851577016962 87.837709419476056 68 130 64 0.12949414670134482 49 954 43 950 45 981 44 966 46 983 47 992 48 966 42 939 41 945 50 940 50 1049 49 1071 45 1101 40 915 39 873 51 953 52 928 53 874 38 607 54 833 55 838 37 799 56 836 36 791 57 783 58 740 59 764 60 738 61 687 1 683 2 668
1920 -48.599508518408648 86.280101117910419 91.319039967856924 72 139 70 0.64019901523923373 43 1246 45 1277 44 1248 46 1265 48 1230 41 1224 50 1201 40 1189 39 1138 38 1084 37 1079 36 1080 35 1033 34 1031 32 898 29 811 27 679 28 693 26 710
1921 -2.1137024919151948 -0.47088663469087766 9.0032273463211396 105 76 49 0.12483309040279222 41 8 40 10 39 15 38 14
1922 -8.9581447609696063 1.8181206389011093 16.026056494189259 214 216 200 0.18998793668984365 41 25 42 47 40 26 39 21
1923 -2.9797767459881741 0.12479044800944493 10.882495903655538 63 121 61 0.059388411353612447 42 17 40 35 37 31
1924 -2.8707229062303483 0.22550632180958313 11.06748562900048 64 122 61 0.059995525766338362 42 36 40 36 38 43 39 29 37 32 36 43 35 38 34 59 32 41
1925 -2.3997133828593036 0.034271176572185147 11.081856646804983 62 117 58 0.099887077644833608 41 34 40 37 39 44 38 45 37 48 42 38 36 48 35 55 33 53
1926 -2.3967624169802453 0.035019519952041472 11.076864474859978 62 117 58 0.10335538031308512 41 35 40 38 39 45 38 46 37 49 36 49 35 56 33 54
1927 -6.1682641322922818 1.6447835987252311 13.878277083095428 89 172 87 0.13125392464150498 44 64 40 48 45 66
1928 -12.521680590478496 4.0521030397563251 21.334761619048859 158 139 99 0.77572849887534534 43 61 40 60 37 21 32 16 28 20 29 20
1929 -15.40209634297924 4.9284144631482896 28.572900375391193 200 205 185 0.69545182961158114 41 67 42 557 40 63 39 493 38 56 37 466
1930 -4.9805613014696037 1.863801023834061 14.904955330698208 84 165 83 0.27274420854963027 41 563 42 549 40 68 36 58
1931 -5.0391126729387441 2.1265525989555454 15.784470638785104 175 189 118 0.036022981964419526 43 63 40 69
1932 -0.81631650915585796 -0.20899235528060345 12.116141373577927 57 104 51 0.12574997151632764 42 59 40 74 37 77 33 102
1933 -7.5478176736851994 3.4706816974769565 20.480404540712172 173 184 114 0.021529943065957818 42 82 40 85
1934 -8.7641451081667441 4.0750108103007969 22.730037044461564 177 185 115 0.088423320648150297 41 74 42 116 40 88
1935 -1.4321226561741609 1.0341125678387324 14.385762957309415 183 188 122 0.12433505608406445 41 86 40 95 42 94 39 92 36 87 38 510 35 116 34 124 33 124 32 116 31 141
1936 -0.8707475123680064 0.26114800740762029 12.832616934761212 65 124 63 0.11290760495069538 41 62 40 96 39 79 37 79 36 90 35 117 34 126 33 130 32 117 31 143 30 153 29 164 27 165
1937 -16.701400978615535 7.4910716304123381 38.673621353058849 228 229 212 0.4527941984933852 41 99 46 139 40 107 38 84
1938 -2.3157134265951478 1.6698162571253032 16.591909353317938 181 188 120 0.061124445746165219 41 109 42 95 40 112 39 93 38 115 37 99
1939 -0.96729194463228552 0.97765875980213812 15.232010236320718 184 188 122 0.15980555459263721 42 96 43 93 40 117
1941 -7.997513690859761 5.3628177956342071 27.215465353683637 94 183 93 1.3712259045798105 43 113 40 133 42 137 41 128
1942 -3.2698651260362657 3.3028042772415205 23.11704946019178 86 176 87 0.061468046355374437 43 117 40 137
1943 -73.738379832506354 54.286550268220743 128.41631881567798 154 164 100 0.11857709727362616 43 187 44 188 45 247 40 143 39 127 38 132 33 66 30 48 26 66 25 66 23 113 22 128 21 164 20 171
1947 0.1432593649888427 1.8875060577837228 22.53153617098069 85 162 81 0.19962019431143305 41 158 42 147 40 158 39 166 38 169 37 171 36 210 35 212 34 247 33 227 31 237
1948 0.24843534633539124 1.0887845606240885 19.523345996012569 85 167 83 0.13209422527278125 41 135 42 126 40 159 39 139 38 166 37 148 36 180 35 213 34 208 33 226 32 238
1949 -7.2160195887132828 6.5978862677095877 48.615370543364918 214 219 201 0.95438904071091957 43 150 40 186 39 162 38 163 15 227
1950 0.46605487527258482 1.8096040203590125 26.833867145477729 167 174 103 0.17132122896885926 42 148 43 126 40 195 39 167
1955 -29.570172663986707 46.47491105222673 71.222836652493783 98 152 81 0.086443906237280141 45 723 47 734 40 247 46 712 9 412
1959 -6.6825317368230861 31.245042183111398 84.289523526565418 170 173 110 0.091739096984485152 41 275 43 256 40 298 44 260 39 280 36 266 37 266 34 265 32 226 31 228 30 210 38 282 29 217 28 171 27 184 26 199 24 215 23 227 21 211 18 214
1960 5.8828957523183858 36.610458753965496 110.91766108765869 114 141 82 0.17458035051485801 47 237 40 325 51 161 18 403 17 395 16 399
1965 4.3790324396806808 10.622051839862793 22.979357569657569 245 242 227 0.036273539941306096 41 391 42 333 40 361
1966 -23.210705133427751 75.23120769078443 80.352266426347441 76 139 71 0.087914286743132966 46 437 40 371 48 425 55 366 56 366 60 278 61 222 1 220 2 198 6 140 5 151
1967 -24.235267267428618 81.484998735685679 85.239339522272971 200 198 133 0.085216584366318612 41 401 43 382 44 417 45 435 40 373 42 409 39 323 52 405 53 370 38 321 54 359 56 370 57 309 35 222 58 301 34 212 59 301 60 280 61 224 1 222 2 205 33 168 3 189 4 152 5 159 6 139 7 97 8 122 9 78 10 84 11 74 12 55
1968 -24.292188642779326 81.709292009398183 85.489411660957387 200 198 133 0.075090414023382665 43 383 40 374 45 436 52 406 53 371 54 360 56 371 57 310 58 302 59 302 60 281 61 225 1 223 2 206 3 190
1970 -8.261990447825438 70.305029922733084 80.704077091587791 155 171 108 0.1007145159441353 45 439 40 402 46 440 52 391
1976 2.061954677906511 63.639533507712663 81.396140465273916 198 197 132 0.13896542491509023 43 408 44 423 40 427 46 441 35 351
1979 10.29191635327032 72.379534771991942 94.542485168222257 63 116 59 0.097501249811470889 42 460 43 435 40 450 44 452 45 447 39 417 38 405 41 478 33 331
1983 -2.2851988631252889 -0.4355692082437459 9.0827348567551098 174 143 106 0.22495425691149876 41 519 40 490 39 463
1985 -1.6628522505169143 0.19269540136181304 11.833057214617998 186 185 124 0.091795299995052274 41 557 42 542 40 521 39 507 38 64 37 67 36 63 35 69 34 100 33 77 32 84 31 87
1986 -13.807232904540269 6.1843434402038318 28.002090804541496 229 229 210 1.4765053393141521 42 575 40 541 43 553
1987 -5.2179085880264706 2.5659335069505045 17.542124554298645 101 172 90 0.17035790633877684 42 562 40 544 39 512 38 505 36 499
1988 -3.5914693584020454 2.105914960601329 17.074889436800358 85 169 85 0.14626136965548639 43 540 40 553 36 516 37 513 35 89 34 121
1989 0.21310661799859146 0.10279639975992326 14.338190275241281 74 146 73 0.15336031575386275 41 581 42 570 40 561 39 530 38 531 37 538 36 559 35 541 34 543 33 500 32 499 31 208 30 216 29 228 28 204
1990 0.4567015675347938 0.088716368834032139 15.64354841128293 179 186 118 0.34187624331896654 42 571 40 562 38 151 37 539 36 560 35 183 32 209
1992 -3.2781131484259336 2.5372165815854935 20.560577359881464 162 184 112 0.45646805196221968 43 840 40 574 42 1042
1993 0.39658558389170184 0.88845210426893961 18.475912988165398 85 168 84 0.26395747010130627 42 128 40 582 41 137 39 567 38 165 37 150 36 581 35 572 34 560 33 515 31 495
1996 -34.092598890289821 31.897227717425547 97.607517391501403 67 131 64 0.11560731050330596 46 651 40 608 45 654 47 642 51 626 52 622 38 558
1998 -0.20796360311634471 3.0074365118102677 27.384048706270708 82 166 81 0.19022524117545156 41 624 42 613 40 615 39 581 38 581 37 585 35 590
1999 0.43533136057492189 2.5816713035008712 31.737111921246488 161 176 103 0.24394442025042357 41 185 42 614 40 616 38 193
2000 2.0088504192121617 4.1230853120473547 24.160365065826387 227 229 210 0.38952046242018296 41 664 42 631 40 642
2001 -52.404436852069615 62.932315498855324 90.955406019074019 117 158 82 0.90229423044192048 43 673 40 650 44 274 39 587 37 774 36 766 35 720 31 579 32 620
2002 -31.417324936965056 53.732387398157897 72.312738177173003 74 144 72 0.11899622323156453 41 705 44 718 40 666 42 692 43 690 45 735 39 625 38 589
2004 -9.2796888935818629 35.264479610894128 68.353022323756548 177 183 118 0.20531176044726487 44 703 40 697 46 706 34 591 33 507 16 353
2009 0.4407048697071676 44.300188988889381 72.098086766780213 190 190 126 0.22271766752440295 41 765 48 694 36 679
2011 1.0114725969596325 8.2558127249268871 7.4284165407711855 162 176 111 2.8272547478728081 46 363 40 738
2013 -4.1205775969981833 49.032292022111761 68.895227211441707 58 108 54 0.10706799671346819 42 753 44 761 40 759 37 657 53 633 54 565
2018 -2.6830946969285185 0.04500759971821644 10.944606810564075 85 124 67 0.0087198217639280658 45 840 40 818
2019 -2.7295775936232718 0.023309135616948473 11.038855611714709 85 124 67 0.025588432518957469 41 834 40 819
2020 -0.46298769746194057 0.24850601873738881 13.284230412699115 104 142 81 0.18141498789862348 44 856 40 844 38 775 33 658 31 468
2021 0.05901913399498751 0.46880934807022578 14.901552012048281 77 151 76 0.26111617418351846 41 867 40 850 39 810 38 782 37 772 36 788 35 738 34 749 33 694 29 463
2022 -11.286871048089786 10.841753931679701 17.662376130160524 183 152 115 0.24329132675890994 41 875 42 877 40 853 39 799 38 765
2023 -89.986346665764003 54.175301904408308 175.44735543946567 162 175 107 0.69312846196316957 45 892 40 863 43 593 44 894 41 139 38 519 37 753 36 942 39 1079 35 889 34 976 33 913 32 629 32 896 31 598 31 861 30 393 30 882 29 567 29 822 28 505 28 751
2024 0.23904521386273778 2.0044842975522017 23.898241802219342 164 176 107 0.41908320616978523 41 883 42 1050 40 870 37 797 38 582 39 582 36 810 34 781 33 531 32 528
2025 -63.756991569379544 52.4604372333296 111.84033503807241 185 185 121 0.14941967725432811 43 868 44 915 40 873 42 634 45 909 39 811 38 784 37 760 36 758 35 708 34 705 33 640 32 625 31 591 30 564 29 554 28 492 27 491 26 501 25 488 24 485 23 509 22 520 21 498 20 501 19 519 18 510
2027 -13.803194249793096 48.763545562730577 65.570549103917685 195 195 129 0.13260476033760052 47 965 40 952 37 832 42 944 58 673
2028 -5.3403684066037203 41.083541739364776 66.688894023561716 58 109 54 0.2122259697224074 41 964 43 945 40 958 42 946 39 906 53 805 38 883 55 748 37 855 56 747 59 672 32 706 5 510 7 493 25 506 27 530 24 501 23 530 22 512 21 488 20 481 17 487 13 480 15 454 14 485
2033 -1.3299877489810175 0.54886343618014732 13.204752589904809 70 138 69 0.23313969072991611 49 981 40 1043 51 978 52 950 53 893 54 851 56 852 57 800
2034 -14.878324183180791 14.94606625955395 24.184547671061608 243 248 223 0.77948777235605937 41 1068 42 1054 40 1050 38 1029 37 1013 36 1027 35 971 34 971
2035 -38.373545203078294 56.301575602973188 78.018477571708345 200 199 131 0.16580233663464719 41 1079 42 1076 43 1065 40 1072 39 1006 38 964 36 952 35 896 32 633
2036 -30.302861289955032 82.142070870864657 87.162691204053246 198 198 133 0.18206596886754525 41 1106 42 1102 43 1092 45 1108 40 1087 39 1027 38 987 37 966 36 972 35 913
2038 -13.427510854022202 49.070359355493665 65.403755757177592 195 195 129 0.1090312712808089 43 1085 44 1092 40 1090 39 1030 41 1103 38 992 37 973 56 920 36 979 58 808 57 858 59 846 60 795 61 764 1 759 2 740 3 709 4 678 5 647
2041 -2.89504999657031 -0.22534445170477624 10.521000366199896 130 147 89 0.051000836212730438 41 1141 40 1115 39 1068
2042 -57.296966446113224 86.839115648061522 100.42080043068815 196 196 129 0.45789430559545657 41 1180 42 1172 43 1157 44 1169 40 1135 39 1095 38 1039 37 1023 35 894 34 895 33 821 32 793 30 718 23 604
2043 -12.694062074722428 41.84529170750735 63.047343346947819 176 184 118 0.286601087320981 45 1180 40 1144 39 1104
2044 -7.6469793840318827 49.283085132083663 68.261915956326632 196 195 130 0.13782547139942938 45 1189 47 1178 40 1150
2045 -7.3493910593547858 47.74845271404012 65.911913930483948 196 195 130 0.22455033970609711 47 1179 40 1151 45 1188 5 643 4 669 2 727 1 752 3 703 61 757 6 637 7 614 8 637 9 607 11 580 13 564
2049 -3.6053333318730929 0.91353236224120526 12.118729516635552 153 175 108 0.18729753929702497 41 1250 40 1209 39 1162 38 1108 37 1119 36 1111 35 1061 34 1072 33 986
2050 0.38765326165298547 0.83869105887372952 20.041452114275437 150 175 103 0.30300647181116019 41 1254 42 1250 40 1218 39 1171 38 1120 37 1136 36 1128 35 1092
2051 -17.536157192816386 16.459307775189593 29.322998927266013 1 1 1 0.99201254339805212 41 1296 42 1252 43 1189 40 1264 39 1284 38 1227 37 1225 36 1224 35 1168 34 1171 33 1076 32 1066 31 970 30 956 29 903 28 812 27 748 25 649 26 748 24 580 23 328
2054 13.711355855873345 38.270767694178247 71.055684129204735 251 248 235 0.32456607007770039 41 1345 42 1365 43 1348 40 1317 39 1275 38 1217 37 1217 36 1215 35 1163 34 1165 33 1022 32 1009 31 964 30 952 29 896 28 765 27 739
2055 -6.7946914915602861 1.3090407578637056 13.561328686298692 125 182 101 0.94614607210645607 41 1354 42 1354 40 1327 39 1282 38 1157 37 1160 36 1161 35 1057 34 1067 33 944 32 886
2058 -3.0966238134800479 2.256140057540339 18.34278708530174 83 163 82 0.26379034053971567 43 557 44 572 42 582 41 586 40 115 45 105 46 102 47 82 49 76 48 86 39 111 38 113 37 96 36 118 35 112
2059 9.7082754247063949 75.523154458320704 96.128167618385177 35 65 33 0.10081469126961985 47 453 48 377 49 385 50 369 40 447 41 476 42 462 43 434 46 447 39 416 52 349
2060 -1.914254026783111 0.63263148844299322 12.708201639543992 170 180 115 0.2328673032427902 42 543 41 568 40 532 43 520 46 550 50 489 53 449 38 496 54 37 37 491 56 25 58 15 34 99 35 494 33 101
2061 -1.8452640038789938 0.84998056193441096 13.410872166265207 76 146 74 0.20256325418422488 43 65 41 61 40 546 44 542 46 551 47 544 50 46 53 41
2064 -3.5804287567409725 -1.5764994565722881 11.432242682636213 247 218 167 1.6240077793636416 44 3 39 7
2065 -2.6255512672686705 0.530663977675642 11.529372780841758 135 165 99 0.73471569098886702 42 40 39 40
2066 -13.258802975477204 4.6967227423119615 23.054268603273744 199 210 178 0.5144050574506317 41 55 39 52 36 33
2067 -4.2505117474758451 1.8879713648493581 15.525630040947721 87 170 86 0.11624862243187965 40 89 41 77 42 66 39 75 38 75
2068 -2.5574211623737244 1.3604550611392519 14.744770008526013 87 166 85 0.075560025198253944 41 83 39 77 38 95 37 75
2069 -8.2470670636613601 3.4459445310634127 19.286108467105837 0 0 0 0.2825812433880131 43 80 44 95 45 94
2071 -0.89525542268620084 0.49315719287745802 13.33886726900746 181 184 121 0.067380413497898375 40 98 39 95 38 98 36 92 35 118
2072 -0.89311267273891781 0.49397540601843631 13.321621098010473 181 184 121 0.11902791772515768 40 99 39 96 38 99 36 93 35 119 31 144
2073 -12.090118670541866 11.223842384751277 17.935497904508644 175 144 108 0.10557350041228769 40 563 41 607 39 102 38 78
2075 -21.392333481160634 21.462070184665425 36.615244976913118 51 104 45 1.914867983975896 41 162 42 204 43 184 39 119
2079 -0.21522136576906484 2.3579371527717057 23.302126012884553 83 163 82 0.15414546779446758 41 157 39 165 38 191
2080 -25.515794486587339 28.912440296872216 92.748713210869184 65 128 63 0.10033000311947442 43 196 39 182 44 195 36 171 35 171 32 138 33 153
2082 -4.2634881237892559 6.8719925065336911 62.98716556424197 226 229 210 0.7401006460075179 41 182 45 146 39 193 43 153
2084 -14.638268081312644 43.56547256386353 63.97031085237051 73 130 67 0.090823130942687291 41 337 42 323 39 267 40 319 53 314 37 255 59 237 60 232 2 160 33 173 34 225 5 147 6 128
2085 -10.505645126048572 37.32142678085426 65.569931799227263 63 117 59 0.086562252724953076 41 340 50 289 39 272 49 287 38 269 54 257 55 244 57 188 58 190 59 204 32 185 3 116 14 119 15 108
2087 -6.9570585482195888 30.752920297834425 86.86849565224334 60 117 57 0.14214452953098153 45 285 39 281 44 258 46 248 38 283 37 267 35 269 31 229 29 218 27 186 24 217 26 202 22 244 21 212 19 211 18 215 14 188
2088 3.372659553606375 6.0880291670785081 20.546746972468817 141 172 103 1.7192684469125303 41 287 39 289 38 291 39 285 40 270 37 305 36 292 40 303 41 290 35 336
2091 -7.1243360382132588 45.540410651941677 65.96098475687802 62 115 57 0.085434515149722015 49 329 39 334 51 333 54 279 31 184 29 148 30 167 28 121 26 102 25 84 24 88 23 92 22 72
2095 -30.662666830902591 91.587424158610716 92.86249806456577 203 200 135 0.1109993698569921 45 434 48 423 47 469 49 422 46 464 43 381 51 447 52 433 50 423 53 398 54 362 55 388 56 373 57 333 58 303 59 332 60 305
2096 -7.0920117368635767 56.116751389516359 69.759998205368632 182 186 123 0.087339025606055415 48 369 39 362
2097 11.498156842940384 52.171340628408721 94.64279028765749 177 175 115 0.11546411552861487 42 423 43 373 39 398 44 380 45 374 38 385 34 364 33 343 31 307 35 388
2098 11.481938152603446 52.092618143072563 94.506427252895335 177 175 115 0.12397619959298774 42 424 39 399 43 374 44 381 45 375 35 389 34 365 38 386 40 411 33 344 31 308
2102 18.784207713053082 70.246486588082846 109.12424998302777 200 196 130 0.086311459472415378 42 440 43 414 39 425 44 430 38 410 37 411 36 407 35 418 33 356 32 344 29 272 30 278 28 213
2108 -2.4959082779747614 0.4340765030095603 11.793653613961133 120 165 94 0.16335352913309534 41 554 39 487 38 479 37 475 36 482 35 486 34 468 33 421 32 433 31 409
2109 -13.052837985132747 3.9579149098613522 23.607678197744182 216 223 196 0.23573503755232195 43 79 39 492 38 468 37 465
2110 -2.133014720450698 0.43966684828518721 11.821702426297261 191 191 127 0.18322151533589995 40 519 39 505 38 481 37 489 36 483 35 492 34 469 33 434 32 436 31 426
2111 -3.6250639095133632 2.095623993384327 17.128758884215948 87 173 87 0.096187800290535572 41 574 39 521 38 508
2114 -0.015282629380661852 0.96941954604597369 17.014228507587362 83 162 82 0.18950962881188776 40 581 41 593 39 566 38 548 37 550
2115 0.50709728690817957 0.44202507521293488 17.16870422773756 162 182 110 0.47238697436841526 41 595 39 568 36 582 37 151 35 558 34 561 33 516 32 517 31 493
2116 -40.710907012839762 34.215272935233372 104.77341257789864 66 130 64 0.12268843603830905 41 634 46 650 39 573 45 653 40 607 44 638 52 621 38 557 48 621 37 547 36 552 35 532 33 469 32 463 31 438 25 516 24 519 10 560
2117 -40.192543268945968 41.472850660702541 88.298813169165669 162 179 111 0.12501721392558729 44 657 45 669 48 667 46 678 49 639 51 680 47 686 53 621 54 589 11 444 10 415 17 389 14 409
2119 0.92355848038539312 4.348870680086466 33.01557898788522 230 231 214 1.2637247732545545 44 892 39 618 38 601 41 897 35 277
2120 -29.871789931902232 46.903490366893607 71.958261751413659 0 0 0 0.079649578383479899 42 693 49 678
2127 -8.4746646237708401 52.84960749579453 68.569171282651297 161 173 111 0.073570119578717758 48 713 39 696 54 597 55 589
2129 5.3592033284970526 10.288924217824617 22.574795675914292 185 152 113 0.29383317871245879 41 757 39 704 38 694 37 358 35 664
2130 2.0795490341465572 9.7916520097330935 7.5580405515648934 133 162 98 0.016346548931386914 45 805 39 719
2131 -0.044935605971476167 72.083159136975937 86.040880191440323 66 126 63 0.12918493810957507 42 787 44 814 45 800 39 722 61 129 1 127 33 552 35 638
2132 -0.052080870688717348 72.200031098101192 86.173886652525709 66 126 63 0.12027142123786834 42 788 44 815 39 723 61 130 1 128 33 553 35 639
2133 13.491083413971166 60.560373735212941 95.080649675914302 61 106 54 0.19344540427491763 42 794 43 756 39 728 38 723 40 774 37 702 36 714 35 855 34 659 33 583 32 567 30 508 29 484 28 425 27 428 20 105 25 187 17 74
2134 7.2082938285915841 88.481325159342191 105.15622011302709 156 173 109 0.15680895068382647 47 798 39 744 50 720 52 689 55 567 35 657 32 540 34 643
2136 -0.21517341169337625 -0.32654346778735466 12.342156981501278 55 99 48 0.28294028469951121 40 834 39 792 38 512 37 506 36 523 35 123 34 153 33 132 32 143
2138 -45.571039031975587 42.233012491090662 96.185719609969624 170 174 110 0.11999803397542949 43 870 39 821 45 911 38 797 37 764 36 770 34 719 33 650 32 634 31 596 30 573
2139 -0.077323246567013754 3.1153701097232172 30.278449913111288 151 180 104 0.277020732640266 42 881 39 837 38 810
2140 2.4530754325946726 46.302609955765377 75.689903318764848 54 103 51 0.018571001411638068 45 975 39 921
2144 29.037817633376015 107.65048477011867 141.41464235846524 67 128 65 0.23874484935757323 47 799 39 960 44 1015 38 925 33 598 32 578 30 505 28 207 26 190 25 151 24 132 23 120 22 137 18 40
2145 -4.8336549916649947 -0.32462874028602728 9.9627842933953854 255 255 250 0.500567898693147 42 1018 39 965 37 920 36 1019
2148 -1.2057224788087746 0.24066563509608579 12.341221524567116 65 126 63 0.29947650729013481 41 1054 39 984 38 944 37 940 36 757 35 890 34 894 33 652 33 826 32 651 32 814 31 614 30 606 28 538 27 381 26 414 25 403
2149 -53.90407785547535 46.027375858593913 100.05125076798025 69 137 66 0.3807513660657299 42 1164 43 1145 44 1157 39 994 45 1166 38 952 37 944 36 943 35 888 34 893 33 816 32 798 31 764 30 728 29 705 28 641 27 615 26 644 25 597 24 591 23 623 22 669 21 644
2154 -4.4419660257657414 2.1878545336543782 15.819628595504483 171 186 116 0.16669568081143027 40 1122 41 1153 39 1073
2155 -21.090514733638695 21.337062824253692 30.904610909414544 1 1 1 1.8535857362094152 41 1164 43 1146 39 1078 42 1058 40 871 37 1012 35 883 36 754 32 609
2156 -11.540536217729018 6.3381737091060035 43.4013613849921 92 181 88 0.81975458616561137 42 1153 43 1136 39 1080 53 746
2159 -3.4780054990591349 0.37947385913986653 11.234583106149511 166 175 114 0.78282957008025478 40 1248 39 1207 38 1159 37 1114 36 1109 35 1060 34 1070 33 952 34 1026 32 933 31 895 30 822 29 781 28 700 27 690
2160 -3.1124803672800048 0.75566752623822686 12.778737458803382 96 156 83 0.32781618690479164 40 1253 39 1211 38 1162 37 1164
2161 -3.1124803672800048 0.75566752623822686 12.778737458803382 96 156 83 0.32781618690479164 40 1254 39 1212 38 1163 37 1165
2163 -1.2880216028237466 3.2341870594271489 36.935246569349793 84 170 82 1.0872697871890802 40 1364 41 1385 39 1307 38 1246 37 1247
2164 -13.982487024294095 5.6461709569410692 24.080537908347161 201 210 180 2.2304848196724434 40 1370 41 1392 42 1391 39 1310 43 1367 44 1379 46 1398 38 1250 37 1252
2165 -38.3227058645071 45.215571834798631 61.621492360929309 252 249 236 0.87462118321261295 41 1394 42 1388 43 1365 39 1313 44 1378 38 1252 37 1256 36 1249 35 1190 34 1192 33 1092 32 1092 31 1040 30 1021 28 875 27 839 26 869 25 820 23 813 22 823 21 779 20 746
2166 -8.4477730144934462 11.357768305347198 36.91330848505465 140 155 92 1.4245300049240186 40 1378 43 1373 39 1321 57 1130 58 1084
2167 -11.574082245759564 7.5161064559785888 19.350937002163512 121 134 81 0.81112590302278609 40 1044 46 880 43 564 45 600 47 154 42 574 39 785 38 67 37 932 36 929 35 874 34 878 33 802 32 778 31 747 29 697 30 712 28 627 27 607 26 634 25 590 24 584 23 500 22 500 21 484 20 479 17 525 16 526
2168 -10.229034228737392 48.922113262471562 65.416985972833771 84 126 68 0.37583573983148438 41 1336 42 1336 43 1314 40 1302 39 1258 49 1307 45 1374 44 1354 46 1369 47 1378 48 1325 50 1297 51 1307 52 1225 53 1177 38 1204 54 1138 55 1120 37 1201 56 1147 36 1201 57 1067 35 1138 58 1014 59 1037 60 1003 61 968 1 964 2 942 3 893 25 767 26 817 27 790 24 757 23 769 22 782 21 738 20 703 19 716 18 693 17 717 15 689 16 701
2170 -2.3747210705311499 -0.4498595287724847 8.9666408524300252 91 63 37 0.10036563368102162 50 462 51 1 52 1
2171 -5.7299651240703602 0.072467878088604082 11.754202255539305 250 250 244 2.6663258213942278 48 23 51 34 55 69 57 442
2172 1.9870227234913447 2.597004423043459 24.955594982737829 148 131 86 0.21865520405671077 46 136 47 100 51 53 52 56 55 47 56 29 57 25 58 23 59 26 60 11 61 15 1 16 2 13 3 11 4 22 5 21 6 48 7 30 8 64
2173 -6.916744133659372 0.85820537696896582 12.530280707936315 81 156 78 0.17583352019183984 49 48 50 52 51 55 52 82 53 72 54 94 55 109 56 107 57 93
2174 -5.2430785469158332 1.0381047517639794 12.288750599996488 195 197 131 0.14854053612805704 49 54 51 60 52 59 53 75 55 79 56 61 57 76
2175 -5.1939610322005567 1.3088306958555775 13.003809771063247 181 191 123 0.11542973224232823 49 55 51 62 54 81 55 85
2176 -2.365887876371263 1.97623557826737 17.451568638587602 185 196 124 0.1691194076836397 48 87 51 68 52 69 53 60 49 79
2177 1.9773170374851023 3.2342911978789504 25.326574612547745 250 251 227 0.30018593527956838 47 102 48 112 51 74 58 26
2178 -5.8877039251839651 1.9706190863419417 15.108879812700291 173 190 119 0.016520404985720404 49 69 51 83
2179 -5.8877039251839651 1.9706190863419417 15.108879812700291 173 190 119 0.016520404985720404 49 70 51 84
2180 -9.05347883765271 2.2570023587505208 17.399229821849591 87 170 85 0.24355866368428147 48 75 51 98 49 87 50 79 53 112 55 130 56 132 57 138
2181 -10.682195949833504 2.8216640765438221 18.781495869153726 253 254 235 0.070239098823730778 49 86 50 97 51 116
2182 -11.958505197635176 3.3448238180272387 21.197845240760397 253 253 231 0.13869642701013316 49 535 50 551 51 120 52 136
2183 -12.686850315601495 3.9779564978769093 20.551200891508241 159 131 97 0.084320086563355684 49 99 50 107 51 141 52 165
2184 15.301613202576467 42.000857193127594 148.65941123190453 170 184 113 0.20459154106527097 47 239 48 198 49 180 50 149 51 162 52 129 53 128 55 99 56 77 58 67 2 41 3 41 4 37 5 38 6 68 7 53 8 68 9 85 10 95 11 373 12 358
2187 3.2528236031380655 39.476931301503399 85.74584904463687 156 173 107 0.1608160415182576 43 312 51 230 23 191
2188 3.2528236031380655 39.476931301503399 85.74584904463687 156 173 107 0.1608160415182576 43 313 51 231 23 192
2189 -12.244819580013612 7.8226753102161304 18.316858178081691 75 144 73 0.2395692127213484 49 158 50 193 51 233 48 166 53 236 54 232 55 261 56 262 57 269 58 256 59 282 60 317 61 293 1 289 2 269 3 279 4 258 5 256 6 258 7 249 8 301 9 258 10 265 11 233 12 225 13 221 14 202
2190 -20.922799454216019 30.882974547401368 80.348502833040584 76 145 73 0.097568745728357789 47 223 49 197 51 241 52 229 58 183
2192 -19.958203140142619 35.629387080319553 70.101711256115337 71 136 68 0.13520011290717979 47 294 51 272 48 259 49 258 50 262 57 227 55 235 56 233 54 244 59 229 60 228 1 212 61 214 2 184 5 170 6 180 8 164 9 167 41 265 23 102 10 179 39 210 22 118 19 154 17 148 13 156 14 167 16 158
2196 -30.928375980698686 48.83060558533596 72.08300999632992 69 129 65 0.11127389705478001 47 350 51 361 45 332 56 336 54 319 55 344 52 361 57 303 58 290 59 326 60 301 61 278 1 274 2 250 3 236
2198 0.028722487567777601 72.105245195225834 86.06065697230251 64 115 58 0.10929725468715294 48 398 51 380 47 447 50 389 46 443 53 325 37 370 31 214 32 246 34 316
2205 -31.836425546280903 79.200829028113546 83.357770235051447 59 109 54 0.11741621365215497 47 442 51 442 53 395 54 358 55 384 59 330 58 322 56 389
2208 -85.176510101932507 129.43231573915696 135.04608868264597 69 135 67 0.15315984263389976 46 404 47 430 48 411 51 455 52 438 53 404 54 389 55 415 56 419 57 370 58 358 59 381 60 386 61 351 1 346 2 298 3 313 6 249 7 215 8 261 11 156 12 133 15 77
2210 -55.760838797673543 122.18141490567939 119.18944918744383 67 126 64 0.20143692794813095 45 429 48 438 51 462 46 462 52 446 53 411 55 406 56 408 58 342 59 355 60 362 61 317 1 313 2 262 3 246 4 228 5 207 6 198 7 156 8 158 9 151
2212 -2.1226070739740606 0.052404728472645074 11.180585378315955 194 195 130 0.082184410586062226 49 470 51 494 54 421 55 434
2213 2.7885461436560752 3.3425880351768544 24.181881287752208 133 187 109 0.2466208051215511 47 579 48 538 51 530 52 497 53 467 56 439 57 390 61 370 1 365 2 328
2214 -6.2663730446869268 1.0490748150002074 12.711488405896343 103 159 86 0.16388584520490967 49 500 51 533 52 512 53 482
2218 4.1270311510068778 5.7396718933068511 22.748366356145805 171 225 132 0.20745200455737084 48 833 51 557 52 508 4 0 11 315
2221 -12.320967024587276 4.8171307921698947 20.5848944782249 134 112 64 0.19632989742884926 49 825 50 826 51 586 52 572 53 556 54 517 55 542 56 539 57 520 58 507
2223 4.747195448271623 10.598580718853547 23.054467954206306 159 128 93 0.64397955736986201 47 678 49 601 51 599 52 554 54 465 55 78 56 54 57 48 59 46 60 22 61 10 1 10 2 335 3 339 4 304 5 292 6 295 7 287 8 334
2226 15.600849981169858 33.841158299929404 68.291082896472702 181 150 113 0.31771176569904286 46 948 48 906 51 637 53 535 54 502 55 490
2230 -13.93834576390417 54.999481981138274 68.144361997142767 195 194 130 0.11263417351315096 40 735 46 766 51 713 52 702 38 657 39 679 37 626 57 547
2231 -1.3954043336514925 7.5780548475060483 4.0773253907349618 62 111 56 3.3525516494300236 47 769 51 737
2232 -50.149542767053774 68.673789862738559 83.19090271361209 251 247 227 1.0993858951038948 43 689 51 740 38 172 35 95
2233 -52.404738802524605 80.439549634241061 95.630137719131397 69 134 67 0.18033785766763874 47 405 51 743 49 394 50 399 53 385 54 371 55 652 56 398 57 603 58 568 59 363 60 570 61 331 1 327 2 505
2235 -26.95065656005217 73.654386292941666 79.175150648427476 190 190 127 0.065916656162282455 45 792 47 789 48 746 51 748 56 638
2240 -1.9735988464042915 -0.45818366812250655 9.6633106964044533 255 254 241 0.21177977900783232 41 829 51 784 52 760
2241 -1.9563653791236388 -0.45682890438553625 9.6616631103359474 255 254 241 0.50870246054538215 41 830 51 785 52 759 53 705 54 656 36 25
2243 -3.2380190696237241 0.90115496659005379 12.579933065859489 85 166 85 0.058055841632775947 50 786 51 806 52 783 54 675
2249 -0.17863479443608682 40.797751222988914 72.642541846215394 192 194 127 0.097151752590634605 45 959 51 886
2251 -22.608788570014148 38.883798093298111 69.508516404900931 68 131 66 0.15434323804894029 48 914 49 889 50 874 51 896 52 873 53 821 54 780 55 778 56 779 57 734 58 687 60 694 61 638 1 634 2 636 3 609 4 573 8 574 20 484 17 503 13 514 15 483
2252 -17.638302838657339 18.916175816743213 28.785411750409789 255 255 247 1.2734877586112272 49 885 51 904 48 907 52 360
2254 -0.73585480162792893 4.8908932881991207 0.88196396140804423 204 202 136 1.9757929868772921 48 927 51 917
2255 -26.975099934642834 47.696907983655244 69.154116807463723 65 123 62 0.083188590276993643 48 928 51 921 49 913 52 901 53 851 54 809 57 761 56 811 58 702 59 726 60 705 61 660 50 903 1 656 2 649 3 626 4 578 5 564 6 555 7 538 8 570 9 535 10 509 11 518 12 513 13 501 15 468 17 493 14 506 16 500
2257 -31.092140052644758 53.307796987737312 71.696094619092989 63 118 59 0.078762366196184777 48 938 49 914 50 917 51 935 47 960 52 910 53 859 55 817 56 822 57 766 58 718 59 742 60 708 61 671 1 667 2 655
2258 -72.508129650585715 102.56423151688593 121.32389591739225 184 184 118 0.37981543307706128 44 730 45 749 51 951 38 585 55 835 56 941 55 929 36 545 60 836 61 793 1 788 2 766 3 733 4 702 30 27 32 51 34 106 5 674 6 666 7 654 8 665 9 549
2259 -41.217402257658321 71.742239008074506 81.577748700899647 67 126 63 0.14591462078466783 45 966 48 965 51 952 52 927 53 873 56 831 58 739 59 753 3 636 4 593 9 394 11 371 15 297 18 305 20 28 14 346 16 324
2260 -66.575333395294251 122.00696291783945 119.84035086454017 65 124 62 0.19012588883254689 45 995 47 1001 48 978 51 963 52 939 55 844 56 845 2 510 60 583 3 484 4 451 5 226 6 222 7 184 8 194 9 154 10 159 12 103
2262 2.1260244029594437 2.8513685802014761 24.403272151808558 150 130 86 0.23273701129268978 49 994 50 974 51 987 52 956
2264 5.1345012236428884 12.540238131483806 29.768657023811397 224 230 205 1.1129650748223141 49 848 50 988 51 1007 53 918 58 851 56 956 2 704
2266 6.6893015504688966 46.563378531336362 86.022404058196756 198 199 131 0.090172064662860582 48 1063 49 1027 50 1010 51 1026 46 1083 47 1087 52 991 53 932
2270 -19.791260024565211 79.37608183579772 84.07335237579133 58 107 53 0.32259672223001612 43 1101 46 1109 51 1066 41 995 55 820 37 845 45 998 48 983 49 958 56 817 46 1001 44 996 59 719
2271 -6.6554690624650759 1.9541749342764057 15.02974800948615 157 181 110 0.3811218487146692 49 1098 50 976 51 1092 52 963 53 912 54 869
2272 9.5760805205903416 36.437422418389147 112.16757962318263 78 154 76 0.45468990530821018 48 1129 49 1110 51 1103 47 1160 52 971 53 916 55 874 56 961 57 821 58 774 61 729 1 725 2 712 3 688 4 651 5 626 6 623 7 608 8 632 9 610 10 654 11 653
2273 -13.022167104438353 41.355205694557114 65.68980068851269 132 152 92 0.26294359621664848 47 1175 50 1096 51 1117 57 913 59 903
2274 -13.536279336681392 49.64116388128366 66.091948192093653 196 195 130 0.066116477034525833 45 1186 51 1128 53 1022 54 976 42 1179
2276 -1.4893815799986012 0.060911743788463868 11.507238200804684 69 130 65 0.8277637448430839 50 1128 51 1146 52 1087 53 1049 54 995 55 987 56 948 57 889 58 843 59 879 60 845 61 802 1 797 2 781 3 754
2277 2.3549149509485625 4.0416195164775024 23.88813411450333 116 158 86 0.80754905896910367 49 1147 50 1134 51 1151 52 1091
2282 4.533877426544338 9.0358266705746271 23.921061919498928 249 248 243 0.71100424677918195 49 1327 50 1321 51 1329 52 1276 53 1230
2283 1.951353161884118 3.4644571081787543 23.888870031621867 208 218 187 1.9167251277377759 49 1334 50 1328 51 1337 52 1284 53 1237 54 1186 56 1189 57 1113 58 1064 59 1092 60 1051 61 1015 1 1012 2 991 3 944 4 912 5 882 6 881 7 878 8 887
2284 -7.6643497296840399 9.2923328205874878 36.06904232124306 123 158 89 1.1714714702512068 48 1359 49 1339 50 1332 51 1342 52 1285 53 1241
2285 -2.5337832271611727 1.3641156358663977 14.679574007917305 80 156 80 0.1579367512555046 43 66 45 84 46 77 47 73 48 67 41 82 40 91 39 76 51 48 49 60 50 59 52 51 38 94
2286 15.51583966231223 64.849948343937584 103.25837289942895 67 128 63 0.85862770473788641 49 1123 45 1196 46 1179 47 1183 48 1142 51 1112 47 1228 48 1193 49 1167 50 1151 40 1239 39 1192 52 1064 38 1103 39 1155 54 890 37 1101 56 885 36 1102 57 833 35 1053 58 782 34 1064 59 811 60 772 61 815 59 891 60 862 1 810 2 794 3 755 4 717 30 902 5 703 6 695 29 844 7 682 28 764 8 693 20 641 18 646
2287 -2.7971738344501764 49.22600900859441 70.827250046326071 58 108 53 0.53232793092229136 49 1169 41 1234 50 1154 40 1197 51 1173 49 1202 43 1247 45 1273 44 1251 46 1260 47 1263 48 1227 42 1269 41 1273 50 1187 52 1107 53 1069 38 1142 39 1188 54 1019 55 1009 37 1148 56 1033 36 1143 57 959 58 920 34 1047 59 951 31 911 30 891 29 835 28 759 32 1003 26 762 25 702 24 697
2288 -1.8619094644997571 -0.75535107282780933 9.2657516674899583 202 169 129 0.28872936354092238 49 0 52 0
2289 -1.4700074831655225 -0.5659003340210601 9.6886903785687206 252 250 238 0.036743842269649704 50 3 52 5 54 2
2290 -2.9209041037731582 -0.32266331664253733 10.191398883887102 254 254 246 0.1019462375294017 51 12 52 11 53 15 54 17
2291 -2.9209041037731582 -0.32266331664253733 10.191398883887102 254 254 246 0.1019462375294017 51 13 52 12 53 14 54 16
2292 -2.7659820995818132 -0.3109707270144545 10.424954868329863 134 145 90 0.22961360129290131 47 514 52 13 53 17 54 18 55 22
2293 -1.6762333232965039 -0.054605339422344301 11.42363905314474 213 209 141 0.11024507666229098 50 23 52 17 53 20 54 20 56 9 58 5 55 12 59 18 60 8
2294 -2.3842339486578528 0.041803537351062153 11.046336428114914 66 125 62 0.051148612850060247 50 19 51 26 52 27 53 23 54 29 55 24
2296 -0.86388423497826117 0.27829333215597002 12.755247991796216 89 156 81 0.079261145101918312 50 38 52 33
2297 -3.9447861641098032 0.47866815832856441 11.273754665979423 209 206 139 0.18700202209465111 51 38 52 50 53 46 54 46 55 58 56 50 57 51 58 62 59 74 60 81 61 54 1 54
2298 -4.2442323746654536 1.580887560871389 14.219095120365532 94 180 92 0.076095905946338013 48 65 52 63 54 84
2299 -2.7414903110236857 1.6812995017165959 15.449389500549813 103 187 97 0.066751368021104152 50 61 51 49 52 67
2300 -2.9706524645916592 2.5282030018273542 19.497984911396443 165 192 115 0.27215269698385597 49 78 52 71 54 85
2301 -6.922876374529233 0.85828127952406041 12.53114884323775 79 155 78 0.14272549434937928 50 53 52 83 53 73 54 95 55 110 59 154
2302 -2.1720880722373699 5.9880409888714183 50.097191768482446 228 229 212 0.72399683032206197 39 194 51 90 38 226 49 529
2303 3.5268163147013003 6.3793650693386557 22.642165297442943 137 160 97 0.2297376799830238 48 138 52 92
2305 -9.0922810088730905 2.2559215120357048 17.490937363067101 86 171 85 0.22615645948055518 50 78 52 112 53 113 54 137 55 129 56 131 57 139
2308 -17.620199546297474 10.508910135831691 56.755349990829288 127 118 78 0.15319625803849946 49 546 51 148 52 144 53 520 54 156 55 149
2309 -20.643554769085977 12.314165015248701 63.962562913309831 242 246 220 0.16140865469560461 49 563 50 569 51 589 52 147 53 162 54 157 55 150 56 155
2311 -31.012882658163566 29.799796717443535 100.16262912994408 187 190 121 0.064871631153017903 48 183 50 197 51 213 52 207 53 184 55 206 54 192 58 179
2313 -0.80913395019675272 40.429327783099865 74.883972597615426 68 128 63 0.063916304719413855 49 269 52 239 47 330 48 294 51 253 53 221
2315 -31.011895294229689 36.716249409073541 80.407298651523959 82 144 74 0.079038496250614085 47 258 49 253 52 261 50 259 55 276
2316 -13.315550091776043 34.793747305166818 68.173221498554298 132 158 94 0.16220940145495016 41 312 52 269
2319 -1.3634662247171556 4.1155656849050581 0.0086389471609695095 69 117 60 0.39545652359373634 51 331 52 313
2320 -24.706756247395152 42.169889831488121 69.184617725905312 83 135 71 0.13611803920584989 48 287 52 327 17 120
2321 -14.015124724770184 46.602505829892699 64.512814721976724 59 106 53 0.10443961362350405 42 348 49 348 52 334 47 379 55 284 37 253 38 302 57 255 59 241 58 220 60 235 61 190 1 188
2322 -14.018375713120621 46.588539665624744 64.50350087023547 59 106 53 0.072873496793812248 42 349 43 324 49 349 52 335 47 380 40 322 37 254 36 253 57 254 54 302 34 223 59 242 60 234 61 191 1 189
2323 -12.259430972527454 46.966239583355566 64.836876107948513 58 108 54 0.077448095494946634 40 343 42 351 52 337 37 287 58 219 59 240 60 209 61 188 1 186 5 120
2329 -51.514853999076287 81.011786119213852 93.900088530342288 192 192 127 0.086443086188581222 47 409 48 385 49 397 51 428 52 422 53 388 54 374 55 397 56 400 57 340 58 338 59 366 60 359 61 335 1 332 2 284 3 295 4 246 5 225
2330 -36.013622800744834 78.787190337707514 83.468600307392862 59 107 53 0.072041046110413259 48 417 52 428 45 407 54 378 55 380 56 387 57 346
2338 -2.0172992840475934 -0.30347168692710191 9.6013964685832143 176 150 110 0.19328806039538624 51 482 52 461 53 426
2339 -2.0172992840475934 -0.30347168692710191 9.6013964685832143 176 150 110 0.19328806039538624 51 483 52 462 53 427
2340 -3.1587142100854759 0.51448627794531832 11.608307626973245 169 189 118 0.13605035191331091 50 500 52 480 54 435 55 442 56 453 57 405 58 393 59 424
2341 -2.7585204783755519 0.83891508314222285 12.660756474851764 88 173 89 0.19020830883645243 51 518 52 482 53 461 54 438 56 456 57 44
2343 -8.369630719222414 1.5259745185053388 15.329489024149856 174 191 117 0.25144432438556236 49 66 50 528 52 525 54 470
2344 -6.8280853363536531 2.4373083749736746 16.390063904835145 90 178 90 0.13313550129762458 50 531 52 528 49 519 53 492 56 498
2345 3.5942283958939178 8.2923838652649611 22.544471072349268 130 167 95 0.22253227252954488 49 839 50 565 52 539 57 412 58 388 59 410 5 1
2346 -12.32531091592289 4.8060593421222189 20.639101583562034 132 114 67 0.40540832567648843 50 825 51 587 52 573 49 824 53 555 54 518 56 540 57 521 58 506 59 526 60 535 61 265 1 262 2 241
2348 -12.478128402567851 6.2887439583938578 18.851226838267351 117 162 91 0.26418069248515069 49 141 50 155 52 592 51 616 17 198
2353 -34.85604756176668 55.710991178734744 75.005562747827994 189 191 125 0.082520302698957965 47 752 50 704 52 712 59 563 60 559
2354 -34.522043602347345 55.193440266470986 74.221184988244985 189 191 125 0.076502339458420207 47 753 50 705 52 713 6 420 13 127 12 157
2355 -42.216144119472823 68.60579751151451 82.39948480684879 69 131 66 0.24898158221185462 48 721 50 729 52 724 45 750 53 679 55 641 54 630 56 828 38 586 57 782 60 735 61 520 1 519 2 504 4 449 5 435 6 423
2356 -80.572095075196373 117.16801929107271 128.60386122088661 69 133 66 0.14831416291731345 48 740 49 738 50 737 51 770 52 743 53 697 54 648 55 657 56 658 57 628 58 574 59 598 60 590 61 540 1 538 2 520 3 491 4 467 5 455 6 444 7 432 8 469 9 418 10 389 11 400
2357 -57.578062210937468 101.69529025772687 104.64043009529206 66 120 61 0.14879419431843738 48 755 51 771 52 745 53 698 54 651 55 660 56 653 59 593 57 620 58 576 60 582 2 507 4 250 5 436 6 221 3 298 8 191
2362 -9.7399557095972149 35.965805032923214 66.060597436755671 164 177 111 0.18313278875801706 46 942 50 869 52 860 59 670 2 606
2366 -1.8020161755996933 5.9420388331130196 2.8784960462514295 197 195 130 0.31047929224460602 49 903 52 888
2369 -61.618551887367779 109.57441339408935 110.17803001613572 206 203 137 0.10508708625673652 46 982 47 1000 48 977 49 963 50 950 52 938 51 962 45 980 53 881 54 837 55 842 56 841 57 790 58 745 59 765 60 745 61 698 1 694 2 670 3 646 4 602 8 436 6 429 7 403 5 440
2370 -2.5013679559470527 -0.52234166482494071 8.9672171739458868 140 105 72 1.0370204103029594 51 973 52 945 53 888 55 935 56 946 57 888 58 905 59 931 60 895 61 847 1 844 2 827 3 795 4 775 5 754 6 754
2371 -1.5899275522068785 -0.40991369016707624 11.037337162671317 61 118 58 0.076615842189481947 51 976 52 948 53 891 54 847
2372 -10.085042543526537 2.3456710092343629 17.530357264873768 255 255 246 0.3600546864481789 50 1072 51 1093 52 965 53 920 54 948 58 798 59 839 60 797 61 648 1 644
2373 0.18452690022013263 42.473321948714457 75.110020985162265 198 197 130 0.192507039401942 48 1060 50 1008 52 989 53 938 54 888 55 890 57 840 58 790 56 892 59 815 60 777 2 722 3 695 4 660 5 634 6 628 7 611 8 633 9 600
2376 -27.687776381552339 75.536597048281209 79.835854144008749 196 194 130 0.14296286401629649 47 1109 49 1076 52 1038 46 1100 57 875 55 927 56 935 58 827 60 811 61 772 1 767 2 749 3 720 4 685 5 654 6 649
2377 -1.0719404472545222 0.43585112326707798 12.957483031404832 168 190 118 0.19801989443060741 51 1089 52 1048 54 934 55 938 56 851 57 799 58 753 59 780 60 601 61 561 1 558
2378 -5.1710087920993457 -0.32291706049099622 9.9286056828100619 0 0 0 0.37403953349176355 42 1017 52 1049
2381 -22.698024211642217 36.439372641925367 73.12517421667188 70 135 68 0.35013323918459016 47 1258 48 1222 52 1138 53 1095
2382 -22.698024211642217 36.439372641925367 73.12517421667188 70 135 68 0.35013323918459011 47 1257 52 1139 48 1221 53 1096
2383 -0.090330981491023352 0.51886886942020394 15.29536862004994 130 203 111 1.1814978135779386 50 1291 51 1300 52 1251 53 1118 54 1080 57 973 58 904 59 878 60 847 61 552 1 550 2 11
2384 -36.679576044279308 46.001741841296123 60.298294221906296 255 255 255 0.37598467817281367 49 1311 50 1299 51 1308 52 1265 53 1195 54 1153 55 1142 56 1170 57 1092 58 1046 59 1075 60 1035 61 928 1 924 2 916 3 873 4 840 5 775 6 763 7 759
2385 -23.012881583417208 116.01168217232744 105.71545649257381 204 234 178 1.733438482927266 52 1281 53 1234 55 1163 56 1183 39 1150 58 1040
2386 -8.1316329007167578 9.7436634779066509 38.876813691722283 143 179 104 1.3442436513889324 50 1333 51 1343 52 1286 53 1242
2388 -10.517715174624366 46.375969679215949 65.254286581737404 88 122 67 0.069184462139149694 43 720 45 759 46 749 41 749 52 682 44 754 50 687 51 699 49 699 47 760 53 651 38 659 54 582 55 588 57 528
2389 -8.6925918207767143 46.471349736452737 65.691141888581555 63 116 58 0.074257435116127452 45 393 39 330 52 340 42 385 49 325 40 348 55 283 35 259 32 183 29 147 7 90 1 151 61 153
2390 -5.2651202539879023 2.5417009237023995 17.652521239769928 88 170 86 0.2385639777254662 45 572 44 564 46 571 52 519 48 524 50 534 49 524 51 550 54 101 55 91 56 89 57 80
2391 -3.0536583603408438 1.8972865409211197 16.512966927244452 178 187 118 0.25056742160670553 46 1039 47 1046 48 1021 50 972 52 793 48 809 51 820 49 809 53 727
2392 -2.1661160128923989 -0.85115669104541836 9.2065605412287717 184 154 117 0.74070695004629461 45 502 47 503 52 757 49 452 48 776 55 663 57 377 56 425 58 752 56 849 59 773 60 844 61 559 1 556 2 706 3 519 4 720 5 709 6 703
2394 5.1365703132939053 13.289368824354014 34.337289559511575 1 1 1 1.0670945535436016 50 1175 51 1193 52 1179 49 1156 53 1129 54 1164 55 1153 56 1177 57 1100 58 1053 59 1080 60 1037 61 936 1 932 2 919 3 877 4 801 5 782 6 736 7 678 8 626 9 312 11 576 14 79 13 79
2395 -2.7340526352795251 -0.40111585484527645 8.8811349238920592 131 98 65 0.066491522747107443 52 9 53 3 55 8
2396 -2.3792035228342314 0.043641391606361518 11.025146711090354 69 128 65 0.17331060092802628 51 25 53 22 54 28 55 23 52 26 56 8 59 38
2397 -0.7813522420847191 0.51866102984010065 13.566893464817092 93 183 93 0.18904496144928989 52 35 53 28 54 22 55 16 56 10 57 13 59 20
2398 -2.9951606044400054 0.11226635671728527 10.918500580929056 66 123 62 0.047608378625587956 50 31 52 25 53 34 54 27 55 36
2399 -2.2575965464824375 0.48442518968143589 12.044806466125822 199 203 134 0.13667877351654464 52 47 53 37 54 35 55 26 56 22 58 38
2400 -5.0717902754039077 0.20816306236545901 10.6947786117374 255 255 254 0.31384852011657605 51 33 53 44 57 428 58 79
2401 -2.9557387756595461 1.229937567775071 13.749976067496634 166 195 119 0.059290770219840749 46 60 53 51
2402 -2.9557387756595461 1.229937567775071 13.749976067496634 166 195 119 0.059290770219840749 46 61 53 52
2403 3.0888694326758506 5.8895780177487582 22.174611542284719 67 129 64 0.18142102173348507 50 93 53 69 54 70 58 30 5 8 7 6 8 27 10 34 13 76
2404 3.0712524661255101 5.8731970558664948 22.064195236781867 67 129 64 0.2210112742479684 50 94 53 70 54 71 58 31
2405 -1.1219579430793203 2.4748528248251089 22.398405456902793 0 0 0 0.011096142859996995 47 83 49 81
2406 -4.3963978379836028 1.8729559233544149 15.209174191584713 96 189 97 0.06353669651796344 51 67 53 88 50 74
2407 -6.1343240076614052 1.7129450911228608 14.185953248924539 187 195 125 0.070604433642420861 51 81 53 100 55 114
2408 18.154684759516488 44.007266172496188 138.79901520657714 63 125 57 0.16951204444176018 49 599 50 584 51 597 52 567 53 130 48 642 54 129 55 102 56 78 58 407 59 80 60 428 61 388 1 384 2 26 3 43 4 38 5 319 6 51 8 69 9 332 10 345
2413 18.223748572876481 44.216928330030328 80.778329925786622 255 255 241 0.24199066662220639 40 437 49 277 51 639 52 610 53 175 39 432 41 460 38 415 54 503 55 503 56 105 57 441 58 77 59 66 60 48 61 32 1 32
2415 -24.631089192691032 31.369788109486631 82.310927435369166 74 145 72 0.051448123260103909 49 609 53 214 50 633 51 645 57 220
2417 -0.80488023725453062 39.808928462420845 73.598573892324723 75 132 67 0.13763163614578777 49 270 51 254 52 238 53 220 47 329 54 198 55 188 57 129 59 139 58 137 60 108 56 166 61 89 1 89 3 67 5 58 6 73
2420 7.7541679030416173 49.552077654939083 84.415203214084059 191 194 127 0.1412944277330902 48 298 53 225 55 163 56 150 57 112 23 162 35 661 21 140 20 138
2421 7.7225108420869626 49.356489189767608 84.089039035127001 191 194 127 0.16654817258755839 45 769 48 299 53 226 55 164 56 149 36 700 57 111 23 163 21 141 20 139 16 83
2422 -12.806968862611319 8.497890638023776 19.723688999503171 127 160 95 1.5062111095216204 49 188 53 241 55 264
2424 -12.965598059195356 35.692703502154856 67.162596767369948 132 156 93 0.14063335643020122 40 286 53 262
2428 -10.940396693649532 51.056422353888024 66.99738407346068 125 144 88 0.16627640992784079 39 327 53 318 37 289
2429 -10.821254088631624 51.509544150797147 66.682855953077777 138 152 95 0.57458197363467045 40 345 50 356 53 319 41 405
2430 -9.0250733150075266 51.486328817627424 67.099288597145488 59 109 53 0.050330116851224772 46 411 53 321 44 401
2431 3.895631448613833 89.820141140170648 103.44046053859655 70 126 64 0.087855099380724166 49 409 51 410 52 372 53 328 48 404 54 287 55 291 56 253 57 202 58 168 59 179
2434 -26.934663218158061 54.018297023754968 69.572371409555842 59 110 54 0.066712804228520106 45 351 53 357 59 292 56 341 61 251 1 248 3 217 6 193
2435 -29.525224317852867 74.334397351301561 80.030884998407601 59 107 53 0.082772358139783328 48 396 51 441 53 368 50 420 49 420 54 357 55 383 56 369 57 329 58 300 60 307
2436 -24.946410371185735 67.856915088056851 75.495606223485524 195 192 129 0.084406738899044279 48 393 53 369 46 436 47 439 49 403 59 296 56 365 58 297
2438 -51.761758960036374 81.399941933811917 94.3654628453627 196 195 130 0.095016760521740615 49 396 50 401 51 427 52 421 53 387 47 408 48 384 46 405 54 373 55 396 56 399 57 339 58 337 59 365 60 358 61 334 1 331 2 283 3 294 4 245 5 224 6 246 8 221 7 207
2442 -3.0242827913077646 0.20226462251959154 11.122235699246771 143 160 100 0.037029885986810188 50 483 53 445 56 445 57 404
2443 -3.0242237930184226 0.20144794149153566 11.124126133743369 143 160 100 0.034703132951997791 50 482 53 446 56 446
2444 -5.080612360681287 0.80010596047804083 11.775885125406273 78 147 75 0.24096797124265956 52 499 53 469 54 77 55 460 56 59 57 75 58 81 59 106 60 98 61 103 1 101 2 129 3 129 7 187
2445 -1.7196441798801556 2.2474680963865676 19.116589749389249 0 0 0 0.28473918134698961 43 107 48 91
2446 4.4888840251326387 10.41525689717637 25.647980956530123 134 120 75 0.4000189441740522 49 154 50 154 53 503 54 464 55 464 56 471 57 417 58 390 59 610 60 420 2 334 3 343 4 303 5 291 6 298 7 8 8 9
2447 5.0619226392990759 9.8988846932088919 21.782792869041497 179 149 112 0.37913194358281466 51 583 52 555 53 504 54 454
2448 -10.753000673757276 2.6368947198028798 18.507296050937903 145 122 83 0.18545303858145279 49 518 50 539 53 517 54 505
2449 -11.449404194526707 2.8816829865724909 18.291011906631862 253 249 238 0.99749100672065072 51 566 52 557 53 536
2454 -13.73719880193009 32.430218720457454 70.942767255668656 94 142 76 0.077806448924309796 48 652 53 585 55 550 57 509 54 542 56 548 58 479 59 503 2 416
2457 -3.0193697928949046 5.9208012715275862 4.4945863934329582 182 187 121 3.2353526266822881 49 638 53 604
2458 -12.321787606089909 10.478263257623295 18.449388210511344 134 157 96 0.28207384267944008 51 657 53 617 56 623 57 573 58 543 59 560 60 555 61 510 1 509 2 495 3 475 4 444 5 450 6 241 8 251 9 236 11 206 12 185
2460 -7.7544529915417932 39.794321670106804 66.565646098113902 0 0 0 0.10534214912277184 42 741 49 667 48 685 51 690
2461 -20.904962914732348 42.493328556180309 66.412107698044707 202 199 133 0.049619344786513898 50 684 51 697 53 646 49 679 54 592 60 525 59 534 61 472 1 471 2 449 9 376 15 331
2462 -22.869015689992608 44.201144604830141 66.806037880704466 131 153 93 0.071703332160825708 42 697 53 647 41 710 38 610 56 603 36 589 60 527 4 410 8 427 22 352
2463 -20.483000679309907 43.238796855802875 65.841412533358351 62 117 58 0.11615039724736669 41 711 42 698 53 648 43 692 54 593 58 515 59 535 29 100 34 162 21 83 22 81 25 55 26 56 20 83 18 89
2464 -20.588539015253868 43.494901876258396 66.262481509564438 62 117 58 0.10408084435269815 41 712 42 699 43 693 53 649 54 594 58 516 59 536
2466 -27.641755886242279 28.616285891197499 40.982494518206927 253 249 238 0.29081274907285726 50 339 51 726 53 666 55 639 59 591 60 578 61 536 1 534 4 465 7 441
2467 -2.6554150530592628 6.3287664595679329 2.7072782567592166 187 187 125 2.068567905240104 50 706 53 671
2469 -32.150516470856708 74.853921735549449 80.325693579170306 97 126 72 0.13484255188686314 41 744 44 775 52 737 53 689 42 747 38 632 56 646 36 214 57 599 35 187 59 568 32 92 21 7 22 3 18 12 14 72 9 115 13 69 15 41
2472 -1.8053176424620327 -0.70951340120361805 9.5358834154689109 130 97 66 0.5534658917849693 51 480 53 702 54 406
2477 -12.889819969939422 12.929531529122164 18.721031446294884 160 128 93 0.41975280184841596 51 695 52 880 53 845 54 604 55 613 56 633 57 595 58 558 59 343 60 353 61 300 1 296 4 446 5 454 6 443 7 427
2478 3.2653947848494211 5.7579977804302658 34.650974562514683 221 227 199 1.8328456555894566 51 995 53 905 54 940
2479 7.7358670521966388 42.836916140792205 85.272017808172777 173 185 117 0.35172898240031902 49 1028 53 930 48 1059 55 883 57 672 58 620 59 808 3 534 4 502
2481 10.951137098100329 55.963741096452729 91.56318760960383 184 190 123 0.06417931811292564 49 1033 53 939 38 1015 35 946
2482 -0.70770756901997789 63.846664706975034 80.620988857263157 64 117 59 0.097945858178449779 48 1084 50 1032 53 955 55 903 59 830
2484 -60.216309210616245 107.17218859751659 107.55717906053965 206 203 137 0.13270661990172497 43 949 46 1098 53 971 41 944 42 938 44 977 39 872 40 933 38 828 37 570 36 565 35 728
2486 -1.8624822789920596 -0.28313851573523441 11.291788714698345 159 169 108 1.3273751426715783 51 1084 53 975 58 588 59 607
2487 -11.789305665318238 10.933712345953138 18.740394146014896 255 255 255 0.16708565260681746 51 1114 52 1070 53 1011 54 973 55 971 56 991 57 863
2488 -12.74716677986803 10.988859950924075 18.713174286042811 255 255 255 0.39468484636729001 51 1034 52 1069 53 1017 54 971 55 1013 56 1000 57 965 58 928 59 960 60 924 61 836 1 833 2 817 3 785 4 754 5 737 6 723 7 721 8 728 9 682 11 612 12 635 13 633
2492 -5.3209835392519222 0.64882272664382223 11.393204416126615 174 184 119 1.3997056486013622 45 1138 53 1050 54 941 46 1130
2493 -14.470488067548395 6.297484444197571 24.222132764100401 150 187 109 1.0304551818018786 50 1140 52 1096 53 1060 54 1014 55 1054 56 1084 57 1008
2495 -44.125867444408264 69.335680576294635 84.109796766607204 66 128 63 0.27864960588387427 48 1197 53 1076 56 1047 58 935 59 964 61 880 1 877
2496 -2.2349114036944049 0.71610726004490133 12.665569662857926 155 188 113 0.1268687812248111 51 1189 53 1082 54 1038 55 1027
2498 -29.004067006013997 55.732253005326392 71.146236252324002 87 125 68 0.24496737379503547 49 1292 50 1280 52 1243 53 1194 54 1152 55 1140 56 1167 57 1087 58 1036 59 1067 60 1024 61 994 1 990 2 967 3 923 4 882 5 855 6 839 7 841 8 840 9 790 10 781 11 761 12 726 13 727 17 720 18 698 15 703 14 735 16 704
2499 0.63114020220603395 8.8454595920553896 66.41276085097499 254 254 237 1.566576055878377 50 1320 51 1327 52 1275 53 1228 54 1180 55 1169 56 1190 57 1114 58 1057 59 1085 60 977 61 893 1 890 2 834
2500 15.06269269466863 39.535019277709821 76.76122457980388 255 255 255 1.4547539362845152 49 1333 50 1327 51 1339 53 1238 54 1187 55 1177 56 1191 57 1123 58 1073 59 1093 61 1016 1 1013 2 992 4 911 5 881 6 879 7 876 8 865 9 816 10 807 11 791 12 750 13 765 14 778
2501 -0.89648292861778944 1.0179992841356211 15.042627580735314 184 188 122 0.25616846918184905 49 495 45 563 53 42 45 87 44 82 46 81 47 59 48 50 50 47 51 45 54 43 55 29 56 14
2502 -2.8823377086043105 0.22805473838386384 11.103843869085058 67 127 64 0.10591633098751919 49 480 50 484 53 35 51 24 52 28 54 31 55 37 56 19 57 37 58 35 59 50
2503 -11.953865388823715 3.3302784162827708 19.507960478292556 163 131 95 1.2212728944124764 48 530 50 550 51 568 53 156 48 98 50 106 52 137 54 177 55 721
2504 -3.1653307265786141 -0.4278734028699368 9.1169399349307145 122 89 60 0.92437849590622678 49 458 43 2 45 1 44 1 46 0 47 499 48 465 42 0 41 0 50 458 40 5 39 4 53 710 51 788 52 761 38 5 54 661 55 670 37 4 56 666 36 3 57 638 35 2 35 690 58 762 34 8 34 680 59 789 60 760 61 728 1 724 2 789 33 3 33 620 32 598 31 571 3 763 4 729 5 713 6 708 29 543 7 750 27 616 25 658 24 597 23 686 20 615 21 600 19 640 12 588 18 621 17 642 15 575 13 603 14 600
2505 -5.8914108219098527 1.264651015474783 12.763032990805243 152 186 111 0.080251113126857038 42 516 38 18
2506 -3.7937027818681548 0.21918108586980259 10.89698959237203 197 194 130 0.08950636657895697 39 24 38 20 37 11 36 20 35 13 34 15 33 20 32 21
2507 -3.0220811927825406 -0.27362662422365269 10.394847697587647 129 147 92 0.25807161457542749 48 469 38 26 54 23 55 20
2508 -9.9845870204760558 2.4061129054727686 18.211841272738543 206 211 191 0.57604685486887186 40 42 38 32 37 22 36 10
2509 -3.4512371115738745 0.63954499777276264 11.730192962507591 181 189 123 0.11312452650634934 39 35 38 40 37 30 36 42 35 36 34 54
2510 -2.8717886308695983 0.51585370500982175 11.588653978315513 131 168 99 0.49334824384971621 44 48 38 42 36 45 34 60 35 47
2511 -2.1943704468591627 -0.30390145327537221 10.697111198764881 148 157 99 0.11356616288411155 44 28 38 47 37 33
2512 -13.209106653967874 12.111531875611126 18.678704423266247 254 253 250 0.39725384051213214 44 633 38 77 26 0
2513 -6.1531466984634848 3.3611435767436828 21.365270486345516 90 177 89 0.17316350268206415 41 584 38 88 37 91 36 83
2514 -3.665102047342975 1.7869921088755034 15.760416081957494 98 173 90 0.11600080315894816 42 85 43 538 38 89 37 73
2515 -1.3327692743075927 0.77801010148512229 13.65937446934737 187 190 124 0.071643713510799345 39 94 40 93 38 96 37 101 36 88 32 114
2516 -3.2388175008691835 2.2279875277671306 18.128831020217074 179 189 120 0.21930576193355336 40 113 41 108 38 112 36 117 35 110
2517 0.0082928601782738358 0.38465568406990702 14.392955755022172 75 146 74 0.12270202619720874 40 120 38 123 39 115 37 126 36 153 35 149 34 180 33 161 32 175
2520 -21.557091416615947 12.747829956955806 66.781456302618267 216 221 196 0.089257472630350443 39 560 40 594 41 617 42 607 38 143 43 579 44 608 37 123
2521 -21.382114136712669 12.671852662674384 66.303419949168429 216 221 196 0.096038496466892012 39 559 40 595 41 618 38 144 42 608 37 122
2522 -8.7000333954282691 6.0921320102214205 33.678772497362651 222 226 206 1.0011608469120992 40 573 45 139 46 143 38 145
2523 -1.0799758682623903 1.8136436279738608 18.469636678001091 84 167 84 0.14944846465916528 41 605 38 148 37 145 35 178
2525 -42.405860652759344 34.098417085048375 110.49243849509701 69 134 66 0.0814653726309887 45 222 38 159 34 144
2526 0.25188437339483011 1.0899724212925435 19.544035792545777 84 167 83 0.1422218791350576 40 160 38 167 37 149 32 237
2527 0.43122210114734572 0.88110070279534636 19.910851106341124 148 173 102 0.24197942779904177 40 161 41 138 38 168
2528 -50.419213346959701 68.897933531264371 83.367768326205479 228 226 207 1.0675078448134869 51 741 38 173 35 96
2529 -22.655131523796491 25.541708264541231 131.62342175054732 69 134 66 0.12074589566497984 45 192 38 186 36 205 35 208 33 220 32 203 39 187 40 213 31 235
2531 1.9928045317580676 2.6201010931446995 24.615345865689015 110 102 54 0.19734878141402545 39 198 40 218 38 230 37 239 36 239 34 278
2532 2.2709446846221359 2.0661314324767677 24.225615238115147 168 139 104 0.17219380892482183 40 219 41 189 38 232 37 826
2533 -49.254457194985612 95.740666839509529 96.738498796691502 78 151 77 0.11101064652837031 39 260 42 734 48 759 50 748 38 240 49 740 52 747 36 181 35 153 31 38
2534 -49.254457194985612 95.740666839509529 96.738498796691502 78 151 77 0.11101064652837031 39 261 42 735 49 741 38 241 48 760 50 749 52 748 36 182 35 154 31 39
2536 -14.657286398211768 43.62128721609097 64.032073379661682 70 131 66 0.080563509136882955 43 322 46 353 38 265 54 276
2538 4.300144217341475 6.2038610538626813 23.038022884145626 187 209 133 0.14881560157056345 40 306 38 320
2539 -5.1694148450064157 45.704946479541817 67.168041064798615 181 184 121 0.081226385839218859 49 330 38 327
2540 1.5510473950277313 8.2264418304803915 6.1804931945494879 0 0 0 0.72159309880981415 39 357 44 421
2546 -6.7728720497687576 0.67376530147040692 11.859065914252238 219 221 208 0.70688811515525296 39 453 40 488 38 438 37 440 36 426 35 444 34 425 33 390 32 0 31 367 30 1 29 9
2548 -1.6586384658229252 -0.77618332019399616 9.4782910988423357 214 180 137 1.1786026357030137 39 768 38 452 37 730 36 447 35 699 31 769 30 731
2550 -5.3441914697332464 2.5785493820054017 17.823781320511443 97 175 89 0.066845015319704063 39 513 40 545 38 506
2552 -12.297832454846459 12.919921071500211 19.035993218435717 176 144 106 0.47144941957744374 39 531 40 583 38 514 29 0 31 2 28 1 27 0 23 303 22 313 21 288 20 287 19 310 18 308 17 320 16 328
2553 -12.918652703111409 12.286108713318843 21.427159927891157 246 245 230 1.3580916458322378 43 163 38 517 36 497 39 800 40 584 32 409 33 406 29 349
2555 -0.20151136760794525 0.30517405350538374 14.075609786904243 91 146 78 0.10820334969924038 42 554 38 529 35 540
2556 -1.812772469664411 2.2507610705505146 19.594908630006472 149 183 107 0.077720648070238096 39 563 40 576 38 545
2560 1.9021579406767919 5.8997863931065773 33.801363075696564 234 235 214 2.4933426797388627 41 912 38 627
2563 3.1508501740710719 6.2621824478456327 22.078330389086307 81 159 80 0.27425870861886337 39 659 40 685 38 649 37 304 21 406
2564 -13.851896952591995 54.72412039114915 67.782966688915849 189 192 127 0.12270585164711652 39 680 40 736 51 714 38 658 37 627
2565 -7.067296152344082 46.646778304015633 65.831684359559901 185 187 124 0.27144475478105262 49 684 50 688 53 289 38 677 58 487 6 100 7 70 7 331 4 355 12 316 16 59 20 75
2566 1.3702202909473371 4.3229597844354606 0.55603636793901579 0 0 0 1.3537963279123764 44 781 45 768
2567 2.6222563862824408 3.7382690102144718 1.1117497973905803 0 0 0 0.86931511701238129 40 763 41 790
2568 -9.8763777150807215 5.5734053333420812 30.114491436317081 90 185 89 1.499922709055783 45 594 38 778 37 89
2569 -35.39528579161535 37.784186203042992 86.645447799814207 64 127 62 0.11179654650627199 42 891 38 799 43 882 44 917 37 778 36 783 35 731 33 655 32 647
2570 -23.463371050079907 32.099253621321701 81.157939291489569 174 174 112 0.05820749209057216 43 884 38 806 42 900 37 793 39 830 36 797 35 746 33 669 32 669 31 624 29 585
2571 1.6796190882537305 1.0477139793562742 21.171021684429803 155 126 88 0.09739937014475393 45 580 46 576 38 812
2573 3.9984570006090596 6.3806561877560108 21.973058887195819 62 114 57 0.35546316406283224 39 885 40 931 38 872 37 860 36 873 34 825 32 754 31 710 29 663 28 597 25 437 24 553 23 582 22 553 21 539
2574 4.116703094814695 6.8458352525261983 21.907248715331328 58 107 54 0.13521118673838656 39 897 40 932 38 873 37 871 36 872 35 823 34 832 33 759 32 753 31 709 30 682 29 662 28 589 27 576 26 593 25 551 24 552 23 567 22 552
2575 5.5440134442294386 47.439250438708982 78.979881166409967 54 103 50 0.049344369300421152 42 980 38 903 43 961 37 889 36 889
2576 16.598068281001723 42.385451344176694 77.995183474187385 246 243 230 0.23378702570478313 39 948 41 1009 42 983 46 1085 38 923 47 1089 37 910 36 909 35 678 34 669 33 365 32 361 31 348
2577 -12.593540680733899 5.4561551056371487 20.471816021722166 106 151 82 0.55945539864979277 40 1036 38 935 37 927 36 920 33 803 32 779 31 748 27 609
2578 -12.471946454648455 3.411218176639792 23.109236428171116 157 168 109 1.7225952467590622 40 1120 38 937 36 922 33 623
2581 -0.91051182756044635 3.2893133891205162 5.6693368923501124 0 0 0 0.6406393622018467 39 786 53 729
2584 3.931666127085661 8.6042314596730964 21.875231726464477 236 233 225 0.18491375417535069 39 1107 40 1145 38 1000 37 1050
2585 -3.816345692994477 69.799470568927717 81.705271095122583 206 203 137 0.091904896229367691 39 1049 40 1102 41 1119 44 1108 38 1007 37 990 36 877 36 1001 35 816 34 816 34 938 33 725 32 702 32 835 31 660 30 624 29 594 28 528 27 514 26 511 25 491 24 477 23 503 21 306 22 332 20 291 19 297 12 299 18 292 17 287 13 293 15 262 14 293 16 295
2586 -4.6306715646827765 2.1720701397642843 16.121029103460206 174 187 118 0.66470857830285945 39 1074 40 1123 38 1027 37 1010 36 1029 35 884 34 888 33 817 31 593
2588 -17.537884966115726 42.163040953501479 62.7427090680101 68 131 66 0.47370991791470884 40 1190 41 1225 42 1226 43 1198 38 1086 34 1040 31 866 30 833 26 719
2589 -17.55871479044249 42.03039376229011 62.556501459462417 68 131 66 0.24482595106388572 40 1191 41 1226 42 1227 43 1199 38 1087 34 1041
2590 4.8446561736583709 8.637203858817541 23.03761757388844 255 255 255 0.42519943384375031 39 1145 40 1148 38 1097 41 1188 37 1096 36 1147 35 1049 34 1061 33 979 32 964 31 923 30 854 29 797 28 717 27 704 26 737 25 678 24 620 23 642 22 626 21 603 20 560 19 576
2596 0.037558928037952466 72.06080823821793 86.011275795295532 62 117 58 0.10562531141827228 48 397 49 378 50 388 40 424 51 379 38 377 43 429 46 442 47 446 37 369 36 364 34 315 32 245 31 213
2597 -40.039523201806738 86.290619981581116 88.808007224746021 197 197 131 0.1627310227392445 43 1082 49 1073 44 1099 48 1094 42 1101 41 1101 50 1051 40 1083 39 1025 51 1070 52 1036 38 981 47 1191 53 1044 37 960 36 961
2598 -0.40082304962773024 10.792034546934046 7.4417897636931665 0 0 0 1.1565939055818548 39 1255 53 1180
2599 -1.7821029564738946 0.017451811595949412 11.595395334565515 197 198 132 0.11131694212008178 53 21 54 21
2600 2.3631393498725077 3.5426446140878554 23.92750467400284 115 166 91 0.21101387548441364 51 541 54 57 56 33 5 18 8 354 13 135
2601 0.98821403774912142 3.0905051629141616 33.175384972658634 212 218 193 1.7189735180317574 52 74 54 62 51 72 55 61
2602 2.4629983546659191 5.0446408992644489 23.614186673546371 142 171 94 0.11728479488532847 51 92 52 76 54 65 59 32
2603 2.6338470783773125 5.0936692016300755 22.741570322353432 65 125 61 0.31049261387496957 52 77 53 65 54 66 55 49 56 450 57 399 58 29 59 33 60 16 61 4 1 4 2 5 3 15 6 29
2604 3.0079673144810033 6.3754513229443646 24.855973930395628 157 175 100 0.14002912845656515 52 91 54 69 55 65
2605 2.919373546872468 6.5546696692629878 23.62901414028731 143 172 95 0.079713763063562204 52 95 54 73
2607 -1.6062234438293752 4.8859722714902833 4.9616816718776109 71 133 65 1.3245986404653503 50 178 54 148
2609 -0.27993783709750203 7.0143766348044352 5.0340463515151725 198 222 141 1.1578769585971376 38 194 54 207
2610 -12.247986719451459 6.2886418194829874 18.985353954920349 206 204 136 0.15954541925470267 50 158 54 209 55 223 56 258 58 253 59 277 60 288 61 290 1 286 2 267 3 276 4 255 8 299 9 273 11 251 12 244 13 243
2611 -12.244823816226095 6.2868011603410823 18.974979305975587 206 204 136 0.15706998242669232 50 157 54 210 55 222 56 257 58 252 59 276 60 287 61 289 1 285 2 266 3 277 4 254 5 255 6 266 7 263 8 298 9 272 10 276 11 250 12 243 17 197 13 242 14 249
2613 -14.33168113140221 33.590532104118843 69.773563766854863 68 130 65 0.074541325964925242 47 298 52 230 54 216 53 217
2614 -1.3351119339201123 9.3464949271940352 9.5958529979308231 66 123 61 0.39729543418222663 38 245 54 225
2615 -12.740835480184689 6.9615095881796227 19.058557465434983 75 145 73 0.14519270221812267 52 220 53 205 54 229 51 202 50 156 49 155
2616 -12.528869088616046 36.357609371349533 65.778676960024768 135 155 94 0.24568677605143341 39 271 53 264 54 254
2617 -13.011747564053945 11.461819190379902 18.787181221699889 255 255 251 0.21007555626949279 52 319 53 304 54 310 55 332 56 324 57 575 58 544 59 576 60 556 61 514 1 513 2 499 3 477 4 463 5 453 7 237 8 253 9 238 10 218 11 207 12 186
2618 -11.804106534059699 12.118145222987483 17.623595943601533 185 152 115 0.23308961840392203 52 321 54 313 51 318
2619 -24.130424099603481 62.056082263401699 71.909475128741207 58 105 52 0.10634673259372682 45 411 54 343 55 364 59 295 60 276
2623 -2.8471646670804009 -0.39399042511299931 9.6264769350668828 255 254 242 0.31014865565309752 50 768 54 418 55 18
2624 -3.4891611660549371 -2.6182574524097757 57.549653190848396 97 193 99 2.2652290969270088 42 127 54 440 55 453
2628 -20.525772754825095 30.284032295466936 78.739158953079439 72 141 71 0.017555834575404963 48 624 53 583 54 540
2630 -1.2585212150237859 41.498151782773682 72.420349142297752 139 159 98 0.15687023750634591 49 669 54 548 55 534 57 483 9 338 21 368
2633 -21.839283823150883 61.376832021660235 71.341599241321248 176 179 118 0.076551122305317715 45 779 54 620 58 705 2 453 6 378
2634 -56.690091131558511 93.486224234139968 100.01200062821796 175 181 118 0.14088554208776757 48 741 49 739 51 759 54 650 55 659 57 619 58 573 59 592 60 581 61 529 1 527 2 508 5 437 3 482 6 426 7 416 8 453 9 396
2635 -2.4719378070567322 0.68707787892504368 12.075691159622737 163 188 115 0.28101722754022579 53 719 54 676 56 675
2637 -11.027102867229734 3.4431446111392301 21.616054533264489 180 187 114 0.2419325501915873 52 806 53 750 54 713 55 879 56 733
2638 -9.2367845056425182 30.504398040702057 80.36783605673466 74 144 71 0.27751126697674244 48 876 53 769 54 723 11 602 24 612
2639 -11.635517098119953 34.073548965264983 69.275350328003356 66 128 63 0.080225448482721687 50 866 51 873 52 847 53 788 54 748 55 744 56 743 57 705 58 648 59 668 60 659 61 614 1 611
2640 -12.248017780211713 8.6318450826263842 18.147664971189482 72 136 69 0.28755359372246408 52 632 53 595 54 772 55 771 56 796 57 745 58 541 59 734 6 583 7 574 8 600
2641 -12.186744615212742 9.1026916145567665 18.057164576833294 67 127 64 0.19852639726574473 52 857 53 813 54 773 55 789 56 797 57 746 58 712 59 735 60 717 61 682 1 678 2 665 3 643 4 609 5 583 6 581 7 561 8 599 9 572
2643 -50.409467720834343 121.17956719113889 116.1763527192623 165 176 112 0.21619698453339511 47 1003 48 989 50 953 54 839 55 841 56 838 57 788 58 741 60 728 61 688 1 684 6 392 3 630 4 580 7 387
2644 -0.20068876165237423 -0.92953090916850234 10.959926130138783 1 1 1 0.7209474613546184 50 1060 54 842 59 771
2645 -3.9520228611513559 1.2883106816884586 13.509226958635409 94 185 94 0.23110172234164453 52 792 53 904 54 859 53 725 55 865 56 686 57 654 58 602 59 630 60 615 61 427 1 425
2647 -7.63864237322165 1.8007893916762323 14.54098884507833 149 183 108 0.23882867233127988 52 962 53 914 54 868 56 879 57 835
2648 -13.15086381467898 5.4026309941725517 22.878206804514921 255 255 234 0.43917853790575651 52 1062 53 997 54 884 51 1157 50 1138 55 957
2649 -21.574811451631746 38.507149301260746 64.854820573795294 162 173 110 1.1300228457062873 44 1076 54 915 37 956 60 807 2 742 33 833 35 901 4 689 29 718 9 626 3 717 12 574 22 595 23 677 19 623 18 603 15 552
2650 -14.161231212593792 14.616975029661344 20.829065687194362 180 150 113 0.38624205762520764 52 1011 53 958 54 920 55 813 56 357
2652 -2.3965400526469378 6.353770684137058 4.2693586974713691 0 0 0 1.8427359775062511 49 1122 53 1012
2653 -5.972122943948678 45.059817537327703 67.069596757474045 176 180 117 0.32502629334608046 50 1102 54 968 56 981 57 911 32 909 30 841 29 786 20 591
2656 -12.993137060907175 70.865300395364329 78.39076006374134 105 133 77 0.50679964009784284 40 1154 47 1232 54 979 38 1057 56 997 36 1047 57 927 35 1000 58 876 59 909
2657 -1.7856818331519893 -0.13507813207851299 11.572305602597579 168 178 115 0.1196439949426011 53 1048 54 994 56 1014 57 939
2658 -14.45069226067328 5.5171217724377533 27.799481582381706 132 188 100 0.48533862957963991 52 1094 53 1057 54 1009 55 995 57 912
2659 -16.815453056086223 8.9757776492804364 51.38145168203912 250 255 232 0.98792495410383829 42 1207 54 1048 56 1023 36 1032 57 956 58 861 60 790
2660 -17.282691886596481 8.9819418793960448 52.832713389140494 250 255 232 0.47177656265999862 42 1208 54 1049 56 1024
2661 -4.7847882215678625 36.324748070768102 66.067419958265134 64 123 61 0.33532226650729047 50 1181 51 1200 54 1056 55 1049 56 1074 57 996 58 961 59 987 60 952 4 821
2665 -2.0733235521488207 0.19012753101097712 11.633685594216018 184 190 125 0.96565757982020017 53 1116 54 1079 55 1070 56 1053 57 975 58 906 59 934 60 896 61 848 1 845 2 785 3 758 4 725
2669 -8.7505906867285432 46.682432880977707 66.006132367151508 59 109 54 0.065994395773498554 49 324 45 392 50 326 39 329 54 280 48 350 53 288 52 339 55 282
2671 -0.74359897512649387 6.0564902693879468 5.823021907416174 117 141 79 3.7937151099097739 39 586 54 501
2673 -1.1076237991390554 3.1547826027624755 6.3267503434124723 1 1 1 0.37224379039093808 38 943 54 860
2674 -41.554400665003818 70.616977673017104 82.879593564791733 198 198 131 0.10198938607016604 43 934 45 964 44 959 46 959 47 976 48 952 49 939 42 926 41 926 50 929 40 914 43 1076 45 1095 44 1082 47 1105 41 1087 39 851 51 943 38 815 54 928 48 1081 50 1044 51 1062 52 1027 55 829 55 926 37 798 56 830 56 937 57 879 35 729 58 836 34 727 59 751 59 867 60 736 61 685 1 681 2 666 33 647 3 634 4 591 5 576 6 565 7 541
2675 -1.9394428851261782 -0.43504384412121155 10.459284467346651 253 253 250 0.1393983714855648 54 7 55 9 56 5
2676 -2.7904200296555137 0.65432151656441451 12.080008946479245 143 185 108 0.49380672853769836 54 49 55 44 57 40 58 43
2677 -5.0409471506294379 2.4605010484538519 17.400463777464534 192 201 127 0.16510311752423076 53 89 55 89 56 91
2678 -5.5457709764959828 2.471963763129303 17.246013914830716 104 200 102 0.12906607382914925 52 518 55 90
2681 5.7046575963177064 16.026066533676712 37.537266413823779 1 1 1 1.5396214901259326 52 568 55 106 57 439 59 427
2682 6.5570419235368957 15.067926082902712 31.934609931255597 1 1 1 1.4561408312081208 53 516 55 107 57 427 59 612 60 423 61 726 1 722 2 541 4 305 5 699
2683 -6.544367352358468 1.2144631987365626 12.775204616513966 87 170 87 0.097758799800401489 53 98 54 96 55 111 56 108 2 147
2685 -12.618863395715294 4.1284934861408402 21.592211192867914 143 123 84 0.24250131372931935 51 140 55 171 50 108
2688 -9.824652908221541 34.526337495987015 67.596784554664637 65 113 57 0.20989242984804612 44 291 50 271 46 302 35 262 25 133 23 136 22 155 17 142
2692 -25.72724545970868 48.150263235110458 67.312642371651989 0 0 0 0.11815456029138607 42 285 48 343
2693 -32.661787059978835 39.824935153089505 78.551128627639386 136 161 96 0.49314433207194391 50 285 55 305 7 200 52 302 51 311
2695 -9.7567062135956348 57.157475112708482 70.339900042011891 137 152 94 0.37874422612850145 42 412 51 378 55 320
2696 -6.3010540357767963 84.102673070689249 92.220914937341277 69 125 64 0.082795624493498879 49 406 53 349 55 324 56 281 57 258 59 212
2697 -13.013633793445562 11.465717489314626 18.795893948821707 255 255 251 0.20256342688044748 52 320 53 305 55 333 57 576 58 545 59 577 60 557 61 515 1 514 2 500 3 476 4 462 5 452 7 238
2698 -35.39894959317084 49.556614354993918 76.432288642450743 187 190 124 0.052782228215519922 44 276 55 340 58 291 11 179
2699 -30.578573218163132 50.912507588640189 70.986537874883808 62 114 56 0.10239953390220351 46 342 55 346 59 327
2700 -27.64936126393588 50.060406217642431 68.784442790645187 141 156 96 0.10265575227765364 50 349 51 365 55 349 9 177
2702 -29.436498588448924 74.096478903114559 79.767532630703428 60 108 54 0.067508795129944954 48 395 50 419 51 440 52 403 53 367 54 356 55 382 56 368 58 299 57 330 60 306
2703 -38.970475188484293 79.368718945978742 84.369856881327806 60 108 54 0.081208056430558617 46 429 47 435 49 415 55 401 45 405 48 389 59 352
2706 4.6403472123581579 10.95114091453952 23.547397568313745 254 252 239 0.16769246432163171 53 515 54 467 55 465 56 474 59 419
2708 -2.1136521393380705 5.0242167020933319 7.9094301524449859 106 149 82 2.4705175363549481 49 569 55 485
2712 -25.494731440883061 30.462883740388857 88.187613947430506 171 181 113 0.090565612553997074 50 617 55 546 53 582 56 546 6 410 26 396 11 442
2713 -20.995337922890844 32.718019001534266 74.436128471784087 161 178 110 0.24750060571538135 48 650 55 561 46 687 47 690 2 633 54 760 12 383 23 390 20 369 7 395 18 394 13 395
2714 -23.137306487944617 36.997643188380039 71.642521371518782 68 130 65 0.15456242815611734 49 646 55 583 51 685 52 661 53 625 56 585 58 514 59 532 60 515 61 470 1 469 35 551 2 448 33 479 3 425 4 407 30 404 5 411 6 399 29 401 28 348 9 409 25 353 24 352 23 372 10 381 11 404 12 384 22 364 18 376 17 374 15 359 14 378 16 376
2716 1.0805467212269904 52.099406762940909 74.430210875982667 61 116 57 0.091345467590658494 42 774 47 764 45 785 46 754 36 678 39 709 35 640
2717 -26.293466874650289 49.73269911801561 67.93563744564176 60 111 53 0.14526569545993789 42 719 46 733 40 690 41 707 45 738 5 413 3 446 6 403 7 399 8 431 9 388 10 370 11 393 12 350 13 359 14 344 15 311 17 313 18 322 16 339
2718 -15.108736587305039 55.987679895279889 69.063407563801945 61 109 54 0.069173492235483247 48 727 50 713 55 605 47 770 56 610
2720 -1.9155999024987636 0.24447576580316185 11.785609488359228 212 210 141 0.16052903796964713 54 672 55 674 56 668 59 416 60 415 61 385 1 381 2 345 3 352 4 36 5 53 6 67
2725 -14.8319084702051 11.591891716568361 21.742494810609852 250 247 236 0.15699663403118538 53 827 54 789 55 802
2726 -31.333880361576419 50.506903927115673 72.095213907578227 61 115 56 0.077239880568011385 50 902 51 922 52 900 55 806 49 912 54 808 57 764 56 812 53 852 58 717 59 740 60 707
2727 -14.310476200678488 14.772433994228411 21.079829572599543 182 152 115 0.38735922448265531 53 959 55 814 56 358
2729 0.6029050150556865 -0.75739088195618209 11.929383767430188 255 255 255 1.0191657197651223 51 971 55 847 59 772
2730 -2.9072291171831859 -0.16956470648146743 10.382556438627901 140 155 96 0.48707300572324624 52 1047 55 851 57 805 58 764 59 608
2731 -2.5229066520707266 0.26145298371143605 11.565862786426129 78 150 77 0.29654759232179967 54 850 55 852 56 859 57 806 58 765 59 791 2 552
2732 -0.91051182756044635 3.2893133891205162 5.6693368923501124 0 0 0 0.6406393622018467 39 787 53 728
2734 -11.128449265989333 2.9041025478826774 19.904893411835772 193 197 179 0.18948768097975824 53 921 54 879 55 878 56 732
2738 -10.408801493704548 51.10911886373141 67.230788547510372 90 124 69 0.23761810907012004 42 1106 45 1099 55 913 58 806
2739 -16.702376993446087 61.756206525150908 72.246898346097112 181 182 121 0.0163042202124868 42 1104 55 918
2740 -9.2677166546479111 39.056298777048198 63.154440189514553 96 132 73 0.53917658823157721 51 1120 53 1004 54 966 55 965 56 983 58 868 59 901 60 870 1 818 3 768 4 736 6 706 36 1044 29 788 34 1000 7 694 25 665 24 662 23 682 12 613 11 651 22 666 21 643 20 596 19 619 18 599 17 622 15 603 16 626
2741 -4.507989590434077 41.271599122353443 67.198338046609265 63 119 58 0.36433494368905373 44 1212 45 1235 55 1005 56 1031 59 895 60 867 61 818 1 813 2 801 3 765 4 731 5 715 6 700 8 701 7 691 9 662
2742 -2.2413347171261018 0.71374429492625258 12.732347061736581 166 194 118 0.18554988186291538 54 1039 55 1028 56 1099 57 1026 58 942 59 971 60 936 61 892 1 889 2 874
2744 -19.387818411605924 40.124803518548347 66.231554631700305 62 117 58 0.38295805307729058 40 1231 41 1263 55 1057 39 1181 35 1091 61 917 1 913 2 902 33 1006 32 992 4 830 30 933 28 786
2745 -19.545398971464547 40.356188939201239 66.756790764194008 62 117 58 0.28434103050023946 41 1264 55 1058 61 918 1 914 2 903 4 831
2746 -6.2223618982142188 60.53660442345312 74.593265506304689 143 157 99 0.29286762090094021 50 1197 51 1211 52 1157 53 1103 54 1067 55 1059 37 1147 56 1086 57 1004 58 963 59 995 60 959 61 914 1 910 2 896 3 851 4 823 5 796 7 777 10 730 15 638
2747 -17.638128120534102 7.8446434015972226 35.247336174298084 254 255 236 1.5568716542255701 52 1255 53 1210 54 1098 55 1095 56 1122 57 1057
2750 -0.011718123182048405 -0.44953037784798944 12.763678491743088 96 124 70 0.24321103223264715 43 58 44 58 42 61 55 6 45 541 46 836 51 487
2751 -19.365743443761243 52.163040039917746 67.95146997932325 63 120 60 0.6230514170102901 43 1205 45 1238 44 1216 46 1225 47 1227 48 1195 42 1229 41 1229 40 1195 39 1143 38 1092 55 1062 49 1205 45 1271 44 1249 46 1259 47 1262 48 1225 50 1191 51 1210 52 1156 53 1106 54 1069 37 1091 57 1011 59 999
2754 -4.3383223407402243 0.049511961176189612 10.72236642943653 163 179 111 0.12752086044641342 47 13 37 3
2756 -7.5166989552998853 2.9204024753602469 18.262060322281464 0 0 0 0.089233121115128447 42 78 45 92 46 87
2757 -5.9474521878214448 3.3156016413967873 20.897212587621461 91 183 91 0.13121009508218884 39 85 37 92 36 82 35 87
2758 -2.6446736898351189 1.860187275496187 16.368568715712062 142 183 106 0.28478611528156494 46 573 37 97
2759 -1.3586197768547048 0.90316615365882558 13.974714935761249 81 157 80 0.054627252721047341 42 71 37 103 35 114 33 122
2760 -1.1538884856360772 0.81608973775036342 13.787699841023617 182 189 123 0.17740366428672641 38 97 37 104 36 89
2761 -43.12847653124723 43.747947250920369 90.178601424455138 170 176 112 0.0010145379819150326 46 681 37 134
2762 -2.0140929385061157 3.1622759601370038 24.054081277896625 174 184 113 0.065683699034919094 41 622 37 144 40 599
2767 1.4775120765312042 2.1820510950798626 25.07752535951407 226 226 210 0.2487951868464188 39 197 40 617 37 209
2770 -34.989505977102603 109.88142398603576 104.71216358456574 164 183 115 0.75136016193130617 48 439 52 447 37 280 61 490 55 644 57 600 58 563 56 649 1 489 2 457 6 144 7 123
2771 -12.281995799352906 47.088154510605001 65.01712753045166 66 127 63 0.10035150743175592 42 350 37 286 44 368 45 388 43 325 59 239 60 208 61 187 1 185 5 119
2772 -9.392900889344558 47.838403270779352 65.641211160644104 66 125 62 0.10011877408907421 39 328 41 409 37 290 36 281 57 234 56 242 54 281 2 140 31 177 33 202
2774 1.3538211810378791 49.752981110261111 72.140119876556057 71 115 60 0.16345343824069836 43 391 37 346 35 355 33 287
2775 9.7979222098697765 48.599880433054992 91.287017809963231 181 182 119 0.15255838745397551 44 351 45 373 37 376 34 366 33 345 20 142 14 80
2779 -11.797061860037816 8.0825629419021912 19.905496468166795 153 165 96 0.2493373721911071 38 491 39 509 37 483 36 469 35 477 34 438 32 402 31 386 30 351 29 350 28 293 27 294 25 312
2780 -4.0025650057089655 1.3322870765993664 13.738132836718767 86 172 87 0.16281956683317167 38 475 39 501 37 486 34 67
2782 -12.621299935655275 12.508404220159004 20.349234144653558 124 114 71 0.18636527179207471 40 141 37 497 36 493 35 472
2783 -12.621299935655275 12.508404220159004 20.349234144653558 124 114 71 0.18636527179207471 40 140 37 498 36 492 35 473
2784 -70.787998957951856 56.070403423599927 118.13030141886055 60 111 51 0.14498042342488876 38 131 39 124 40 603 41 626 42 182 43 186 37 507 36 78 35 81 34 85 33 62 32 36 31 32 30 31 29 56 28 326 27 317 26 43 24 339 23 363
2785 0.13278789472897201 0.53825092977695421 15.434173995747546 160 183 112 0.15651531713988262 39 548 40 560 37 537 36 558 34 541 33 189 31 207 30 215
2787 -24.449909039305791 31.079707497212425 81.612141062818239 63 125 61 0.13345528218380001 44 662 46 665 37 559 45 257 47 667 36 574 35 554 34 537 32 474
2790 -3.1196619836927857 32.469940270182114 109.1524493941528 88 124 67 0.040722692073831335 50 598 37 617
2791 -7.0802248331512301 45.470958497882663 65.847920358134544 69 122 62 0.077484794223045397 38 678 40 742 42 750 37 632 36 644 35 610 33 521 32 507
2796 6.0125992050461283 51.477185140092573 80.621232008875808 53 101 49 0.055157030965686846 43 742 37 696 36 697 33 567 31 516 30 495 29 470 28 406
2797 -3.6876643890947602 0.48075259780851576 11.34316554460996 196 196 131 0.22388499350505101 39 771 37 732 35 698 34 692 33 627 31 391 30 366 29 379 28 328 26 67
2798 -1.7553523886595945 -0.38915990962101665 10.176616758851198 241 237 224 0.11613088104219729 38 755 37 736 36 464 35 468 34 457 32 46 31 58
2799 0.096651235416470346 0.019878313329269953 13.589369413107079 113 149 85 0.35766890870718521 40 845 37 756 34 542
2800 -59.006908321616663 79.150008684963296 99.948574082493195 230 225 206 0.53430761234768931 49 1130 37 784 36 778 35 718 34 714 33 636 32 619 31 577 30 557 29 545 28 483 35 892 27 482 26 480 25 464 24 462
2801 -9.4416075706127618 30.563458744948349 80.538488935362693 59 114 56 0.15714886251699864 44 933 37 836 46 691 36 833 35 785 34 792 31 675 28 566 27 560 26 557 23 558 20 516 19 533 18 518 17 531 52 605 13 519 15 491 16 535
2802 3.0260051410221469 4.7429676080469774 22.462129270544043 94 136 75 0.145884269066554 39 871 37 840 36 857 35 813 34 813 33 751 32 742 30 673 31 700 29 665 28 599 27 577 26 597 25 562 24 565 23 593 22 569 21 558
2803 4.6838546360866609 8.872486818867273 22.16303345772657 185 155 117 0.58580847816723602 38 684 39 911 37 882 36 886 35 837 34 948 33 878 32 915 31 882 30 853 29 794 28 716 27 703 26 736
2805 5.6924737205857339 10.535289272946923 23.417563278038884 255 255 248 0.2791256924526086 39 705 37 893 36 893 35 846 34 847 33 585 32 569 31 545
2807 -1.3879798529791587 2.8657595710914792 22.899672982724908 166 182 111 0.18263383868815281 38 960 39 995 37 951 36 799
2808 -21.665753882124061 34.433487832821008 77.832310756761018 138 156 94 0.5500535837670073 42 1067 37 958 36 966 35 907 34 904 61 767 59 842 1 762 2 741 33 835 30 751 27 645 12 582 24 601 22 608 18 569
2809 -7.3573147360394548 29.864822095026543 141.76763541795785 131 149 89 0.40039223480713027 40 1067 49 1008 37 969 46 1053 48 1036 45 1068
2810 -12.504335216085829 40.095345522663706 63.22829218771178 130 156 93 0.43573223461505911 38 1045 39 1098 41 1185 37 1033 40 1142 34 996 33 923 31 870 6 710 3 771 4 743 5 720 7 699 9 663 10 655 22 668 24 660 21 635 20 593 36 1043 18 601 17 624 13 624 14 636 16 628
2811 3.6881590311718884 5.3664264087148847 22.341749587874613 62 115 58 0.14883679981870762 38 1047 39 1102 37 1044 36 1050 35 938 34 945 33 931 32 917 31 820 30 791 29 798 28 719 27 705 26 691 25 633 24 679 23 698 22 641 21 610 20 573 19 597
2813 -4.9480692531709725 -0.3276410464868732 9.5701087408662673 0 0 0 0.3218538071889161 39 1202 37 1111
2815 -0.27325346973201409 7.0015150745294692 55.950847823487358 226 231 209 1.6536438456343026 38 1180 39 1289 40 1335 37 1188 41 1362 36 1188 34 1053 35 998
2817 -2.5808800211782654 0.068036861389640851 11.048211248330897 113 147 85 0.99046138517256244 38 1240 37 1243 35 1167 34 1168 33 1077
2819 -13.261943061183651 12.636639935602826 20.344939780217263 198 169 133 0.78242193558754047 38 1251 39 1311 37 1253 36 1247 35 1188 34 1190 33 1097 32 1091 31 1049 30 1031 29 972 28 887 27 848 26 879 25 827
2821 -44.61737930474527 37.306525710952911 86.838943980768505 92 146 77 1.7009301752174311 42 1382 43 1362 37 1255 32 1095 27 850 26 882 25 826 24 814
2822 -0.37557648605924826 5.3204684307433849 43.590444786871011 159 161 148 1.97021619917693 44 614 37 587 44 615 41 642 43 587 39 195 52 88 53 93 54 87
2823 -11.332871008777301 48.161373228469728 65.251458992159186 58 108 53 0.081989909288938859 43 358 45 394 44 369 42 380 41 372 50 355 40 344 39 326 51 374 38 304 37 288 49 351 52 338 47 385 54 303 55 286 56 278 36 255 57 233 58 217 59 206 60 210
2824 -17.237123749235312 83.303891126525841 86.968576045729009 54 98 50 0.09394156893135458 44 436 47 473 48 427 42 428 50 427 45 461 39 356 38 340 43 400 37 311 40 401 53 374
2825 -2.6857885265989707 0.045871724673384018 10.943609823670808 89 129 71 0.13746758964902792 39 472 38 461 37 457 50 774 51 798 53 714 36 459 35 466 34 452 33 410 32 421 31 392 30 377 29 394 27 90
2826 -5.9752624601594704 2.0223246013454639 14.933557118447542 168 187 116 0.31455346046374266 39 782 41 1053 38 938 37 737 45 1047 48 1019 41 849 36 746 35 697 34 697
2827 0.059036486698616816 0.74345847510836105 15.961231750702909 87 173 87 0.54406579663173604 43 546 45 566 44 556 42 867 41 868 40 860 38 792 37 783 41 594 39 547 36 789 35 750 34 748 33 693 32 698 31 483 30 469
2828 -2.5455646931132456 0.68232088219432252 12.532032238023362 150 172 106 0.72334226207452579 39 977 38 940 37 933 43 1128 45 1144 41 1147 36 933 35 705 34 889 33 818 32 799 31 772 30 734
2829 -41.660917519331363 75.899271641371982 83.509021589864759 167 187 117 0.1026040633649048 46 764 37 175
2832 -28.288388922782531 12.528286660506701 57.452015846564123 228 230 210 0.86555187705370396 38 1243 39 1305 40 1360 41 1382 37 1244 36 1244 35 1183 34 1173 33 1079 32 1014 31 939 30 883
2834 -1.0604332897780739 -0.45659712991340295 10.509541327692437 123 117 65 0.064114376660299094 51 485 56 2
2835 -2.8048644086164356 -0.25476157842792174 9.4826411697149453 175 148 108 0.36911083301463937 55 431 56 7 57 16 58 7
2836 2.0267244098605701 2.980978872166383 24.638053019112814 157 133 93 0.21087775198058337 54 56 56 31 57 26 58 24 59 28 60 14 61 17 1 18 2 14 3 13 4 20 30 266 5 19 29 295 28 249 26 268
2837 2.0465233579700333 2.9917162539316959 24.732908223420885 157 133 93 0.26116619473368546 54 55 56 32 57 27 58 25 59 29 60 15 61 18 1 19 2 15 3 14 4 21 5 20 28 250 30 267 31 522 32 555 33 551
2838 4.2987562295724668 10.291260641293883 22.804133296020343 242 239 221 0.1353918967198722 53 109 54 109 56 53 57 47 58 48 59 45 60 23 61 11 1 11
2840 -6.566360569186628 1.2065276073656213 12.855424643701252 90 176 90 0.1127570362493741 54 97 55 112 56 109
2841 -7.0941366392491094 2.5912883496230532 16.730899160763276 98 196 99 0.12169099677220584 52 530 56 114
2842 -5.1115031634748451 31.430886959443914 90.459758866666789 124 166 93 0.12606073027146561 39 655 40 698 56 123 38 645 34 606 59 465 33 544 29 476 26 435
2846 0.48641788282608922 45.116323110183124 73.379162920679889 198 199 131 0.13558075310348797 50 297 51 292 52 280 53 223 56 173 57 161 25 127 24 141
2847 0.49250910048521745 45.04032434247182 73.249805632475685 198 199 131 0.12937041083369266 50 298 51 293 52 281 53 224 55 196 56 174 60 115
2851 -7.697407506267866 39.340333890162938 65.85606573884283 64 120 59 0.094761099155787509 52 274 54 258 55 214 56 209 53 266 57 189 58 160 27 131
2853 -11.767359104444139 9.2192320116052109 19.509784230850073 176 202 129 0.18161863698058603 54 575 55 575 56 267
2854 -11.214330640796023 8.5187877436788426 17.784663283155194 74 141 71 0.23445308402476059 53 597 56 268 57 271
2856 -14.65647596968126 43.626163975980418 64.05964738934999 64 110 56 0.10779989960089274 37 256 46 354 52 332 54 277 56 276 38 266 57 252 2 161 33 172 36 222 5 146 6 127 12 87 16 96 14 86
2857 -7.0550576677282875 42.239411745651452 65.391420619116261 0 0 0 0.042480277089730359 47 361 54 262
2858 -12.910109671702383 11.965639322898188 18.366513403030218 254 252 242 0.19138082586345043 54 311 55 334 56 325 57 319 58 309 59 341 60 351 61 297 1 293 2 501 3 286 4 244 5 241 6 442
2861 -12.992088093999861 12.335654892644545 18.470320954040439 255 254 246 0.18720732985221983 54 312 55 335 56 356 53 330 57 320 58 311 59 579 60 568 61 516 1 515 2 276 3 479 4 445
2863 -30.913162825694918 56.700833305687944 72.042821179137448 58 106 52 0.097154139221438007 51 403 56 364 60 333 47 377 2 254 4 205
2865 -53.362068111584918 79.921231064510778 97.158226943324792 197 195 128 0.087407953152584372 50 398 53 383 54 370 55 395 56 381 51 416 52 400 57 337 58 336 59 362 60 357 61 330 1 326 2 281 3 290 5 223 4 247 6 245
2869 1.5341116555346672 0.94803404434518246 20.97823205535602 171 147 105 0.16884963801505029 54 426 55 428 56 438
2871 -4.7595743165336231 0.84058553753229148 11.873692769892809 162 185 115 0.13504176290096648 50 513 55 685 56 476 57 430
2872 19.373628758209119 58.189408774608879 118.72019180565874 105 138 69 1.5279688991863338 51 636 55 877 56 496 47 337 57 897 58 779 59 804 60 767 61 727 1 723 2 708 3 685 4 648 5 625
2875 -10.438489597256467 46.146128571531314 64.890577559633115 84 121 66 0.046947989023735329 38 660 56 568
2878 -12.793386587162662 12.540434788165978 17.970913423486863 253 251 242 0.22627823446819639 54 605 55 627 56 634 57 594 58 559 60 569 61 697 1 693
2881 -31.852093048120675 74.022576333222219 79.405084071368648 91 126 70 0.10954854935719292 48 742 56 645 50 740 59 567
2883 -15.757172219446549 0.71789372455204015 62.31334749046313 107 189 99 1.7814564566522435 42 583 56 697 41 587
2884 3.5388204564314845 45.144302716083821 78.893896126692866 91 139 74 0.24292517587812049 52 850 53 790 54 732 56 724 57 685 58 629 59 641 60 631 2 566 5 490
2886 -12.940626691644676 57.869315272413957 69.781926333991393 169 174 113 0.16706958322640958 37 848 39 901 41 981 56 804 38 878 36 844 35 779 58 690 34 783
2887 -13.96133221212756 10.941432367934389 20.136746370332627 251 247 236 0.27814725151340897 54 788 55 801 56 809 60 825 2 757 3 731 4 698 6 584 7 656 8 481 9 259
2888 -33.999659000505417 49.681870057514502 72.810387395463636 191 192 125 0.17582319423771728 46 711 56 821 57 763 10 523 8 579 11 532 12 515
2891 2.2451410067566795 1.8124101224434934 24.261334472581957 192 156 114 1.1266189014194077 54 853 56 855 58 592 59 606 60 603 61 554 1 552 2 700
2893 4.3914144197251588 75.039936151016022 92.572044009510847 205 203 136 0.15044465411280375 47 1114 49 1061 50 1034 52 1010 53 950 55 905 54 912 56 906 57 850 58 796 59 824
2894 -2.1956886019970852 0.16356664481138922 11.373978094532962 209 208 140 0.11558248971777731 55 937 56 950 57 890 59 790
2895 3.9075273002484257 8.8718644453610072 29.915560624169789 225 231 205 1.0722734968050094 53 982 56 953 52 1052 57 812 58 767 59 883
2896 4.0078600275847771 9.0130729348424463 22.954896846632344 255 255 254 0.29433479051056638 54 943 55 941 56 954 57 894 58 850 59 795 60 850 61 722 1 718 2 694 3 669 4 637 5 612 6 606 7 467 8 506 9 471 10 450 11 303 12 289 13 310 15 302 14 319
2900 -0.17419307312385332 0.95212348295478588 17.201588335426859 144 211 117 0.75398488368888417 54 1040 55 1026 56 1015 57 940 58 846 59 782
2901 -1.6797120898296074 0.81137511420630903 13.240501326393018 100 197 101 0.33478664501322386 55 988 56 1016 57 941 58 907 60 854
2902 9.106023891685247 54.243798294782167 87.522338573897827 168 183 116 0.14662414483358127 51 1167 53 1064 54 1012 55 999 56 1025 57 954 58 914 59 942 60 902 61 855 1 852 2 832 3 797 4 774 5 749 6 739 7 735 8 740 9 698 10 694
2905 -5.2577515885045925 1.2271712797886751 13.030796061421679 165 192 118 1.2504449177051349 55 1077 56 1102 57 1030 58 982 59 1012 60 945 61 908 1 904 2 897
2906 -14.537649483330711 23.221047745028404 120.89049643612677 80 158 79 1.6651687772081811 41 1361 56 1106 40 1332 43 1275 42 1305 58 1059 52 1254 53 1206 55 1155 59 1013 60 981 61 949 1 945 2 926 54 1165 3 896 4 859
2908 -28.077208461039884 40.588074055612786 66.987010654762955 120 148 86 0.71547284597644834 51 1270 52 1221 53 1173 54 1132 55 1123 56 1153 49 1270 50 1258 57 1077 58 1027
2909 -12.239368995900387 4.5727135061092286 21.145188649030572 237 239 217 0.9053546055162035 43 76 41 54 39 50 38 54 37 39 56 191 47 1204 49 1102 48 1118 50 1076 51 1005 52 972 53 923 54 726 55 202 36 31 57 205 35 28 58 200 34 28 59 248 33 403 32 403 31 11 30 352 29 17 27 24 26 332 25 329 24 340 23 378
2910 -24.074469489153095 61.946769845608422 71.721176278397962 60 108 54 0.085920889039157552 42 342 44 362 47 414 49 401 52 401 54 344 56 343 46 406 50 403 51 418 53 360 58 295
2911 -15.785243959230753 53.651246019279235 67.193848723487349 206 201 135 0.073724671148395371 49 373 43 355 41 371 51 372 37 252 56 313 44 366 45 390 46 408 50 384 39 304 53 342 54 327 58 243 59 266
2912 -5.5199445577070962 1.526477081294523 13.666020020343229 206 206 136 0.20968334334935471 51 535 52 514 54 459 56 489 53 732 55 468 57 445 58 430 59 461 60 477 61 442 1 440
2913 -4.5016627353372654 44.930891828477122 67.4175877599057 58 106 53 0.14415804555979275 47 1097 48 1070 39 1037 51 1035 54 904 55 901 56 902 43 956 45 973 44 973 46 968 47 953 48 931 42 967 41 984 50 896 40 969 39 905 51 899 52 876 53 806 38 884 37 866 56 750 54 764 55 762 36 862 57 708 35 800 58 651 59 674 60 647 61 604 1 601 2 590 32 705 31 667 3 561 4 522 30 625 29 614 7 494 28 530 8 530 23 517 25 504 26 524 22 511 21 487 20 471 17 486 14 477
2914 -21.157057984148544 34.049154253140721 72.985406760674053 72 140 69 0.13891779720991593 43 896 45 921 44 931 47 921 42 910 41 906 37 803 38 820 56 767 48 885 50 864 53 800 49 873 54 761 36 803 57 724 35 743 34 740 59 696 60 679 61 637 1 633 2 634 33 667 32 667 31 622 3 608 4 559 30 599 5 550 6 551 29 584 7 534 28 520 8 573 27 520 9 546 24 510 23 535 10 533 11 527 12 522 22 529 21 508 20 497 19 515 18 495 17 523 13 522 15 497 14 525 16 538
2915 -1.6891731124721936 5.3969423726426289 6.3759682159853988 0 0 0 3.7929159164365083 50 994 55 711
2916 -2.0038091484717215 -0.32573503595587872 9.4062886874627729 191 159 120 0.20042162711227507 49 1215 56 1052 57 972 58 939
2917 -5.7693341121150663 2.005923819029837 14.788144731635342 170 194 119 0.12835777188435096 39 56 36 37 40 66
2919 -43.891870718929461 44.016959424899028 91.321242058219369 177 179 115 0.28923404988377616 41 196 36 107 33 90 35 100 39 144 43 220
2920 -0.85431565776867424 1.0511977958300975 15.345037973987095 179 187 121 0.019390766706163298 38 118 36 124
2921 -0.49528512920929035 0.71222378430481326 14.668299168669623 83 159 81 0.052365174551435072 38 121 36 126 33 159
2923 -26.749356452710096 28.241784771439615 99.730956827948617 160 164 103 0.0700769764376247 49 173 36 173
2926 -14.655824814350972 43.62027784369262 63.971814617929887 72 134 67 0.080269211495587772 48 322 36 221 49 322 50 322
2927 -15.306163236326794 26.74886398975293 113.56908405322199 168 169 108 0.10354369757791927 37 200 41 213 36 232 34 239 33 219 32 231 31 233
2928 2.0207185926353506 1.5742465807876003 23.307157483023065 159 128 92 0.075336416364007397 38 231 36 241 35 282
2929 -7.648360360321754 33.260038614331101 73.994918472056199 172 171 112 0.085008603436981467 38 278 40 294 36 262 39 278 35 266 43 283 42 296 44 298 45 310 33 241 34 263 31 226 30 208 29 183 28 150 27 157 32 224 24 175 21 185 19 176 18 152 13 145 12 141 15 131 14 155 16 145
2933 -2.9448138478064729 -0.26234566062935427 9.6173145734032879 158 135 95 0.13166332404205583 38 748 36 436 35 452 34 16
2934 -2.0774002378960206 -0.40946528883062261 9.1344716715984582 184 154 117 0.096700812944704034 37 448 36 438 35 456 34 443 33 25
2935 -4.9589915271089469 1.2266897531525891 12.776104469179689 187 197 127 0.10268091072811981 37 453 38 457 36 441 35 462 34 35 33 19 32 24
2936 -11.901048983166396 10.734872013091657 19.54156510618013 218 221 212 0.26334810352220678 38 81 36 468 33 31 31 3
2937 -11.803256612801489 12.807378079481248 18.814033486413106 255 255 244 0.072656577246069151 37 494 38 516 36 488 35 471 34 444 32 394
2938 -0.17090737401656586 0.31201416289209183 13.959899965149203 101 152 83 0.08677730091581079 37 518 36 540 35 539 33 486 32 498
2940 0.50508118295456439 0.10071943810826077 15.423662381205935 179 186 118 0.24966529895091288 38 150 36 561 35 184 32 208
2941 -25.349411439216862 30.372574151848905 87.817804243763391 152 161 99 0.018366522305728872 38 569 44 641 36 576
2943 2.1573939441309578 2.9280551750201456 23.996960647876151 116 105 58 0.25545059517408403 37 603 38 825 36 622 39 850 35 604 33 550 32 556
2945 0.44799771330052024 44.460174238752941 72.336194510687221 190 190 126 0.24894439210200198 48 695 36 680
2946 5.116900720359963 9.0190082455805509 23.132238053894788 255 255 255 0.19714891004169213 38 685 39 688 36 686 40 364 41 352 35 648 34 637 33 587 32 562 31 316 30 284 29 282 28 237 27 230 26 240 25 219 24 203 23 213
2947 5.7579021154496948 46.547760292760593 79.968021605067136 136 146 91 0.060601573565821736 46 736 36 698 48 687
2948 6.0069617467317169 12.221194642110472 26.338770267560996 179 148 112 0.32763554200024325 37 892 38 907 36 703 35 397 34 374
2949 5.4350154929572696 9.7766363566253105 22.729183844678058 255 255 254 0.24694390932065824 38 369 36 704 39 376 33 586 32 570 31 530 29 279 27 227 26 222 25 213
2950 11.396642417362811 24.021762571259899 51.717021260893979 255 255 249 0.44591056478552382 38 725 39 715 36 716 35 671 29 669 28 595 26 442 25 560 24 551
2951 -2.942798283726678 -0.35679990592420718 9.1561161666151207 185 155 118 0.26949821932323381 38 443 36 737 35 691 34 681 33 621 31 573
2952 -1.0016787618156 6.1045577626599918 7.4138174464334341 126 150 83 0.46350105820752358 56 705 36 765
2953 -23.202813653373774 12.493082165793648 67.132499306106595 138 121 78 0.5920425533205238 37 769 38 788 39 816 40 864 36 774 41 1066 42 1048 43 1139 44 1148 34 501
2955 -7.35048426752497 48.068918123733908 67.332307113783457 194 195 129 0.14796472789347309 50 895 36 847
2956 -2.3099411555016012 -0.25126375551158908 10.572613566686201 125 149 88 0.43577308409225601 37 925 36 924 35 875 34 884
2957 -24.207469372809317 25.885079794525154 41.259290884293314 76 117 57 1.6194450122745825 37 758 39 819 36 941 40 872 38 534 35 885 34 474 27 303
2958 -52.506096021767718 42.832676727563047 104.49241891067452 158 171 106 0.27947218079128022 44 1156 36 944 31 771 27 627 26 645 24 595
2959 -2.9724231794916109 37.155093758310677 71.872268029289842 175 178 116 0.32031580690072275 51 1024 36 988 52 987 33 864 4 668 60 781 30 766 6 627 7 612 8 635 9 604 13 569
2960 3.9396771069629586 6.0754095376013355 22.085913584304816 59 110 55 0.14545532127381369 37 979 38 994 36 998 39 1024 35 939 34 944 33 880 31 819 30 790
2961 -0.92286388587115797 51.90078308776301 72.650692524743448 203 200 134 0.11837927912142573 39 1051 42 1113 36 1003 57 697 35 933 58 652 34 941 37 992 59 656 61 591 60 648 1 588 2 579 31 666 3 546 5 497 4 512 6 501 29 613 7 486 8 523 9 489 26 538 27 528 25 503 24 500 23 516 28 545 10 469 11 482 22 510 21 473 20 469 19 484 18 313 12 296 17 480 13 460 15 289 14 471 16 313
2962 -14.228334734519576 7.4845579237082447 24.588509557568756 210 219 191 0.52612538848828339 39 1072 36 1024 34 970 25 655 24 657
2963 -2.4038815991518341 1.4679167030016553 15.350743803682565 157 188 113 0.23911928966736665 38 1028 36 1030 35 974
2966 -4.4573291853346158 1.1601739532583299 12.582223783091806 86 170 86 0.23824122219911431 37 1067 36 1072 35 1027 32 889 31 852
2967 -4.4496810590713505 1.1599051930577859 12.567134087011143 86 170 86 0.24983308433058471 37 1068 36 1073 35 1028 32 890
2969 -11.6856304454209 9.7548904075800653 18.691250954198154 101 138 77 0.68277241998516325 37 1121 40 1216 36 1113 34 1027 33 946 32 929 31 890 30 866 28 733 27 715 26 749 25 690 24 687 23 706 22 707 21 679 20 637 19 655 18 647 17 658
2970 -27.212844834861119 37.081984284125568 74.865104957793804 137 156 95 0.46701225451589035 51 1204 36 1127 57 1009 34 1033 37 1076 32 943 6 803 29 828 7 793 8 802 27 761 9 751 10 746 11 740 18 677 15 669
2971 4.8616306729240257 8.5253936779092605 22.781439547439394 255 255 255 0.42209472821055127 37 1095 38 1098 36 1146 35 1050 34 1060 33 978 32 965 31 924
2972 11.759591414965888 26.84808563378596 54.710503669208279 154 123 87 1.4964338188026316 38 1147 39 1194 36 1151 35 1107 34 1111 33 1023 32 1010 31 931 32 969 30 856 29 801 28 675 27 660 26 686 25 549 24 549 23 430 22 201
2973 -39.373383919666658 28.052896001659594 116.74527040152019 67 135 66 0.6214584106474107 37 1175 38 1173 39 1221 40 1265 41 1297 36 1171 42 1298 43 1273 44 1279 35 1113 34 1116 33 1027 32 1026 31 985 30 970
2974 16.776673715027052 90.072712888184725 115.63449076786594 122 157 92 0.61955350343121818 53 1102 36 1217 52 1149 54 1065 55 1052 56 1079 58 919 59 944 60 906 61 857 1 854
2977 -3.6864695058624117 0.28676340596471922 10.982626817352623 185 189 125 0.13566736722427028 39 25 37 14 36 21 42 507 40 502
2978 -3.2763117610653354 0.19772459008004842 10.891177413711443 184 186 123 0.12799492997060322 40 503 38 451 37 456 36 444 43 483 45 519 35 464
2980 -12.487913990388686 11.508324146647228 18.717638781879938 169 142 103 1.2688268144644927 48 1131 50 1090 54 1024 52 1109 53 1072 51 1171 55 1014 37 939 56 1042 36 928 45 1063 44 1058 46 1056 47 1070 57 966 35 877 58 930 34 876 59 919 60 925 61 837 1 834 33 798 32 775 31 743 3 814 4 755 30 707 5 773 29 535 29 690 28 478 27 475 26 475 25 462 24 460 23 304 24 291 22 314 21 289 20 306 19 313 18 329 15 340 13 381 12 389 11 185 14 366
2981 -2.2141239351704161 0.13318782683240254 11.330386817457706 194 193 129 0.30387938972981549 43 1126 45 1142 46 1126 42 1146 41 1146 50 1069 37 1006 36 934 40 1035 47 1028 39 974 38 939 35 880 34 890 33 813 32 800 31 768 30 735 29 715 28 510 27 525 26 532 25 525
2983 -30.776039046090055 15.381884610768633 53.243762413779514 1 1 1 0.41978442618117706 37 1254 38 1242 36 1248 35 1189 34 1191 33 1098 32 1093 31 1051 30 1034
2984 -2.5927424821081635 -0.81969554556902591 9.2134614045962682 184 154 117 1.0235505813553742 45 501 44 487 46 820 47 501 48 455 42 491 41 513 50 763 51 972 52 944 53 886 54 843 55 934 37 444 56 848 36 431 45 500 47 500 40 0 39 458 38 6 57 797 35 693 58 845 34 689 59 778 60 851 61 810 1 805 2 788 3 757 4 724 5 636 6 631
2985 -3.8604034244057939 -0.11513896482601582 9.7020394039030613 151 137 85 0.25863904111110303 56 40 57 32 58 50 59 68
2988 -2.908471185829733 0.49171842332366356 11.551890920040842 140 182 106 0.11786949289773119 55 39 57 39 58 42 60 39 61 39 1 40
2989 -2.9987948506236086 0.69896714152458028 11.765250473986047 153 193 114 0.293002533498253 55 43 57 42 58 56 59 54
2990 12.773633215430287 38.63156407956803 184.75465312923509 61 125 59 0.26935786563773678 51 138 52 537 53 501 54 108 55 97 57 63 58 405 59 436 60 59 61 400 1 396 2 358 3 365 4 336 5 331 6 346
2991 -2.1038158648136749 8.2728011862078272 7.0691287349241376 151 169 106 0.16181746672111749 44 312 57 164
2992 -31.503917250800889 28.632472921837362 104.95099644463141 175 184 115 0.026839302195092854 48 180 57 173
2994 -7.090485108409017 42.693024492783998 66.04888791121985 65 118 58 0.047878145924875617 37 292 41 376 57 190 61 121 1 119
2995 -13.22004483062338 4.7537379726121634 20.886540925276417 179 149 113 0.16889100878768021 55 200 57 208 54 178 58 508 59 272 60 284 61 285 1 281 2 491 3 470 4 252 4 458 5 264 6 275 7 278 8 311 9 291 10 288 11 277 12 255
2996 -13.212584482665626 4.7510870950350368 20.87039701235495 179 149 113 0.16506910984527182 55 201 57 209 54 179 59 273 60 285 61 286 1 282 2 492 58 509 3 471 4 253 4 459 5 265 6 276 7 279 8 312 10 289 11 278 12 256
2997 -13.663673509267552 5.2884857031049037 24.938960632269449 115 201 107 0.74877494588371163 54 183 56 538 57 210 55 735
2998 -16.181700705348423 35.788358371280232 67.092787988645853 200 199 131 0.096012417600885122 53 259 54 251 55 239 57 231 52 271 56 237 58 210 59 203 60 203 61 183 1 181 3 176 4 142 5 143 18 122
3000 -23.527779283760339 55.686521747603379 68.909209830831941 58 105 52 0.1102592441772435 43 321 57 305 44 363 59 293
3003 -1.8855666403429601 -0.39153509541242737 9.8085878110814608 155 133 92 0.27105625319557597 54 657 57 378 58 4
3004 -3.0607878098154133 -0.31319599273859822 9.3126038808441827 185 155 118 0.36793768836139423 55 430 57 391 58 379 59 414 60 424 61 36 1 37 2 39 3 53 4 68
3006 2.8562834957032606 6.2700908904396169 24.11762995111949 154 173 99 0.28740629117548411 55 64 56 462 57 411 60 19 4 7
3007 -3.4879282914937808 0.59459094684555192 11.580061778614946 204 208 137 0.22387612359005757 56 454 57 421 58 396 59 429 60 434 61 413 1 411 2 374 3 80 4 71
3008 4.4484622253084787 10.575536575384945 27.152838681830819 233 232 213 0.62891696145733311 52 131 55 463 56 469 57 423 59 417 60 421 61 382 1 378 2 343
3009 4.7737895342091443 11.510509448672062 25.058156009054404 107 102 51 0.12686653826633773 55 475 56 472 57 425
3010 4.7737895342091443 11.510509448672062 25.058156009054404 107 102 51 0.12686653826633773 55 474 56 473 57 426
3011 14.112270216725642 41.554115436455128 128.98497991804956 183 185 119 0.19111697822313536 50 837 51 843 57 438 52 816 53 749 54 700 55 700 56 694 58 607 59 621 3 530 4 498 6 494 7 489 5 320 8 526 9 496 10 485 11 501
3013 5.2322195889092686 46.788202875833456 83.091742031027607 71 136 68 0.14085369429120234 52 630 56 517 57 484 59 469
3014 -23.838180725803127 25.569222737970446 107.16301402998958 96 155 80 0.076086515040810043 52 580 57 492 58 462 59 492 61 459 1 457
3017 -12.609238428881953 6.9205035047346302 18.819329231025264 72 140 71 0.25935719255248763 55 572 56 573 57 553 58 521 59 547 60 553 61 508 1 507 2 493 3 473 4 256 5 459 6 466 7 264 8 302 9 451 10 264 11 252 12 227 13 244 14 231
3018 -12.856628339836847 7.560299800281042 18.791781668116926 189 202 131 0.36050501131253304 55 260 56 596 57 555 54 231 58 523 59 558 60 715 61 509 1 508 3 642 5 594 8 490
3022 -30.741422576498394 56.456764793443405 71.742321249584847 58 108 52 0.081593840953258237 52 717 53 669 57 596 50 710 58 550 59 565 61 499 1 498 3 449
3024 -84.673721613497889 125.53105826018671 134.69737863066004 67 129 64 0.24011914514996752 50 414 51 454 52 744 54 649 55 658 57 629 56 417 58 575 61 541 1 539 2 521 3 492 4 468 5 248 6 250 7 242 8 260 9 207 10 196 11 157
3025 1.9250913418344662 43.147285215354422 75.044233257856106 69 132 66 0.060430619869667974 53 792 54 734 55 730 56 723 57 686 52 851 59 642
3026 -36.460668484302452 31.688094792325245 103.22742834470853 191 193 123 0.090314959056243371 52 833 53 782 54 745 55 741 56 763 57 719 58 667 59 693 60 804 61 653 1 649
3028 -12.264526926917585 8.2448976026548753 18.163387107840617 68 130 66 0.21602912499981664 54 771 55 770 56 795 53 798 57 744 58 697 60 716 59 733 1 677 61 681 2 664 3 641 4 608 5 595 6 582 7 575 8 598 9 570 10 554 11 554 12 537 13 534 14 532
3029 -25.824474481885979 44.39594716290123 68.939121688087923 60 113 56 0.069162770652189703 52 884 54 793 55 795 56 802 57 749 58 701 59 725 60 697 61 659 1 655 2 648 3 612 4 576 7 537
3030 0.16787825463174713 -0.32628505875861713 12.539171005232438 137 183 107 0.14180028791552282 56 847 57 796 58 363 57 633 59 1
3031 -2.6677050969383735 -0.4442201787249076 8.937814458590962 149 113 76 0.64836768887991236 55 666 57 798 58 757 59 779
3032 -4.5654941847062886 0.66265105534301361 11.512029164614553 78 150 76 0.29527145133000571 53 903 57 818 58 776 61 739 1 734 4 539
3033 -12.378179519505043 7.5550722142826556 18.545601167758864 69 132 66 0.24691303879722024 55 906 56 916 57 861 54 899 53 941 58 819 59 850 60 887 61 777 1 772 2 815 3 729 4 696 5 677 6 668 7 655 8 672 9 639 10 678 11 619 12 597 13 599
3034 2.3809000552413253 5.1343102471615074 23.000956837216147 98 165 81 0.3785387599748804 55 990 56 1018 57 942 58 847 59 933 60 848
3035 -6.0692169334449755 34.470551246526263 76.237332640657243 70 137 68 0.46951465640692469 53 1062 54 1010 55 998 56 1027 57 953 52 1098 51 1162 58 917 59 949 60 912 61 866 34 1044 35 1039 1 863 2 847 33 968 31 915 3 802 4 780 30 894 5 761 29 839 7 746 8 751 27 735 9 710 26 767 24 708 10 705 11 708 12 660 22 758 21 696 21 725 27 776 29 889 20 645 23 722 19 665 17 663 17 692 13 668 15 646 14 679 16 654
3036 -12.577387741042987 4.5065443251826354 20.472839749654621 162 133 94 0.3960000825878453 55 1002 56 1035 57 961 58 925 59 956 60 920 61 876 1 873 2 860 3 816 4 792 5 776 6 764 7 762 8 775 9 730
3037 3.8906965303248628 7.9122664422897531 23.377756995973545 110 139 80 0.50162601942080187 55 1031 56 1057 57 979 59 969 60 934 61 890 1 887 3 831 4 768 5 747 6 735 7 733 8 737 9 696 10 692 11 698 12 654 13 657 14 630 15 607
3038 -0.11577529574321117 -0.22839753405701291 12.566022259902439 164 188 116 0.5979397134864014 53 1114 54 1077 57 1023 58 977 59 1008 60 932 61 887 1 884
3039 -22.702810049899934 27.688745064984012 103.87924348619573 102 155 83 0.34362290707234172 52 1183 53 1133 54 1092 55 1091 56 1116 57 1040 58 989 59 1021 60 993 61 972 1 968 2 944 3 905 30 983 29 933
3041 5.0363174430454309 10.557208890849511 25.459322647924605 185 162 132 0.99101364931641478 55 1176 56 1199 57 1120 58 1071 59 1101 60 1058 61 1022 1 1019 2 1001 3 952 4 920 5 890 6 889 7 882 8 890
3043 0.4163445735201885 -0.53239254200145336 12.990753945573113 255 255 255 0.55828473387375421 55 1179 56 1201 57 1125 58 1075 59 1105 60 1062 61 1027 1 1024 2 999 3 950 4 922
3044 -1.1497685684857064 -0.50312222760298642 10.017152260864645 194 173 142 1.115304059973282 52 7 55 0 57 1 49 1143 43 1125 48 1165 50 1127 40 1032 49 763 43 487 45 837 46 826 47 824 48 777 50 765 51 786 51 1144 52 453 52 1086 53 422 53 1047 54 408 54 993 55 422 55 933 37 929 56 426 56 945 36 926 57 887 35 882 58 842 34 892 59 0 59 877 60 843 61 715 1 711 2 690 33 634 32 630 31 600 3 515 30 400 29 111
3045 3.0149407152961323 5.6707908265448408 22.631776560576057 70 138 68 0.38826493470951673 53 906 55 861 54 862 57 807 49 822 45 895 46 883 43 629 47 880 48 832 50 810 51 825 52 794 53 730 54 681 55 682 56 678 59 786 60 604 60 756 61 556 61 720 1 553 1 716 2 692 3 512 3 668 4 488 6 611 7 600 8 624 9 596 10 582 11 573 12 564 13 567 15 554 14 576 16 590 17 586 18 576 19 598
3046 -2.6850507191509778 0.039114373136945629 10.944414118392897 100 138 77 0.095339066101828254 49 774 48 785 42 835 52 773 57 395 55 433 56 444 58 382 60 426 61 386 1 382
3047 -32.465315425143878 75.489400839271042 81.043102070846402 90 130 71 0.091553912018508099 49 742 46 775 42 746 41 743 53 688 54 632 57 598 47 785 51 761 52 736 58 560 61 500 60 560 1 499 2 470 4 415 3 450 5 400
3048 -39.294463149490895 62.673590897025299 79.428677947002427 175 181 117 0.20210032430669655 44 732 45 733 56 642 46 741 57 774 48 951 51 933 52 918 49 925 53 866 54 825 55 826 58 730 59 581 59 866 60 723 61 518 1 517 3 633
3050 -11.399153315528253 7.7188151374602567 18.303037462858814 57 107 52 0.13636221724816491 38 65 35 23 34 20 33 6 29 5 25 11
3051 -14.509771408563479 4.641381705105915 26.429759727689046 183 195 161 0.76903172430913658 37 41 35 31 33 32
3053 -2.6986940013838789 0.63497563245096067 11.908557405669098 139 182 106 0.36222486329692877 37 44 35 50 32 59
3054 -2.7524641923454451 0.42193786431233637 11.689296736810363 133 176 102 0.57424183126413542 39 39 35 52 33 50
3055 -2.5343223975855622 0.19341028267469759 11.148944203756455 72 141 71 0.11683877072311136 36 47 35 54 34 62 33 48 32 43 31 56 30 51 28 79 27 91
3056 -84.587831783682091 121.33075009073366 131.88350389597264 126 183 101 0.78038427353180839 36 130 39 235 43 704 35 94 41 703 38 195 38 196 34 105 26 10 25 1 24 1 21 12
3057 -55.206070029261241 46.866101057800442 105.81257460122775 174 180 114 0.12837181023193606 36 106 40 172 35 102 34 89 33 67 37 524 32 57 31 51 30 47 27 58 29 57
3058 -3.0830054809733691 2.2486831977947643 18.28296433312325 95 185 94 0.046931396459871454 36 119 37 95 35 111
3059 -1.1050668978284655 1.8188962020624078 18.58436585604812 90 177 90 0.095113555446037126 37 146 38 147 35 177
3060 0.2720413558321601 0.42756138874750138 16.351809302944574 182 190 122 0.031302478207782314 39 117 35 181
3062 0.58688537141383901 0.76872028509682899 20.078927096051959 92 166 84 0.22378480983098301 40 162 35 216 33 228 30 247 31 508
3063 -15.007904092584724 40.589736791861419 64.502854937347678 60 113 56 0.11551032889412166 37 219 43 308 35 229 41 339 40 284 42 322 1 184 60 206 61 186
3065 -14.263017214513853 26.804624171325713 107.89709895848685 60 119 58 0.12896860880106795 40 233 35 245 38 218 42 217 34 242 33 218 32 230 30 214 29 224 28 178 27 217
3066 0.35160255428356857 3.4773220757160361 33.995040148919117 90 179 86 0.20167146897844637 37 203 38 227 35 250 40 194
3067 0.5216776602997254 1.8888402513801617 26.032262284082645 165 177 105 0.15749755617878078 37 588 35 251 34 251 33 253
3068 -0.78631960535020917 13.367797694321226 16.147949451446546 77 143 73 3.7340120697608312 51 291 35 255
3069 -6.6913930190611062 31.279279869378204 84.389406149843268 168 168 109 0.1115776428775879 36 265 39 279 41 276 35 267 34 264 31 227 30 209 37 265 28 170 27 183 26 198 25 200 24 214 29 216 23 226 10 136 12 170 22 211 21 210 20 203 19 210 18 213 17 175 13 182 15 156 14 185 16 188
3070 2.7568709138811172 2.6810246056030724 24.81783820191222 183 152 117 0.13071982771172391 38 237 35 285 34 304 33 304 32 311 31 323 30 295 29 297 27 272 26 288 25 285 24 277 23 286 21 262 20 248
3071 -6.1407459521775856 68.350695409764782 79.093335189317131 72 137 70 0.070728976571000787 49 731 35 315
3072 -0.74558020562667715 39.791261645907539 73.611500832832746 61 108 54 0.057697097426337066 39 343 35 326 38 333 28 167 27 180
3073 6.0069617467317142 12.221194642110454 26.33877026756095 181 151 114 0.32763554200023315 36 702 37 891 35 396 38 906 34 375
3076 -2.329705517348355 -0.81787291318337629 9.2939647648753443 231 200 153 0.52604393321225518 36 8 42 492 35 453 34 690 33 625
3077 -11.370644942760897 8.9937274110053362 18.129320908119414 57 107 53 0.14022180348781516 36 466 37 482 35 460 34 436 33 397 31 375 30 344 29 344 28 286 27 289 26 308 25 304 24 299
3078 -2.3781471011322344 0.14701095830222832 11.143794348240665 133 166 99 0.10391686120824092 36 460 35 484 34 454 32 422 30 85 29 80 28 80
3079 -2.3576260051684685 0.15107256237012426 11.102583806902912 133 166 99 0.044499090918638608 36 461 35 485 34 455
3080 -86.615793410795547 50.873913082049192 157.14315711295654 49 107 47 0.22347119858691994 36 509 37 508 39 533 40 585 41 610 35 498 42 600 33 427 32 428 31 400 29 390 28 338 27 330 26 365
3081 -2.9868547413798212 1.8544983752199435 16.2294939315676 176 192 120 0.25489719012590722 36 519 37 514 35 503 34 502
3082 -1.9899190309340327 1.1383240865361106 14.278704494767087 88 176 89 0.11535026910727413 37 504 38 772 35 504 34 503
3083 0.20869110306074304 -0.41577402043538902 12.449084903057447 250 247 234 0.87234801749317803 36 128 38 513 35 521 33 487
3087 4.6504657322637559 8.0362374048665739 22.703807361219312 111 156 88 0.14190348558595298 36 685 37 668 35 649 34 638 33 577 32 563 31 532 30 518 29 501 28 220 26 443 25 222 24 229 23 216 21 201 19 170
3088 6.7161579743105015 15.71157758934033 33.259224460873824 248 246 232 0.96239070947283845 37 698 35 663 34 373
3089 -57.480423135375027 41.620859113126699 118.34505684336122 69 139 67 0.15240705438036692 36 528 37 526 38 538 39 813 40 588 41 631 35 724 34 497 33 448 32 450 30 577 29 391 31 421 27 509
3090 0.26587737915147996 -0.32210744542206149 12.882088430528789 122 146 86 1.3211624226767906 47 25 35 739 34 736 33 488 31 485
3091 -16.903012135588714 38.024978326571151 65.072790778151912 158 164 105 0.091966204090575043 39 855 40 922 35 759 41 934
3093 4.815318668568767 9.325231149973348 23.482393298004741 182 152 116 0.11081966807553058 36 885 37 883 35 836
3094 -11.301640000652705 10.749501714302532 17.556738105770577 178 147 110 0.18508790998380378 36 927 37 938 35 878
3096 -18.882311277523868 26.702588692129048 106.47161721065174 159 163 101 0.18931622626068292 36 969 37 959 38 971 39 1010 40 1060 35 910 34 923 33 850 28 665 27 655 5 656 26 675 6 652 25 624
3097 -21.453192511553574 8.5401155490523895 36.241022172636697 1 1 1 0.58837138680865764 36 930 37 1008 38 942 35 966 33 905 32 931 30 870
3098 -55.624842162396433 43.477543467624095 103.07587531411802 69 136 66 0.41439714079239481 37 1071 38 1073 39 1124 40 1176 35 973 33 912 32 894 30 825 27 724 26 757 25 699 24 695 23 714 22 716 21 689
3099 -2.5883203610010845 1.8405968511148081 17.069849244090651 170 193 118 0.20611413071511353 36 1033 37 1015 35 976 34 978 32 813 31 627
3100 -18.302932016042565 16.798468537506889 93.175097951083458 166 178 112 1.0065177225138424 38 1037 40 1129 41 1167 42 1162 35 986 34 988 32 830
3101 -6.3903618472510093 29.964402868782301 95.318517144077305 139 150 92 0.28027818079643868 37 1036 41 1177 35 996 38 1046 33 928 31 879 30 847 7 696 24 678 22 689
3102 4.1929903577279246 8.2560789066099431 22.604555945314495 141 164 100 0.14691447100038074 36 1054 37 1052 35 1007 34 1009 33 937
3103 3.1764540499661522 82.157540885940804 79.6839693481963 1 1 1 1.8210709204228164 52 1079 35 1008 51 1180 53 967 34 946
3104 -7.3982150029443678 1.9011215260899372 15.229484265455662 136 196 109 0.58083189341000807 36 1071 37 1112 35 1026 34 967 33 807
3105 -37.189801197261602 62.137305676936442 78.94107010518016 156 170 106 0.10143669046625317 37 1082 38 1081 39 1133 40 1184 41 1221 35 1034 34 1032 33 956 32 939 31 898
3106 -4.5673602912490399 29.25705312581578 73.888125973977154 69 113 59 0.35213415628268185 40 1193 35 1041 34 1050
3107 -3.7164104948018735 0.91301427886381681 12.300679845221522 155 190 113 0.14820187383367392 37 1120 35 1062 34 1071 33 985 32 973 31 936 30 915
3108 -44.944305861917776 41.462276195445007 91.349161889853377 133 155 92 0.29175595069503196 36 1121 37 1129 38 1118 39 1172 40 1220 35 1071 34 1079 33 993 43 1233 44 1239 45 1262 32 980 25 730 24 730 23 748 22 754 21 723
3109 -1.6734600006041951 1.3581806472122095 15.598097438015071 89 177 90 0.69529663479601223 36 1170 37 1172 35 1077 34 1091 33 961 32 953
3111 -16.76820941717456 33.582230367160093 66.466331940976204 138 156 94 0.24852734194020498 36 1179 40 1275 41 1308 42 1311 35 1126 34 1128 33 1040 32 1028 31 956 30 936 29 878 27 768 26 791 25 736
3113 -3.4345532296980217 75.592367718794122 86.136725687595785 64 120 60 0.28619291230057459 38 900 39 940 42 989 37 885 35 828 49 1067 44 1111 46 1111 42 1123 51 1055 37 995 31 661 3 562 5 500
3114 -0.79299461260463266 54.110427218769189 73.242622072215823 59 110 54 0.17954382527911614 40 985 51 914 39 931 56 753 35 817 49 920 46 978 42 978 30 637 29 611 27 526 26 536
3116 -2.8711554808678281 0.22433050634924528 11.088661018308857 77 147 74 0.17885750463210989 57 38 58 36 59 49 60 38 61 37 1 38
3117 -2.7097155971020634 0.46849852636409683 11.453004194904512 148 191 112 0.2129997106128001 56 24 58 40 59 53
3118 4.2418457693584077 9.9687269642753922 22.945623084315002 239 238 219 0.24313820193233643 55 77 58 47 59 44 60 21 61 8 1 8 2 8 3 341
3119 -2.5765416050179364 1.1599196033784889 14.083592568608669 104 206 105 0.14310939890915 56 459 58 57 59 58
3120 -5.4090182452467923 0.27347612417759459 10.757125393863655 250 250 240 0.38601454930414114 56 55 58 80 2 411
3121 2.9018050747991841 42.185953923520159 79.337326167051359 93 148 78 0.078023974098991519 53 198 54 201 58 118 59 118 60 111 61 70 1 70 3 66 2 65 6 57
3122 -7.066938919687801 30.835183520612024 86.942332482493754 75 148 74 0.10181592293937806 54 168 57 120 58 132 2 103 9 132 25 416 30 462 20 404
3123 -7.0675738226766143 30.797637027226894 86.79778095208377 75 148 74 0.065721323452853489 54 169 57 121 58 133 2 104 25 417 20 405
3124 -6.7422116018624072 31.462804554423869 84.898488331001488 192 195 126 0.050711411343027167 54 170 58 134 53 169 57 122 56 143 59 132 60 127 61 114 1 112
3125 -7.4998329518828886 1.4304368437401487 13.785996837429501 191 200 128 0.14505030805307273 56 112 57 114 58 146
3127 -4.4421314183665102 47.587965676784272 68.406051474189582 206 203 137 0.060414426541725089 52 308 55 245 56 213 57 192 58 161 59 168 61 124 60 137 1 122 2 114 3 94
3128 -10.076274900632567 3.1923528530645591 19.859286394335722 96 189 95 0.19094666273112618 56 151 57 140 58 170 55 144 54 139 53 135
3129 -32.687054978396574 29.743843388876247 105.7840126496216 73 140 70 0.067733037342362898 52 203 58 178 61 206 57 174 1 204 6 223
3131 11.470466091046095 63.908148084132492 90.308377140127817 0 0 0 0.012036939440521935 35 414 45 445
3132 -4.7238950429699349 9.3439864102416941 9.1345705341825436 0 0 0 3.509745985181969 47 323 55 603
3133 -4.9571244949268358 13.93251588245362 13.816658362462199 64 118 59 1.9532474374783106 44 334 58 246
3135 -37.78475492061429 71.971763824046903 80.303108214983723 61 109 54 0.087724377871295695 51 433 58 320 52 425 60 335 61 311 57 343 1 307
3137 -3.1397094538633215 0.64935887696595507 11.77851245529237 94 183 94 0.025781922692784388 57 407 58 395 60 437
3139 5.8733327213403053 17.920584571862197 41.959190233150593 76 120 56 2.7223319727843682 51 169 58 409
3140 -12.134534505131651 52.36376181535536 66.430642794397443 157 166 107 0.23432419912384816 44 756 58 500 61 464 1 463 2 423 3 406 5 122 4 127
3143 -0.93580999363130424 -0.3906416164933858 10.746843819112714 255 255 255 0.31695138156900277 56 660 58 585 59 602 60 399
3144 -4.4858141369766615 0.45091844540987686 11.226252702394568 208 206 138 0.22080671232149665 57 651 58 600 59 628 60 625 61 584 1 581 2 581 3 568 4 378 5 529 6 393 7 160 8 199
3145 21.936286678220778 67.442562056677659 118.49147398821648 255 255 244 0.71871616504532909 50 1012 58 621 59 627 61 569 1 566 2 549 3 525 4 493 5 477 6 485 7 472 8 508 9 477 10 459 11 480 12 468 15 79 12 17 16 79
3146 20.608454797335387 63.727930356524681 111.57023498315482 255 255 244 0.39681439994506362 50 1011 58 622 59 626 61 568 1 565 2 548 3 524 4 492 5 476
3147 -6.1299293938871076 0.55629679227296958 10.879594606902378 131 167 97 0.5089699983675493 56 486 58 625
3148 -5.8042704094554294 1.7289713474755084 14.051030329390619 106 197 102 0.28904154776242719 55 696 57 664 58 626 59 647 60 637 61 607 1 604
3149 -12.511100214419825 28.839105582988697 91.311685988824109 167 182 111 0.2198365058277163 54 719 56 720 57 681 58 633 55 716 53 758 59 649 61 599 60 639 1 596 2 585 3 581 4 540 5 532 6 529 7 524 8 564 8 652 30 769 9 529 30 646 28 569 26 577 23 574 25 543 22 561 21 552 11 534 20 525
3152 -11.957922610795618 11.510057445711976 20.186150856189396 68 129 64 1.2912258171220763 51 878 58 700 50 1089
3153 -12.86202176989849 8.9669439189418316 18.735677589891967 174 193 122 0.11913453464768264 55 596 58 711 54 574
3155 2.5304036272902781 3.486282914982556 23.820574710308982 144 172 101 0.40383822965018135 55 856 56 860 58 758 59 784 60 755 61 719 1 715 2 701 3 676 4 644 5 623 9 660 10 648 11 652 12 622 13 666 15 651 17 644 18 624 19 643 14 683 16 659
3157 0.16461812281181407 41.84366390595693 73.984772538327348 199 201 132 0.15118408612432543 54 887 55 889 56 891 57 839 58 789 53 937 59 814 60 776 61 743 1 738 2 721 3 694
3158 -2.7443361678976057 8.1321548534298351 7.5177830196267612 160 172 110 2.8173844013374607 44 1075 58 794
3159 -12.390755043705287 37.258197654886423 68.032023200763959 95 136 74 0.42691134086667931 45 1088 58 802
3160 -33.19029165664449 35.928831379948655 86.32869806760273 186 189 122 0.10624338736541444 53 943 57 855 58 812 55 908 56 918 59 848 60 806 2 745 3 723 4 693 5 670 6 664
3161 -16.391112835317546 45.208248013157075 65.076311219367142 171 177 114 0.30419724601321013 38 982 40 1084 58 817 37 968 34 915 59 844 60 800 4 679 6 646 29 717
3162 3.138763355142494 4.0794415113382563 22.31082373053983 149 198 115 0.93892427492651276 56 951 58 844 2 825 59 968 3 792 10 727 12 688
3163 4.4125349714668465 5.6218005173105583 48.296478615047391 1 1 1 0.8277383103428958 55 858 56 861 57 892 58 848 59 792 60 857 2 346
3166 -33.411583619189926 33.455423733501192 49.700391195847622 255 255 253 0.48076259493948637 54 984 55 1018 56 1045 57 969 58 933 53 1031 60 967
3167 -29.479632795035304 32.158038324280987 44.31438367770027 177 146 110 0.32848897761757007 55 1066 56 1094 57 1018 58 970 59 1003 60 968 61 930 1 926 2 915 3 824
3168 5.4074703661468719 11.057052554768314 23.977836082722121 231 195 146 1.0409308964780075 56 1059 57 1027 58 979 59 1009 60 975 61 935 1 931 2 918 3 876
3169 -17.190922338098581 27.917805305987883 81.409427187741684 107 154 84 0.29871777945948352 54 1102 55 1092 56 1117 57 1042 58 991 59 1023 60 995 61 961 1 957 2 946 3 907 4 868 5 843 6 834 7 837 8 844
3171 -12.515420613009889 9.9872296773917437 19.230673340278425 119 141 85 0.2733804684063269 56 1151 57 1075 58 1032 59 1065
3172 4.960906644380894 13.170784961694443 33.859609817271149 1 1 1 0.6292848200149872 53 1130 58 1054 59 1081 60 1038 61 937 1 933 2 920 3 878 4 802
3173 4.8278632644353401 10.402200416949009 60.204603289163451 0 0 0 0.42714449227391749 55 1170 56 1198 57 1121 58 1072 54 1181 53 1229 59 1102 60 1059 61 1024 1 1021
3174 -2.6862186993193133 0.040462207777611309 10.936985907792028 100 135 76 0.10749992648678743 48 784 50 773 51 797 52 772 53 713 56 443 58 383 55 432 57 396 60 427 61 387 1 383
3175 -3.6363820520611192 0.08452630094106417 10.632444199862295 190 192 127 0.15765571483072574 57 36 58 52 59 72 60 51 2 51 5 94 6 146
3176 -2.5104969027594666 8.3238818661923535 7.5425809441527436 71 133 68 2.9107070039965208 44 277 58 164
3177 -6.5043343110371321 0.88241813714719586 11.506412752979694 214 219 192 0.91118327550861533 35 0 34 0 36 1
3178 -10.280710819547213 2.0222406423933172 17.988832817619706 213 218 198 1.8801647868263653 37 24 38 31 34 10
3179 -5.8878256781795981 1.72364772290747 14.070455407163095 103 191 98 0.13587906989865295 35 34 36 36 34 33
3180 -4.2037127737249538 1.390539694574104 13.548214995606713 167 193 118 0.1182880696883844 40 526 34 55 33 44 32 39
3181 -1.1472783264218527 -0.46105488149728835 10.432921711471257 138 128 77 0.14407818183426024 35 60 34 73 33 78
3182 -4.1654333414070992 2.0918657492910011 16.53785675158716 93 187 94 0.36580285591270406 37 502 34 98 36 501 33 75
3183 -53.506738678981804 82.157340051741329 97.600738828703697 81 157 78 0.1508911015636058 36 158 41 299 34 107 42 313 43 299 44 330 45 382 33 84 30 25 29 26 22 8
3184 -2.1952593797060196 1.6737204035047863 16.239180724016684 177 192 120 0.10795902327547968 37 100 34 122 38 116
3185 -36.201292102340929 52.2852613120873 77.154879839742449 170 176 113 0.094580229939454669 39 201 34 133 32 71 30 44
3186 -0.35359525163959177 0.7095512659374259 15.295048325846274 134 182 104 0.41713411967743208 35 147 36 152 34 179 31 169
3187 -0.068110388270037056 0.76097286319104096 15.581773146923117 133 182 104 0.29502376136934605 35 180 38 149 34 182
3190 -18.51084894871023 25.801558052209348 107.45905775488131 158 163 102 0.11054686258158174 39 185 34 237 43 200
3191 -8.9461498220302982 51.248125552938738 66.814235348496254 73 137 70 0.03265658603864402 41 410 34 254
3195 0.76800042266718271 2.504838616535777 28.089839355812739 157 180 104 0.50033333761188858 36 621 37 206 34 276 33 252
3197 3.0590400122736763 4.2464383018560143 22.712289692623852 210 205 138 0.053852887474107124 36 275 34 301 32 307
3199 -6.1424350129375753 81.750263732722999 89.480767321867603 75 142 72 0.11316396685089895 39 403 34 311 36 331 43 426
3200 4.501057363788358 10.195977053285521 22.452584413327479 141 117 79 0.14471385274816137 35 368 36 350 34 345 31 312 30 258
3201 5.4324098685513595 9.9154307962175405 23.565475736655689 255 255 254 1.5396828866140904 35 398 36 351 34 376 37 359 33 348 32 571 34 372 35 395 31 313 31 531 30 514 29 281 28 217 27 228 26 224
3205 25.825775669128525 84.039149540638917 128.18220855384172 56 102 50 0.11319481136172896 36 405 38 428 34 404 37 413 40 459 42 466 44 431 31 334 28 210 32 356
3209 -5.1243205012514821 0.19436826171409163 10.711962847558217 250 249 237 0.29722178879542044 35 445 34 426 33 391 32 2 31 368 33 614
3210 -11.427990540934791 8.5674185341430693 18.272941539666459 54 102 50 0.14581309124475106 36 750 37 479 38 488 34 437 33 398 29 346 25 306 24 300 23 331 22 330 20 326
3211 -13.247839677745537 12.723123982231519 21.235762635105043 127 110 70 0.20069509866874446 35 476 36 495 34 447 32 408 31 373 30 545 29 342 28 284 27 286
3213 -2.5505426918474958 0.58260559826781777 11.946298646380026 84 166 84 0.15417780340537682 36 479 34 466 33 419 32 431 31 408 30 396 28 355
3221 -1.6361793615965703 33.204274350332632 89.456840845012096 128 142 86 0.15256867440914193 38 665 34 607 6 90 29 475 37 640 36 655 25 430 24 411 23 437 20 403 19 416 13 369 15 368 16 390
3223 23.112580819462075 81.03556932329046 117.19019967909136 171 179 115 0.17228179404289257 37 718 39 757 34 665 36 724 35 676 29 496 28 440 27 427 24 395 22 142 19 75 17 41
3224 -4.5057962693015519 0.47047595018484811 11.214221697365506 204 202 136 0.21698032805506084 36 740 34 686 33 619 32 607 31 570 30 551 29 552 28 317
3225 -17.348474949645837 17.929774563094018 26.830997505798234 246 244 231 0.72202367980871041 35 62 36 936 37 942 34 694 32 610
3226 -57.520028048034604 45.767885995761944 109.26021588670784 68 134 65 0.16217014698314036 35 709 36 768 37 762 38 785 34 707 39 812 43 869 33 642 32 626 28 501 26 507 25 489 24 492 23 526 22 369
3227 -83.689321885570379 58.915521400894214 146.26816508296767 88 128 66 0.34743037853731346 40 862 34 708 30 565 29 555 24 493
3228 -2.5174719001794239 1.1057909963178139 13.837633976321262 89 177 89 0.15066143634447085 35 713 34 709 33 454 32 638 31 424 30 409 29 412
3231 -1.5729344040996436 36.802485913722577 77.814949834051333 56 106 52 0.033339278284222812 41 952 34 805
3232 4.3392483616968542 8.2079341528718501 22.364084984946409 131 159 96 0.33250334925577718 36 673 34 831 30 517 28 447 27 445 26 431 24 408 23 431 18 135 17 102
3234 -6.8138723968872501 0.035282507979371242 11.000062184313188 255 255 254 0.65225415317814228 39 964 34 868 43 1012
3236 -4.537747665050377 0.04254080868728094 10.336824875865743 251 248 236 0.39075311290169534 35 960 34 870 32 597 31 382
3238 -14.274926900487495 14.478419232994197 20.183732276173554 185 155 118 0.84369046378141743 36 935 34 882 32 599
3239 0.1602787707145967 0.75847531078663533 16.75899815405905 154 183 110 0.5866200878455633 36 948 34 920 32 699 31 656 30 471
3240 -5.972394070349635 2.4689658828773688 16.771915586119352 92 187 93 0.14508379899682908 35 968 36 1025 34 972 33 907 32 791
3241 -55.205917110722446 58.122175004873711 102.23465122439447 66 131 64 0.79606227797272799 35 975 36 1031 37 1018 38 1033 34 977 41 1170 39 1082 40 1130 42 1166 43 1147 44 1158 33 911 32 893 31 858 29 780 28 736 27 684 26 713 25 696 24 692 23 711 22 714 21 682 20 639 19 659 18 649 17 666 16 657 15 650 14 684
3242 -0.78305632705201145 0.74852549193511686 14.211533704571824 178 191 122 0.33170089745057768 35 977 36 1034 34 981 33 919 32 906 31 789 30 760 29 735 28 557
3245 -3.0608830681521382 8.6565746357801814 5.1308162769359571 0 0 0 2.0928341421223902 49 1132 54 983
3246 3.9505833597681219 8.8701425072150695 22.729701825749405 242 239 230 0.22634480020196068 35 1003 36 1053 34 1008 33 936 32 916 31 814 30 786 29 746 28 674 27 568 25 622 24 616 23 554 22 546 21 515 20 503 19 508
3249 1.6594136445791694 1.1399766836246794 20.859651258405943 141 117 76 0.92327029464034749 35 992 36 1041 34 1046 37 1030 33 971 32 958 31 921 30 899 29 851 28 768 27 707 26 740 25 639
3252 -49.066049168258068 47.169098519366514 92.140927778818536 67 132 64 0.18431948093108527 35 1069 37 1127 38 1117 34 1077 33 988 32 975 25 729
3253 -44.157201776169764 40.889465166732727 90.081256879800648 137 160 95 0.20130622181987654 35 1070 36 1120 37 1128 38 1119 39 1173 34 1078 33 992 32 979 31 947 30 921 29 865 27 757 26 784 25 731 24 731
3257 2.4264789713090362 2.5094014834927969 33.820029633825307 255 255 255 1.2574329829392943 35 1103 36 1141 34 1106 37 1089 33 1067 32 1059 31 1023 30 1003 29 948
3263 14.15010278080589 29.682840851199064 78.447708392124198 120 136 81 1.1151109369701027 35 1164 36 1153 37 1099 34 1166 38 1061 39 936 33 1072 32 1077 29 971
3267 0.13531897578137705 77.53335536211145 90.418729109763191 205 201 136 0.080827522579570932 49 379 45 466 47 448 48 399 50 390 39 404 51 381 52 370 53 326 37 367 36 362 57 200 35 348 58 195 34 313 43 769 46 790 44 816 42 804 41 801 40 772 38 714 33 277 32 243 31 211 29 170 28 114 27 122 25 73 24 76 23 61 21 38 19 22
3268 -3.2589756928635274 0.07969040098535915 10.721058899978861 66 124 61 0.18522381558053047 37 18 35 19 34 43 42 509 43 481 41 523 50 481 45 518 46 519 47 522 48 474 49 468 40 496 39 471 51 503 52 470 53 443 38 450 54 428 55 441 56 442 36 443 57 403 58 384 59 423 60 432 61 396 1 392 2 372 33 23 32 28 31 21 3 362 4 347 5 363 7 130
3269 -7.1692011564421536 97.857213364806412 102.21851315164247 45 85 42 0.10259145582131735 43 767 45 824 46 814 47 804 48 765 49 752 42 802 39 720 41 795 37 689 34 309 35 311 36 332 38 373 40 421 33 255 32 212
3271 -1.2232274322603589 0.68831363197293305 13.838493815586377 164 187 116 0.66919000434251996 35 1076 34 1084 33 1003 32 946 31 907 30 889 29 832
3272 17.406614461745413 38.029641311033053 84.17577583273426 255 251 240 0.9144654661653896 35 1197 36 1262 37 1262 34 1200 33 1106 32 1102 31 1057 30 1038
3273 -1.3111924363739693 0.75817423302428011 13.743827830385069 213 222 145 0.15711524166522553 54 431 55 437 58 18 59 21 1 15
3274 -2.4320552757590916 0.38993264831044661 12.046711666850983 191 207 132 0.014355638370911222 58 39 59 39
3275 3.9117716860006531 8.9955304401152336 24.152879294496021 207 212 201 0.16990056133722695 54 92 59 42 2 7
3277 -2.5722003298565652 1.1546239511300405 14.006544356565263 108 208 107 0.19847430753182493 52 495 59 57
3279 18.633200568854097 45.802004140842676 123.06958191045314 143 166 99 0.27587580232299747 54 135 55 126 56 83 59 81 60 43 61 29 1 29 4 28
3283 -0.78352756798409273 40.499640372501787 74.938939833159608 77 142 72 0.14412082983479896 55 189 56 167 59 140 60 109 61 88 1 88
3284 -0.014028980588077663 43.029534227113281 70.747962025444309 206 204 137 0.14908150493482203 55 194 59 144 61 93 1 91 2 89 3 71 4 62 5 60 8 51 9 46
3285 -2.6132155513805393 8.6524449894847848 8.4869438899519754 74 136 69 2.680380028954048 43 273 59 149
3286 -7.0931808104797085 1.4624017567226977 13.640627475424138 173 203 124 0.11247991580124359 56 111 59 155
3288 -9.1446897221588515 35.038119454153069 69.173711457539369 197 196 129 0.10489234018913099 56 207 57 157 58 157 59 164 53 218 54 217 50 270 51 280 52 234 61 146 60 158 1 144 3 111 2 111 4 120
3289 -12.365066376639195 33.158585047856995 69.908981705644251 69 129 64 0.10528897729965714 56 206 57 186 59 165 55 209 58 189 28 127 26 148 12 147 11 140 20 156 22 157 21 150 18 153 17 143 19 150 13 151 15 133 16 150
3291 -23.951498897433062 28.310909122025226 91.420273815582348 184 188 118 0.14150967553267421 55 179 59 190 53 186 60 193
3293 -4.4631182550071262 14.961016612988573 18.284937690710979 192 193 128 1.5492196671017808 40 277 61 156 1 154 39 244 2 122
3294 -4.2465188433678458 14.361998855035544 16.75941295078923 192 193 128 1.4481263429179252 41 304 59 209 60 174
3296 -14.949534343879998 40.411873184990682 64.181425118505103 60 111 54 0.078099339418068403 56 274 59 236 45 335
3297 -12.967270895655377 4.3088500551439672 20.797714809405839 182 152 116 0.10379845076512789 57 206 59 249 61 264 1 261
3300 -12.865474643831305 8.4492612234648163 18.609271896030346 181 200 127 0.28899239436756774 56 289 57 270 59 316 60 318
3301 -12.5586913018885 11.115852983313722 18.384599559866679 193 162 125 0.2000094299039753 56 322 59 319 60 322 3 281
3302 -12.5586913018885 11.115852983313722 18.384599559866679 193 162 125 0.2000094299039753 56 323 59 320 60 321 3 282
3303 -11.847937907677762 12.400540226119791 18.472791188026346 142 117 77 0.21452687736496148 57 578 58 287 59 322 60 325 61 299 1 295 2 253 3 259 4 243
3304 -37.633122069518535 77.052525162570248 83.051881244712945 191 190 127 0.055619975836916323 48 390 59 350
3305 -39.79704469776501 78.67691747737787 84.290691837330385 201 197 133 0.13885782387995971 53 392 56 385 57 344 59 353 49 413 60 337
3306 -68.589573553857818 56.467290830581938 109.93738407587688 56 108 52 0.16465101663053686 55 355 56 353 57 317 58 327 59 356 60 368 61 340 1 337 2 308 3 320 4 279 6 278 8 316 9 280
3309 -2.486007468985127 -0.30034849903468075 9.2256857101955347 129 105 62 0.15696394949716963 57 384 59 398 60 413
3310 -2.2320275810115238 -0.013290168678641773 11.051083080912283 82 154 79 0.19338728503471786 58 370 59 415 60 414 61 384 1 380
3311 -0.91062249254823013 4.3378851256187358 36.478629584583679 139 200 109 2.4442846423775775 57 814 59 431 55 866 60 53
3317 -2.4124562761677977 8.8889122389554505 8.942090925304365 71 136 69 0.13116725921210298 42 673 59 484
3320 -8.7274499764958477 53.917773223311762 68.292523088803321 63 119 59 0.097309591966025205 55 590 57 529 58 498 59 507 60 508 61 456 1 454 2 407 3 393 4 360 5 361 6 360 7 334
3321 -36.909503226781112 30.748345158316944 106.46749890631864 74 140 71 0.12635086343449772 55 545 56 545 58 492 59 513 54 539 51 625 52 600 3 436 5 424 6 430 7 421 26 398
3323 -12.215862524992829 48.469672669777395 65.600954708438962 141 155 97 0.12276035085905962 39 667 59 519 1 462 5 118
3326 -10.765370247297991 9.7518465090643556 17.508479492172786 64 124 62 1.8637918275172645 57 747 59 551 58 525 61 496 1 495 2 482
3328 -29.663646890489787 46.592365462437833 71.509543495968302 91 123 68 0.097007700560278701 51 707 59 554 48 689 60 539 1 496 61 497 2 465 56 624 58 529 53 656 54 608 57 579 3 444 4 428 5 414 6 416 7 398 8 447 10 383 11 405 13 377 55 616 14 362 12 372
3330 -1.6872995030940598 -0.51754072339419699 9.430500301348772 185 155 118 0.31922435670775634 58 584 59 603 60 598 61 366 1 361 2 336
3331 1.2165482255087492 1.195539665083754 20.762562424342704 145 114 74 0.31824067319092025 57 637 58 591 59 605 60 602 61 553 1 551 3 516
3333 15.408496392814296 47.314889685617736 92.665259732295468 223 233 202 1.3135434147539753 52 609 59 624 50 245
3334 -6.0315702247581768 1.3914791777957936 12.276168244859297 100 196 100 0.017648535340737834 58 630 59 646
3335 -12.43735023086964 28.530717591161363 90.229984095425763 168 182 111 0.13824734687109314 54 720 59 650 61 600 1 597 4 541
3336 -8.0105543603383591 1.7720459294499356 15.985552453530078 173 199 121 0.44825695989561076 57 679 59 661
3337 -16.250391577474485 33.056171097637481 70.557561852126625 66 126 62 0.069820332428837228 55 743 58 657 59 680 3 600 1 620 2 613 61 623 4 558 5 536 6 533 7 527 8 567 9 531 10 519 11 526 15 482 14 513
3338 -18.326136368633065 71.322373293440165 77.625626513860624 210 206 139 0.048011354865640683 55 809 57 752 58 707 59 717 60 684 61 645 1 641 2 623 3 592 4 550 5 528 6 517 7 507 8 534
3339 -1.4276902046408064 -0.48716134559150448 9.9570198772641358 144 115 80 0.19571673461764857 58 751 59 774 60 597 61 551 1 549 2 337
3340 -2.3870959030860956 -0.93715262001508093 9.2975111063303064 1 1 1 0.92224340193408072 51 780 59 777 4 654
3341 1.4207322852352022 1.5901258992515004 22.416634360057376 147 116 77 0.25059674608280996 56 853 57 802 59 781 60 753 61 717 1 713 2 698 3 675
3342 -2.8686504669121922 -0.77956982529819008 9.0400534650369693 0 0 0 0.46166938665729768 58 756 59 788
3343 5.1071133473091752 5.9878561727593853 52.658181796806502 1 1 1 0.79862086978812774 56 862 57 893 58 849 59 793 2 347
3344 3.2483151031000257 6.9437091956434562 30.219052962997914 222 229 200 1.0962589500238999 55 860 59 794 2 702
3346 -34.516320534476741 89.670828216907893 92.703050647645426 67 125 63 0.13004136084705992 49 1075 53 969 59 856 52 1037
3349 -41.558542076936163 89.345730900807581 92.229109313767566 205 202 137 0.23148258405695188 55 930 56 938 57 880 58 837 59 869 54 930 51 1069 50 1050 52 1035 60 820 61 778 1 773 3 725
3350 -1.5281198069697164 0.081958506947955811 11.420221692875797 94 183 93 0.26669920179956702 56 949 59 880 60 846 61 803 1 798 2 782 3 753 4 721
3351 11.158593837733248 53.997727143547614 92.940532279579415 120 176 96 0.3465145046969284 54 956 55 952 56 976 57 899 58 857 59 890 51 1170 52 1100 60 861 61 814 1 809 2 795 3 762
3352 -64.337841612276222 67.351348301207182 93.654833546925659 254 250 236 0.69926637129304348 55 928 56 1010 57 935 58 899 59 925 60 931 61 886 1 883 2 867 3 828 4 795 5 779 6 766
3353 6.2369780751513861 40.304566725518242 192.75687582664031 168 189 115 0.81377869632783661 51 1099 52 1058 53 986 59 936 54 946 56 958 50 985 61 852 1 849 2 835 3 798 4 778 5 759 6 704
3354 18.785335319438129 76.240011669975885 106.30062773300243 84 161 82 0.24588720911741413 54 1017 55 1000 56 1026 57 955 58 915 59 941 53 1065 50 1189 52 1105 60 904 61 851 1 848 2 796 3 756 4 719 5 700 6 690 7 675
3358 -13.135370333086271 5.8657642666540806 21.089855629821894 138 168 99 0.2219027393487015 57 1007 59 1000 56 1083
3360 -17.703016163754835 5.1732775058052782 30.118258678028596 255 252 241 1.0278339327440658 57 1006 59 1056 60 1021 61 999 1 995 2 974
3363 -58.103950443599693 99.811812035147341 109.97764624170698 58 105 51 0.2498718360388906 54 1155 55 1145 56 1171 57 1095 58 1047 59 1076 60 1033 61 1004 1 1000 2 976 3 929 4 893 5 862 6 847
3365 -23.388581653136505 14.717253749748773 63.138802708801798 73 142 71 0.51373215597280264 56 1181 58 1060 59 1087 60 1043 61 1008 1 1005 2 980 3 935 4 886
3366 -21.102100470059977 21.314501495262871 31.794772666808718 255 255 251 0.67390280768242405 56 1195 57 1108 58 1067 59 1097 60 1056 4 917 5 888 6 885
3367 3.7189063258370503 9.0516254185971814 51.529198033159375 1 1 1 1.069438412313674 55 1171 59 1103 60 1060 61 1023 1 1020 2 1002 3 953 4 925 5 884 6 882
3368 -41.414590911779619 43.219763466145913 62.652477121538368 244 238 224 1.1059952074598318 55 1182 56 1203 57 1127 58 1079 59 1109 60 1066 61 1031 1 1028 2 1008
3369 -7.6784814281457123 10.589517514170728 29.471979072634532 130 152 90 1.9631666541501531 55 1184 59 1113 60 1068 9 849
3370 2.7115667652338606 5.6712480353250889 22.998576410919323 153 176 102 0.75465643868101029 49 539 46 170 47 150 48 122 50 809 51 555 51 824 52 798 55 681 56 682 59 785 56 864 57 808 58 759 60 757 2 703 3 678 5 615 6 488 8 514 9 479 10 461 11 489 12 479 13 344 13 486 15 342
3371 -8.7464778270461672 8.4722424262819782 13.647738442742225 141 160 97 2.9965994034454169 56 1152 59 1058
3373 8.843584934945536 27.040635392852394 57.893538051301405 83 144 74 0.75324111556561912 56 103 57 73 60 47 58 411 61 31 1 31 2 351 5 26 7 605 6 617
3374 -3.3775884614935037 0.42917115083069668 11.187610210176002 212 213 142 0.15758518177844394 59 52 60 52
3378 0.39099916660058232 43.654350813574673 70.913330283953755 200 201 133 0.038825271999393 55 195 60 114 3 70
3379 -2.3532320680533112 40.460163292870888 70.458110532628211 195 198 130 0.05706815636826558 55 191 59 141 60 134 54 220
3380 6.7463690744815956 105.27739443428555 116.12371441921215 175 199 123 0.29336400066738166 55 292 57 203 58 169 60 144 31 498 33 563 34 641 35 656
3383 -18.79454698077814 26.920825466846299 84.977910757579508 121 159 89 0.67376003248781624 52 208 60 154 6 172 8 206 9 192 23 197
3385 1.0114725969596328 8.2558127249268871 7.4284165407711855 0 0 0 2.8272547478728081 40 737 46 364
3387 -18.709130206424224 33.158871190364536 74.292427655812574 85 134 70 0.095543964663166739 51 246 60 198 61 179 1 177
3389 -33.630377021623389 29.034088978028073 108.45076762414824 197 196 126 0.12511760893016413 56 198 60 220 2 178 1 203 59 188 61 205 3 196 6 224
3391 -18.665222078757893 33.927175422677152 67.772815622737184 181 187 119 0.10932261933213284 54 247 55 233 60 227
3392 -14.659619916692971 43.60800450346985 64.047346929851301 66 113 57 0.041580572572144592 39 268 60 233 41 338 40 320
3394 -34.055066395916015 34.924373689212871 89.855115781826839 68 129 65 0.20058979862398868 53 245 60 258 52 257 9 250
3396 -25.727245459708666 48.150263235110437 67.312642371651961 0 0 0 0.11815456029138607 42 286 48 342
3397 -23.110257374175927 74.871520036673303 79.947059811916318 68 124 63 0.064143085336238345 55 367 56 367 60 279 61 223 1 221 6 141 5 152
3398 -11.500669651218054 7.3099941580503556 18.949125136309316 157 195 115 0.23378935057456759 56 575 57 239 58 230 60 290 61 272 1 268 3 252 4 237
3399 -14.923176769097825 13.461486981289562 26.955030036649617 159 205 136 1.1673551188099771 58 258 60 294 61 275 1 271 2 249
3401 -46.94440993962381 89.578316231076812 92.404421449131704 210 205 140 0.1097535181894632 56 403 60 360 55 402 58 340 59 368 61 315 1 311 2 286 3 268 4 227 5 206
3403 -69.118320310643767 60.363816779452364 108.27274128880825 54 103 49 0.18260849182783087 56 377 58 329 59 360 60 370 57 602 61 342 1 339 2 309 3 321 4 280 6 279 7 267 9 281 10 268
3405 -61.930979943177469 95.154114697675809 105.93313404181168 59 108 53 0.087468793910568429 54 388 60 376 61 336 1 333 3 297 4 249 7 210
3406 5.1394469585796365 9.2241635754666902 22.298260626350263 255 255 251 0.86564642781377465 58 32 60 412 61 365 1 360 9 302 11 293
3408 -3.5771199970672409 -0.27322488975679815 9.0917597807091877 255 255 255 0.11160794786512948 59 422 60 431
3413 -44.633983200630063 32.259751504413281 122.71451104678721 170 181 114 0.16946244950373543 52 599 60 523 2 461
3416 -24.013872221247183 57.024460423191137 70.519016902454467 60 109 54 0.1036272928354901 53 670 60 531
3417 -25.783628997894592 48.099801957211959 67.55491035003844 155 164 105 0.040645995614450259 48 705 60 540
3421 7.1135897147625871 15.419918923367325 34.44806981773413 255 255 254 0.092268889563503251 57 648 58 598 60 605
3422 33.686203994672894 101.92842713947515 139.54773896610828 167 203 121 1.184931119120711 55 733 56 730 57 676 58 624 59 635 60 614 54 552 57 471 58 428 60 72 61 570 1 567 2 550 4 308 5 13 6 7 7 291 10 449 18 455 13 457 14 0 17 38 20 340 16 18
3423 -3.9369225333098798 1.2863712320465908 13.540907853419794 106 209 107 0.19481583919690321 58 603 60 616
3424 8.9614908836543012 47.841958367204455 85.843049305344664 207 208 137 0.16370393858984855 55 885 56 884 57 673 60 620 61 733 1 729 3 535 4 503
3425 -7.8004280721573398 57.049046888389071 70.931052939693899 159 170 108 0.19249939542141614 56 789 57 728 59 686 60 661 2 591 5 511
3426 -23.14674877271932 26.717232365495292 97.326734285846115 71 140 69 0.14794251297957126 55 724 59 664 60 665 51 849 53 756 56 735 58 644 52 820 50 830 61 619 1 616 3 598 4 555 5 558 6 558
3427 -34.384343769024817 32.130676300983325 98.850629369805759 69 135 67 0.1780217191977376 56 764 60 676 54 746 2 641 59 691 57 720 4 583 5 568 6 567 1 650 61 654 7 555
3429 4.6614563260103079 11.408135120362418 23.810875898482461 242 243 225 0.27640425317664052 57 647 59 797 60 759 56 688 61 724 1 720 2 696 3 671 4 639 6 608 7 468 9 470 10 452 11 477 12 282
3431 -8.0794813126843543 33.816764611211482 69.400113322024964 207 205 136 0.21050969036386122 54 897 55 888 60 780
3432 -16.27269680440925 34.013682285832786 69.214721921599065 198 197 130 0.15427686243600663 57 847 58 800 60 791 55 898 56 911 53 945 54 902 3 711 2 737 4 683 5 650 1 756 61 761 6 648 7 637 8 654 9 625 12 573 22 606 17 584 18 566
3433 8.9012049978871577 46.076367554061136 89.319158622437257 174 192 119 0.34410185094876572 56 971 59 889 60 860 61 813 1 808 2 793 4 653 7 607 8 631 10 646 12 610 13 622 14 631 16 630
3434 16.524745088895486 79.871818659827468 107.28529582972514 179 193 123 0.18310316563506868 55 959 60 863 2 716 3 687 5 705 6 692 7 677 8 623
3436 -34.144937146238064 28.722704076123208 102.11464582446001 70 137 68 0.15489696551962256 54 1016 55 1004 60 915 2 854 3 812
3438 -23.30973712213169 30.037183528872941 86.963630495239926 151 170 103 0.32565991118769744 56 1080 58 962 60 961 61 916 1 912 8 801 25 742 24 736 23 754 22 764
3440 -16.150449710351932 25.880667371766894 101.5204586656868 164 182 110 0.12771857371045897 56 1109 57 1035 58 984 59 1015 60 985 61 960 1 956 2 935 3 898 4 861
3441 7.5722212422086956 18.48577902378571 40.720008918637568 255 255 243 0.38231830909523773 57 1102 58 1056 59 1082 60 1040 61 938 1 934 2 921 3 879 4 842
3442 -39.206895665747169 34.847576713148037 59.876526226377258 48 92 41 0.56595475366845782 56 1092 57 1015 58 1045 59 1074 60 1045 55 1015 54 982 53 857
3443 19.878407853629799 62.110489386417306 88.033440829251518 146 202 116 1.2645442288877793 54 1169 55 1157 56 1180 57 1105 60 1052 53 1211 51 1305 52 1257 11 804 12 749 13 763 15 741 14 775 16 751 17 775
3444 -7.8085428272953763 10.974692858313727 30.765625799510257 95 149 78 2.3391468182967139 55 1183 59 1114 60 1069 9 850 10 837
3445 -26.8001384468498 51.932160699987683 69.160350349641234 52 98 48 0.16756652491867485 43 691 47 755 45 739 49 693 50 695 44 736 51 728 53 668 52 715 56 625 57 582 58 548 59 555 60 541 2 467 4 413 5 397 6 402 7 380 8 429 10 369 11 366 9 379
3447 -19.655787625994922 36.449066018575571 69.092217925358199 189 189 123 0.075906848142736474 39 249 41 268 37 188 35 193 60 231 43 249 45 303 44 282 46 295 49 260 47 296 48 262 50 265 51 274 52 303 53 284 54 249 55 238 56 235 57 230 59 234 58 213 61 217 1 215 31 132 3 179 4 172 5 173 6 182 7 144 8 169 9 172 10 183 23 101 11 172 20 122 18 124 17 147
3449 -24.499942795984026 44.337089537916192 68.03671925349245 80 82 54 0.23549197698324251 46 714 55 601 49 680 60 526 53 645 38 592 36 588 61 486 1 485 32 459 8 428
3453 -1.1051577517846314 -0.41760554409335604 10.707641780238852 255 255 249 0.085636281875845141 60 1 61 2 1 2
3454 -2.6049784327179868 -0.52057524798124777 9.0205170403480412 107 71 39 0.050939039581167612 60 25 61 20 1 21
3455 -2.0750032161466425 -0.081817594484870637 10.957812711331048 93 173 89 0.1088149506208923 60 30 61 22 1 23 2 24 4 35
3456 19.099898349476085 43.840703262577435 127.16825560692051 57 110 50 0.2662386744862944 52 162 53 133 54 133 61 27 55 105 51 168 1 27 2 28 3 23 4 27 5 23 7 32 9 64
3458 30.571872340806554 83.580316388197659 129.33061545120307 135 204 112 0.5710986945124551 51 678 54 206 55 167 61 34 1 34 5 12 8 4 6 18 9 8 11 8 12 283
3463 9.7927250909706522 134.58593126193765 146.48217165244426 75 135 66 0.24760137522437689 56 255 58 196 59 180 60 145 61 101 57 204 1 99 30 220 27 120 28 137 25 92
3464 -5.4175487634968276 1.113528265672024 12.672180675832953 105 198 102 0.093004416655469158 59 107 61 107 1 105
3465 -6.8829472171268558 34.69432650998106 72.107737328175645 198 198 130 0.069873059033477902 56 164 58 153 59 138 61 117 60 132 57 156 1 115 4 119 8 109
3466 -7.6645101317940521 33.171557392753478 73.816100703380982 199 200 132 0.10245563049061332 57 150 59 134 60 129 61 118 55 185 52 211 53 194 50 236 1 116 3 106
3467 -3.9602910593462313 13.855288954670614 18.495259746061542 201 201 134 1.5593931145835418 39 246 40 280 61 125 1 123 2 115
3470 -19.208652285895411 32.10331286467936 74.809685233189612 69 127 63 0.1531446123204224 56 202 61 178 59 199 60 199 1 176 3 173 6 175 4 165 7 169 8 208 10 202 11 167 20 186 13 189 15 158
3472 -27.728942056268313 28.857483987599238 95.915649283546372 192 192 124 0.12277783466537116 56 199 61 207 1 205 4 193 7 194 28 131
3473 -23.097716897716428 72.933371082578759 79.476039940851422 212 207 140 0.068747582287158659 57 308 58 269 59 299 60 277 61 221 1 219 2 197 3 187 4 150 6 142 7 118 10 85 13 64
3474 -10.19918263848694 3.1940388447871024 19.530173256839912 182 202 122 0.27802823076303995 58 171 61 227 57 141 1 225
3475 -27.80153929918357 34.853059765419353 79.265437114293846 195 193 126 0.11478048857458917 55 230 61 236 53 250 54 243 1 233 4 198 6 211 7 197 5 193 8 239 9 221 10 207 11 198 20 164 19 159 13 213
3479 -23.558830211254094 55.904704443770868 69.028543832803123 60 110 54 0.12104412639842389 41 336 61 252 40 313 37 216 36 218 1 249 2 196
3480 -12.076386297378539 5.9585527094448816 19.205371849631415 102 149 82 0.22412362413079859 56 225 61 268 1 265 2 264 9 275 10 275 14 248
3482 -13.092300427928413 6.7829365918484523 19.337328478594102 178 203 127 0.11161919649016408 59 279 60 316 61 291 1 287 2 268
3483 -37.928387357500178 72.265703459057505 80.644070979553575 66 111 56 0.10287410616960896 52 424 58 321 61 312 57 342 49 398 1 308
3485 7.9870850963242956 22.19253049141011 50.3985796922763 55 104 46 1.1986375767186224 60 46 61 389 59 65 52 569 1 385 2 546 4 315 3 26 5 299 6 310 7 307
3486 -1.5432229116998597 37.076252859434057 78.475369226328951 73 143 71 0.093515695798507048 58 452 59 467 60 469 61 434 57 480 54 527 55 512 56 514 51 651 52 606 53 566 50 639 1 432 2 393
3490 -29.865117417454137 36.629156842367316 79.565016094256293 189 190 123 0.11400694807406207 49 644 61 482 51 662 1 481 2 463 8 461
3491 -31.333582566855021 39.788671797998084 77.540947594921391 61 115 56 0.085929053300182412 55 599 56 602 61 485 59 553 1 484 57 558 3 443 4 427 5 428 6 436 10 401
3495 -4.0974016533572044 35.109187987485249 74.614279827837478 0 0 0 0.034665579942029102 53 771 57 684 55 728 56 722 58 636 54 730 51 874 52 839
3497 -20.798641159814562 27.467069443960622 84.233565128418192 144 167 99 0.28276023913378434 57 702 58 655 59 678 61 620 60 666 1 617 6 548
3498 -14.349555456844907 41.292991589180438 64.202152981441017 60 112 54 0.023742626222225591 37 834 38 850 61 626 39 880 40 937 41 949 42 933 44 951 1 623
3500 -10.544317440640876 2.5567182561418194 17.856132022015075 142 126 80 0.17252270000734773 59 688 60 685 61 649 1 645 2 472 3 458 4 455
3501 -36.208005947738279 31.467102838722713 102.48008273362569 188 191 122 0.097782621424919017 57 718 59 692 61 652 58 666 54 744 55 740 53 781 1 648 3 619
3502 -32.066354484081039 54.921047700890334 71.622911020049088 152 162 103 0.17042562419376414 54 817 61 672 57 773 1 668 10 510 9 536
3503 -16.385531970340221 5.348747854053669 26.701338276527903 234 234 212 0.24492339872197136 59 545 60 533 61 678 58 226 1 674 2 660 3 647
3504 -12.19058414548042 13.151178158896561 18.408883972466491 170 144 105 0.34802140928214531 59 738 60 722 61 683 58 728 1 679
3506 -84.418547655960978 79.951353025161183 127.92854735904307 130 181 103 0.60536616033003954 57 610 58 571 61 704 56 379 1 700 2 776 5 688 6 672 7 661 8 674 9 644
3507 -32.133500212400243 33.758694895290546 47.490721001427296 184 154 117 0.19285575222286047 58 738 60 743 61 706 1 702 2 683 3 654
3510 -9.4356351968919512 31.869635030008563 74.653791001283352 167 179 113 0.29093715219323563 58 862 61 750 1 745 28 711 29 790 25 673
3513 -1.935554520773594 -0.056018695782361128 10.396568749207644 193 205 132 0.21315255789390833 60 852 61 804 1 799
3514 -1.935554520773594 -0.056018695782361128 10.396568749207644 193 205 132 0.21315255789390833 60 853 61 805 1 800
3516 -8.1086368380646778 61.536388598159483 69.137584031511594 148 170 105 0.22803177982672512 57 921 58 874 59 905 61 823 1 820 3 769 4 732
3517 -81.986037587813883 72.80926273694088 126.18965740287216 170 194 121 0.56904649121862994 56 825 57 878 58 835 59 872 60 834 61 842 55 823 1 839 2 774 3 746 4 708 5 687 6 682 7 662 8 678 9 643 10 632 11 563 12 422
3519 5.5857245460732043 36.352681902455878 107.85388773149285 167 186 114 0.45452891816412894 56 1066 57 982 58 946 59 976 60 940 61 895 55 1038 1 892 2 878 3 840 4 811 5 792 6 777 7 772 8 791 9 742 10 738
3520 5.0752613157834965 33.479588144964978 99.698046499442114 167 186 114 0.81206117981288894 53 1087 61 896 52 1132 51 1194 49 1239 50 1176 1 893 2 879 3 839 4 812 5 793 6 778
3521 -0.078377194172009806 33.018685078848456 95.929397751988148 123 167 93 0.2015036947410338 57 986 58 948 59 977 60 941 61 897 1 894 2 880 3 841 4 818 5 798 6 784 7 779
3522 0.020660453595494545 34.182808764074743 99.386128041662431 123 167 93 0.2737526287066222 57 987 58 949 59 978 60 942 61 898 56 1067 1 895 2 881 3 842 4 819 5 799 6 785 7 780 8 818 9 777 10 773 11 765 12 730
3523 -4.9147360553530905 33.755373650031352 95.014086294276851 189 196 125 0.16645125736651664 58 950 59 981 60 946 61 904 57 985 56 1070 1 900 2 889 3 849 4 820 5 800 6 788 7 783
3524 3.0621930356792517 5.5872372324557977 40.692199123237565 1 1 1 1.0333198870350624 57 978 61 941 1 937 4 805 6 749
3525 3.7200519023519587 6.1002220471797663 45.240686877195877 0 0 0 0.10763366284188364 57 977 61 942 1 938
3527 -8.9816312923741837 33.322747907492968 70.164765444635549 170 182 115 0.15199932933126067 57 1044 58 993 59 991 60 956 61 954 1 950 2 931 3 891 4 854 5 805 6 791 7 820 8 795 9 786 10 777
3528 -20.377789142761738 20.357640906718476 30.424850853350719 255 255 255 0.47206521300679771 58 1068 59 1098 60 1055 61 1020 1 1017 2 997 3 949 4 916 5 887 6 886
3531 -35.24792630499249 55.164579186843845 74.978248624602884 200 198 132 0.061732980430727245 51 400 56 363 60 330 58 317 59 328 61 301 45 349 46 343 47 376 48 339 49 345 53 356 57 323 1 297 2 255
3533 -0.8316806945067613 10.609505029987682 13.033208541574224 0 0 0 3.3781465546192471 34 1201 57 1128
3536 -3.0951217651935745 40.020787871229452 70.504338947031272 0 0 0 0.07719096970213507 55 190 56 169 60 133 57 159 54 219 52 275 51 284 53 222
3539 19.676246307233725 98.315826923561076 124.09528373745854 0 0 0 0.096110018848969581 37 405 46 481 48 380 36 401
3541 -33.985370673735325 34.824996954771059 89.609210179976415 58 108 53 0.13443315053748955 53 244 59 254 57 240 60 257 56 228 55 227 7 225 9 249 10 234 11 223
3542 -68.092248469538532 56.970739268413659 110.33709272551997 51 101 44 0.26538685062781808 35 77 39 122 38 128 40 166 33 41 30 30 29 33 28 16 26 42 24 49 22 96 23 77
3543 -68.191842565215723 57.086074128481584 110.49768238389395 51 101 44 0.27231313226051179 35 78 39 123 38 127 40 165 41 163 33 40 31 31 30 29 29 32 36 74 28 15 27 19 26 41 25 41 24 48 23 76 22 97
3547 -11.232733112544457 32.365339796946436 71.779567425239819 68 132 65 0.092231123708324383 58 647 59 667 60 658 61 613 1 610 57 690 55 727 56 738 2 603 3 583
3549 -0.81328637082799793 0.54601048830815446 14.44685733199978 186 219 134 0.2388222359342817 59 932 61 806 1 801 2 699
3551 -23.551321647364446 47.35964688394602 67.085428785673372 144 142 95 0.072486922133410084 46 351 49 346 47 353 48 344 42 317 43 305 44 314 45 350 41 305 1 245 54 322 59 290 61 248 2 195 3 215 4 204 8 177
3553 0.46618194972465599 -0.30373995380409391 12.73593830502084 226 235 205 0.076630755791834482 1 0 61 0 2 0
3554 5.2093840792923451 10.151713805225551 22.377963733234843 173 142 105 0.20937018866948157 59 37 60 20 2 1
3555 -0.89760076795081067 -0.41324469628207727 10.854259028313344 255 255 255 0.22175561378841194 60 400 2 2 3 6
3556 4.4106333800814639 11.002125301332214 23.709812272682651 110 109 59 0.16829492237974281 1 13 60 35 61 13 2 9 3 4 4 4 5 3
3557 -1.160504669346577 0.0052714648804250142 11.988930603714284 226 225 151 0.092502515021660819 1 3 61 3 2 10 4 17 5 37
3559 22.385668659651344 49.828330004480598 135.04743342579278 56 111 49 0.14986222186713041 56 82 57 70 59 62 60 42 2 30 55 125 54 134 3 24 4 26 5 24 7 33 8 44
3562 1.3973238533775876 148.49816197122399 154.1148873363023 62 129 60 0.18552070456728401 1 131 57 238 58 199 59 216 60 177 61 133 2 98 30 187 31 241 29 166 28 112 26 91 25 71
3563 -7.2104217174452261 30.121086670420254 88.431601508965684 198 197 128 0.095618852606249097 1 111 57 119 58 131 61 113 2 102 59 131 56 142 60 125 3 104 5 101
3565 -10.442240771601982 31.91226524821537 72.204925692223156 73 136 68 0.08964162365729314 1 143 57 154 59 163 61 145 2 107 3 108 5 109
3566 -4.637992523760551 13.700628087831968 19.146816976779739 69 124 62 1.2451740349636973 39 243 2 118 38 201
3569 -30.588296640066346 29.387236848651309 98.797319226439754 186 188 119 0.099161033250079064 58 180 2 180 57 177 59 224 5 210 7 221 8 268
3570 -23.932207139403889 42.406420557665022 68.227925016546834 190 190 125 0.076737287870297988 56 298 57 279 58 261 2 188 4 201 7 172 50 317 8 173 6 186
3571 3.4636861123177018 2.1998632132967701 1.1719707447684489 0 0 0 0.16793532920015486 36 334 37 356
3573 -26.280514772033658 39.344420679429511 72.77969193850825 60 111 55 0.087674892827296319 1 236 54 275 57 245 60 265 2 225 61 239 3 205 8 210 11 173 16 164
3574 -26.407933753551301 44.34978213453801 68.314492304883913 57 105 51 0.074791332743188568 1 243 57 283 59 288 60 299 61 246 2 232 10 188
3575 -28.463841638689345 47.529782877132739 67.294467142846614 117 139 83 0.59762688887739179 56 338 2 234 54 323 8 214 9 178 10 189
3578 -12.71264543536272 9.7087668748318823 19.810377483773223 136 151 95 1.1166219599612703 59 559 2 270 3 280 19 94 14 198
3579 0.64039176994097557 0.25653923125972844 17.332579371851701 157 221 126 1.2901559969379606 1 363 60 401 61 368 2 326
3583 -3.8853882578628394 2.2568476289218946 2.2702985525825587 89 129 70 1.3738844621927184 60 491 2 420
3585 -24.552957077188324 29.051196623777631 94.02742723282492 179 185 117 0.082394808590611684 58 477 2 431 7 405 8 459 9 424
3589 -4.0891704238121509 1.2147512828963207 0.73351590854783844 57 106 51 0.56716633880052525 1 482 61 483 2 466
3590 -13.605907591073775 10.519904958181987 19.91794458819103 152 206 141 0.12603097917280959 55 597 56 620 2 496
3593 7.9497096917865075 34.602461704319289 117.30651424969068 80 159 77 0.15270656004929789 1 570 58 606 61 574 2 553 3 531 4 506 7 490 9 504
3595 13.023974641662024 43.04522718107448 113.35936479722665 83 163 81 0.16009312575862064 58 609 2 555 5 485 6 495 7 481 8 520 9 497 10 475 11 493
3596 1.7954165787676624 54.619142324045889 76.662030939777011 71 135 68 0.1378839163643632 1 590 58 653 60 634 61 593 2 568 57 695 55 750 56 751 3 545 4 510 5 491 6 500 7 485 11 481 10 460 12 469 14 470
3597 -3.9458562700871345 0.9229713799563537 12.282440734583593 192 213 134 0.16277869083360472 1 733 61 737 2 574 4 525 5 514
3599 -19.622000378020996 31.03844671074334 78.144982690638201 65 125 61 0.060992673168028928 1 618 59 679 60 667 61 621 2 612 57 703 58 656 3 599 4 557 5 549 6 549 7 532 8 572 9 545 10 531 11 538 12 528
3601 -32.989585921809891 38.788918228801634 81.806326199968524 62 119 58 0.11549115456890938 58 699 60 704 2 645 59 724 55 774 56 777 57 733 52 868 53 817 3 624 5 572 6 571 7 558
3605 -12.944504921545482 7.4937319317579636 19.090358662070397 178 189 122 0.18401488829186671 60 815 2 756 3 728 4 697
3610 -12.101707728288366 25.485036428147701 106.40031332474175 74 146 73 0.10854435497271574 1 858 58 912 59 946 60 909 61 861 2 842 57 949 56 1021 3 806 4 782 5 763
3611 -12.101707728288366 25.485036428147701 106.40031332474175 74 146 73 0.10854435497271574 1 859 58 913 59 947 60 910 61 862 2 843 57 950 56 1022 3 805 4 781 5 762
3612 -8.3038527636947332 30.283224548395587 80.566888719821506 73 142 69 0.41184917286041028 1 860 52 1097 61 863 2 845 5 719 6 756
3613 -12.874431605268221 5.6188914905248044 20.625347648561661 128 161 93 0.58860193499313807 1 874 60 922 61 877 2 861 3 817 4 793 5 740 6 725 7 726 8 732 3 727 9 689 10 683 11 692 12 673 13 678
3614 -14.242007641777782 15.443220520956967 20.964715564564774 58 112 54 0.51273057471211592 1 880 60 929 61 883 2 862 3 820
3616 -52.267661136809551 89.148780668146287 98.021396213449137 60 110 54 0.46709029146001696 1 999 57 1096 58 1048 59 1077 60 1032 61 1003 2 975 56 1172 54 1156 55 1146 3 928 4 892 5 861 6 846 7 842 8 848 9 801 10 782 11 775 12 728 17 680 13 728 15 660 14 736 16 667
3618 -21.152210958024131 49.429994161614268 66.275225916435815 175 181 117 0.13009923314041918 50 696 53 658 49 694 56 604 44 738 46 744 57 561 51 709 59 537 60 528 61 474 1 473 2 450 39 645 43 707 38 633 41 729 3 427 4 397 5 394 6 385 7 377 8 408 9 377
3619 -26.556629851813884 44.623051565163927 68.734853502998575 57 107 52 0.086812013032203011 57 282 59 287 60 298 61 245 1 242 2 231 54 320 58 264 6 190 10 187
3620 -27.039796445166687 54.190614541682947 69.812078191284812 24 44 21 0.079754495472376591 52 716 57 584 2 468 50 709 60 543 58 549 51 729
3621 -12.834857152420378 70.029667277562766 77.318726305889456 82 104 60 0.52536301943948271 38 1058 40 1155 54 978 56 996 53 1033 57 926 35 1001 36 1048 58 875 59 908 2 806 1 823 47 1233 61 826 3 772 4 738
3623 8.9120839904089202 26.771065174876142 69.218016322194671 112 159 86 0.71569842444570175 1 1003 60 978 61 943 2 922 3 880 4 843 5 820 7 807 8 811 9 766
3624 -30.268487080202004 32.151268220896952 95.096186538068437 75 148 74 0.60569356770086002 46 1293 49 1240 47 1300 45 1301 44 1282 48 1253 50 1228 51 1240 52 1193 53 1142 54 1106 55 1097 56 1125 57 1059 58 1007 59 1039 60 1006 61 977 1 973 2 953 35 1118 37 1178 39 1223 34 1119 33 1034 32 1023 31 984 3 916 4 877 30 969 5 851 6 842 29 914 28 828 8 849 27 804 26 833 25 786
3625 -2.2997101116293219 -0.36495371794332132 9.2958999089228218 120 86 49 0.20677165276341231 34 431 33 24 32 29 31 22
3626 -72.7587810070861 63.902860543170711 115.43037558505775 50 102 45 0.13395821220271661 35 76 36 72 37 109 33 39 29 31 28 14 27 18 26 28 24 47 23 55
3628 -70.314442761757221 57.492002971801142 116.58102261180635 80 124 61 0.13297962199756838 35 79 36 75 37 82 39 120 40 167 33 59 27 40
3629 -70.314442761757221 57.492002971801142 116.58102261180635 80 124 61 0.13297962199756838 35 80 36 76 37 83 39 121 40 168 33 60 27 39
3630 -52.206087112809335 45.647678720950189 99.572242547122357 68 133 64 0.072202373382687077 34 87 36 104 37 113 33 64 32 56 27 56 26 61 24 68
3631 -52.174283247858334 45.61226724244213 99.553961361924095 68 133 64 0.13386790018879011 34 88 36 105 37 114 33 65 32 55 29 54 27 57 26 62 24 69 19 166 18 195 16 228
3634 -35.224441666076693 49.659428648384029 74.98970775743301 74 135 68 0.1352006249650842 34 134 36 134 33 87 35 131 37 155 39 202 40 221 41 255 42 265 32 72 31 70
3640 -51.859060532827819 30.824116074866783 145.69098915547877 200 200 132 0.18024025693804738 34 147 36 148 37 121 33 118 38 140 39 132 40 153 41 149 42 162 43 143 44 153 32 111 31 140
3641 -23.094936436847366 46.706559532213952 65.056143209397405 173 178 116 0.073318861883618067 35 189 37 183 33 139 30 64
3642 -24.234972604776519 48.711636809145531 67.785044697238121 173 178 116 0.054978879013572533 39 245 33 140 30 65
3645 -30.773842260613957 27.604535775853911 112.90200065396813 64 125 61 0.10527807638620194 37 164 33 156 36 174 38 161 39 156 40 180 32 166 30 150
3646 -16.684405544978745 48.715055613689351 64.663316163229808 185 184 123 0.056435249957536522 34 189 36 220 33 171 32 129 30 116 31 126 27 48
3648 -0.43496687134918882 0.90012424694028637 16.10841225823637 132 189 106 0.8668108314085039 35 148 33 187 32 173 31 204
3649 -10.786813615025602 36.59252142038914 66.605307792259126 56 107 52 0.25494464220121127 2 137 33 205 60 164 26 106
3650 -15.350141032482608 26.838600654065417 91.792128263206138 158 163 102 0.11258231637696554 34 234 36 200 37 197 38 211 33 212 40 231 39 218
3653 -19.193188155863727 25.279571296685944 111.50205229619381 62 120 59 0.087617633770682143 36 208 33 216 38 215 31 202 29 462 28 417 30 466
3654 -0.21875022627305407 2.3601978147600509 23.202890983437623 89 179 89 0.16382127116407913 34 245 35 211 33 225
3660 -2.9725212638906857 40.728189810554078 69.793165560854561 54 104 50 0.095325929850180777 36 306 38 329 33 264 32 254 29 208 28 145 27 148 46 358 26 145 25 125 24 145 23 129 19 110 18 117
3661 -3.9819138165875754 33.229160980843631 85.708823220204252 57 108 53 0.066174117825439402 38 306 33 266 35 300 42 300 41 323 31 257
3662 2.8822664177389776 65.997882341030135 83.825700903118943 74 137 70 0.09839576002864367 36 367 40 429 33 282 35 352 32 285
3664 5.2970141455721977 69.030693481161862 87.781909383482343 75 141 72 0.046573694826592515 34 338 50 365 32 290
3665 3.0612818240783075 4.2652368632609079 22.798528226913145 210 205 137 0.12888273426656224 36 276 33 302 32 306 31 293 30 289 29 289 28 241 26 263 25 247 24 255 23 274 22 276 21 243 20 233 19 224 18 222 16 175
3666 2.7507135534229201 2.677612694213761 24.760800430717996 183 152 117 0.23228404194290875 34 303 35 284 33 305 32 312 31 324 30 294 29 296 27 271 28 462 26 470 29 505 25 284 25 453 26 287 24 276 23 285 21 261 20 247
3667 5.2413341202923656 10.976157351805847 25.311424631655616 177 148 109 1.7781171051959572 34 371 35 369 33 321 35 394
3668 10.342945668492169 73.080974468032039 95.484383127697697 71 136 69 0.045300687637421136 38 406 39 418 33 332 42 461
3670 5.3516518012557208 11.294386158324045 23.61559024989247 176 148 111 0.53470537157293829 34 370 35 662 33 347 32 326 30 511 31 528 29 260 27 431 28 442 26 427 25 190
3671 20.628105132186995 45.266770756514937 133.09134893012813 58 109 52 0.1181541404238364 34 397 35 401 36 378 37 381 33 370 32 373 29 329 28 260 26 282 23 272
3672 -11.390669651611505 8.5414053777049741 18.222920505865975 55 102 50 0.17726465725018575 37 480 38 489 33 399 29 347
3673 -19.33349233218069 22.298326064612535 34.015680498882048 221 226 201 1.2127433763055626 34 472 35 73 36 71 33 413 32 414
3674 -3.3936952262928504 0.89882047054811975 12.464924520778156 174 194 122 0.047264555650893707 35 481 33 417
3675 -55.090835304112559 52.806654701076702 98.475843416735685 70 136 66 0.19715002342074295 34 479 35 513 37 523 33 426 32 623 31 587 29 377 28 322 27 489 26 499 25 480 24 319 23 508 22 507 21 480 20 490 19 503 18 496
3677 -38.602791951671236 59.323381475466988 76.204423859417005 78 154 77 0.10651131318776534 34 511 36 566 33 439 31 397 28 307
3678 -44.386682813246587 46.444661122351022 87.866599060182182 158 170 105 0.11071333925355509 34 492 37 542 33 443 35 514 38 551 36 526 32 426 30 373 26 331
3680 -37.879528538095414 41.001405647041679 84.510298581186163 64 127 61 0.092849819513008816 34 495 36 548 33 445 37 543 32 448 29 386 30 390 25 336 24 355 23 374
3682 -43.561740212561268 27.602637119552881 104.16267469963067 72 139 68 0.68507135512373885 34 119 35 106 36 531 37 528 33 449 40 591 41 615 42 605 43 576 31 107
3686 -21.8586147489025 28.645312129958761 92.876801397385094 60 118 57 0.1300031477533817 37 560 33 495 36 593 35 565 38 574 39 592 40 634
3688 -23.906220933875769 48.107914839411386 67.138638430948106 195 194 129 0.13342667762381549 42 721 52 697 53 657 3 429
3689 -18.841901627029433 26.211100967047049 108.59740923909203 158 164 102 0.16079365179828925 35 570 37 582 33 511 29 459 27 419
3690 0.42723752555853467 0.88375912075741359 18.341305033523501 87 174 87 0.23663069045533824 34 559 35 573 33 514 32 239 31 494 30 667 29 480 28 437 27 453
3691 -17.126082893850651 102.57888307643555 102.47082907292929 80 156 79 0.16805397730854779 34 579 35 605 36 661 37 675 33 517 38 687 32 500 29 112 28 51 23 20
3697 17.747191895061814 64.208499744045369 118.69536726724922 53 107 51 0.40711421584357971 39 947 33 584 40 1001 42 982 31 542
3700 -73.832286135207312 121.86449630999047 119.86133396679787 139 189 108 1.2080574514750788 34 711 35 726 38 813 33 644 36 563 37 568 34 102 35 522 32 49 32 424 30 554 28 288 27 5 25 297 24 290 23 302 21 281 20 455 19 15 19 470 18 14 17 15 9 399 8 456 15 76 15 451 16 42
3703 -38.198312698195835 29.47063765167492 120.57374282812253 64 126 62 0.25822738906134313 37 782 38 801 40 876 33 672 39 824 41 885 32 671 29 605 30 752
3704 -1.1021041137884648 1.1360247818889542 15.3073517325703 108 181 95 0.074394673439898584 34 734 33 674 31 464
3705 -1.0986978265374854 1.137345523748222 15.317282057928868 108 181 95 0.18143705271976027 34 735 33 675 32 479 31 465
3707 -17.005781736210409 26.567908805474953 124.33289621963405 59 116 57 0.19865960472270999 34 779 36 824 38 823 33 707 37 807 39 846 40 639 32 713 30 648 29 645 28 583
3708 -5.3347189313515111 6.4916765360905631 43.397811996023322 224 228 206 0.26142321023236326 35 987 33 708 36 1038 37 1077 32 204
3715 -0.22241191570803798 40.602713082399909 72.634245262916437 173 172 113 0.04535714131369159 41 966 33 746 22 523
3717 -0.89607132314253524 33.964534127712085 88.105602408701202 55 105 51 0.078759205533006499 34 808 36 855 37 858 33 748 31 685 30 658 29 637 28 578 27 569 26 585 23 570 21 533
3719 13.17937251135937 27.596637466021964 58.284233342528815 184 154 118 0.14997377738016882 34 856 35 857 36 904 33 785 32 768 31 730 30 692 32 870 29 670 28 605
3720 -6.1485944566977215 0.46046394262788987 11.299103249929964 126 175 96 0.33204394166585016 34 869 33 795 35 867 32 1
3721 -11.422470473806415 8.2233004566487402 18.352856845972656 54 101 49 0.22879504849786164 38 761 33 801 32 600 31 564 30 546 29 536 28 479 27 481 26 484
3722 -44.92275315799111 40.168921194946599 82.998481060925229 69 138 67 0.89719532467187935 35 887 37 761 33 815 32 797 28 640
3723 -1.9835627181726228 0.6714415457893288 12.661021333833883 171 192 120 0.18746281120355066 36 937 33 819 31 773 29 579 28 525
3724 -27.044113336914972 27.373931693533198 102.99581614060097 156 161 101 0.10928746854037201 34 905 36 954 33 836 32 823 31 786 30 758 29 726 28 662 27 652 5 661
3725 -27.038684338702382 27.367527007223448 102.97245864523157 156 161 101 0.11907439731971979 34 906 36 955 33 837 31 787 30 759 29 727 28 661 27 653 5 660
3727 -18.814219733204521 26.619276714525462 105.87569241245562 157 160 100 0.25574443658732027 34 924 38 972 33 851 40 1061 31 797 28 666 27 656 26 676 6 651 25 623 7 639
3728 -3.5294525930928033 31.646217120887183 92.413850566964157 165 166 107 0.13892416688351095 34 932 35 930 36 990 33 865 37 977 38 984 39 1022 32 848 31 808 30 778 29 743 28 669 26 682 25 626 24 623 23 645 20 575 19 599
3730 31.392173953349662 65.998061229281419 173.4234374543372 172 205 125 0.83183750155584679 34 957 35 952 36 905 37 903 33 889 32 872 31 833 30 861 29 805 28 725 27 709 26 700 25 637 24 634 23 652 22 576 20 211
3731 -3.690979352277036 0.15021970876380594 10.922078872461119 170 188 119 0.16908569105245164 34 1025 33 903 32 891 31 848
3732 -20.132056905427909 8.1683807889194622 34.443965489941192 1 1 1 1.0888178042729679 35 967 36 931 37 1009 33 906 32 932 30 871 28 737 31 973
3733 -5.9260870977331432 2.4588626792770807 16.69688785753171 94 189 94 0.15616075499320109 34 973 35 969 33 908 32 790
3734 -1.0016567480242433 4.1112655885913147 34.539525451732928 107 188 95 0.71519947300523368 34 926 35 991 33 927 36 1086 37 1140
3736 -0.018822992090546223 38.084788643602351 82.121207071802502 107 129 75 0.23619462102744801 38 1054 33 930 31 878 27 700 25 674
3738 -5.3747001450102925 1.3925445507267953 13.240295909430417 168 198 121 0.24624844600031759 34 1024 33 949 32 888 31 846 30 720 29 551
3740 2.1859415243781948 2.8087857281874027 25.837874137474916 168 138 100 0.27178400561935162 34 1055 35 1040 33 973 32 961 31 920 30 905
3741 -11.527945287454525 6.8144011962330966 19.321568560686508 92 131 70 0.44803233438395185 37 1117 33 983 32 971 30 910 29 858 28 776
3742 -37.468737945831045 38.272095220531753 87.625990094281377 90 136 72 0.36884430438807481 34 1089 35 1083 36 1124 37 1130 33 994 38 1172 39 1220 32 981 31 948 30 922 29 866 28 821 27 763 26 786 25 733 24 763 23 779 22 798 21 764 20 729
3743 -16.148214745568222 55.77660691727047 62.947982584837725 84 163 83 0.59828490366110587 36 1137 40 1234 28 742 27 722 26 753 25 692
3744 -26.493587784035032 30.682478774074866 83.961499432246285 61 120 58 0.26891368430036511 37 1135 33 1007 32 993 30 937 29 879 27 769 26 793 25 741 24 735
3747 -13.126839753299009 27.817346001242441 86.461757966808207 118 136 80 0.24088321845869512 37 1143 33 1013 32 999 29 890 26 798 25 749
3751 -16.821706756659136 27.757242672527067 81.420630785845759 74 117 61 0.28623265948361676 34 1129 35 1127 36 1180 37 1182 33 1041 38 1178 32 1031 31 994 30 981 29 931 28 842 27 811 26 839 25 793 24 781
3754 -22.111836108020356 23.068475622060831 34.914649524304188 236 238 222 0.50622191127486538 34 1170 35 1171 36 1223 33 1075 32 1065 31 968 30 954 29 901 28 811
3756 -12.374744214956946 5.3524485227456795 20.902114795235665 205 207 192 0.59804730738535383 34 1181 35 1181 36 1243 33 1091 32 1085 31 1039 30 1020 29 965 28 878 27 843 26 871 25 822 24 810 23 828
3757 -6.2764319720661454 0.33095883317050773 11.119803541059872 250 246 231 0.61420503314990205 34 1194 35 1194 33 1101 32 1097 31 1047 30 1029 29 973 28 874 27 841
3758 -17.294286154134419 38.705054578456895 66.318094053942389 150 160 101 0.12061889383475152 43 905 45 945 44 940 46 940 50 876 40 921 41 933 39 854 35 758 59 697 60 680 61 625 1 622 2 615 33 683 34 756 38 832 32 666 31 621 4 560 6 534 29 583
3759 -6.0783698553881962 67.436443985390355 78.135199506389355 49 91 45 0.13872886736475848 43 751 45 797 44 795 47 795 42 785 46 785 39 707 52 707 48 750 50 718 38 700 36 664 33 537 34 599 37 678 32 520
3760 -16.302070607274306 26.537083290992431 104.25166388859975 129 158 91 0.77286182642270418 55 1082 56 1108 57 1034 58 983 59 1014 54 1094 52 1185 53 1131 50 1226 51 1237 60 984 61 959 1 955 2 934 33 1048 43 1236 45 1259 44 1235 46 1247 47 1254 49 1193 48 1217 42 1256 40 1224 39 1228 38 1179 37 1139 36 1181 35 1136 34 1136 32 1039 31 1010 3 897 4 860 30 994 5 833 6 800 29 940 28 851 27 816 26 846
3761 22.956360601266127 49.23159159933526 133.01424173135223 57 105 51 0.1303977239288536 34 395 35 423 36 398 33 371 37 380 32 372 30 332 29 327 28 258 27 266 26 281 25 268 24 269 23 271 22 256 21 236
3762 -12.409778856991526 4.8369738219396368 21.066770433587376 155 130 93 0.10465746909283404 33 14 34 25 32 14 31 9 30 13 29 15 28 17 27 23 26 45 25 43 24 73 23 78 22 129
3763 -12.409778856991526 4.8369738219396368 21.066770433587376 155 130 93 0.10465746909283404 33 15 34 26 32 15 31 10 30 14 29 16 27 22 28 18 26 44 25 42 24 72 23 79 22 130
3764 -12.330595880208177 13.334464537110122 19.874339714934411 100 99 55 0.32672453664971529 33 28 34 49 32 23 35 489 36 490 37 81 31 1 30 5 29 2 28 0 27 2 26 1
3765 -3.5082141570168441 0.30575634525033557 11.059133206897412 123 178 100 0.033845060643667671 37 455 32 27
3767 -52.433211437778347 78.395498221060436 94.966323551285583 183 187 120 0.19228659111164173 41 298 42 311 32 52 31 45 22 28 23 8 21 30
3768 -2.0924208049289579 0.22336755789696436 11.808206674471771 190 197 129 0.33742928916930492 33 436 32 64
3770 -0.95140198239956131 -0.41396701168128114 10.705631764260554 250 246 234 0.50810220486246349 33 81 32 87 31 118 37 936
3773 -13.983500136670768 46.453739438398152 64.30730319518436 64 119 59 0.062955721244569662 36 254 32 152 34 222 30 117 31 150
3774 -14.867084228183876 37.436267058868808 66.343340994559057 157 163 105 0.042744290165815164 58 214 32 156
3778 -21.135785731288667 25.59874238557304 107.66906811538836 61 119 58 0.10113258227639368 36 204 32 199 34 204 31 199 30 183 28 180 27 193 26 206 6 168
3779 -22.436949946545504 25.35470348816979 130.59000273992106 65 120 60 0.12022343361427594 35 207 36 206 42 190 32 202 38 187 31 234 33 221 34 243
3780 0.13644941359028251 0.83210655320977145 16.839876102226601 167 194 118 0.089868538757277155 35 557 32 207
3783 0.78424630517087013 1.0346548012976922 20.926828574689296 133 172 104 0.68407695804327473 34 577 32 240 31 273 30 488 27 454
3785 -6.2678671601254106 30.70863564282913 88.432546186240018 158 160 102 0.10392562695520728 42 279 43 257 59 114 44 261 45 264 25 203 29 246
3787 1.0864285148956032 52.756775832841271 75.355365681971534 0 0 0 0.18323272370193586 34 318 51 315 52 311 53 271
3788 -5.3863206430470942 30.124471902893497 99.038033506817342 71 113 58 0.059342814873429552 40 266 32 269 19 235
3790 3.7720083957504085 4.5013440045364925 23.520779803517893 183 200 128 0.29812438331809182 34 328 32 335 28 245 27 255 25 273 24 270
3794 -44.405346688149393 46.462688042571763 87.901508855093638 160 169 106 0.11102335760885121 35 515 37 541 32 427 38 550 39 569 36 527 30 374
3795 -43.536817093219213 40.744292297984785 100.36109473738901 90 135 71 0.029182506503043736 38 156 39 149 32 449 42 210
3796 -20.245286949440604 52.681513290459698 67.435684355449084 65 125 61 0.029738031741208398 37 608 32 472 31 430 26 338 27 323
3798 -10.360890279545089 45.879064244004383 64.562889278831904 0 0 0 0.040236290122984193 33 504 35 597 40 739 36 628
3799 -24.386714828691566 26.090524840097618 109.57083781039945 80 128 66 0.12410490276355901 33 498 35 568 32 494 36 578 39 595 31 480 30 451 29 441 28 395 27 401
3804 2.8808608657025263 42.1895956137312 79.272265669010224 76 111 59 0.10633833871896015 36 683 37 684 32 546 31 519 29 473 28 430 27 408 23 400 22 402 21 384 20 360 18 353 12 75 11 336 17 110 15 304 16 350
3805 2.8685519661077086 2.832058220509015 30.964021302651354 232 233 213 0.19812023514482874 34 306 32 558 33 306 31 537
3807 -42.191460428223763 54.012293175326022 81.745191264195569 75 148 74 0.23436839386974467 36 780 32 621 30 369 29 553 19 489 17 506 16 511
3814 -9.186631985100675 28.723236376532476 104.45502982626445 57 110 54 0.15091724071315113 35 786 39 862 32 711 31 688 30 662 5 519
3816 1.9840603937323533 43.380607029868742 75.489767667836048 53 101 49 0.12231097729220111 38 891 32 739 30 655 31 680 29 634 28 561 27 556 24 513 26 551 23 542 22 522 21 502 20 493 19 493 18 472 17 485
3817 4.0046667997993399 5.242706136604486 22.990489040002483 195 200 132 0.6578028042808407 35 634 36 660 32 755 31 711 28 598 27 585 30 792 31 821 26 606 25 568 24 437 22 258 21 239
3818 -11.807533350402997 11.013420186476054 18.93064587979222 250 247 235 0.14524534745626608 35 965 32 776 31 745 30 708 29 691 28 623 27 602 26 625 24 463 26 476 23 485 20 305
3819 -11.746490735903748 10.9653031080252 18.856772678360326 250 247 235 0.11902367444002047 35 964 32 777 31 746 30 709 29 692 28 624 27 603 26 626
3821 -24.692087186424306 44.949954712894304 67.572338276903466 177 180 117 0.095662710391583805 33 829 34 902 35 900 32 808 36 963 31 777 30 740 23 610 21 582 12 576 13 571 15 551 14 578 16 585
3826 -39.870036850565278 54.287247354225102 80.202169463208804 158 176 109 0.58006821224957739 37 1024 32 900 30 727 19 624 16 631 15 612
3827 3.7503209035525349 60.625713721810705 86.334887930216581 131 158 95 0.33429691977779619 40 1204 32 911
3828 6.4404412757529341 11.757089649413166 39.859694568640229 55 103 49 1.5892843828716186 34 955 36 353 32 920 35 838
3829 27.761221734470084 57.295795551203668 120.42818926643712 255 255 255 0.57647777082731511 33 941 34 1018 35 1017 32 926 36 1065 31 933 30 909 29 855 28 769 27 742 26 770
3830 -31.398989791782853 11.538552888557831 53.996423779517293 230 231 211 1.0731766548937243 33 953 36 932 32 934 31 851
3831 -5.4689094728787113 10.013094713632215 60.495764723789868 63 120 60 0.69002572829592113 33 970 34 997 35 1037 32 956 36 1090 37 1085 31 917
3832 3.3885516751171845 6.1808482691599389 20.347427281115142 120 170 95 0.41999107595798429 34 1108 32 959
3833 -34.598405324772635 42.666448620918395 81.667052622380822 103 138 77 0.24449328945687163 33 999 34 1088 35 1082 32 978 36 1123 37 1133 38 1121 31 946 30 920 29 864 28 784
3834 -37.727108126523284 25.621577281736812 88.513274616881745 99 145 78 0.55837027665766903 33 995 34 1080 35 1072 32 982 36 1168 37 1174 38 1171 31 951 30 927 29 873
3836 -20.301741815309043 39.338899583855699 68.849800716818919 60 118 57 0.09838868694372932 33 1030 34 1125 35 1123 32 1019 36 1176 31 980 30 965 29 909
3838 -12.785639419279821 33.27023803244635 67.96220498919088 82 120 64 0.17271307740380151 33 1046 34 1134 35 1134 32 1029 36 1184 31 992 30 974 29 921 28 833 27 801 26 829 25 777 23 785 24 768 22 795 21 760 20 726
3839 4.7432227190374698 52.083470480065138 80.398939272766711 68 109 57 0.49657021719956174 40 1313 41 1343 32 1056 31 1022 8 782 9 737 10 725 11 727 12 684 21 747 22 792 23 782 25 790 20 712 19 722 18 702 17 722 13 687 15 686 14 701
3840 4.6763621830609834 53.432284174549743 82.555920002712426 68 109 57 0.33006091061678949 39 1269 32 1057 40 1312 38 1213 30 998 29 942 28 845
3841 1.4069992685390931 39.899277206504841 94.915999344102701 100 124 71 0.76479850663305049 33 1066 34 1176 32 1058 30 1000 29 943 28 852 27 819 26 849 25 794 24 784 23 804 21 769 20 732 19 744 18 724 17 746 15 716 16 727
3842 -17.704819673636017 16.657776803255736 29.676295984654484 1 1 1 0.71279423003842768 34 1172 35 1169 36 1225 32 1067 31 971 28 813 26 778
3843 8.2480660977758067 17.370998402669318 39.126352114899113 255 252 241 0.48178007666160827 33 1093 34 1185 35 1185 32 1088 31 1044 30 1024 29 970 28 883
3847 -5.8837854655000701 40.021071168087978 67.378774103193436 170 169 112 0.10219377705389658 49 1030 43 1077 45 1090 46 1080 47 1083 42 1096 50 1015 55 894 52 999 53 946 57 845 32 836 33 855 36 987 31 799 29 731 25 607
3848 -7.0711304456041146 42.481383600534436 65.745162825046876 53 92 46 0.10196298696008527 43 328 44 338 46 356 47 360 50 291 48 324 49 327 40 350 39 332 2 112 56 210 54 261 33 238 32 219 34 258 35 294 53 286 51 312 25 99 30 170 24 89
3850 -12.005200357691022 7.6847530057759803 18.807072747925218 121 148 87 0.39847094804379174 41 96 31 5 40 75
3851 -11.804494968709951 6.8821640715736176 19.977527875601389 135 155 87 0.16495981433263082 35 27 36 29 31 7
3852 -85.283009257321069 116.84619975584829 133.28052448802015 123 177 98 0.61622394827576887 36 129 31 24 30 24 29 11 26 11 25 8 24 11 23 9 22 312 21 286 20 302
3853 -72.313643401511143 65.635946274912371 113.97167966178171 80 129 62 0.20442051504576242 32 417 33 38 34 477 35 75 31 29 30 28 29 30 28 313 27 306 26 318 25 22 24 320 23 344
3855 -1.8191920794878955 -0.70959200039262071 9.2814512867462735 145 118 86 0.31504689518966783 33 37 31 34 28 49
3857 -29.451151989053724 46.326371124830942 71.082663951544276 84 132 69 0.13787696974019609 36 165 37 157 31 69 26 40 18 92 15 335 3 445
3858 -33.502525775772014 35.585028624205641 88.269881536791885 168 172 111 0.15878533338868064 33 111 40 202 31 105 44 222 35 136 30 102
3859 -34.081001239397942 34.967263160841327 89.871854592721434 64 122 59 0.079934657401449366 34 142 31 106 30 103 27 82 26 120
3861 -0.001121130717136213 -0.39004908631093116 11.98125823353103 246 244 231 0.0853046301395744 34 526 31 170
3863 -8.6886008908351684 47.568854672404193 65.9490705876552 132 150 92 0.08704844941148579 40 741 31 179
3865 -7.1530848785976495 45.630891773264338 66.10922423680654 60 112 55 0.064823326171836948 51 334 31 185 30 166 29 149 28 122 54 278
3867 -10.870859952909759 30.851608379201075 76.302968266887987 57 106 51 0.11156580944768194 32 192 38 256 31 193 29 187 9 137 24 176 10 172 11 165 8 140 12 171 22 209 27 159 26 181 20 184 19 180 18 180 13 185 35 237
3869 -2.9712431179036476 40.647213994530723 69.66866625853396 55 104 51 0.12278633590136005 43 330 46 357 27 147 25 124 24 144 23 128 19 109 18 116 14 82
3872 -4.4661388460955527 7.0216497576340329 48.91746047826171 225 226 204 1.7205865045958184 35 911 31 236
3873 0.25691733575723358 0.41554275343275004 16.378399017155328 178 197 123 0.24546073303186486 34 206 31 238 35 182
3874 -0.0026384571325642724 43.740991121945342 72.058381501721428 185 181 120 0.066310325368824877 32 256 33 290 36 309 31 250 30 204 29 205 28 164 35 324 27 149 24 142 25 129 22 148
3877 -0.76520845002429227 40.018097470091469 74.031178694527625 56 102 49 0.09975730081343305 32 257 39 342 41 384 42 358 43 334 40 357 28 166 30 231 29 210 27 179 24 146 23 165 22 186 21 145 35 325 20 147 17 108
3879 0.47870551366241171 2.2693069455070414 26.890322241314013 86 171 81 0.068997327043408579 32 278 33 533 31 271 30 271
3880 -0.92887137087680893 33.310802562567005 91.108306930796317 55 104 51 0.082164723869503728 39 308 31 284 29 244
3881 3.0632004870231593 4.2404308449121757 22.695543657648425 209 205 137 0.11887841513263732 33 303 34 302 31 294 30 290 29 290 28 242 26 264
3882 2.159520613223151 1.8026962753061726 23.890013266664965 166 137 104 0.088295625938057384 33 274 31 297 34 279
3884 4.9471550574134637 8.3695176469058925 23.478130855531788 245 244 238 0.11227098413127294 32 330 33 325 31 317
3885 3.5093624258089471 5.6431369282617982 22.102978838320368 146 161 100 0.25450350902036151 39 290 31 318 25 439 17 165
3886 4.0044851817507405 5.0912091882826589 23.890172433316401 185 204 129 0.30985362885399864 32 334 33 326 31 320 30 288 29 291 28 243 27 254 26 262 25 270 24 253
3887 3.4918653873252845 4.38297648787968 23.014516662898409 68 116 59 0.11619773470104525 34 327 31 321 30 291 29 292 28 244 26 265 25 272 23 275
3888 -8.0689723247235943 1.2895962010988034 14.630527062127104 152 205 118 1.283203768372184 32 392 33 617 31 380 34 874 35 868
3889 -14.629015150566117 16.017540819284136 23.518100677263007 1 1 1 0.57290479058355637 33 29 31 385 28 477
3891 -33.70400718727889 49.249223505942417 74.103294958742424 66 130 63 0.085012971447861754 33 442 34 513 31 416 36 570 35 526 39 605 40 651 41 687 43 674 32 446
3892 -33.886398045648484 88.372078734711906 90.743033560827598 84 163 83 0.23982891970842052 32 455 34 547 35 559 31 428 36 604 30 383 29 381 28 319 27 309 24 7 16 35 12 321 13 325 14 314 15 277 18 284 19 294 20 281 17 282 21 282 22 306 23 307 25 307
3894 -19.957500420561004 35.479323320363029 69.722152289238991 60 116 56 0.11369481749718686 34 533 31 444 4 394 25 354
3895 -19.957500420561029 35.479323320363072 69.722152289239077 60 116 56 0.11369481749719718 34 534 31 445 4 395 25 355
3897 -1.4673737885794389 0.61979153836194811 13.590820485232715 92 179 91 0.33435930694143134 32 468 31 451
3898 -0.61258852100821071 1.2212545894627271 16.251252320226804 168 194 118 0.50051910992139947 32 170 34 745 31 466
3902 0.075555597872081881 0.47047439207387537 14.893388608808602 91 179 92 0.10819612270037511 32 497 31 481 30 454
3903 -16.093248648476848 25.712072813148005 102.89074855631543 104 131 73 0.10259668810345557 35 587 31 492 39 614
3906 1.3727585725756823 1.0069649916160581 20.722190394878162 136 121 76 0.24003378052623625 33 722 31 509 30 674 29 493
3907 18.316491449026813 82.897460303070716 111.06648468082793 202 200 134 0.074531843138748971 36 721 38 732 40 800 31 523 39 754 41 818 42 808 44 819
3909 -4.5744211909753423 59.004064261280483 73.828260708766848 184 192 125 0.11722063433622784 54 585 58 490 4 359 5 342 7 319
3910 -44.94813905244893 41.690477215309912 94.95752956309687 171 175 113 0.12213498609125491 32 635 34 720 31 597 36 771 37 765 38 798 39 822 30 574
3912 -1.2308554857043243 0.049484498267963278 12.107473486927681 197 197 132 0.41148756247702067 32 653 31 616 30 605 29 590 28 540 25 175 24 185 23 235
3914 -16.185433612840846 32.889205022205722 70.165827055057136 58 112 54 0.12975218690865262 32 676 34 759 31 634 33 685 35 760 36 804 37 804 30 613 29 601
3915 -19.756164798839691 31.101967391413773 78.302356585713966 58 113 54 0.094007598017194036 32 678 33 687 34 760 31 635 30 615 29 603 28 536
3917 -0.42106458321254636 0.64369350725545282 14.624046225883143 92 182 93 0.080042840625202283 33 676 31 638 32 682 30 636 29 443 28 419 27 423
3920 -11.206650137706328 32.287615397967464 71.501196712214181 55 106 51 0.097440944701242968 32 691 33 703 34 775 35 773 31 648 30 630 29 618 28 535 27 536 26 544 25 521 22 540
3921 -1.0976267237288557 46.461537321957316 70.698145027093943 163 167 109 0.083368693537128141 35 818 36 863 31 668 34 818 30 640
3924 -4.5639492314433499 34.066141055504538 81.012685566440965 151 157 99 0.12787193331436841 32 725 36 854 31 684 26 573 35 807 11 380 5 355 8 383 13 372
3931 -10.24825962898964 7.6498968333238322 15.887631083148639 119 197 106 0.076151948731278229 34 966 31 740
3932 -15.903703418689938 10.962885660612036 26.547572023166367 222 226 204 1.4964436683699038 38 949 31 754 30 716 28 628 27 608 41 1064
3934 -1.9443910132007138 -0.56941570388284191 9.099740068847689 106 70 39 0.19698836704331607 32 787 31 757 30 722 29 706
3936 -49.520798636714289 46.048989556575613 97.920768581484651 181 181 118 0.14898089632028388 33 824 35 723 36 769 31 766 37 763 38 796 30 730 28 647
3939 3.2173544998122385 1.7516608832902238 4.2026257705926158 57 108 53 1.6292048418159504 33 856 31 798
3940 0.12797355986090081 41.978027667556255 74.199657653911146 178 174 116 0.1058674109215491 32 846 42 1098 31 807 30 776 29 739
3942 -8.6155401116540027 4.1179731986567756 23.599552174576189 103 193 97 0.5144998979271459 32 938 33 989 31 862
3943 4.4879491249430812 8.9133596060073899 25.209782458168757 140 166 102 1.3620795088151745 33 977 31 922 30 904 28 804 27 781 26 800 25 751 24 740 23 755 22 768 21 729 20 687
3945 -9.6183246218928655 29.279370291263419 91.016814253524217 56 109 53 0.11061120006671103 2 893 31 958 1 905 61 909 3 854 4 825 5 803 6 789 29 891 7 785 28 798 8 798
3946 -19.744459958113094 8.8345150184983918 34.906176119023492 1 1 1 2.9176799380258105 47 127 31 974
3950 -6.9314982692892784 32.734201936431752 80.516933802170016 54 104 50 0.13273992599484374 32 1044 33 1054 34 1144 31 1009 35 1142 30 991 29 937 28 848 26 843 25 792 24 779 21 771 22 809 20 734 19 747 18 726 17 749 15 724 16 734
3951 -48.220786844506371 77.968244333328101 80.1435623081085 134 184 105 1.5897412845266521 37 1227 38 1232 39 1290 31 1027 40 1336 41 1365 30 1007 29 952 28 863 27 838 22 822 21 778 20 745 19 756 18 746 17 763 16 752
3954 -3.1554800399358305 11.520057155687271 30.041010705125583 111 130 76 2.1635499831211837 32 1105 33 1107 31 1060 29 976 28 891 26 891 25 839 27 854
3955 -69.977476253423092 98.598266378319707 118.52777774119797 174 179 112 0.62882686656735898 41 704 33 57 31 46 46 373 49 393 53 382 54 639 37 154 57 616 60 579 61 528 1 330 2 517 4 466 7 429
3956 14.385067069405764 67.987559171015889 96.903712854950243 158 172 109 0.24345070380012582 34 854 38 731 37 908 46 771 47 781 36 713 31 524 29 483 40 786 28 424 24 378 23 156 22 141 21 343 20 341 30 494 19 74 17 45 16 290 13 28
3957 -35.879017916812394 87.305284960642069 90.497645052699596 93 140 77 0.5135713045024175 34 1093 59 1070 60 1028 61 997 1 993 2 970 31 943 43 1322 49 1316 45 1350 44 1324 46 1377 47 1360 48 1333 42 1332 41 1333 50 1309 40 1296 38 1185 37 1189 36 1135 35 1089 3 926 4 885 30 917 5 849 29 860 7 789 28 779 8 796
3959 2.6141544604711839 1.837705943333197 6.019504388033627 54 104 50 1.5159762595198298 34 575 31 478
3960 -13.131022605438218 5.0934751663455016 20.508872990643823 253 252 242 0.36350359893747919 49 1002 43 829 44 866 46 874 47 872 48 1033 47 1055 42 849 41 846 50 986 40 523 39 781 51 1104 52 1061 32 602 31 749 39 975 34 872 30 713 29 698 28 629 27 610 26 637 25 594 24 587 23 618 22 601 21 589
3961 -28.150688747206537 27.692366091821668 99.554567968072107 143 169 99 0.62963681218367595 49 1236 45 1302 46 1290 47 1296 48 1252 50 1225 51 1235 52 1188 53 1134 54 1101 55 1090 56 1124 57 1048 58 998 59 1031 60 996 61 976 1 972 2 952 33 1035 32 1024 31 995 36 1174 37 1179 38 1175 39 1224 40 1221 35 1119 41 1256 34 1120 3 915 4 876 30 975 5 850 6 802 29 923 7 792 28 835 27 771 26 797
3962 -30.213853108002549 32.083255222582409 94.887006823924395 68 133 66 0.62663820002759729 53 1143 54 1107 55 1098 56 1126 57 1060 58 1008 51 1241 52 1194 50 1229 49 1241 47 1301 48 1254 46 1292 59 1040 60 1007 61 978 1 974 2 954 33 1033 32 1022 31 983 35 1117 36 1173 37 1177 38 1174 39 1222 34 1118 40 1267 3 917 4 878 30 968 5 852 6 843 29 913 28 827 27 803 26 832 25 785
3963 -1.3684327345849534 -0.59769586633200433 9.4538070881216001 255 255 249 0.18022810520795035 2 324 3 8
3964 2.5185859993229385 4.9661582832163953 22.184576370492458 63 113 55 0.066457267336490919 1 5 2 6 61 5 3 16
3965 5.9886499757100538 13.268338228932107 33.427845870637327 0 0 0 0.1618562056035987 60 33 3 17
3966 34.419991043272518 134.25780261443495 167.64164864410967 101 148 77 0.30569701596864196 2 38 59 103 60 97 3 35 1 50 58 122 61 50 4 16 6 23 24 127 26 187 21 99 20 64
3971 4.3549708723324221 35.864935116507795 116.18824652936367 83 155 78 0.23240121110699766 60 85 61 61 3 59 1 61 2 59 59 90 58 95 4 53 5 55 6 69 9 88 7 78 8 95 10 129
3974 -2.9699065757187872 33.200930310180546 86.078470967124858 185 190 123 0.055747721342848368 1 85 58 114 61 85 8 102 3 90 14 151
3975 -9.2599052817890488 35.151075977026409 67.938534677164753 184 189 123 0.1022840039688737 60 162 3 112 1 145 61 147 4 122 5 111 6 123 7 111 9 105 35 260 10 109 11 114 13 113 12 117
3976 -24.058079658565756 55.229959427520953 69.079490754993415 0 0 0 0.022514353391191066 33 137 47 411 46 377
3977 -8.0448626537158869 38.683514311694246 65.604030843807323 70 125 63 0.048484329731584397 36 257 3 115
3978 -7.039421993700973 45.383112362111703 65.762037414191681 67 121 61 0.099541582862407413 59 170 3 119 5 87 7 65 4 91 9 71 10 74 8 86 6 99 11 66
3979 -5.3796183156557609 1.1001756385679955 12.406673919982016 108 208 108 0.078266280053802997 1 104 61 106 3 130
3983 -3.6486078540004079 1.9957576721532959 0.65469765185014728 0 0 0 1.3854536037502987 59 201 60 236
3988 -16.000704297055556 46.774997569245258 63.881652583419687 185 187 123 0.068479921619838888 42 343 3 183
3990 -20.835124601151669 42.240749934791488 66.053812333145459 198 196 131 0.030765987841916531 58 238 3 208 56 301
3995 -29.721810992930404 36.156508845995489 80.124090699158771 198 197 129 0.087149546742936887 60 259 3 232 2 224 58 233 57 243 56 272 5 217 4 220 6 213 7 198 9 222 12 199
3996 -36.49740126847189 36.506803744579912 90.531275361933822 62 119 58 0.11253185730968704 56 270 3 234 5 216 6 233 8 274 9 252 12 217 19 186 4 217 18 190 60 261 13 233 14 220
3999 -12.5983308876376 3.9538595866826962 20.272215611170306 170 141 107 0.27709556464894608 1 259 61 262 3 272 4 457 58 505 57 519
4000 -13.000584252593463 4.0863824646433518 20.557203834913057 255 255 254 0.12767657523593617 1 260 2 263 60 532 61 263 3 273
4001 -13.10056647814586 7.3187232745236761 19.18868510322125 184 204 130 0.38341139412066372 58 255 59 312 3 278 4 461
4002 -12.957684367263875 11.700155951136347 18.530292650385583 254 253 244 0.11532158174858102 1 292 2 275 61 296 3 284 4 241 5 244 8 256
4004 -12.707664611809198 13.446304524255531 18.392954991657355 59 106 51 0.046087134658801689 1 303 61 307 3 289
4009 3.9549810424434204 9.6090010673464707 22.040649428933154 243 242 221 0.27069121353017367 1 9 61 9 3 340 4 301 5 293 6 296 7 288 8 335
4010 8.0053791882630314 40.636511058579757 103.23355172606796 173 187 117 0.20235584496746309 1 398 2 361 60 439 61 402 3 353 4 324 5 321 6 324 7 327 8 366 13 346 9 333 11 355 12 343 15 344 16 384
4011 -6.8237991979637691 71.597835146953443 81.052310716813693 76 144 73 0.10038597475979105 1 456 2 409 60 498 61 458 3 386 59 509 4 361 5 345 6 342 7 321 8 362 9 316 10 30 11 39 12 24 17 2 13 16 15 10 14 15 16 7
4015 -4.8778000771275396 0.27444058915047748 10.842393030489536 72 134 67 0.017530287091727905 2 397 3 395 4 154
4016 -13.787404262473141 32.536795099197413 71.109564249167704 87 131 69 0.095147379948010799 1 449 60 490 61 451 3 399 5 377 6 382 7 369 4 382 8 420 26 392 25 382 27 376 10 379 11 384 22 406 20 365 18 373 17 370 47 692 46 689 49 630 13 375 14 375 16 371
4017 -5.2445877995395014 0.35255500140676177 10.739795177064368 124 159 92 0.18738264780001931 2 410 3 408 4 155
4018 -20.197948778865999 34.890041859866848 70.910588164888409 196 195 128 0.082872808525719224 2 445 60 514 3 414 4 396 5 393 8 445
4019 -17.442648548126204 38.780074082256192 66.414443487334822 174 180 117 0.12012261824576981 35 563 3 416 30 423 7 374 5 382 28 347 9 374 25 352 12 368 21 350 13 358
4020 -34.534119607735185 94.47315623500009 95.339046122772274 0 0 0 0.1224231792233359 45 791 59 569 60 546 43 729
4021 -27.918806945998533 72.35039240439518 78.363985493650191 68 127 64 0.045624772865183245 1 487 2 469 60 545 61 488 3 431 59 566 4 399 5 398 6 388 7 363 8 411 9 361
4023 -75.202652838717114 146.82765232960438 138.73807783456286 75 134 66 0.49813799011903204 2 511 59 595 60 584 3 469 1 529 61 531 58 748 4 453 6 427 7 183 29 25 30 22 8 190 32 65 31 36 9 155 10 125 11 128
4027 -76.690366456480959 78.14843795734599 113.9433687429041 69 111 57 0.16459245601650499 1 350 2 314 59 374 60 379 61 355 3 502 4 476 5 466 6 470 7 449 8 307 9 261 10 429 11 235 12 207
4028 15.120038922653299 35.611054948461899 67.549421018207852 185 151 112 0.27282722529388231 1 561 2 542 59 617 61 564 3 518 5 301 7 296
4029 -2.1495570804383992 -0.89454692916475931 9.321586732983361 184 154 117 0.048987500253634374 1 557 61 560 3 520
4030 20.011070121292402 50.446440087308979 125.61100474490509 166 177 110 0.22037146736003982 1 564 2 545 60 606 61 567 3 523 59 623 58 610 4 490 5 483 6 489 7 477 8 519 9 484
4032 4.0892184925904589 72.17258267211831 88.992143236714981 206 207 138 0.11366099611044804 1 591 2 570 60 650 61 594 3 547 4 504 5 492 6 491 7 479 8 516 9 478 10 455
4033 -3.7532019670611723 0.0044843231718152132 10.174396928161045 75 143 71 0.10891177368080911 2 573 3 549 4 362 5 95
4036 -9.5724801419256647 27.604124710318647 107.55650251814714 195 195 126 0.088214229485012841 2 582 60 628 3 570 1 595 58 627 59 637 61 598 57 669 56 712 5 518 4 527 6 528
4040 -43.726874683268065 31.553094161787655 119.53148578287754 170 181 112 0.19824379358532548 1 647 57 717 59 690 61 651 3 618 4 596 54 742 5 580
4041 -39.416434540748995 33.033380228424321 101.48289640785997 65 126 62 0.1050574461683117 1 651 2 642 59 705 60 690 61 655 3 620 4 597 5 581 9 564
4042 -35.273016452251476 35.763672121425351 89.749527969724511 62 118 59 0.038129402598518311 1 652 2 643 60 691 61 656 3 622 58 682 59 706 57 731 4 585 5 570 6 569
4051 3.7228643818190217 8.6761656817203843 22.013116408334209 255 255 255 0.072420759025394715 1 719 2 695 61 723 3 670
4054 -22.376221781685604 31.988917493610252 76.438902336363824 62 118 58 0.25496938369372601 52 984 3 715 10 620 22 609 26 660
4055 -21.22029874400403 33.999942663458533 72.98798734527584 60 115 56 0.090971311825168849 36 965 3 716 38 970 4 684 5 658 28 654 22 607
4057 -33.295575406530943 36.056853094005263 86.643521282832708 184 186 120 0.10616222858636018 2 746 60 805 3 722 57 854 58 811 59 847 56 917 55 907 52 995 53 942 4 694 5 669 6 663
4059 11.921939965527265 46.233760160156905 111.90759370920043 81 159 79 0.70067932426707447 1 806 2 790 60 765 61 811 3 759 4 723 7 683 8 694 9 702 10 699 11 702 12 657 13 662 14 677 15 644 17 668 18 655
4061 -17.930984029772379 32.271680185038655 77.86039181147838 162 174 109 0.35910071278416505 57 910 3 774 59 899 4 745 5 725 6 713 7 708 9 674 10 662 11 668 21 651 19 637 16 638
4062 -24.936778973725552 54.504691153108496 65.471861411207655 135 152 94 0.42160001549217901 60 883 3 777 59 914 57 930 5 728 7 704
4064 -42.110510126195202 80.875525816800703 86.731657159688567 174 180 118 0.31288111581898553 54 991 3 783 51 1137 6 716
4066 -1.9525169180222459 -0.17152394311022662 10.401651645004797 175 204 125 0.7319220948171703 2 828 3 793 4 771 5 755 6 748
4067 17.507579076806806 70.043015915726627 102.81572527182439 92 179 91 0.2444976103658012 1 847 2 833 60 903 61 850 3 794 4 770 5 748 6 737 7 734 8 738 9 695 10 723 11 725 12 682 13 686 15 658 17 682 14 699 16 665
4068 -2.4104458804163498 52.334584697579579 64.422838248415744 75 143 72 0.88038756320733069 2 838 59 992 3 803 57 1002 55 1060 52 1152 6 743
4076 -12.395999799346429 9.7418561104926962 18.723013513888645 93 130 73 0.38005528532468186 1 920 2 911 61 924 3 872 4 838 5 814 6 807 7 758 8 770
4077 -7.1674637764237907 138.50663791764376 140.96791884324816 161 201 119 1.203290864891934 1 967 2 978 56 1159 57 1074 58 1017 59 1038 60 1042 61 971 3 886 4 900 5 870 6 864 7 864 8 866 21 737 22 775 20 699 19 711 18 688 23 767 24 756 25 765 26 815 27 792 28 823 29 917 30 1009 31 1029 32 1072 33 1081 15 681
4080 -14.882704999271056 30.38064825802142 74.050991556964263 132 158 93 0.30199516870001225 2 936 59 1025 61 962 3 899 1 958 4 862 5 836 6 829 7 830 8 834 9 795 10 785 11 776 13 746 15 725 14 758 16 735
4081 -6.7857250685199935 7.8759818057894355 19.736515121063881 145 163 99 1.5828810825825048 1 1030 2 1011 61 1033 3 957 4 931 5 897 6 895
4082 -6.7857250685199935 7.8759818057894355 19.736515121063881 145 163 99 1.5828810825825048 1 1031 2 1012 61 1034 3 958 4 932 5 898 6 896
4085 -32.068582029379911 38.971016414418166 79.339251358149397 62 118 59 0.13657734473883248 58 526 2 464 56 584 3 442 55 582 57 557 59 552 1 483 60 538 61 484 5 427 7 410 8 463 17 377 16 392
4086 -6.1963229369776718 29.316196970661821 111.72620889453765 62 122 60 0.13796728008167228 39 865 43 647 44 668 56 502 60 465 40 676 41 921 3 555 53 525 57 460 58 432 59 463 51 594 50 579 52 563 7 509 26 599
4087 -7.9400958822862346 40.277264394124067 65.460731783148873 45 85 42 0.083116026073347421 49 891 51 898 52 875 53 803 54 763 55 761 56 748 57 707 58 660 59 673 60 660 61 615 1 612 2 589 3 574 38 865 40 938 41 962 37 852 36 849 4 531
4088 -22.8918116964951 27.81711960891608 104.40860049925001 94 141 74 0.61518241681521013 51 1236 52 1184 54 1093 57 1041 50 1227 58 990 59 1022 60 994 61 973 1 969 2 945 3 906 34 1130 35 1128 36 1227 33 1042 37 1228 38 1230 39 1287 40 1330 32 1032 31 999 30 982 29 932
4089 -11.714099841225744 50.232465109231988 65.904635353381892 59 110 54 0.11173671459902224 57 740 61 628 1 625 2 608 3 588 43 953 49 918 45 970 44 970 46 964 47 967 48 944 42 963 41 960 50 907 40 954 39 900 51 925 52 905 53 837 38 864 54 796 55 797 37 849 56 786 36 830 35 780 59 701 58 674 60 673 4 533 5 525 6 512 7 505 8 532 9 502 10 480
4093 6.9511057525773818 44.919660818122097 87.009663574750235 86 160 81 0.20037292943815435 1 67 61 67 4 41 59 95 60 91 58 116 5 40 6 55 9 41 10 40
4094 2.9436506826061573 65.165986130748934 82.715586034472935 83 154 79 0.11223487303750561 1 95 2 71 61 97 4 46 60 141 5 48 7 29 9 33
4098 -3.5053486844395185 0.4461528327574813 0.78865924113484187 207 209 140 0.69770912614893776 1 52 4 63 61 52
4101 -2.9758678778491099 33.304466244204335 86.307642381251725 187 195 124 0.076425539771507317 1 84 2 87 58 113 61 84 4 80 57 104 5 79 7 81 8 101 14 150
4105 -8.9591050593196435 101.20752046533747 104.18883675222774 91 169 88 0.11998535299042297 1 157 2 127 3 125 60 511 61 159 4 102 58 504 59 523 57 550 54 611 55 621 56 615 5 67 7 49
4106 -3.7281493433752102 0.50535014242495002 11.336450517805096 225 223 150 0.036106912802887581 3 82 4 104 5 98 6 148
4107 -9.2605493734900843 35.160270970923385 67.962022547273079 193 195 128 0.10833901202091054 1 146 3 113 60 163 61 148 4 123 5 112 35 261 6 124 7 112 8 111 9 104 10 110 11 115 12 116 13 112
4108 -14.60448098106378 26.971876541711065 93.64345243607471 72 140 68 0.1641281779798843 61 140 4 133 1 138 60 124 2 134 59 129 6 151
4111 -3.7197814543570344 0.6596587092539371 -0.021326159789735455 0 0 0 0.79766450226235841 2 164 61 204 1 202
4113 -36.619112657625514 147.61590913249071 138.67512159277862 63 131 62 0.16055955751038156 2 456 3 191 33 194 4 153 34 211 1 490 61 491 5 131 29 89
4114 -25.82642916926401 69.455217859338774 76.169155432555741 0 0 0 0.094024723282748954 37 245 41 366 44 395 35 218 38 298 39 298 40 338
4117 -19.345999220967869 32.402483664368162 75.445783205007729 64 119 59 0.18560240242029183 34 200 4 166 7 168 8 207 11 166 13 188
4120 -25.861221816829769 69.4339915096227 76.276082411140408 75 132 68 0.08723392829859275 2 202 3 220 59 297 4 183 61 256 1 252 60 304 7 120 6 161 8 126
4124 -30.879045656261429 48.872692726410804 72.027247896993472 58 105 51 0.072080723907668356 49 314 4 221 6 214 7 179
4127 -11.309072722210745 7.930269260049112 18.458747705626582 170 193 118 0.30788478260847396 57 540 4 239 56 577 55 756
4129 -13.958650422781361 12.433349435674328 20.142911700824691 177 146 111 0.12610900376957757 2 273 3 287 4 262 5 242 6 259 7 239
4130 -13.883769263835342 12.335746328365675 20.000603324709079 177 146 111 0.067885593691342727 2 272 4 263 5 243 6 260 7 240
4137 24.701556198112268 85.109862242640403 123.0225763216925 188 206 131 0.31252293796839842 2 353 60 442 4 309 1 406 59 457 61 408 55 539 56 521 57 470 58 427 54 533 5 302 6 305 33 939 7 298 8 344 26 679 11 297 12 284 15 440 14 300 16 308
4140 9.6655899339903506 58.822317809718953 86.44939860613664 84 161 81 0.13072912313228147 1 422 2 367 3 359 61 424 4 318 58 444 59 473 60 458 57 487 54 550 55 538 56 533 5 315 6 316 8 350 10 312 12 292 14 304 16 309 17 303 18 334 19 335 20 345
4141 -2.1846526509118842 -0.66438869036868609 9.1058871799344274 186 156 119 0.22630395323985578 57 7 4 320 5 329 6 344 7 336 8 393
4142 8.02301095331417 40.688274528447636 103.34974065696969 172 187 117 0.20355530646690828 1 399 2 362 3 354 61 403 4 325 60 440 5 322 6 325 7 328 8 367 9 334 11 356 12 344 13 347 15 345 16 385 18 387
4143 12.457430075949507 112.81500245634176 129.87959159909855 139 206 114 0.5629905878529442 2 569 3 537 60 635 4 331 56 758 6 319 29 737 7 302 8 348 10 306 12 286 13 6 5 31 15 1
4144 7.1880417980199338 81.503448831404185 99.246451682375152 87 168 86 0.17864382360253997 1 437 2 385 3 375 61 439 4 333 59 486 60 473 58 472 5 328 6 320 7 311 8 349 9 308 10 307 11 299 12 287 18 289 19 315 20 310 17 286 13 10 15 3 16 292
4151 -49.889989660397461 142.81308404685518 134.49068464031365 109 152 81 0.49597018135691723 3 434 36 624 4 401 35 575 1 671 61 675 58 892 59 858 60 821 5 402 6 167 7 127 8 128
4156 -13.21944140459345 13.111421914989373 18.782712782689948 255 255 255 0.17840264737898481 2 502 3 480 4 447 5 245
4157 1.9290541205142586 4.2617319613561229 27.588448264031623 241 245 218 1.3097681449796883 1 377 61 381 4 489 5 482
4158 8.8806325722983122 42.355345955881255 97.021976425333918 203 203 133 0.12307249553558119 1 573 2 557 3 532 61 577 4 500 59 633 58 617 60 441 57 661 56 715 5 486 6 497 7 482 8 521 9 487 10 476 11 494 12 482 17 512 13 490 15 462 14 497 16 514
4164 -19.705821476583125 113.83462431198691 111.15236984503093 209 214 141 0.2106640930749234 2 626 3 594 60 802 4 536 5 513 6 518 7 497 8 524 9 491 10 315 11 312 23 317 22 317 20 278 19 289 17 275 13 295
4169 -25.184381858241473 30.280718844476265 87.650149938500377 163 175 108 0.10077208930204909 1 630 61 633 4 571 5 559 7 549 8 585 9 554 25 523 23 549 10 545
4170 -24.340118883548648 44.153112725883439 67.15123805492658 195 194 129 0.30572429787413019 2 647 35 741 4 575 8 569 19 488
4172 -12.291931024151307 3.9172974693369049 19.483716999210468 167 139 101 0.11512856345742462 2 658 3 637 4 603 5 590 6 597 7 453 8 310
4173 5.0797211147377324 12.272650032522996 31.21944738652444 0 0 0 0.021893115712329561 1 802 61 807 4 645
4174 5.6866490147945568 13.149367005312071 33.469736337811931 0 0 0 0.36260314638216273 1 803 59 796 61 808 4 646
4175 -2.0639409136621567 -0.54076603077092944 8.9589592810196681 144 111 77 0.58377190880235263 3 680 4 650 5 629 6 622 7 617 8 639 9 614 10 610
4177 6.252192254655105 35.323291383055704 102.34448491551555 202 202 133 0.12796418598700593 1 726 2 713 3 693 61 730 4 657 5 632 6 624 9 611
4178 -1.566850889084195 42.157389705122213 70.65370594928487 214 211 141 0.24558938770963479 1 740 61 745 4 661 5 635 6 630 9 605
4179 -11.691135792887223 34.51475350657747 63.189080323286909 80 128 67 0.75544659875202602 58 801 60 793 4 676 6 643
4181 -26.625507396986297 27.147350826632739 101.5548042885253 179 183 116 0.1611362385683798 1 754 59 834 61 759 4 686 2 734 3 714 56 887
4182 -22.547742911337089 63.248152573595647 73.288126625605983 0 0 0 0.072263182575332832 1 766 46 1097 61 771
4185 -2.921288986751315 49.776311007740055 70.514764431662854 71 136 67 0.11086476648676798 1 814 2 798 3 766 61 819 4 727 5 711 6 701 7 685 8 698 9 659 10 647 11 648
4187 -28.296823190461257 40.153426360447284 71.778946402365591 97 129 72 0.42456283774346326 58 880 60 881 4 751 5 731 7 712 8 719 9 679 11 670 13 637 14 644
4188 -12.359969431671281 5.3191653352830066 21.056023920333484 235 238 219 0.29901973678857424 2 812 3 781 4 757 5 739 6 724 7 725 8 731 9 687 10 682 11 691 12 646 13 645
4190 -64.148306648053222 47.508695052615963 93.615462693155138 254 251 240 2.0449878633714098 60 837 4 762 1 792 57 781 61 797 6 730 9 690 10 684
4191 10.204280014418071 41.309551340175418 91.004772045361506 84 166 83 0.34215484757545372 1 807 2 791 3 760 61 812 4 772 5 751 6 740 7 736 8 742 9 699 10 696
4192 5.9210928928269961 38.518373828036388 96.392156349262208 157 181 110 0.27009975150233778 1 850 2 836 3 799 61 853 4 776 58 911 59 939 60 900 57 947 5 757 6 753 7 743 8 746 9 704 10 701
4193 -27.694491395551292 144.95441690435274 139.83995022032144 159 192 115 1.2779766867240872 1 1004 2 951 3 904 59 1088 60 1044 61 1007 4 858 5 831 6 817 7 812 8 816 9 770 10 759 11 747 17 711 24 798 27 828 28 864 29 953 31 986 33 1080 34 1137 36 1232 35 1175 32 1033 30 964 13 713 15 740 16 750
4195 -25.994506457510617 69.802371447925168 76.653567621036132 66 120 60 0.13119526447881805 60 303 3 221 2 203 1 253 59 298 61 255 4 184 49 727 51 747 55 632 47 788 48 745 56 637 6 160 7 121
4196 -14.91146857007133 14.2065493711012 22.493821326721186 254 253 245 1.2369880140632883 1 291 2 274 61 295 3 285 4 242 58 310 59 342 60 352 61 298 1 294
4197 -7.9278065858460272 32.010952521243489 75.514226036649276 58 113 56 0.14519458007794653 49 863 41 937 53 770 54 729 55 726 56 737 58 635 59 653 60 641 61 602 1 599 2 587 3 572 4 530 33 714 35 784 32 708 36 832 31 673 57 683 30 643 5 522 6 522 29 629 7 512 28 550 8 546 27 545 9 519 26 555 25 536 24 531 10 502 11 515 12 508 21 521 20 507 19 524 18 504 17 530 23 557 13 509 14 510 16 534
4198 -28.072552005014153 42.88898233050336 73.190366649197458 176 184 118 0.30959042668440423 58 881 59 913 60 877 2 810 4 747 51 1122 53 1021 55 974 56 993 5 732 6 719 7 709 9 677 12 632
4199 9.8089564449719973 39.432085666173215 106.89381427464886 81 159 78 0.5588208029456333 1 846 60 899 61 849 3 834 4 806 55 1037 56 1065 57 983 59 974 54 1047 53 1089 5 786 7 770 5 785 6 773 8 783 9 740 10 734 11 733
4200 -3.9228392152529521 0.47699730075860414 11.24245287160827 195 202 132 0.06801834643209137 31 20 30 36 29 38
4202 -35.90802888551012 99.360007621100138 98.075413790521537 88 174 89 0.12089650364956253 31 88 32 90 33 476 34 545 30 55 35 576 36 603 37 607 38 653 39 678 40 749 41 759 42 761 29 62 28 23 27 10 26 17
4203 -29.052828843785377 87.062232381356026 88.00325937556056 197 201 133 0.22834557690278526 31 92 32 122 34 185 30 56 35 220 36 246 37 282 38 296 39 319 29 63 27 30 26 19 24 20 19 4
4205 -2.141818468001194 0.25158408232057944 11.569610827626867 196 200 132 0.18269899907984269 31 83 30 83 27 117 26 127
4206 -2.132117691414483 0.24936840469366783 11.558050302003961 196 200 132 0.1630788705661671 31 84 30 84 27 118
4208 -0.39636784547128134 10.901508459898057 10.070649774937387 0 0 0 3.0613604753049262 37 244 54 264
4210 -15.241461446714306 41.100802205975072 65.224907740855087 61 114 56 0.076259270693294759 31 128 34 191 30 119 29 119 26 80
4211 -19.91188698873945 35.494924785682187 69.780169831655172 61 117 56 0.10855400661236005 32 134 33 147 30 125 28 98 22 119 58 495
4216 -11.514407384194966 34.425459597027945 67.838790635058515 0 0 0 0.066974307432695265 32 188 47 303 48 269
4217 0.0056566251331288397 0.38947118003936132 14.414012687855696 91 180 92 0.086401006634767186 31 205 30 186 29 227
4219 1.688752199150066 57.923184127917182 77.310317134270321 64 119 60 0.077005097595016239 32 250 33 284 34 336 30 199 29 202 18 49
4221 3.551354150122302 0.26692854207375954 2.721948419541619 57 107 52 0.17070452807757341 31 256 30 225
4222 4.5709388021515354 47.842753214400439 79.582006793594914 112 134 79 0.5193989984589017 36 345 30 226 25 154
4225 -1.7095197562810234 38.164267365452886 75.623460788007023 56 103 50 0.12617567141689326 35 328 30 232 25 161 18 142 40 356 42 326 17 113 13 107 14 110
4230 4.1780516582999825 42.642568321471771 77.899832911522651 52 100 48 0.079420822323841345 35 359 30 255 29 237 32 295 28 194 31 278 21 143 23 164 24 171 20 146 19 142
4232 1.558362593739488 0.8523190682989864 20.789687253480498 239 234 219 0.19226587753839727 31 298 32 281 30 272 26 271 25 279
4233 2.3000417759891896 2.0304488368321674 24.184552607293305 164 135 102 0.090461767032477991 31 296 32 310 30 296 29 299 27 257 26 289 25 286
4235 17.676378708457499 45.557396371905092 129.43334231064065 51 95 45 0.073187524234725382 31 341 32 350 33 349 35 400 30 313 26 259 36 376
4236 4.7044070058237422 3.6121733611697069 17.546796903515766 49 96 43 0.2942387173545995 34 950 30 316
4244 -2.766888575102731 -0.37285177184934226 9.0773687447852645 189 158 120 0.10119386265320907 31 384 30 356 29 368
4246 -1.9625591846591464 -0.59124798455595362 9.1650704939734293 107 71 40 0.10041641589133199 31 393 30 380 29 380
4249 -2.025786696191259 6.8236265563942586 14.261677552541956 63 122 59 0.13193808710262853 30 403 2 378
4251 -19.855318806320945 1.1645558274388361 68.508152130495048 250 248 234 2.1571915519304996 1 158 30 444 61 160
4252 0.089945158207713469 0.46709675777510118 14.862388320568098 93 184 94 0.07697765592317328 32 496 30 455 28 421
4254 -34.310924963731715 35.20230948061922 90.655149769212329 0 0 0 0.1121189477215095 47 221 61 481 1 480 3 439 43 193 46 239
4255 1.7720173939225132 44.591417669301123 74.668495082363464 140 151 94 0.0870906971660413 31 502 41 766 30 478 29 453 28 408 27 407
4259 3.1743352963946911 11.035979134324952 30.696127505961602 53 101 49 1.4669786639961406 33 558 30 502 34 824 35 937
4264 -66.979610093067365 64.215968394996182 109.50030367490588 191 202 128 0.22657088879142981 31 580 32 615 33 639 34 704 30 558 35 707 36 767 37 759 38 783 39 820 29 548 28 484 27 485 26 487 25 479 24 474 23 498 22 496 21 482 20 476
4265 1.8948483199835779 1.8166939162786577 4.0688954153637749 206 208 138 0.34254516339183461 32 622 30 561
4267 -25.439698499893314 30.810014241484208 88.960249489152844 150 158 98 0.098807431609177876 31 625 33 671 30 602 34 742 28 537 27 538
4268 -0.98282294034944073 0.09342263574085978 12.370803653830006 171 186 118 0.17953464738984964 32 654 30 607 29 608 28 383 27 402 26 415 25 404 24 415 23 233
4269 -24.340205697904072 28.104422655243205 101.64703781562638 58 113 55 0.099726803319227939 31 636 33 688 30 617 32 679 34 762 35 748 29 620 28 553 26 559
4273 -4.1517360486567734 32.126111320616204 95.390043431390311 171 170 110 0.276299594231324 38 853 30 660 8 398 26 587 32 727 23 572
4274 -11.193365174127516 27.306460277669679 127.35410111596508 151 156 98 0.069428422291205646 32 731 35 790 30 666 37 824 29 644 28 584 27 579
4275 2.8687959694089042 2.8730002790432079 31.420518828311565 231 232 211 0.28439623648468459 31 538 32 557 30 684 33 307 34 305 29 514
4277 -11.043014211692226 3.2080449547389804 19.114143419178578 137 104 68 0.95656301062580662 40 1033 30 717 41 1048 28 634 27 611 26 502
4278 -13.105038600694332 48.092697963393299 63.918797348847214 180 181 120 0.24151248687166429 33 846 30 749 27 631 26 649 25 595 24 589 23 614 22 591
4280 5.1597913704353084 8.2778113374495597 24.524168356529113 253 250 239 0.23568985264209741 33 879 30 789 28 677 26 592 25 561
4285 -12.379126036336475 6.2888916887858537 18.79853221396511 134 196 110 0.41592969855398182 32 774 34 871 30 816 29 695 25 650 23 674
4287 7.2751055237885573 53.287871185820954 78.023212072192194 109 135 78 0.26267616597105625 37 1058 30 848
4288 -3.8343494267200513 0.075583390359721281 10.492590916354089 87 172 87 0.17162766504255231 31 893 30 869 29 776
4289 -2.0010603933330757 -0.57262159197470175 9.0174081984998189 120 87 59 0.14681795331175224 31 896 30 874 28 747 29 820 27 726
4294 6.2119913859659954 13.555951318833229 27.333329638760958 54 105 50 0.81190657412070377 31 965 32 1008 33 1020 30 947 29 847
4296 -24.387906220004059 12.415393603857451 43.34384964246491 1 1 1 1.228834985117335 31 1050 32 1094 33 1099 30 1033 29 975 28 888 27 845 26 872
4297 -2.8595934992576826 42.011307983648344 69.739563923268335 191 189 125 0.072467128038507425 35 298 42 357 43 332 33 262 44 345 32 252 31 221 30 201 49 292 45 364 46 360 47 364 48 292 50 294 51 288 52 277 54 222 53 268 55 216 29 178 28 143 27 146 24 113 22 152 19 108
4298 -10.781169664941013 34.661323269088911 67.971321690655628 154 171 106 0.15688379393708762 42 706 44 701 41 717 40 695 34 570 36 631 30 438 50 653 51 667 52 644 54 545 49 647 57 510 3 401 32 510 29 430 27 375 22 385 26 391 18 371 20 364 17 368 13 354 5 368 15 325
4300 -8.7835633370298893 41.563979541354328 64.536243994652352 154 165 104 0.37488512724878131 44 1172 46 1175 48 1141 38 1051 39 1106 54 967 55 966 37 1043 36 1049 58 869 34 998 59 902 60 872 33 924 30 837 45 1182 50 1098 52 1072 6 705 8 703
4301 -10.933023111344816 29.228092543325729 98.585595440604223 67 131 64 0.56003904977136942 1 947 2 928 59 1017 60 983 61 951 3 888 58 986 57 1037 55 1083 56 1111 4 851 30 993 38 1183 42 1309 37 1187 40 1277 41 1302 39 1239 36 1186 35 1143 34 1146 33 1055 32 1046 31 1011 5 835 6 828 29 938 7 829 28 849 27 815 26 844 25 796
4302 11.501777328206549 73.763611988330197 97.078947002972598 89 168 86 0.220416340732497 2 46 3 48 4 34 5 28 1 74 60 96 61 74 59 474 58 457 55 553 56 534 57 502 54 567 52 673 53 613 51 703 6 37 9 16 10 11 11 15 12 5 13 5 14 5 16 21 18 44 19 44 21 70 20 66 22 106 24 106
4303 1.2958075827435982 145.66977055623343 151.10223975715246 62 128 61 0.16128599327591661 1 130 2 97 3 100 4 66 61 132 5 52 60 178 6 63 8 40 24 51
4304 1.4996740729795563 6.4320406203388147 5.7356444092591765 0 0 0 1.5483329291701211 37 249 46 727
4305 -0.10988482110867763 35.452391914077261 84.591675448595652 76 147 73 0.091502212683966411 2 63 5 57 6 72 7 57 3 64 9 93 10 101 8 100 11 104 12 108 14 149 16 139
4306 -6.2194728847062359 67.89451695499794 78.825375169917791 78 150 77 0.22041624634999901 2 124 5 66 1 155 61 157 60 176 7 46 8 61 9 57 10 29 11 38 12 25 13 34 18 26 17 24 19 26 20 18 22 37 15 26 14 29 16 27
4308 2.8768153322455001 42.197899473800867 79.275104994803783 102 156 84 0.12696106771791016 4 61 57 127 3 65 7 37 8 48 5 44 12 76 13 83
4309 -6.0248117846459452 48.796104134109044 67.962130223494498 137 165 99 0.1229614250893297 57 515 5 86 14 322 27 348
4310 -7.6391248496906519 33.217153429905849 73.890368111158395 198 198 130 0.056101546442868064 2 105 5 104 7 108 8 139 9 134
4313 -10.732571616830983 34.50642991021401 67.167237859439098 161 176 110 0.052869723580569183 58 155 5 113
4314 -10.732571616830983 34.50642991021401 67.167237859439098 161 176 110 0.052869723580569183 58 156 5 114
4315 -3.9193716948672308 1.5694359578481558 1.6668330369130075 0 0 0 1.7202949416133446 3 158 60 191
4316 -3.9193716948672308 1.5694359578481558 1.6668330369130075 0 0 0 1.7202949416133446 3 157 60 190
4318 -36.144067063568535 145.68249740989148 136.80704709270083 63 130 62 0.14551417619484519 31 119 5 132 30 88 6 143 29 88 7 101 8 93 9 61 26 30
4320 -24.146647418274743 62.078992253022136 71.912471874990302 73 128 65 0.088814915871208849 1 250 3 218 4 182 58 296 61 253 5 156 60 275 9 109 10 120 12 93
4326 -35.486862234675975 33.200811551333977 94.24223739246284 61 113 55 0.1454051111202975 53 212 60 255 1 230 61 232 7 223
4328 -36.646431647482032 40.394748007656069 84.501164502038705 129 148 90 0.27865832170807381 54 272 5 218 6 235 9 225
4330 -13.148021861703722 13.01753532969156 18.637167818868111 255 255 253 0.13272317699206651 2 503 3 481 5 246
4331 -11.730640295109502 2.8924747558970396 19.150168512825196 255 255 251 0.20301015409638762 3 269 4 251 5 251 6 472 2 473 7 452 9 468
4332 -12.43613871078569 4.8536879735936109 21.052917768886672 137 121 74 0.13881204473896369 3 274 5 253 2 242 6 264
4338 -4.5149635474501331 12.102335022458163 20.765431521148734 178 186 119 1.1071145042876254 35 550 5 358 6 356
4339 -3.7982704917409622 0.19229202155017933 10.790660079115511 217 216 146 0.044014629264186582 4 364 5 366 6 379 7 133
4340 -13.752895326424198 32.454387288082302 70.949219115350104 86 130 68 0.096083058440864288 1 450 3 400 5 378 7 370 8 421 34 569 10 380 57 508 58 480 11 385 20 366 17 371 16 372
4341 -17.245152576288255 38.191377869603365 65.460805922006728 182 185 120 0.086128255781549493 58 496 5 381 57 525 7 373 8 425 9 373 3 415 11 388 12 367 22 363 18 363 20 352 17 354 13 357 15 329 14 360
4343 -6.0407336597068575 0.5976258975725901 12.188041978601083 161 189 116 2.9076510435493699 3 409 5 404
4344 -28.414342769529966 33.191455580884174 84.173242316142662 187 189 122 0.11186091215734038 2 444 3 424 4 406 5 409 60 513 6 414 7 407 8 460 12 415 21 387 19 401 13 406
4347 -68.931347157108462 145.02814686442099 136.914047683842 86 140 70 0.37161959990908433 1 530 2 509 3 468 4 436 33 104 61 532 5 419 31 37 36 584 6 199 7 158 8 188 9 153
4348 -32.11535680078169 29.119619052883682 103.48828435422099 65 124 61 0.063527046593185726 2 441 3 421 4 423 5 422 29 159 7 419 26 153
4349 -32.245956523332453 29.260982855324759 103.96343767041613 65 124 61 0.044678510980994228 2 442 3 422 4 424 5 423 7 420 26 154
4350 0.020298233895792779 -0.18096293475400393 13.248802004169196 167 217 127 0.58361565580414643 4 640 5 480 6 25
4351 0.020298233895792779 -0.18096293475400393 13.248802004169196 167 217 127 0.58361565580414643 4 641 5 481 6 26
4352 6.2091896349046092 44.158674464319589 81.288054026933494 197 201 131 0.078274059223729264 60 621 5 488 10 467
4356 -20.933038926120719 54.732866114395044 67.983249118777465 215 210 143 0.056279409765489043 2 638 4 565 5 544 7 521 6 539 8 554 9 514 10 496 11 498 12 488 19 472 20 458 21 463 18 454 17 482 13 484 15 449 14 481 16 489
4357 1.0764028521365745 -0.48470833832068239 12.803809554640232 255 255 254 0.37068162077994266 3 667 5 610 6 610 7 598 10 591 11 586 13 586
4358 8.0329920957427277 19.012026876704088 40.672818597860079 255 255 255 0.45734167219052235 2 705 5 616 7 470
4359 -3.5372354643536297 32.666671032227342 95.273156684431513 188 191 123 0.085707730104024452 1 737 61 742 5 638 6 635 8 644 9 616 10 602 11 594 12 580
4361 -27.501767413295067 46.784063604607184 66.752657992268368 84 121 65 0.85688300080963375 33 653 5 666 32 644 13 573
4364 14.376494491520523 56.105256959548562 103.86009528660068 95 191 95 0.68190102693647137 2 792 3 761 4 716 5 702 60 768 1 575 61 579 6 693 7 680 8 691 9 655 10 644 11 647 13 658 15 640 17 661 14 671
4366 -13.83658247480863 29.166935409930325 77.276046928722025 117 154 87 0.54592410159502858 2 803 4 742 5 722 7 702 8 712 9 673 21 658 20 619 19 638 18 620 17 638 13 635 15 620 14 649
4367 -15.492085002191315 45.964168570652198 64.325967128062359 181 185 121 0.27099567486950726 38 1043 5 723 40 1141 8 704
4371 9.4206773456829556 34.748715401457936 118.29184515844693 77 155 75 0.4531199878034754 57 943 58 854 5 756 6 751 7 742 8 749 9 707 10 703 11 713
4372 -19.898626566461544 53.785281804804917 70.063847881863651 62 118 57 0.17513911020359041 2 852 3 808 4 784 5 765 6 758 7 748 8 754 9 712 10 706 11 704
4373 -1.2637265795494581 -0.77385760110432811 9.8660567889021724 255 255 255 0.37152170158501746 4 803 5 784 6 772
4374 -3.6262701111344882 4.3864460504255964 26.627016070281019 111 160 88 1.3347666264495159 3 847 4 845 5 802 6 787
4375 -4.1206894570768036 0.17592096601240098 10.562730020175508 86 167 85 0.12614015492219741 3 853 4 824 5 809
4376 10.467988832915488 24.241630713830656 42.969231168384518 1 1 1 1.2279411876652917 4 921 5 879 6 878 7 875 8 864
4380 -3.3462163852873994 37.887762396792034 73.71382149052225 156 167 105 0.30865967012077322 57 125 3 91 5 85 40 719 34 603 38 662 43 699 28 410 27 393 25 394 23 402 12 110 10 70 22 403 20 149 8 80 15 322 19 379 16 352
4381 -8.4787782849790823 35.306537648044014 68.724258352492797 60 113 55 0.16125882696521457 37 260 38 273 33 240 32 187 31 187 5 110 56 165 57 158 58 158 59 166 6 122 4 121 29 180 7 88 27 132 9 102 26 146 28 147 25 134 23 132 10 107 11 113 41 314 42 295
4383 -24.753033607134295 41.028590945563643 69.61582720006632 70 130 65 0.12491641527919591 48 285 55 306 56 297 58 236 59 260 61 241 1 238 4 199 5 198 44 279 47 325 50 287 45 300 39 207 41 260 54 296 60 267 2 227 3 206 7 175 8 211 9 174 20 88 13 159 17 122
4384 -1.5422310072783896 36.990785870771049 78.296632474796368 68 127 63 0.13298419169303966 48 675 35 809 5 338 55 513 57 481 59 468 58 453
4386 -32.963262907625065 32.783743669807158 94.052923795746281 157 175 107 0.24032047976053705 40 630 51 643 55 558 5 425 53 581 60 524 52 623 6 431
4387 -8.2667380910164603 37.54421791790746 68.061732567695145 151 166 103 0.20829709555717776 56 1081 57 1001 58 960 60 957 61 913 1 909 2 894 3 856 4 826 5 806 38 1139 33 1016 39 1186 32 998 35 1097 6 786 8 792 10 741 11 736 12 691 18 672 17 690 13 694 14 705
4388 -6.76212504306155 5.8701734151368559 11.003758984312473 160 165 107 1.4862125655213352 57 851 5 659
4390 -24.060925350000744 35.096484927035767 76.454899788400112 70 137 68 0.36790012132817834 43 1282 45 1312 44 1290 46 1299 47 1308 48 1261 49 1249 42 1307 50 1239 51 1252 52 1202 53 1154 54 1115 55 1105 56 1133 57 1061 58 1009 59 1042 60 1009 61 980 1 976 2 956 4 880 5 854 34 1117 35 1116 36 1172 37 1176 33 1032 32 1021 31 982 30 967 6 845 29 912 7 839 28 826 8 846 27 796 9 804 25 778 10 793 11 782
4391 11.779756409217896 26.760916232435431 54.274110468970953 181 151 113 1.144533950240801 43 1207 49 1115 45 1236 44 1213 46 1169 47 1170 48 1135 42 1232 41 1236 39 1193 38 1148 36 1152 61 563 56 872 58 599 59 616 1 560 3 517 5 300 50 997 2 344 7 295
4392 4.3031841947288685 9.5587127793850701 22.399972298983403 178 148 111 0.34366607931095727 4 3 5 2 6 3 7 1 8 3 9 3 10 7 11 4
4393 3.1681909508650659 5.7220111144429833 21.73459829087831 134 153 93 0.50273461622071713 51 93 6 13 8 25 10 33
4394 19.262149018790051 70.283123661494812 114.57644231592798 195 200 129 0.17822551003132708 59 97 6 20 9 12 10 19 12 18
4396 2.8748926006451021 41.990839808511453 78.943180094453609 101 155 83 0.062351553016606928 1 69 61 69 6 56 59 117
4398 -3.7613617663921453 32.693956502737457 90.825106883740247 198 196 129 0.10373599775819475 5 78 37 294 6 92 36 286
4399 -3.7467343337959846 32.631887340690014 90.664025175420605 198 196 129 0.11364072531289234 36 287 37 295 6 93
4401 -4.2465188433678458 14.361998855035544 16.75941295078923 0 0 0 1.4481263429179252 41 303 59 208 60 175
4403 -14.957002692556889 55.690992756497231 68.488766878947743 68 127 63 0.25348692955358937 3 161 5 125 6 135 7 95 8 116 9 76 10 78 12 52 11 72 13 59 17 28 15 32 16 31 19 31 18 32 20 26 24 35
4404 -21.732166722347696 45.777542472862649 65.956248485235349 205 201 135 0.056254282545688372 52 365 6 158 53 336
4410 -36.345594473648028 65.040987285726331 77.364102285891363 62 114 56 0.12355795052725102 2 486 6 218 59 583 57 597 7 182 8 183 9 180 10 157 12 129 11 127 13 94 17 58 16 71 21 29 22 27
4411 -30.705493846696914 29.547238497146893 99.295181301072731 193 193 125 0.069931793524316083 3 199 4 194 5 209 6 225 7 220 8 267 27 137 26 152 25 143 30 133 29 131
4413 -35.157301288074187 40.485315417807548 84.547518512045372 137 153 94 0.41807278847431195 52 300 55 279 6 234 9 223 51 310
4414 -38.504912407075267 39.922863358869357 86.419548104670881 57 107 51 0.043462228652624474 58 259 6 236
4415 -13.015382439375896 12.835889734398853 18.405279861375863 255 255 254 0.18421600989821915 1 692 61 696 6 244
4416 -11.605160715338592 7.7397020162259791 18.202558020666881 140 166 100 0.95393610825313835 56 259 58 257 6 257 7 248 10 249
4419 4.3023442268437142 10.125431995410725 23.073527601110168 251 245 221 0.1637948564764633 4 302 5 294 6 297 7 289 8 336
4422 -0.94426622908205537 34.128698306811124 88.66422085324453 74 146 71 0.10825152523658592 3 382 4 350 5 353 6 350 2 391 7 339 8 381 9 353 10 349 11 378 12 361
4423 -10.568374189243857 46.557678820099802 65.419196702392796 93 136 74 0.076550761287099811 2 421 6 359 9 343 10 336 11 343
4429 -40.690511677382311 38.437225571132878 94.615733482581035 91 122 68 0.052503887539929794 57 541 6 454 7 422
4433 -34.651923295210679 37.25418345046991 85.000016762094248 56 106 51 0.10528955864510962 57 732 6 570 56 776 55 773 52 858 50 861 49 859 46 917 51 880 53 815 54 776 7 556
4434 -12.435929432520615 10.970298849773622 18.607451338937981 255 255 255 0.28857480524849694 4 599 5 584 6 573 7 562 8 591 9 437 23 315 10 407 11 431 12 390 21 15 22 18 19 38 18 330 17 99 13 382 15 119 14 383 16 113
4435 -12.38718250736709 10.866769462532977 18.484379001317556 255 255 255 0.19780309418386038 4 600 5 585 6 574 7 563 8 592 9 436 10 406 11 432
4436 4.1068866159874897 9.2049921632835954 23.347390297981843 255 255 255 0.2357978304935468 4 638 5 613 6 607 7 466 8 505 9 472 10 451 11 302
4437 1.087018940215402 -0.47828520009200892 12.847132686751587 255 255 252 0.34135858231880656 5 609 6 609 7 597 10 590 11 585 13 587
4438 2.1143596878209916 3.3810189174950032 24.549837726912969 251 252 231 0.054554994344316488 2 783 3 677 6 618
4440 1.072944550098651 3.2308990696600395 27.454935620237904 0 0 0 1.8691152270183178 2 787 4 321 5 708 6 697
4444 1.3134523292749458 36.93360962339149 87.934696739937365 110 159 87 0.25796425340941498 3 843 4 813 5 794 6 779 1 896 2 882 61 899 58 951 59 982 60 943 57 988 56 1068 55 1043 7 773 8 785 9 743 10 739 11 734 12 689 13 692
4445 -14.014790595310906 5.5293961328196106 21.789120813244192 255 255 244 0.30948466778684264 4 841 5 817 6 810 3 871 2 909 7 802 9 731 8 776
4449 -3.0742190489274228 39.901021929748296 70.338285204818774 192 191 126 0.083050455870734119 58 138 59 142 61 90 1 90 2 88 3 92 4 85 5 59 6 76 33 541 34 602 35 617 32 534 36 668 37 658 31 489 30 459 7 60 8 81 9 70 10 71 11 87 13 85 12 80 14 83
4450 -3.0167649319391403 40.8478905503665 69.995031959589411 63 119 59 0.090275971672615293 41 753 37 659 35 615 6 74 51 285 55 213 56 170 48 289 58 139 4 86 8 78
4451 -3.017259283196994 40.849070160862397 69.996801523353028 63 119 59 0.10432404787232241 51 286 56 171 48 290 4 87 6 75 41 754 37 660 35 616 8 79
4453 -6.9224858146558246 37.094573736148966 68.495658587421687 173 179 115 0.1118546110285326 1 444 2 403 3 390 61 446 4 353 6 355 41 733 42 726 37 635 36 649 47 726 39 671 34 590 33 523 30 449 7 343 8 386 9 355 24 386 10 352 11 359 12 346 13 351
4454 -10.038564513485403 29.36496480611931 85.768174087287036 68 134 66 0.20121510608003407 2 400 60 481 3 388 59 480 56 512 57 478 4 368 30 463 31 490 5 102 58 130 6 369 42 680 38 619 44 665 36 616 34 594 32 525 7 368 28 414 8 419 27 413 9 385 26 575 25 418 24 412 23 438 11 402 12 380 20 406 19 418
4455 -16.420267752218855 44.433239635951068 64.177991614648477 164 175 111 0.18798273682316763 49 682 42 722 39 647 38 635 61 471 1 470 6 384 47 736 59 517 46 735 7 360 8 406 9 511 10 355 11 363 21 81 20 80 18 342 19 344 17 331 14 343
4456 0.037637135324814622 53.184149758568317 68.845217592114508 175 180 118 1.0302905824216992 58 864 61 746 1 741 2 723 6 620 49 1052 45 1105 50 1031 53 948 55 902 56 904 59 829 3 696 4 662 5 628 8 627
4457 -15.886964334440824 27.886966626828421 89.038597677500945 152 161 99 0.24558936633302872 60 655 4 542 5 533 6 544 31 650 33 705 30 632 32 695 27 548 23 575
4459 -9.2942182844575356 10.364394863951413 15.693512373221557 60 111 54 1.0627933230030946 54 590 7 401
4460 -1.5155454395230261 8.2595868156064824 9.8085572208250049 95 140 72 1.3831634795429224 3 37 29 24
4461 -3.8726229493929982 0.5494328810908945 11.350167149939088 97 191 98 0.10222629862216803 30 34 29 34 27 63
4467 -51.389895386421493 30.530423327598115 144.32695597177704 199 198 131 0.14000782993228397 61 229 29 134 1 227 2 215 59 222 60 219 58 202 57 171
4469 -11.834927012872006 32.339435747305316 70.939628080945639 53 103 50 0.081699522300762412 31 191 34 229 29 156 8 147 12 146 13 150 32 191 14 159
4474 -0.41596231571023956 39.815810921771266 75.158997291374149 161 164 107 0.075216927059919017 40 359 29 212
4478 6.9352940420307521 74.152434257646462 93.049483356179465 0 0 0 0.13195463275006614 34 356 47 452
4480 -5.1242945695813154 31.991144886489888 85.115528189700981 178 176 115 0.053726134505215774 32 262 34 293 29 245 33 267 27 185 24 216 23 224 21 208 20 202 19 209 16 187
4481 -2.5089235974654249 31.802904390866491 98.069160717133471 56 104 51 0.08658459693092177 30 236 36 288 29 248 24 237 23 251 22 264 20 223
4482 -2.5584081013757776 32.010350214470222 98.656966771061519 56 104 51 0.081954916987091078 36 289 29 249 23 252 22 265 15 176
4484 2.7375594583297578 4.0136648209427381 22.929819462603859 87 124 68 0.13331671973833886 32 309 29 293 28 246 25 249 24 258 12 104 22 278 21 246 20 234
4485 -12.124280270112909 5.3217900165439183 21.308564072684355 197 208 178 0.44285519192826811 31 387 29 353 24 71
4487 -2.6492968678838555 0.041526384216426709 10.899049588328639 100 170 90 0.14336553914999062 30 378 29 393 27 89 26 86
4488 -14.757837218404459 71.280859283788899 77.547443892564573 83 161 82 0.10605911933360762 30 417 33 501 29 397 28 339 27 319 26 335 24 310 25 315 22 319
4490 -2.1194984228489555 0.45276643420578022 12.096380046264892 99 189 97 0.11130032624038366 30 413 29 416 28 366 27 115 26 125 25 145
4491 -10.305604584201042 45.750185891088783 64.361725552146211 82 125 66 0.11407088029199534 30 434 33 505 29 422 24 86 25 348 19 320
4492 -8.3977396581899466 52.424917017318336 68.256883796455696 152 170 106 0.16598138471663404 30 432 35 608 56 590 7 333 2 406 4 357 25 345 21 311 20 314 18 315 14 63 19 52
4493 -12.148706685517226 28.4432543069262 90.510547295033433 152 156 99 0.083511181778032087 35 585 36 617 29 457 38 618 27 415
4494 0.088007176090713166 0.46833864732105257 14.856726140632967 95 189 96 0.14347840277504206 31 482 29 464 28 420
4495 30.205295053636835 63.206451193945625 138.52206014447958 69 111 58 0.15331105389680702 30 328 31 363 32 386 33 380 29 526 28 465 27 464 26 453 25 446 24 247 23 446 22 446 21 221 20 394 19 172
4498 -22.76641941109078 22.783153140581398 37.561258274387896 0 0 0 0.80877960062330656 33 631 35 497 29 538
4499 -19.005399132093004 7.1481825127501981 32.407133826880525 0 0 0 0.44883958400046375 32 410 29 549
4500 -27.759959374494663 75.811923404416561 80.481037526104231 198 202 134 0.20219396969853448 30 569 31 602 33 661 29 557 28 487 27 486 22 477 15 441 12 478 13 472 17 280 18 285 20 282 21 284 23 320 24 302 9 515 10 481 14 473 16 479
4502 -1.6883825185216603 -0.50368634204161877 9.3227190083461213 185 155 118 1.3084437218516451 31 582 29 568 28 506 27 343 26 662 27 692 25 371 25 667 24 162
4503 8.9507570063088977 42.690599140431772 97.907260404386662 0 0 0 0.034971917509753064 42 952 55 712
4504 -34.780629591495142 37.329796965633385 90.310738996823034 170 174 110 0.052693976002469847 34 730 29 578 35 732 37 779
4505 -1.4542038455732718 -0.27930640873931323 10.793616006979022 71 139 69 0.1298833269223105 30 591 29 580 28 369
4507 -9.8012875075287429 36.155407570691864 66.60078151113639 138 148 93 0.21000660477992969 30 629 32 689 38 852 29 599 39 883 40 925 42 934 43 923 24 505 27 534 12 493 8 543 9 509 18 476 17 500 13 495 7 514 14 502 16 509
4509 -1.5827999841199778 36.948707465302995 78.148175622753357 53 102 49 0.12286327633895575 32 723 33 734 29 636 31 682 28 564 30 657 27 558 26 571 25 533 22 537 21 517 20 504 19 509 18 489 17 514 15 464 14 499 10 488 12 489 13 491 9 498 7 491 8 527 11 503 6 504 16 516
4510 -3.3794262526053531 31.219434142186373 96.369872382546092 54 104 50 0.086484120059580435 32 729 29 639 30 661 31 687 28 580 26 589 25 555 34 810 35 811 24 557 23 587 12 518 22 559 20 523 19 542
4512 16.543143873547574 74.002326660399135 102.50657120780326 64 121 61 0.17713356835711913 35 853 29 648 7 13 28 423 25 388 27 404 24 377 23 380 22 374 21 342 20 328
4514 -11.241779682723843 7.330284952749115 18.260201142003098 58 111 54 0.18100421653049931 30 711 31 566 32 884 29 694 28 482
4515 -2.3235125824633776 -0.52478815654732791 8.7573043619691244 143 107 72 0.3068576102590479 30 721 29 703 28 642
4516 -2.4049270725477769 -0.93106001117502946 9.339379021768849 1 1 1 0.032860743698583342 31 756 29 708
4519 2.7746332224989732 2.3670921922417274 24.948070335284108 255 255 245 0.36245791420830892 31 822 29 755 28 685
4520 15.119820767871445 36.956830575295626 70.790863139781663 168 139 102 0.34363458480905795 30 798 32 869 29 756 28 594 27 582 26 591 25 425 24 419 23 210
4522 -12.07870053478835 13.374402394251305 19.332758381721423 232 232 215 0.18677009565207883 30 706 31 742 29 770 28 622 27 600 26 622 25 582 24 576 23 482
4523 -5.2113836780794358 0.41045734183793514 10.737355855114814 150 196 115 0.34483781867501012 30 867 29 772 28 692
4524 -3.8254835960323659 0.38326421921084863 10.75242678239991 96 189 97 0.13986081581127727 30 820 29 777 28 699
4525 1.9298031677905485 3.8364327344378331 26.758019749275068 219 221 202 0.32849089864668718 30 851 31 815 29 796
4526 -3.3011940900415446 0.044302291900815888 10.395925081744346 169 193 120 0.66180783911052621 30 873 29 813 28 738 27 725 26 759
4527 -26.424393543399162 97.336192661133978 99.950109618679789 85 166 85 0.45882271287640225 33 1010 34 1098 35 1095 29 825 28 740 27 720 26 752 25 691 24 688
4529 2.7766035519615757 3.6066259060397758 24.407740217244907 146 158 98 0.4646512333486319 31 919 32 960 33 976 29 850 34 1054 30 855 28 766 27 740 26 771 25 713 24 719 23 734 22 738 21 707 20 659
4530 11.558400002029776 32.201278123163164 121.724599310855 50 95 45 0.97251108134897868 30 906 31 930 32 921 33 938 29 853 27 711 26 704 25 571 24 271
4531 -51.228082260205717 85.964885700992042 95.172010820970954 78 154 77 0.77317669577010473 30 911 34 1086 35 1079 29 859 33 990 32 937 23 705 24 686 25 689 26 747 27 716 28 735 22 745 21 712 20 673 19 678 18 667 17 679 15 661 16 666
4532 -47.902630858801366 46.090170754825664 90.049669936794018 66 130 63 0.36993348239688528 30 914 31 938 32 976 29 862 28 781 27 753 26 781 25 728 24 728 23 745 22 752 21 720 20 681
4534 -4.3997536941957334 35.893264898375961 65.694021405937875 53 103 49 0.02359056556183825 35 1100 29 882
4537 -5.7559026277658756 32.494233042029791 44.255931181856923 79 129 67 0.42249670032320047 34 1141 29 911
4538 -11.217766321678178 36.73156213397278 63.605157876566331 81 120 63 0.25215535620543228 30 973 31 991 32 1037 29 920 33 1045 34 1133 28 832 27 795
4542 18.807256276060041 74.95355761111216 109.55250300671652 57 109 53 0.44050544398071451 30 1002 31 1024 33 1086 29 946 32 1063 28 855 27 817 26 841 25 788 24 776 23 790 22 790 21 753 20 711 19 721 18 700 17 681 12 683 13 685 15 657 14 698 16 664
4543 -2.2649447525709085 3.2419953943817492 27.503536995421644 156 191 111 1.6740691248583668 30 1010 31 1043 29 956
4545 -11.644084322941529 3.4221649444056386 17.71640520533597 1 1 1 0.29976445733959933 31 1038 32 1084 29 964 28 877
4548 0.2358648019838637 48.379207360362024 73.834039402830655 131 137 88 0.26851071635196838 30 941 34 1107 41 1274 47 1259 48 1224 50 1186 46 1262 45 1275 52 1141 53 1097 54 1060 56 1077 59 950 2 837 29 887 35 1104 36 1145
4549 -30.546603922057926 37.502924565948497 81.122169714519671 172 180 113 0.16591813470255357 31 104 36 140 30 100 37 160 29 103 43 226 46 262 44 227 47 265 42 238 39 177 28 68 24 97
4552 -9.0106801601537398 57.826688955872498 71.378481526704817 75 140 71 0.21499490261620779 4 100 7 72 3 122 8 87 10 57 11 68 12 29 13 35 14 34 18 28 19 27 16 29
4555 -8.5710449978920309 45.415752518805277 64.182752012225222 72 130 66 0.045038530898231698 1 150 61 152 7 89
4558 -4.6518899225590786 30.829221479338699 96.238702610877027 60 109 54 0.10546248594020539 34 295 36 269 37 270 35 302 31 263 20 221
4561 -14.646827483103749 43.599772452697238 64.010747629614642 66 118 58 0.14635581036089115 52 331 7 114 11 117 14 85 18 85
4565 -15.402974252575298 32.798124398075274 70.070431641704275 58 111 53 0.11669606901077377 4 138 57 184 60 197 7 140 21 155 20 158 19 152 18 154 15 138 14 162 12 173 16 153
4566 -23.678679698923819 56.163887980873938 69.368591825077345 66 120 60 0.12111786716116044 4 180 5 181 7 152 3 216 6 159 8 155 9 148 10 119 11 123 12 95 13 90
4568 -10.120609060141815 32.105752086203552 74.263235677511631 164 166 107 0.061202194096259294 29 184 34 230 31 192 24 155 23 173 17 176
4569 -8.8092797569190733 9.7610380732890043 15.494190228226836 135 150 92 2.2729773198511207 6 192 54 270 7 177
4571 -30.932418313710382 56.938614906173541 72.356254637544438 63 117 57 0.041441023557378172 6 194 49 369 7 180
4572 -31.178630335867549 39.638285486230266 77.296434140316208 55 102 48 0.087370476855290161 60 295 7 199 8 242 2 226 9 226
4573 -10.593348844823936 8.7874014016229633 16.603968647462327 165 206 140 1.3002924153217517 5 219 7 232 8 248
4574 -12.402727515712158 4.6455442046023299 21.315938855290991 250 248 229 0.15296197151304916 5 252 6 465 7 261 8 309 10 439
4575 -12.26339690436035 6.3017675149072669 19.012087601642541 210 205 138 0.060975570649825193 5 254 6 267 7 262
4580 -12.959898758216829 46.697241924812268 64.380257126419522 66 123 61 0.059398714829186669 4 386 5 371 6 376 7 346 8 389 9 357 10 337 11 344 12 334 13 336
4583 -0.089836640172947485 35.297159949431382 84.322742134501794 52 99 48 0.090113218870393724 30 481 38 667 32 548 25 413 21 397 22 414 20 398 19 396 15 347 13 349
4585 -50.881295993900146 34.670971847812737 119.96641815544388 53 101 49 0.18880284016682061 56 559 7 434 8 487
4586 -12.435831250371312 5.1363841940421642 21.425118991546494 247 246 225 0.18565723937976519 3 461 7 447 2 477 8 495 9 461 10 273
4589 5.4192239337372854 10.638784248465839 22.739969646238315 190 160 121 0.38863538978568973 3 511 4 485 7 463 10 300 12 463 13 456 14 469
4592 -14.314571119120686 41.221272589691615 64.060360418494227 61 114 55 0.073748202658074954 4 546 5 538 7 515 6 525 3 587 8 548 9 510 10 492 11 506 12 494 13 483 15 456 14 488 16 497
4603 -42.245738519352166 20.288194485976796 90.718446707141879 124 92 53 1.3143850219206246 33 73 7 660 34 485 35 711 36 759 37 754 38 777 39 803
4604 -8.4900975937446042 4.172725889281562 6.9499973845499659 255 255 250 0.76087903786081057 57 873 7 664
4605 -17.798325031634583 30.522696615504515 78.427750098838601 128 152 90 0.45921828148629495 2 807 3 773 4 744 7 707 8 717 5 724 10 669 12 638 20 612 14 655
4606 -29.980459787565749 58.017175043432005 68.455378797882858 127 149 90 0.31388040142198581 4 748 5 733 6 714 7 710 3 779 8 713 9 670 11 658
4608 -18.266173243734237 10.952524457575512 26.904885681668645 82 123 61 2.0625274673479823 2 865 7 763 3 822 8 733 9 642 10 570
4612 -14.072451876364648 8.317152997414988 35.562180691147617 62 120 59 1.8573637282932003 6 849 7 796 8 806 9 727
4613 -12.809885092782606 12.453590918477571 19.543195509242853 181 151 114 0.56224467606684414 5 815 7 798 8 803
4617 -61.184633721318257 135.4797561678819 132.19583709712069 113 174 96 1.1970847815036001 3 947 5 886 6 884 7 879 2 996 1 1016 61 1019 8 871 9 820 10 811 11 793 12 753 18 757 17 773 13 766 14 776
4618 4.4231743610657057 9.9205544876813399 24.087997779727726 235 227 206 0.6504903310133765 5 889 6 890 7 881 8 889
4620 -24.785893952310133 41.075750734363261 69.714916458306902 40 75 36 0.10519265667152029 58 237 61 240 1 237 57 278 59 259 2 228 3 207 5 199 6 185 7 176 44 280 45 301 48 286 49 284 41 259 50 286 8 212 9 175 11 174
4621 -26.33977675196806 39.520654289301262 72.983310581396665 65 126 63 0.10816118917798843 50 670 55 584 51 686 6 415 7 396 52 660 56 586 5 197 9 195 4 200 10 208 12 179 13 191 15 145
4622 -8.270379360425677 30.342988430937407 85.328457191335644 65 128 62 0.31261154212371023 2 800 60 865 3 767 1 811 58 859 59 892 61 816 56 975 57 904 4 734 5 718 6 709 7 697 34 1045 36 1091 37 1092 33 969 35 995 32 955 31 916 30 895 29 840 28 761 8 709 27 736 9 666 25 706 24 713 23 730 10 659 21 699
4623 -29.219686175777522 41.757360506907368 74.421514169042453 110 144 82 0.48107045317935865 50 1094 52 1076 53 1019 54 975 55 973 57 925 7 713 4 750 58 879 60 880 5 730 8 718 9 678 11 669 12 631 13 638 14 645
4624 -32.300121348644062 75.273157946173015 80.752608288928187 104 172 92 0.11181869086414477 29 43 30 58 39 663 28 27 20 12 21 6 19 10 18 11
4632 -1.919991565737097 0.29810266652523004 11.881030167764235 204 204 136 0.20638745343188208 29 110 28 110 26 158 24 158
4633 2.140932116197507 3.4786498160010018 8.6063204583744835 64 113 56 2.0245406622743234 33 208 28 124
4636 -10.85310857162586 30.773539358095043 76.173104489050175 57 105 51 0.12923604971496311 30 177 31 194 32 193 33 209 28 152 27 158 26 182 24 177 29 188 10 173 12 172 22 210 20 185 19 181 18 181 17 178 9 136 13 186 16 190
4637 2.1462241327886997 41.836376930067487 75.464145277723844 54 103 49 0.062849235370685638 29 236 31 251 35 358 28 165 27 175
4640 -14.050329029091122 26.559953001732485 97.214177222498719 170 169 108 0.10069092658824362 33 214 28 175 24 221
4641 -11.834000990347052 32.31285481116187 70.889924583406227 65 123 60 0.082290458963681201 29 155 31 190 34 228 8 146 25 139 12 145 13 149 14 158 16 148
4642 -19.391045052438159 25.541163174917553 116.55981087868253 164 165 105 0.10940822785320461 5 163 28 182
4643 12.039960344399509 68.228118466620231 93.870426902248852 80 127 67 0.11928564883485494 43 411 28 187
4644 1.666667078663344 58.906491019898766 78.674430260376866 0 0 0 0.072038048387767742 35 354 36 337 46 416
4645 5.2850953789667114 9.2524612672235236 22.390416127106771 255 254 245 1.038563707109079 30 513 28 218 27 229 26 223 25 214 24 201
4646 35.989936981529013 100.97719693136634 152.69661492030875 60 113 56 0.15315174286245295 34 666 28 233 35 684 36 734 37 720 25 181 24 194 23 181 22 176 26 213 29 305 21 133 20 102
4652 -13.967261121045182 10.651502704949799 19.879777841899291 122 206 111 1.5251477525535839 47 213 28 285
4654 -12.703243204756989 5.0954481861183387 20.509770746978301 248 247 235 0.29947039416631055 33 402 28 297 26 322 25 327 24 322 22 370
4657 -3.2415331179163553 5.3139519733422365 14.057360418763123 156 166 104 0.30901488253034398 4 351 28 335
4658 -15.4336219354515 74.048396744951319 80.440171185270543 83 163 83 0.14727426207496355 29 398 32 483 28 340 27 320 25 316 4 535 6 515 24 311 23 22 21 20 20 20 19 2
4659 -15.015007527720403 49.863340908447043 65.518491656585667 128 168 97 0.0025311017636343862 43 717 28 343
4660 -24.998516097314138 35.619193317017015 73.307300157653174 158 164 104 0.22748296474018262 34 536 28 350 37 557 35 553
4662 -74.725078692318547 43.120868523418935 160.12461120202474 67 133 64 0.21792113500505325 41 613 42 603 28 353 43 575 40 589 39 555
4663 -2.5856543873580251 0.58675744190707069 12.009223347689218 98 195 99 0.2174475353900403 31 407 28 354 27 88 26 124
4667 -10.299188758520948 31.845217023024922 72.047008217094969 54 101 49 0.10093703210702595 32 512 28 392 31 477 26 395 29 437
4668 -12.158921887637133 29.283468897361416 80.963818806124777 55 104 50 0.15896245733008349 31 479 28 393 29 438 27 394 24 402 23 417 12 381 21 401 19 419 14 391
4670 2.8167814974904126 47.098161714982062 75.051146465772419 57 106 52 0.12847172602544227 29 451 32 543 28 405 27 392 25 378
4672 2.7017458701938248 5.3513814986933328 13.194301740258441 52 99 48 1.8292158065594348 36 654 28 411
4673 -2.1706988203520616 35.50821824962825 76.900956220592278 53 101 49 0.030519387963144406 37 639 28 413
4674 5.7931109723550351 47.191023620703838 81.157278163616681 143 154 96 0.06298015721878697 33 570 28 427 24 397 23 399
4677 4.271587702025287 8.7651565874863149 22.639041635030186 241 240 233 0.32244960614909346 29 489 30 516 28 445 27 443 26 430 10 4 9 6 12 15 21 176
4678 0.65248808182454709 0.42280808060105773 17.428048831309461 146 187 107 0.89696481192313071 32 716 28 453 26 251
4686 1.2164971277960313 0.76433927376883459 19.724026751664034 246 244 229 0.059971982400706426 29 748 30 787 28 591
4690 -23.540778091397918 28.876269401825212 83.470441109054519 156 161 102 0.24710678965863772 35 747 28 656 22 623
4692 -18.043294092735952 50.269411247097892 64.699470095971279 79 152 77 0.33969527005349831 35 990 28 702 27 686 26 716 31 865 32 947 33 966 25 652 24 651 23 672 22 657 21 631 20 588
4694 5.8968889405323361 10.376619918567084 50.76426918014306 49 96 44 0.96104665241495701 34 1010 28 721
4697 -16.148214745568215 55.776606917270456 62.94798258483771 84 163 83 0.59828490366109488 40 1235 28 743 36 1138 27 723 26 754 25 693
4701 2.9398294054094483 12.505368728685392 75.722122050216115 255 253 242 0.95822309000829442 29 897 47 1215 28 808 46 1213 48 1173 49 1101 45 1222
4702 -35.170281338211879 34.012360436929256 60.794070960119519 194 203 130 0.47837428463008408 29 905 30 958 31 972 28 814 27 786 26 806 25 764 24 752 23 742
4703 -27.214548403627496 10.84674837722506 49.653090105649362 100 200 101 1.284346316708763 47 128 28 817 27 758 26 861
4704 -9.3904164554309411 5.8170936022711537 27.255027843345122 97 140 76 2.2215098012498151 28 822 26 827 25 738 24 700
4705 8.8177867797837433 84.146891233350715 105.66967549889945 101 159 87 0.64761306310826305 5 790 29 934 28 843 3 836 4 809 6 770 7 767
4706 -12.024249108637036 12.385760896479761 19.148223693088781 250 248 225 1.752411213698374 38 105 39 103 35 41 34 50 32 7 29 3 28 2 39 104 40 142 37 495 36 489 35 40 33 27 32 6 29 1 27 1 27 3 26 2 25 2 25 3 24 2 23 13
4709 -1.2186301290927883 46.587738981789109 70.868535852187662 176 178 117 0.092059296447696087 40 970 42 755 32 532 28 389 44 763 47 738 51 691 49 686 52 669 29 449
4710 -3.9963813973701883 36.492431138391566 74.144187888340269 60 115 57 0.16125487815464298 34 803 43 926 45 936 31 672 28 562 47 932 49 878 50 857 51 875 54 731 56 739 35 802 26 553 25 532 23 544 12 490 22 536 21 518 20 494 19 510 17 515 13 492 15 466
4712 -36.063499174424599 30.03361566628433 107.93583699435318 64 127 62 0.41766186710442899 60 963 3 866 59 997 4 837 5 771 28 757 35 1031 36 1078 37 1074 38 1077 34 1034 33 957 32 950 31 903 30 886 29 830 27 730
4713 -18.645901533783348 68.034904217478442 75.575686539677292 64 120 61 0.16857291748732178 43 734 49 729 45 794 46 781 47 792 48 748 42 765 41 761 50 734 40 752 52 728 53 674 38 673 55 620 37 625 56 628 36 625 35 592 58 532 44 982 34 563 59 541 61 478 1 477 2 437 6 377 29 93 32 145 60 244 5 127 11 73 10 82 15 31
4718 19.72024149735913 98.970862458365829 125.48286467576654 219 221 148 0.17053787553096322 4 33 5 27 6 24 7 14 8 18 9 15 10 10 11 14 12 4 19 40 21 65 22 105 24 128 26 163 18 43 13 3 14 3 16 20
4719 2.6961662981926477 5.1524787178460327 22.914641100282584 63 117 55 0.11396289818988478 6 28 7 17 8 24 10 35
4720 7.5182770067247553 69.650803850898512 90.139290134757005 109 179 96 0.1074377590352612 4 44 5 29 6 39 8 34 12 10 11 19 14 6 19 46 20 68
4721 9.2716845705573547 40.581550282744679 96.698870201035731 79 156 78 0.16183497298475916 4 39 8 46 9 67 12 71 17 381 14 108 15 123
4722 2.8474305197833987 42.188666282766114 79.276610339715234 98 154 82 0.077475539250140613 35 646 8 49 10 45
4723 0.8469606413337295 2.211368359196789 21.248690354749137 232 239 209 0.6312329089070986 6 323 7 52 8 67
4724 4.6792077001578383 36.513169708779074 98.746097928104248 186 193 124 0.11381508211868603 4 54 7 55 8 72 9 89 10 96 11 101 12 105 17 168 13 139 15 149 14 143 16 180
4725 4.6792077001596626 36.513169708789817 98.746097928131164 186 193 124 0.113815082118575 4 55 7 56 8 73 9 90 10 97 11 102 12 106 13 140 15 150 14 144 17 169 16 181
4727 -0.42880753575961056 32.371817612456219 102.07633275466202 92 146 76 0.12375790132904962 4 76 8 97 2 60 12 378 14 389
4729 -10.588173118735458 37.891197017781707 66.513368698880143 63 119 57 0.033666797354058677 4 125 8 113 11 112 10 112
4731 -25.708379621451964 69.715305118227079 75.066201655754909 207 206 138 0.16669507736824826 4 185 8 127 2 204 3 222 5 158 9 111 10 87
4734 -5.4254351080738576 7.8841551243102419 17.573803820077966 142 162 99 1.0666823371690541 54 195 8 148
4737 -28.147069060900556 51.064815672584189 72.184232066053596 62 113 55 0.011354033694195451 1 247 61 250 8 180
4739 -19.157267107675356 29.43927662862221 88.476295777956139 117 147 84 0.051721131111447632 60 155 8 205
4740 -8.9975249131418291 10.404620318737482 19.247816135775928 188 189 124 3.4521450854072206 51 237 8 213
4741 -24.920843595398313 28.387474901656358 90.962923094276803 60 114 56 0.071235352192020596 4 192 6 207 8 235 3 198 23 200 26 150 29 158
4743 -10.783105176296282 10.359484365351619 17.864325002861168 59 105 51 1.8394494449257566 7 201 53 280 8 245
4745 -11.537793066669304 8.1749113303588548 18.033934014710891 141 169 102 1.0187857341084796 55 266 8 282 9 234 11 231 14 201
4747 -19.755902480547356 79.249512432799193 83.689778945932815 79 151 77 0.22518577835057807 4 389 6 362 7 350 8 376 10 328 11 328 12 304 18 280 19 291 21 292 22 318 24 301 25 317 26 325 23 318 17 279 15 264 14 312 16 10
4752 -17.732731718225281 40.307185992155894 64.599492722675109 61 111 54 0.1560494088647402 5 383 7 375 8 407 3 417 9 375 10 145 11 389 12 120 17 333 23 69 24 64 14 359 16 358
4755 -14.959423712079655 40.481925326989682 64.297785646041476 0 0 0 0.07742309485876625 46 716 55 587 57 527 48 691
4756 -20.411003346944245 30.130055745281933 78.365263072654486 58 110 53 0.10881111487274035 56 547 8 444 9 408 11 418 12 400
4757 -10.749466240461221 10.770560420106291 18.977289931161494 56 104 50 2.2314317147547262 53 619 8 448 9 414 10 384
4758 -11.294897429949405 8.0023541498999293 18.088805242785259 78 154 76 0.41588419557634682 7 426 60 292 8 478 9 443 12 406 13 525 14 530
4763 -21.16125681110217 27.790441243048857 90.277892518853861 60 117 56 0.08986072145584903 4 556 5 548 6 547 8 584 24 534
4765 -12.360138754184044 4.8120014768162012 19.776855404455926 233 232 219 0.6070192931575894 6 590 7 581 8 615 9 580 10 571 11 567 12 604 13 611
4766 -6.7928062993910503 11.119356222074519 6.9909820775786073 0 0 0 0.4879403576101965 51 1074 56 846
4768 -10.595477209179782 10.665417176854248 18.016273229161683 188 188 124 2.0578346557020732 53 947 8 660 54 774 9 632
4773 -14.49750323150654 8.7475056666896442 21.328815825929738 221 233 207 0.88847513174415804 6 808 7 801 8 773 9 728 10 718 11 685 12 598
4774 0.87761827339747722 -0.51565846449420805 13.433552384021986 255 255 248 0.75781624088652721 6 862 8 809 7 860 9 818 10 809 11 795
4775 0.90071356511615863 -0.5152239148014397 13.491706789632826 255 255 248 0.64752241779356834 6 861 7 806 8 810 7 861 9 819 11 794 12 755 13 770
4778 -28.984604708997637 36.627356323143253 80.178560901760918 62 117 58 0.18626056593870288 57 244 61 237 1 234 2 223 3 231 6 212 8 240 52 265 5 194 10 209 20 163 13 212 16 195 22 163
4779 -16.89406991654689 42.668710748797174 63.9319085056513 64 122 60 0.17593127489982266 4 547 6 537 7 518 8 551 49 904 44 950 46 953 47 950 48 930 42 930 41 947 52 885 53 833 59 699 31 619 29 572 27 503 26 504 25 485 24 481 10 494 11 507 12 496 22 504 21 475 17 490 13 497 14 490
4780 -24.707359211671992 43.523112479771051 68.841890872932467 60 112 55 0.13503463869654903 2 230 48 313 56 299 61 242 57 280 58 263 1 239 3 211 5 200 43 278 45 334 46 325 47 326 42 287 41 261 50 318 40 249 51 324 6 187 8 174 11 148 12 153 14 125
4782 -25.700881103164949 32.663070860275674 81.172391653073944 66 129 64 0.37724924534214332 51 1161 53 1063 56 1038 50 1145 5 769 4 786 6 761 8 766 54 964 55 963 58 873 59 906 61 828 1 825 2 809 3 776 29 785 35 981 36 1037 37 1026 38 1036 34 984 33 917 32 905 31 868 30 834 28 708 27 695 9 726 26 726 25 666 24 666 23 685 11 716 22 723 21 654 12 668 20 613 13 673
4784 -37.125285447161822 66.818860353471607 77.058759575400671 173 183 118 0.12288235115788448 31 44 27 15 23 6
4787 -2.3385126921265953 0.013313697755067799 11.091960917637245 88 170 87 0.12894876593041127 28 81 27 92 26 128
4788 -9.3597010920914219 47.880297335717657 65.464694577284064 73 142 71 0.087476940299093864 30 142 27 99 26 77 25 82 19 54 20 47 21 78 22 71 18 56
4789 -15.583481931317241 36.024230661176645 66.528419669312626 170 171 111 0.15156306354599014 29 121 30 121 31 154 27 101 28 92 26 107 23 97 55 241 22 114 21 118 20 117
4790 -15.35830246136627 35.553842627093957 65.731259023458165 170 171 111 0.13772414272501937 29 122 30 122 31 155 27 102 28 93 26 108 24 93 23 98 21 119 22 115 20 118
4792 -15.125929179504688 27.583341142063372 88.155428568323956 147 153 96 0.13345321177944169 32 195 27 160 25 204 10 200
4796 0.60938721432201437 37.978562610789091 81.017068607457475 141 149 93 0.21350059368991481 42 330 27 182 22 207
4798 4.9132945884967416 43.469967880200699 82.031156157450624 54 101 48 0.064719153102237081 35 360 37 352 27 203
4799 4.914522440021643 43.527993356222659 82.142365789536342 54 101 48 0.060772188179946285 34 341 37 353 27 204 25 195
4800 1.5431835699799039 31.710860834181108 83.48998179494329 121 135 81 0.91871748750618298 37 330 38 310 27 208 26 230 25 229
4803 -6.0302368893157574 29.465007966595184 101.93221909624644 55 104 50 0.095124482744504787 28 200 31 261 27 216 9 161 6 113 26 233 25 232 23 258
4804 5.7045048226466086 10.673595449517276 23.583786401804314 248 244 232 0.16253887327226127 29 498 27 226 26 221
4805 5.5327364826363432 9.9481283913969403 25.215065325827776 180 149 114 0.0064127534026859698 30 285 27 231
4806 5.5327364826363432 9.9481283913969403 25.215065325827776 180 149 114 0.0064127534026859698 30 286 27 232
4808 2.6610252043007012 4.3853474291916683 22.677843595608028 185 183 121 0.064005789516409409 30 264 27 238 24 254
4811 4.2388816834995398 5.6378407581686201 23.370286320669333 207 208 139 0.60095641537620381 28 240 29 288 27 253 26 260 25 244 23 273 35 339
4812 -21.119233645044595 22.492135837967208 36.291410457195326 99 140 77 1.9713195557757108 28 4 31 25 41 890 42 633 30 363 32 33 26 27
4814 -12.90295562713926 4.9110152671773628 20.84836346128591 182 152 115 0.15883902039580142 28 299 29 354 27 307 26 488 25 481 23 510
4815 -2.8667195616579773 -0.35685553589863683 9.1989572429122202 183 153 115 0.27912954924218764 28 329 27 318 26 346 25 363 24 103
4816 -13.004787446931276 47.034274793808123 64.784501481523137 73 143 71 0.12084878069937187 30 420 27 333 31 455 26 355 25 333 24 333 23 354 22 350 21 314 19 321 20 316 18 318 17 311 16 319
4817 -1.3332873254964988 13.395692943269653 18.95250409271549 0 0 0 1.7010342512173673 32 487 53 590
4820 -1.038318600449174 -0.3023425266260289 11.12133459262034 76 149 74 0.45222571263786038 28 384 27 382 26 186 23 236
4826 -12.021508868627324 28.229013314450057 89.947215368085722 153 156 99 0.17614491207719646 29 458 46 246 27 416 24 414
4827 -19.951885284880952 26.171221659396231 115.16133631505677 56 107 53 0.081761222720059312 5 164 27 420
4828 -19.951885284880952 26.171221659396231 115.16133631505677 56 107 53 0.081761222720059312 5 165 27 421
4829 -21.328401964386511 25.541825283449864 123.14876493857898 62 109 55 0.17338975910049642 5 387 27 422
4831 0.43537259619947039 -0.13687131103072248 13.764570951721675 103 191 99 0.13300639101377174 28 673 27 438
4835 -21.632724084187078 65.758655660760525 74.266362372041698 86 166 85 0.17058362074658917 32 657 27 495 29 558 28 494 26 489 25 475 24 464 22 322 23 321 21 294
4838 -8.7461236028033298 49.30158209034164 65.849479989294665 0 0 0 0.092719769610553435 31 642 32 685 38 881
4839 -18.175202591049047 28.144276043454269 93.643764410037392 53 104 50 0.079737077527153963 28 554 30 633 32 694 27 547 31 651 26 558 25 538 24 545
4840 -27.845304936982959 26.667179825185894 107.91366630007222 58 112 54 0.00096867786399860707 5 556 27 551
4841 -20.743861659466148 26.102519891915513 111.28986752364071 57 111 54 0.029052520012933042 5 546 27 562
4842 -6.1591605884140259 28.971809454805111 110.66992531744842 53 105 50 0.063960118714109906 28 590 29 641 30 665 34 811 35 789 27 578 36 837 37 838 31 690 32 730
4843 2.5411524308921081 3.0523071697627331 23.996106567429489 221 219 208 0.20931962138429314 28 602 29 666 27 586 26 608 25 572 24 570 23 595 22 578 21 564 20 532 19 546 18 529 17 417 12 355 13 384 15 379 14 385 16 419
4847 11.209357853610646 25.962703474597078 52.910901595770071 173 144 107 0.2575158308475109 28 676 29 802 30 857 27 661 26 687 25 550
4850 -0.10542588953601913 39.247756926429929 80.048095600816396 138 148 93 0.3165995646067653 28 715 31 876 27 699 26 734 25 672 23 692 22 679 20 608
4851 14.069503705446007 28.444748553831143 69.319156421571577 105 143 77 0.96286187703627568 28 807 29 852 30 860 31 885 32 871 33 787 34 857 35 672 36 397 26 801 25 804 24 792 23 807 22 772 20 650 19 587
4852 -29.720346299213936 26.565385214988954 114.42875457665056 114 134 78 0.91385327377082859 4 875 5 813 27 777
4853 -36.404365860114098 31.631368096776118 103.07435547888382 179 181 116 0.094617903376365858 2 743 60 803 4 692 6 662 7 651 27 524 36 784 38 800 39 823 34 732 35 734 37 780 33 656 32 649 31 626 30 603 29 587 28 523 26 546
4854 -7.9420558290731078 34.755986827096052 70.241099270077186 185 183 120 0.12769016836776606 34 260 36 261 32 220 31 189 27 151 49 266 39 275 51 249 25 136 23 169 10 108 21 148 11 111 17 138 40 293
4855 -4.2262708556937021 31.853707621902174 95.130204408571814 162 163 104 0.20858774757648424 37 615 30 485 27 435 38 646 33 545 26 436 24 430 12 379 22 438 20 420 13 391
4856 -16.027588358793196 35.591750064405055 66.730832662498344 77 76 50 0.053449187885135571 32 157 29 126 27 103 31 130 35 195 33 178 34 193 25 104
4857 -19.154675037085287 32.01942786050531 74.559077891780632 55 105 52 0.1463798536580278 35 202 53 215 46 267 56 203 59 198 60 200 58 184 61 177 1 175 6 176 27 107 41 228 37 189 42 247 23 143 10 203 12 175 9 194 17 181 14 191
4858 -13.304210839780049 34.433603171848034 70.195470673175308 74 127 65 0.26433567725296753 34 1135 35 1135 36 1185 33 1047 32 1030 31 993 29 922 28 834 27 802 48 1272 49 1253 50 1243 51 1256 47 1319 52 1205 53 1144 54 1109 55 1099 56 1127 57 1049 58 999 59 1032 60 997 61 964 1 960 2 938 3 900 4 863 5 837 6 830 7 831 8 829 9 787 26 830 23 786 10 778 11 769 12 733 22 796 21 759 20 725 19 739 18 720 17 743 13 740 15 718 14 751 16 730
4859 -9.726932468130693 28.166105960681801 109.61576416172468 172 172 110 0.08132989609242372 32 712 28 581 30 663 27 573 34 795 35 787 36 835 37 822 33 717 38 842 25 556
4860 -3.3638014551956616 -0.56133365402887769 9.2525780454965822 255 255 252 1.4667384921314619 32 393 30 355 29 359 28 635 27 617 46 819 42 490 41 512 50 457 38 744 37 724 36 430 53 425 34 679 61 395 1 391 4 664
4861 -35.543640268107183 29.807639365499657 106.63311011616899 64 127 62 0.57364793221982358 1 865 2 853 60 914 61 868 3 811 59 954 4 789 5 770 28 756 30 887 31 904 32 951 33 958 29 831 27 729 59 996 60 962 3 865 4 836
4862 3.5061782014106915 6.7874964702371896 21.682032881190363 119 149 87 0.37027876436613599 7 7 8 7 9 21
4863 -5.2381291142769459 74.241675263418784 84.392223874965538 203 212 139 0.12075593948766902 2 408 5 344 9 37 10 26 22 334
4864 6.6652413492267506 44.170787141248233 83.134436736710782 191 196 128 0.11769424766534969 5 41 9 42 3 45 11 53
4865 1.409623701551417 3.0900708240017076 23.662131217481509 230 240 209 0.768888214601258 1 375 9 63 2 341 61 379
4867 -46.787548740255332 147.17778452446882 137.90111301515552 72 129 63 0.20462913406469799 3 227 6 145 7 124 32 119 9 81 33 162 36 243
4870 -4.6254002866069435 30.606787085063615 95.598994708632532 71 139 67 0.12357228084528504 8 135 29 247 31 262 9 127 34 296 32 266 23 256 12 168 19 233 18 232 20 222
4873 -12.776079360820772 29.035208746495847 81.938016091443686 65 126 61 0.12145511891433235 3 142 9 164 19 213
4874 -23.362532526444728 41.755996267583988 71.622952354029522 165 171 110 0.050622425528208809 59 533 9 173
4876 -33.853075969268559 40.368860942781673 81.571359237889808 123 142 85 0.024845074384320688 54 274 9 227
4877 -13.094068632633844 12.102607432185019 19.335954966644145 195 162 122 0.17661381708915427 7 236 8 252 9 237
4879 -10.436222326043751 32.23389359345429 72.972065705235153 57 104 49 0.095130759707537663 27 155 37 227 23 172 21 189 20 183 19 178 18 179 17 140 14 157 13 148 12 144 30 174 16 147 38 275
4881 -12.78037597460866 6.6064286457280561 22.352945051186648 193 201 177 1.9164102675752501 7 246 9 270 12 242 19 585
4882 -12.075586893782503 5.9588292201705872 19.206218629565647 94 133 73 0.243663267629597 1 266 2 265 61 269 9 274 10 274 14 247
4883 3.3050146118034234 7.2342155693270582 22.631677962993525 178 192 119 0.35271907893720167 7 294 8 340 9 311 10 310 12 38 13 77
4884 1.918524359904765 43.093385760093064 74.818178717569907 76 148 73 0.11077758337642737 5 325 6 330 8 358 9 325 3 371 4 342 11 320 12 312 14 336 16 334
4886 5.6410977950748098 39.940687885973261 88.16219964151054 79 150 75 0.123075820524655 51 634 9 336 49 865 50 846 48 891 12 329 18 385 16 368
4887 -4.568339689928953 45.314735180539742 67.837040634503438 76 144 72 0.061916715824887648 6 341 9 339 5 340 10 324 11 323
4888 2.8614526254990884 34.110730239328433 108.32531677325036 73 143 70 0.12989783794885781 5 334 7 338 8 379 9 351 6 349 3 368 4 339 2 376 10 363
4891 -11.893788045205669 9.954646607963582 20.347228528659219 56 105 50 1.6406516269765641 8 246 52 633 9 435
4892 -27.818552214481752 30.780957691857068 42.731535232376963 168 143 102 0.41843447531483147 6 585 7 565 8 482 9 438 4 699 5 679 10 219
4893 -40.528111140599449 38.268588681532812 94.094727495502042 77 110 58 0.13747914568674846 55 578 9 441
4895 -2.0365459362516631 3.0629875282063321 14.307091087445945 58 112 54 0.82846989347290245 6 336 26 530
4898 -11.574074203811064 14.224244994089164 19.16032937798661 207 203 137 1.4358429496159424 52 897 9 538 10 511
4899 -12.587669829236168 8.0304977887522142 18.524039604536537 162 179 113 0.17800755406079771 7 576 8 608 9 571
4900 15.320831123003916 47.50171360170544 111.57942998182284 189 195 125 0.44009098801914814 1 727 2 714 8 630 61 731 9 598 10 585
4901 -12.4557137129291 33.281793953001639 66.235469597468423 86 131 68 0.40523741325793194 6 642 9 618 7 632 12 571 18 563
4902 -2.5567251031079858 -0.45986268659327056 9.0497345196974717 147 113 79 0.49260806823126913 8 708 9 620 10 612 11 607 12 586
4903 -10.289695586715563 30.153617347563056 83.642521021282974 195 195 127 0.15803029716621528 1 742 7 635 30 768 61 747 9 623 29 741 10 614 11 603 22 629 21 605 20 567 19 601 18 580
4906 -11.414973830984813 3.8859978625187499 20.552936010319424 115 137 80 2.0914519245576209 7 869 8 882 9 828 10 804
4907 -6.869150810545178 8.7255678904450633 26.055796791263148 162 171 108 1.0520502457981828 57 1129 58 1083 10 836
4909 -6.8620684514601971 34.561435189536176 71.837497308377905 188 187 122 0.070569935559687838 54 197 58 152 56 163 59 137 60 131 61 116 1 114 2 109 3 109 4 118 8 108 9 97 35 264 37 262 34 261 39 276 38 279 40 295 33 242 32 221 31 222 30 206 29 181 5 84 6 95 7 86 10 103 27 152 11 107 23 170 25 137 12 112 22 189 28 148 21 182 20 152 19 146 18 148 17 136 13 110 15 127 14 113 16 141 36 263
4912 -59.778433546931957 146.50980940839301 139.69393429493027 165 195 117 0.36443951424340087 8 414 26 7 7 386 13 70 14 47
4913 -33.429088644524164 53.791169325188925 72.161632716846086 174 180 116 0.12446201715935876 35 129 26 25 36 161 38 200 39 241
4916 -41.10455667350746 38.697250462863963 95.094698413518273 82 123 65 0.14276849398797373 33 95 26 85 35 103
4917 -5.8768826819449558 53.332395447795463 69.341575871009198 79 150 77 0.1207499622070885 27 97 28 117 30 161 26 99 25 80 24 80 22 69 21 40 20 45 19 50 18 50 17 25 16 26
4918 -4.4219791159726549 47.555961102884091 68.42575331363696 206 204 137 0.071405024415140433 31 219 26 103 25 97 24 85 23 90 22 108 21 75 20 72 19 78 18 51 17 48 13 53 15 62 16 57
4919 -30.467596500829167 34.728771832438539 84.05129729525747 107 135 76 0.081104033894525446 6 432 26 118
4921 13.19794169153205 131.47140679412922 146.8842503438473 112 151 81 0.53518723576887728 1 98 28 385 61 100 26 133 29 445 30 651 31 694 32 858 33 934 34 1013 24 75
4924 2.6200715607840035 4.2015059530560901 9.3868374707951983 79 149 75 1.9977204477248711 37 271 26 139
4925 -1.7704219086144897 0.28965049383423414 11.862875888913711 102 194 100 0.16943362619612318 31 85 26 159
4926 -2.3803948260757446 40.75646887945102 70.98242512239392 162 165 107 0.067507515207214527 49 290 26 171 50 275
4931 -2.2424023437815657 35.800182466394411 77.991968913352736 52 100 47 0.0028404567578042814 39 306 26 195
4934 -21.034545298767085 25.462535923607732 107.17836952801319 57 107 53 0.100191810714336 6 169 28 181 30 184 26 207 27 194
4935 -0.21291496689016348 -0.15230769946772293 13.365725857996882 134 180 105 2.3563098358083199 29 622 26 209
4936 -33.603052615401708 38.78261279289918 77.32022084498675 129 145 88 0.6405165672255666 9 228 55 304 10 239
4937 -2.3882680644977796 31.93197114684784 85.064170116949398 65 104 53 0.11975002303396154 29 243 31 259 26 231 25 199 23 223 22 242
4938 5.1225034451568421 9.0435172926671274 23.178678595036061 255 254 247 0.16928599324314103 29 283 26 241 25 220 24 202 23 212 22 202 21 199 41 353 20 174 18 105
4939 3.3054011695923693 3.6777102805453969 23.811999977428705 179 193 124 0.12328407827939934 28 247 26 266 25 275 24 272 23 284 22 277
4943 -10.449182072106025 46.22906998207992 64.99822958607092 101 151 82 0.074993557277153802 27 349 29 421 30 433 26 353 31 456 23 352 25 347 18 317 21 79
4944 -3.0039329819510709 0.32377209207358532 11.292827945619113 99 195 100 0.025851941121792232 27 341 26 367 25 116
4946 -3.6518681032195999 1.7294982715763432 14.643542164168299 69 129 64 0.014895412364081519 6 365 26 375
4947 -1.3797507110911349 -0.60471542778975851 9.7144996521680582 255 255 249 0.41964216300745261 27 365 26 378 25 385 24 537 23 425
4950 -13.636579975753907 32.219917037185148 70.440141675245471 74 110 57 0.10172316953665614 28 378 33 493 26 393 24 389 21 374 19 383 18 374 15 353
4951 -15.905799959928467 27.852155632833874 83.250544077663378 52 100 48 0.052391820664815437 27 395 32 514 26 409 25 398 24 404 23 419 21 403
4953 -20.911895831362578 27.503391195211805 89.342281286715988 55 107 51 0.06616432867158821 7 392 27 398 26 411
4954 3.4544791458623747 8.3770628335103989 22.1414183434389 106 128 74 0.38936446679041808 28 577 32 550 26 429 33 749
4955 -4.6464512795636219 30.579223735332427 95.400981862989198 53 101 48 0.055093159175296134 28 435 30 486 26 437 25 431 24 431 10 134 7 104 22 439
4956 -0.46340166581509101 32.785861505441041 103.35773735625325 77 111 59 0.072706854135221877 33 559 34 623 35 620 26 446 25 432
4959 2.7275551365899444 2.7016932772558833 24.759341464891882 179 149 112 0.082203649193645714 28 463 29 504 26 471 25 454
4960 -24.560352971381121 26.950307553688006 41.370992111680273 221 225 201 0.68257788717722445 31 578 26 482 25 587 24 579 23 606 21 577 20 540 19 568
4961 -53.263569892426922 69.1786686224454 93.145707531280479 198 209 180 0.54684145468333079 27 483 29 546 33 638 26 486 34 716 25 469 22 481 21 464 17 495 16 503
4965 12.714509761475403 75.782918808657143 98.032487635561409 187 194 127 0.18597742590049168 27 553 30 669 26 548 25 518 28 559 24 498 23 528 20 468 19 475 18 456
4966 16.80398987856972 75.076552587536554 104.03079647952883 75 144 73 0.095289159509792901 30 678 36 908 26 565 37 909 38 920 39 955
4969 -18.747572865871067 20.301383441536107 30.224217354946486 248 247 234 1.1924921524633603 27 681 28 625 30 715 26 630 25 585 23 313 24 297 22 31
4970 -2.3708483742158912 -0.49897833761371713 8.8336490064175113 129 97 67 0.094578827305870708 27 630 26 648 25 604
4972 -6.9695697603596676 36.477785933751548 67.126642046880164 155 160 102 0.048080369382105609 32 837 26 664
4973 -26.848533090231946 27.234685383122457 102.30013411466715 164 166 106 0.26708106962023664 6 718 7 643 26 668
4974 -26.742235634559854 27.117056739549234 101.84499152280456 164 166 106 0.23430125078584663 6 717 7 644 26 669 25 619
4976 3.9619247462513556 6.1710630474734245 22.323201229353586 55 105 52 0.21062288404588722 27 658 28 678 26 690 25 632 24 622 23 583 22 554 21 541 20 515 19 529 18 500
4981 2.0675655505634372 3.4449108778822839 24.622927549996337 219 220 201 0.22511136669791812 27 706 28 720 26 739 29 795 30 850 31 816 25 683 24 682 23 701 22 694 21 668 20 624 19 644
4983 -13.98321958631773 48.261019546991392 62.769021570981316 0 0 0 0.17828830942087115 32 996 37 1195 38 1196
4984 -6.4090353875056429 5.0485826621967664 26.629045992632321 58 115 55 2.2886714425747576 27 772 28 836 26 795 25 704 24 674
4990 1.1041392774311558 41.070472041602464 75.687328149729865 54 102 50 0.13420100452687855 37 321 30 228 26 172 38 353 33 291 35 329 39 366 32 296 27 176 25 160 24 173
4992 0.55807304803114965 0.23704227215346033 16.360293732424921 97 149 78 0.77431015318771235 27 580 26 449 43 1034 44 1042 42 1036 41 1061 40 1124 39 1077 38 1032 37 1022 36 1039 35 983 34 990 33 925 32 831 31 802 30 771 25 254
4994 -13.96001452245128 7.4668635710753257 20.333579778378269 178 215 131 0.28977074842725725 34 683 25 12
4996 -32.063362428841707 74.707209106636228 80.184251200601736 0 0 0 0.083676709134154634 31 64 35 188 36 215 39 664 29 44
4997 -29.2625633460678 46.017014314522747 70.552946181207801 86 132 69 0.12844224029867485 30 67 34 136 25 35 35 165
4998 -53.247121949627143 55.103720907125442 95.176438604228949 74 144 72 0.1135945169090711 31 49 33 58 25 37 34 80
5000 -1.6602397472185177 49.715521001166408 71.251254420789806 77 143 72 0.14543512027950015 33 539 25 96 23 91 28 140 14 55 15 60
5005 -8.0985566584947559 33.387882920292498 72.470150121010761 169 170 110 0.19156002204133493 5 107 38 277 25 138 4 113 10 138 13 146
5009 -1.6767957996243235 37.546099019288569 74.550572523641293 57 102 50 0.028794128783520175 32 259 25 162
5010 -32.990133878857407 28.498104704946257 106.39822290519221 173 172 110 0.0028025299443884778 8 269 25 173
5011 -3.5320820169508962 32.540781366443632 86.039856638172253 181 178 117 0.10816230244400898 26 201 35 301 25 198 24 213 23 225 21 207 20 201 39 283 41 322 40 299 19 208 18 212 17 174 15 155 16 186 38 307
5013 1.0853945533647056 33.859167701028049 102.03578475798341 52 98 47 0.035137377941787978 34 324 25 231
5014 4.4859946581950627 6.6087948826041005 22.970440923913973 177 204 127 0.098056588362933808 26 245 27 250 25 242
5015 2.7329668137353531 4.0171575097570873 22.936494766539521 82 118 64 0.09821112176130728 32 308 25 248 24 257 22 279 21 245
5016 5.4031381739772488 2.6202935533725782 10.382228571459652 254 251 240 0.68729538584849259 35 425 25 255
5018 2.3478563075250394 3.5581327858181178 23.971840636635211 93 137 75 0.042282047377212917 29 294 25 274 20 236
5020 -38.896272318145471 42.777354786062638 84.394944337735637 164 175 110 0.15247132147637632 30 389 25 335 31 418 22 518 21 496 20 489 12 534 19 517 17 524 16 540
5021 -7.392967214118416 7.5906023826301725 23.400685643137237 0 0 0 1.3817318628193878 27 81 56 134
5023 -33.261686358836705 35.510245038586746 87.642649250551898 181 181 118 0.18425013353587488 5 426 52 636 54 557 15 391 16 413
5025 4.1623062424339521 9.4742964050641874 28.790626597175098 116 149 86 1.2309549334490484 26 444 27 448 25 427 24 424
5027 -6.8716033704645785 0.54799487828569715 10.774421479509593 255 255 255 0.44026393342761871 27 476 25 471 22 597 19 593 28 476
5029 -11.747318602389804 50.378122958249413 66.276237802042971 77 150 76 0.11072611495345307 26 513 27 502 30 608 25 484 32 684 31 630 24 480
5035 -0.77750692212971417 -0.19367845878751117 11.896249069091699 84 165 84 0.19362258789506503 27 654 25 547 24 416
5037 -20.979444482902185 40.631088623039489 66.669753580244063 0 0 0 0.057574439141253986 32 816 58 815
5043 -13.079408178233225 28.666822679107415 99.263126298751075 53 101 49 0.22368642962391444 37 1088 25 707
5044 2.3605024020810639 2.5729418808264026 24.240490916758421 174 144 108 0.22328237289421013 26 772 27 741 25 714 28 767 24 721 23 736 22 741
5045 3.1964276511333818 3.3863043305965936 26.437793519499483 255 252 241 0.21579019939383762 26 773 27 784 25 715 26 803 24 720 23 735 22 740
5046 -4.2167812559376054 13.261116263943912 17.652043574467573 110 162 90 0.97946361692355133 28 815 25 719 27 750
5047 -4.4903703317769788 2.3498674581526182 19.078310550449938 170 203 122 1.7763095919529643 27 805 25 743 28 865
5048 -2.084112438596696 6.174510733836696 36.745415679588646 55 105 51 2.0443488364643558 26 852 27 821 25 752 28 854 24 741
5049 4.9440632233981416 7.6425667553632062 25.622461724320562 196 204 180 1.0369611362355087 27 782 28 806 25 753 23 758 22 733
5050 5.0055370230327965 7.9405203237216551 26.413315777638054 196 204 180 0.90462671980288678 27 783 28 805 25 754 22 734
5052 -5.8612571623313343 7.4748096731622837 35.980381296778951 73 112 59 1.6909963778670232 26 863 27 830 28 880 25 814 24 786
5053 -21.834237023094374 27.224384999806382 32.782327765609324 1 1 1 1.2429254197154269 26 878 27 847 28 886 25 819 24 809
5054 -3.7366703482460304 14.583639029037343 17.719012191440257 124 190 105 1.3513116343243325 9 832 25 821 10 820
5057 -4.1043739734696327 35.318719000502767 75.124295309228131 177 175 115 0.051649720429726799 35 805 39 892 36 852 25 535 8 541 33 733 10 490 11 505 12 491 22 539 21 520 20 506 19 512 18 491 17 517 13 494 15 479 14 501 16 518 41 951
5058 -2.8000965988402093 49.397931529077518 71.096609114553743 55 102 50 0.45998877970185376 26 763 34 1048 49 1203 43 1248 45 1274 44 1252 46 1261 47 1264 48 1228 42 1270 50 1188 51 1174 49 1170 50 1155 52 1108 52 1147 53 1070 38 1143 54 1020 55 1010 37 1149 56 1034 36 1144 57 960 58 921 59 952 32 1002 31 912 30 892 29 836 25 701 24 698
5060 -12.073963691103252 10.949222290726567 18.655586522289344 248 247 244 0.32084227646065505 56 800 57 760 58 714 59 737 60 718 61 513 1 512 2 497 3 464 4 442 5 449 6 440 7 233 8 249 25 298 33 394 34 434 32 397 31 369 30 339 29 340 28 282 27 287 26 299 23 18 10 214 11 183 12 182 22 17 20 35 19 71 18 72 17 98 16 112
5061 -10.256561620971821 32.82928053770118 71.632339379469201 161 164 104 0.19842995305662531 40 696 34 571 2 401 4 371 30 450 25 381 35 584 36 632 32 511 29 436 9 366 26 394 11 382 14 372
5062 -10.256203176012813 30.095183878124782 83.564353208660862 196 197 127 0.087025862522853131 1 598 2 586 3 571 61 601 4 529 60 640 58 634 59 651 57 682 5 521 6 523 7 511 8 563 25 542 29 630 9 528 31 676 26 574 23 559 10 517 27 561 11 524 12 520 21 534 19 534
5063 -8.0743684123661339 29.62681765863735 93.10375640680428 66 129 63 0.15856742651127426 59 638 4 528 57 670 5 520 6 521 7 510 8 545 9 526 25 544 55 508 60 480 3 387 29 640 32 710 36 834 31 677 30 647 38 841 33 716 37 837 34 794 27 571 26 576 24 544 23 573 22 560
5064 -6.7563226916219419 0.50988246530107773 10.665838941341162 255 255 255 0.3666585158760034 27 477 25 472 22 598
5067 -23.238963168449867 31.825940509989444 80.447561588839264 192 192 125 0.1168464351064747 43 883 49 860 45 913 44 918 46 905 47 903 48 883 42 899 50 853 39 829 51 871 52 845 53 784 54 747 55 742 56 742 57 723 58 669 59 695 60 678 61 634 2 630 3 606 5 560 6 560 7 550 25 512 4 688 6 658 7 646 8 659 27 521 26 529 34 741 31 623 32 668 28 521 24 517 24 606 23 547 10 532 11 539 11 610 22 621 20 510 19 526 14 541 16 550
5068 -29.603876257732978 49.399287611267738 71.750645112766861 81 136 71 0.53063827106159478 49 1281 43 1294 45 1325 44 1302 46 1321 47 1333 48 1288 42 1315 50 1269 40 1271 39 1229 51 1280 52 1233 53 1181 54 1141 55 1132 56 1161 57 1084 58 1034 59 1060 60 1022 61 992 1 988 2 966 3 922 4 889 5 873 6 868 7 867 8 874 9 800 25 762 33 998 34 1087 35 1086 32 986 31 945 30 919 24 751 23 768 10 789 11 774 12 738 22 777 21 740 20 707 19 727 18 707 17 729 13 735 15 714 14 744 16 716
5070 -9.1026708504452447 34.066371212722757 71.92171315603386 158 167 107 0.42973539124351712 56 1118 57 1043 58 992 61 953 55 1093 54 1108 52 1195 53 1146 51 1244 50 1235 1 949 2 930 3 890 4 853 6 790 5 804 7 819 8 794 9 785 35 1140 38 1189 43 1242 45 1323 44 1241 46 1311 47 1320 48 1273 49 1245 42 1319 41 1314 40 1281 39 1245 34 1142 37 1144 36 1195 33 1052 32 1038 31 998 30 980 29 930 28 841 27 810 26 831 25 783 10 776 11 768 12 732 22 803 23 795 24 775 21 766 20 724 19 738 18 719 17 742 13 739 15 717 14 750 16 729
5071 -12.240140356593445 29.666414259838213 78.848506197206675 66 128 63 0.13648402560813491 58 646 59 666 60 657 61 612 1 609 57 689 55 725 56 736 53 768 52 835 54 728 2 602 3 582 4 543 5 534 6 531 7 525 8 565 9 530 26 556 25 537 33 704 34 776 35 774 32 693 36 822 37 820 31 649 29 619 30 631 28 552 27 546 24 533 10 518 11 525 12 521 21 535 20 517 19 536 18 521 17 532 13 521 15 494 14 524 16 536
5072 -9.3169075278886009 49.053026844594335 64.487553385021499 131 170 99 0.22955962835640695 38 324 39 331 24 58
5074 -14.909922072134355 27.64036567636628 95.887962806666849 0 0 0 0.092596726650163469 47 204 52 181 53 166 54 165 56 141
5077 1.701353437477374 57.758071376593612 77.127795461796893 80 152 77 0.063644824457859045 26 140 30 198 32 249 24 110 33 285
5079 -35.733195448323947 33.525610360529996 95.114462975512438 61 111 54 0.11764673749538894 9 247 33 114 24 125
5080 12.161025813411982 63.295146882004516 93.151782998661773 183 190 124 0.063834842681127935 8 17 24 136 6 35
5081 3.2673336367343708 49.937953324580292 76.860141277382695 73 139 70 0.050874488982601197 41 780 24 139 22 146
5082 -1.4873859604828992 43.290264286370487 71.439619596745061 208 205 137 0.072426331566245644 25 130 26 142 27 144 30 202 24 143 20 110 21 109
5084 -7.822765215863436 34.32180314560074 69.336939529381311 196 194 129 0.09834873299874218 45 309 24 151 44 297
5085 -2.1441624495721467 0.2713505498597728 11.540275285022933 0 0 0 0.54176920110642102 40 53 58 14
5087 -32.065162824242108 47.971740551304599 72.26098927104367 0 0 0 0.0085221427863702692 6 215 58 289
5090 0.21838321156442961 33.940752794779605 87.169024755364461 106 128 74 0.0784437410278256 41 343 24 212 37 297
5091 -0.5182930209812987 35.918885982737343 100.06618143288534 102 125 72 0.22083439592591012 25 230 37 298 24 234 22 240
5092 -44.347900083215791 25.142901497653671 193.93009992206171 128 147 88 0.5539968572335553 9 262 24 263 10 270 14 279 16 271
5093 4.3046449207978865 4.8280455035858649 29.112262893755865 46 90 40 1.0960616385731681 32 565 24 273 31 712
5094 1.8244505070360155 2.8505749208263103 24.991138014058286 228 228 208 0.13587364146941538 25 449 26 462 27 256 24 275 23 468 22 469
5096 -11.699667247959432 6.8176434182112313 19.898946060006267 136 170 94 0.27698639499285121 26 321 41 582 24 321 23 347 22 98 21 98 20 130
5098 -17.345973580726238 38.649520180943064 66.208676118131294 175 182 118 0.060124005504450025 25 351 28 346 30 422 24 350
5099 -4.6590919580655727 60.136151202460233 75.292961369379896 0 0 0 0.056264421070595511 35 626 54 584
5100 -25.504229216789788 30.421896672207623 87.974119882613024 150 156 98 0.27909611614261304 26 397 45 228 24 392
5101 -2.0058784296503664 -0.67054761698393073 9.361966957054106 180 150 113 0.19314729998959096 25 117 24 393 23 408 22 424
5102 23.551105690897106 82.401913378985071 119.17133073183783 174 184 119 0.05999094544372232 35 862 38 928 24 396
5104 6.8501120329403697 14.369771167056888 35.081457428939004 226 229 207 0.94924355967650165 26 242 24 421 27 234 29 499 30 687
5105 -0.41111260568537328 32.66863827634463 102.93931534230518 78 110 58 0.10656616400242584 6 88 9 126 24 429 5 74 23 454 22 454 19 428 18 414 36 656 13 389
5106 -47.217862075274603 26.150391325628068 186.52766556514868 58 111 54 0.13300715800230828 8 288 24 434 11 465 23 462 12 445 22 465 9 266 21 453 20 437 19 460 18 445 17 460 13 447 15 426 14 449 16 460
5108 -7.2072536074327829 28.38200058633079 113.41050830700787 52 100 48 0.071267832058567016 27 450 34 596 24 440
5109 -40.70737182492055 25.17015640543779 187.03821462819522 59 110 54 0.14291823126265793 9 447 24 443 23 460 10 432 11 458 12 437 22 466 21 451 20 449 19 459 18 441 17 459 13 445 15 425 14 447 16 458
5110 3.6434756719839756 4.2346138712667685 23.308013671312381 155 196 117 0.21940152949984704 28 459 24 447 23 276 21 241
5111 -3.3776286109226477 -0.3783396981563697 9.155489234827666 255 255 255 0.57255560606639422 25 490 24 496 23 527 10 199 11 413 12 412 19 604 18 581 14 601
5112 -0.96376000103154014 52.312867618628516 73.202532509964328 203 203 136 0.076364191709451176 25 502 26 537 29 612 24 499 30 638 23 515 22 509 21 472 20 470 19 485 18 314 17 479 15 290 12 297 16 314
5113 -16.769829505224511 34.117265419364649 70.143723173258209 194 192 127 0.036754434932892072 53 801 24 508
5115 3.3222822794153206 9.4802863704830358 26.159737147586959 53 101 48 1.4038488632121204 25 426 26 228 24 543
5117 3.1677536733481002 9.3510094442841059 21.956012356090042 194 194 128 2.1448071024802786 40 1086 24 611
5119 -13.881264096043598 5.3319425737681012 22.608472120424707 190 158 120 0.52671959182145178 25 656 26 714 24 658 23 679
5120 -34.400201360366523 57.586169889980859 73.181208949721949 182 195 125 0.65876249072825854 30 879 24 689 23 708 22 705 21 678
5122 4.4923842500075866 6.1309655619942518 25.73036184187697 192 204 169 0.77499035213456369 25 755 26 802 24 717 23 732 22 735 21 663 20 572
5123 -7.0355768619288197 0.50705179800655498 11.468608226118361 255 255 255 0.56367053892106667 25 809 26 859 24 755 23 815 22 826 21 783 20 751 19 761
5124 -11.693802565957618 37.904441694974082 65.601479709946148 88 131 70 0.52270400274334028 27 794 36 1193 24 767 18 713
5127 -12.362305643643131 11.844444621986005 19.649733483522663 236 233 216 2.0086652735627246 26 880 27 849 24 816 23 834
5128 -17.594512940858301 33.265638336248635 71.432591407243137 55 103 50 0.15672949833663086 53 253 60 202 52 266 51 269 3 174 2 154 56 204 57 183 4 167 5 168 6 178 24 119 35 197 36 196 38 207 34 195 40 256 41 269 42 270 33 179 32 160 31 157 27 105 28 101 29 127 26 111 23 141 12 176 9 166 10 176 11 168 22 159 13 187 15 140 14 189
5129 1.1077417294040577 41.094842510454107 75.733039120029915 54 102 49 0.13001089318698578 37 322 30 229 26 173 38 354 32 297 33 292 25 159 24 174 39 367 27 177
5130 -7.2346077890758886 30.257657968425807 88.943954405580172 170 169 109 0.10021326820695937 26 203 37 268 25 202 34 268 40 265 24 218 33 246 35 270 29 219 32 227 23 228 20 225
5131 -0.36763353409648836 -0.29359620406449194 12.005715915880293 78 118 62 0.86207637718222474 29 444 28 397 27 166 24 245 43 504 45 540 44 529 46 835 47 831 48 482 42 546 41 559 40 536 39 81 38 499 37 80 36 97 35 122
5133 -17.026616997573733 41.546102619418399 64.729286271117289 200 198 132 0.082421056763364225 31 620 26 516 25 494 24 482 43 921 45 946 44 949 46 941 47 949 42 931 41 931 40 919 39 878 51 910 38 830 56 783 61 640 1 636 48 1069 42 1090 47 1096 41 1090 50 1019 51 1039 52 1006 53 954 54 908 55 910 57 856 59 843 60 799 2 738 34 916 32 817 4 561 2 617 3 601 30 597 32 663 33 681 34 755 5 539 6 535 29 573 7 516 28 507 8 549 9 523 23 507 10 506 11 508 12 497 22 505 21 476 20 472 19 486 18 463 17 491 13 498 15 457 14 504 16 498
5134 9.3392307993111778 19.625167678770438 44.528194974969836 127 126 120 2.9948883162742117 25 803 26 856 27 824 24 789 30 1025 31 1045 29 969 28 884 23 806
5137 -57.552707753623842 57.036339575827924 97.785745056098492 140 166 99 0.099057603516731443 31 28 23 53 22 53
5138 2.1434638190302313 83.751952604033633 97.835941635850205 204 205 137 0.19350966247567863 24 78 25 72 26 94 28 138 23 60 29 169 22 67 21 37 20 42 19 23 13 12
5139 -25.786015815076762 69.037577974123408 75.669376560047226 0 0 0 0.13219211539642792 30 60 42 748 27 34 28 26 29 64 26 34
5140 23.48181401910303 127.01120389104102 152.4879776613451 164 189 114 0.071954510673716554 60 119 23 80 22 102 20 39
5142 -7.0917891617086273 42.710508969834713 66.020459843177505 70 131 66 0.089182473164954423 29 150 23 94 21 111 17 83 16 93 36 282
5144 -6.266333276676745 6.5670401004808818 20.912753290294916 172 173 112 1.7125321971172454 1 139 60 153 61 141 22 164 21 160
5146 3.913925622034502 49.98649652495488 78.342963666348311 128 163 95 0.035002487422848561 38 379 23 125
5148 -20.127263854050554 34.83301555630451 70.765606264235956 197 196 130 0.069646595550354296 24 118 26 110 28 100 23 142 27 104 29 124 31 133 30 126 32 135 22 162
5149 -21.265860049605422 42.863577214883769 65.633752942033396 0 0 0 0.045893436811879323 32 130 41 306
5151 -9.6239154641401523 6.1273675782078358 23.730356628489517 69 120 60 1.9806447071466007 60 186 23 151 59 184
5152 5.017561996207327 49.205787717965642 77.784388993302088 136 165 98 0.023959682528030317 37 373 23 161
5153 -19.007004391172735 28.596013222498392 83.621002921523683 51 99 47 0.047596754970738828 6 174 23 196 4 163 3 170
5154 -18.396278671530848 28.035067004001384 89.854945843885474 115 132 78 0.17429616352214258 51 189 23 198 53 188
5155 -19.55255634279451 27.009676251565697 88.079550836405701 116 131 78 0.15048208891438355 9 193 51 188 23 199
5156 -1.6407325432572952 -0.78691954247880735 9.5751304498528604 161 127 91 0.36235942144743571 24 163 23 203 19 431 12 189 17 221 13 200 15 204 14 205 16 237
5157 1.0526777123970801 33.541432975446327 93.301933863836183 116 132 79 0.039933851052220012 38 314 23 249
5159 -40.770638125421044 25.403792453920659 152.80709614235201 65 112 56 0.18464868240764823 9 265 23 264 22 458 10 433 11 564 12 551 21 452 20 438 19 447 13 552 14 268
5160 -42.793535854359249 26.14917883625602 149.67182986905547 67 114 59 0.48022027020865365 9 267 23 265 22 271 21 248 20 254 19 446 11 460 12 438 10 434 18 430 17 446 13 442 15 419 14 441 16 442
5161 2.1280194828129186 4.3441033912418554 25.316156685751977 189 196 179 0.85743943902256958 24 259 25 250 23 277 21 433
5165 -13.879272783312469 32.795139122441022 71.617123325032907 85 119 64 0.0085891996227423703 29 431 23 405
5167 -3.05427466218819 33.195046601912942 86.226790471378408 164 168 107 0.12926766870282969 28 431 30 483 23 436
5168 -56.953616125815373 29.846888670676641 162.85970766800415 63 118 59 0.1384046800686663 9 456 23 443
5169 2.8777767522680771 34.38504801107635 109.18636737895417 52 99 48 0.84185933267175816 24 439 37 643 23 452
5170 -31.61719330856188 24.851124746635364 159.85261266120133 67 113 58 0.23882473596509474 9 242 23 459 22 464 10 423 11 457 21 450 19 445 18 254 13 441 15 228
5171 -16.627696058306448 25.871678252636503 178.95496583423994 160 167 107 0.57424774577667714 9 210 23 471 22 470
5174 -53.465405182185798 61.851635155082342 93.620094695793512 159 185 108 0.27161655897659626 24 466 27 302 28 310 23 496 22 342 21 468 19 352 18 347 17 509 16 363
5176 -6.9952759416148611 0.28117171957685327 11.057566420013474 255 255 255 0.056851556330300992 25 473 23 511
5178 -25.501017133522758 36.154544905901844 74.250377773770751 157 163 104 0.13387176378017074 27 507 23 523 30 585 14 526 16 524
5180 -10.000884116309383 29.429070115679487 81.900290275975621 172 171 111 0.056421937048080975 28 568 23 560 19 535 18 520
5181 -50.851322012525017 80.817952530388396 90.288604101537274 109 172 93 0.46854502973860263 26 628 31 855 23 602 21 573 20 536 17 566 13 630 7 716 9 676 10 667
5182 -13.600086790910954 8.0872575319502502 23.713454570503799 220 223 201 1.0784003837729661 24 586 25 593 23 616 26 636
5183 -12.92026630387908 5.538777646110236 20.69673316518822 135 151 94 0.67499886411576004 32 780 33 804 23 617 22 596
5184 -6.9347859014214412 0.27592814012392158 11.016165294706038 255 255 255 0.055591980800855256 25 591 23 619 22 603
5185 -6.9347859014214412 0.27592814012392158 11.016165294706038 255 255 255 0.055591980800855256 25 592 23 620 22 602
5186 3.0591377874059518 9.5066588145611224 22.788940742928112 198 198 131 1.9353835671663502 40 1085 23 636 39 1033 22 618
5187 4.8190460467429599 8.5754188444020123 22.902034093154867 254 253 245 0.11501885294705187 24 621 25 679 23 643 22 627 20 561 21 604 19 577
5188 4.1814371541661277 8.698005067125969 23.29813130971749 131 183 105 0.14323766837744431 25 625 23 644 22 628
5189 -10.093610308691733 21.30988030061221 161.94484844537632 58 107 52 1.6744244815570748 9 542 24 571 23 663 22 647
5191 -23.491640820280754 32.574585492039077 77.269251818110661 55 106 51 0.38157906948534503 24 665 28 752 23 684 10 713
5195 -6.9239381699120015 0.47259302098868244 11.345181314668219 255 255 255 0.53774352331021225 24 754 25 808 26 860 23 814 22 825 21 784
5196 -19.486777101484197 27.696606151358669 91.156125460962471 77 110 59 2.4284279237849193 9 822 23 818 10 813 22 829 21 785 11 796
5198 -6.002346279575371 29.319155651968444 101.55934102383821 60 113 55 0.1568658785614411 28 201 30 239 27 215 29 252 26 234 24 239 23 259 31 260 9 162 32 270 22 266 20 224
5200 -4.5983228875373516 59.156642438329655 73.968052756340626 178 182 119 0.30191325295224675 35 627 28 371 25 343 23 351 30 445 24 345 47 986 50 911 44 999 40 984 52 891 53 841 55 785 36 861 34 801 33 727 31 662 27 516 19 48 18 27 14 26
5203 3.667504521766177 6.0406637151740465 22.009736343401133 142 174 104 0.92087360179503219 51 95 10 17 12 37 17 131
5204 1.351927023682338 41.971564862461662 75.59493523288117 140 170 101 0.12230070904381415 30 479 10 48
5205 -27.125319501867054 85.316810923017144 88.096512720058143 220 218 148 0.11987754225614843 5 160 7 119 8 124 9 80 10 86 11 76 12 56 18 4 17 8 13 41 14 40
5209 -2.9626266070744114 5.9355850190222421 21.299271611525473 75 137 68 2.855910871382525 30 147 10 135
5210 -13.202425077217914 33.916110337112386 67.479643807023038 127 149 88 0.12706479283260166 40 287 10 141
5212 -2.224275817032034 -0.56986115279575367 8.9920565702924371 255 255 248 0.77095130755006192 9 120 10 167 11 158 12 190 13 403 15 181 17 404 14 403 16 220
5213 -2.5121923518940279 -0.53057403271035952 8.9444019908232324 123 90 60 0.75123911758239481 9 382 10 168 11 159
5214 -15.859029929517909 33.188863729725291 72.560818268550491 156 168 105 0.06270986871885155 1 174 61 176 10 174
5219 -41.624368190465781 42.66430952678224 87.470574875728943 168 169 109 0.14794871163801621 55 301 10 243 17 187 18 163 19 162 22 125 25 64 23 111 15 165 16 198
5224 -7.9128273673176004 40.051204627207021 65.044087575856281 68 130 63 0.086778995156955974 6 357 7 344 8 387 9 341 10 334 5 359 11 342 12 333 13 333 14 341 15 308 16 338
5231 -11.570622801875317 13.255587591227034 19.48537482129818 184 185 122 0.098200682517731133 52 675 10 386
5232 -3.1285990253675151 -0.60773340251152808 9.203143115571276 162 129 94 0.56775032553160976 9 403 10 393 11 440 12 411 21 195 20 209 19 219
5233 -19.083022961003504 28.828570264704798 84.217507931864105 57 108 52 0.091303369753008692 9 407 27 377 10 399 7 393 8 442 11 416 21 402
5237 -10.173729368845793 11.152600360349325 18.722104179097013 57 108 52 1.5796753789093891 9 537 53 816 10 522
5238 1.0135993332576028 -0.74094975911057059 13.182003382870207 255 252 241 0.62091470545670679 9 495 10 595
5239 1.0748235712476353 -0.71779573043970801 13.314625791049291 255 252 241 0.48606768458048966 7 599 10 596 8 628 11 511
5240 -11.626489271718395 10.678795763682002 17.636040288519233 188 155 116 0.27432688428317481 8 664 9 633 10 621 7 653
5242 -2.9141670820246905 -1.4262022318542327 1.6541926851755333 81 141 74 0.6598452877759392 9 657 10 650
5243 -2.9141670820246905 -1.4262022318542327 1.6541926851755333 81 141 74 0.6598452877759392 9 658 10 651
5244 -14.182932310570363 10.694386636150647 20.671921676257899 209 224 197 0.40340308776255035 8 771 10 675 11 620
5245 -14.182932310570353 10.694386636150638 20.671921676257881 209 224 197 0.40340308776257233 8 772 10 676 11 621
5246 3.1531759777324249 9.8061754088512938 20.822323668189696 0 0 0 1.3323404142018593 5 698 6 482 10 690 7 290
5247 -3.1270691349450095 -0.52719842162101815 8.8925755875982642 108 72 44 0.4473072918150362 9 720 10 711 11 715
5248 -3.1803523090624615 -0.14355313537438913 9.3076880458130962 152 218 123 1.4847239541487394 9 715 10 712 11 609 13 204
5250 -23.523524297268359 22.534750540158264 34.379568196298244 255 255 252 0.5787953131746757 7 852 8 855 9 757 10 747 6 858
5251 -28.181578204973537 46.853823039338259 68.220937131514518 87 124 67 0.34790494332130079 25 763 26 807 27 752 10 790 28 780 11 773 12 737 13 734 15 713 17 730 14 743 16 717
5254 8.6334265786975681 7.3259393900974183 98.851087918491871 1 1 1 1.6843085111341789 37 1248 10 823 11 806 12 770 13 782
5255 -26.21109882721473 58.991790653155377 135.07575855729291 147 157 97 1.7731384478655314 7 889 23 845 24 826 8 902 22 851
5257 -0.50323929249562704 34.327440187607934 85.827824064008709 63 118 58 0.21041748388240905 4 58 8 99 7 80 9 94 10 100 34 621 37 641 38 666 33 557 30 482 29 474 25 415 24 409 27 433 23 433 11 105 20 399 19 414 21 398 17 382 15 125 14 148 16 183
5259 -9.0220605834479244 33.358462613450875 71.416192384733293 119 142 84 0.10100623309074756 34 593 38 641 31 475 10 366 44 702 52 628 8 399 11 381 12 362 19 380 17 367
5260 -9.6316046575686336 32.544101434098415 80.117534101030841 152 168 103 0.49352571359334341 9 365 26 407 28 551 24 532 10 503 51 1018 53 929 54 886 55 887 56 888 57 842 58 787 59 820 60 779 61 749 1 744 2 724 32 838 31 801 3 699 28 660 8 646 45 692 21 400 20 390 18 392 18 568
5261 -3.5165410475347949 31.63344202519275 92.399003203782385 173 174 112 0.12284851322649303 4 665 8 645 5 637 6 634 7 623 9 617 10 603 34 933 35 931 36 991 37 978 33 866 32 849 30 779 31 809 29 744 28 670 25 627 24 624 23 646 11 595 12 581 20 576 19 600 13 590
5262 15.191648699224059 63.667381539528442 101.65295053103203 67 129 64 0.43089938846849568 4 718 5 704 6 694 7 681 8 692 9 656 10 645 37 1102 38 1104 40 1238 34 1065 39 1191 39 1156 32 1007 30 903 29 843 28 763 11 646 12 609 20 642 18 645 17 657 13 621 15 599 14 628
5265 33.889565252551108 124.45884566932267 159.66018874203812 167 204 121 0.22704225900863104 5 14 8 5 11 2 3 34 12 0 18 39 19 39 20 65 21 100 22 134 17 17
5266 4.9551454225874991 9.2098775191245181 23.016552746119803 168 139 103 0.32041870042494114 9 2 10 302 11 3 12 14 13 297 15 280 14 317
5273 2.7562716896293127 5.7008933244941318 23.998811729862599 157 192 110 1.2319883743413136 9 39 10 318 11 82
5274 -17.009061754572038 49.409424898359518 65.595663503332972 210 206 140 0.089294592690968205 6 134 8 119 9 107 10 116 11 94 7 117 12 91 13 88 15 68 17 54 14 68 16 68 19 60
5278 -31.755123057662988 63.3689587479846 74.519368839243796 168 178 114 0.003189054121386075 54 354 11 125
5279 -31.755123057662988 63.3689587479846 74.519368839243796 168 178 114 0.003189054121386075 54 355 11 126
5280 -2.6285371591833866 5.572493613279164 21.026872525945574 193 194 127 1.1590630796647905 30 148 11 136
5283 -29.097812922019802 51.687888194174612 69.234760524964472 142 158 98 0.0454998630914695 55 361 11 150
5284 -17.446398426935481 27.562833620106158 85.900825539702197 133 154 92 0.084210471068310616 24 179 11 193
5285 -21.056480065990609 30.939358975550778 82.394376596327788 58 106 51 0.1356924787601097 1 172 61 174 11 195 17 214 15 182
5286 -22.010272690794007 28.812025125646088 87.540780387281686 173 178 113 0.12343206955921215 24 180 59 192 11 219
5288 -2.9644349770986245 -2.2036373345038642 1.4450824480595892 68 127 62 0.31235360372765475 10 259 11 234
5289 -35.831807787873494 33.438928584670229 95.131850418842191 54 99 48 0.20818335009602715 10 260 25 114 11 245
5294 -25.069426862416588 35.650091614798527 73.553041409635526 180 182 118 0.11579119009356112 4 409 11 421 21 376 20 371 18 377 17 376 13 397 15 371 14 393
5296 -1.5590675812427839 34.887956546037628 86.274139245009735 152 170 105 0.16373744736287577 7 501 34 807 11 502
5298 -26.716722790134213 40.616065609055177 72.722419542627165 56 105 50 0.13963659904045039 48 913 11 531 20 486 19 499 18 480
5301 -1.9692249752071469 -0.88323262398875946 9.7226954941488497 255 252 242 0.63114138999035962 10 611 11 672 12 667 21 661 20 623 18 683 17 673 13 675 16 688
5302 -31.636923840101172 32.915581380024456 87.967762420332875 142 150 94 0.2272195698380525 24 604 11 679 26 727
5303 -13.640532817593607 7.9023415523771527 19.801169994867148 202 212 169 0.65053471563382048 8 774 9 729 11 686
5305 -33.209527633885529 30.613703598662184 49.593382823814828 126 148 84 1.4256178733098379 7 858 8 859 9 811 10 749 11 741 5 818 12 670 13 592
5307 9.7038643079875477 4.2078123416193787 45.695372438658303 0 0 0 2.5502391785582685 10 810 30 1027
5309 -17.860791209723278 36.141775064073911 67.954209508572546 196 195 129 0.10619624855027404 59 231 3 177 5 171 53 258 4 170 52 270 6 155 9 170 8 167 11 143 44 283 45 304 46 297 40 253 55 240 51 276 54 250 50 266 33 177 12 151 17 119
5312 -17.062633029158821 34.001480349961739 70.547922708875234 184 187 121 0.18299476973025119 31 156 32 491 4 393 29 423 8 423 11 403 41 690 42 676 50 651 51 664 14 376 15 355
5313 -3.6175628947354426 38.729577564953118 71.503506006170724 54 103 51 0.156389797675446 5 508 7 492 8 528 10 478 41 965 42 947 43 924 40 959 44 952 39 908 36 850 37 856 35 803 33 731 32 720 31 671 34 802 30 641 28 549 48 904 49 879 51 885 52 848 53 588 50 656 54 750 55 729 43 1074 56 740 57 499 58 637 60 643 61 589 1 586 2 577 31 800 29 626 27 544 26 552 11 495 4 520 12 483 9 499 21 504 22 526 23 543 24 514 19 496 18 475 13 479 15 465 16 508
5314 3.8472693368193296 89.757801552314788 103.28972417918177 106 198 103 0.18450134179762212 9 18 24 342 12 11 6 43 8 37 5 51 3 75 2 95 22 63 21 36 28 387 19 21 18 22 17 0 13 9 15 5 14 8 16 3
5317 3.8054205824248788 6.4256420237408216 21.972271845570756 145 174 105 0.22181430185426954 10 18 11 48 12 36
5318 -3.9404600850476488 51.501562408383627 70.431984778894346 206 208 139 0.04003276943496157 8 55 12 47 5 61 6 79 7 66 9 47 10 52 11 60 13 54 15 61 14 60 16 54
5319 -21.61987792912862 60.535461954036514 70.599062638936402 179 191 123 0.15545880950720117 5 155 12 57 8 391 18 33 17 31 13 65 15 35 14 69 16 34
5321 -0.30004344248345749 9.0605170098984065 21.413931563259226 0 0 0 0.89689620959643457 10 41 32 513
5324 -70.049042539469625 148.49294001266207 139.59362080114832 111 149 80 0.047006521012464449 11 99 29 23 12 99
5326 -12.775398746842637 37.492879632218198 64.778581565204632 62 118 57 0.080110721792876455 23 96 12 119 22 111 21 114 11 116 19 114 17 116 13 116 15 111 14 120
5333 -9.492355064941064 33.616341740208483 69.103388964199155 201 200 132 0.065984128631524225 24 153 12 142
5337 -15.411571202972636 32.829398699833661 70.125241843599341 54 103 48 0.11170199668635721 4 139 12 174 21 156 20 159 57 185 58 187 19 153 18 155 15 139 14 163 7 141 16 154
5340 -18.996830879540955 16.577719748740734 28.266124371728512 69 125 60 1.344584985015872 9 444 10 418 12 205 7 658
5346 -38.86208787648593 90.425412474141993 92.470428729658352 93 180 93 0.29775618170199586 23 308 12 323 24 292 22 307 21 283 20 283 19 295 18 286 17 283 13 327 15 278 14 316 16 305
5347 -10.710900060889792 36.098031452392803 66.181004586152582 61 117 56 0.14757615477601776 8 402 9 356 10 354 24 366 12 348 23 386 11 360 7 356 6 372 22 383 20 351 19 362 13 352 14 356
5349 -11.964372460342126 12.54594143076811 18.606194475309678 146 117 80 0.23677015910859106 10 388 11 398 12 374 9 416 8 451 13 363 14 364 15 314
5350 -4.0305855217870583 1.0920930409759415 12.880964515471716 146 214 119 0.33750302910887769 7 784 12 397
5351 -5.1606551228534503 3.0910847938291859 18.88366666582063 60 113 55 3.3798838674339793 26 376 12 399
5353 -40.437560324290999 38.14656172921967 93.870288957141923 84 114 62 0.11478773126719088 23 391 52 634 12 417 53 600 55 577 21 382 20 393 13 416
5357 -7.9912101575568739 60.332587621805381 73.784820526108703 160 188 115 0.39185698811993042 23 612 24 588 12 562 22 656 21 576 19 563 13 462 15 542 14 569 16 478
5358 -12.978183160831408 58.688717465920341 69.826562583705851 171 190 120 0.26799067566339496 7 627 10 589 12 563 22 590 19 564 15 543 14 570 16 576
5359 3.7573687932270259 35.112050823452201 105.97714230623042 189 192 124 0.18488945786082975 7 621 8 640 9 612 10 598 11 592 12 567 4 658 6 626 13 578
5361 -6.8266248418088464 3.8809167290851776 19.197905250629045 170 173 111 2.9312631559308748 26 521 12 592
5362 -45.155560673267715 41.963574856059559 95.311027547360624 191 191 125 0.20813087261468735 11 626 52 1002 12 596
5363 -1.3323287625616302 -0.72779156080353613 9.4354583437290636 255 255 251 0.36318553852439944 11 710 12 626 15 570
5365 -2.9256931620837547 -0.77435768442873787 9.450606577412259 255 252 242 0.45220776665655915 11 678 12 643 21 660 20 653 19 673 18 660 13 676 15 655 14 691 16 691
5370 -2.6156491894381073 -0.62465270644972171 9.0263567704458794 194 155 112 0.71222912632010016 11 779 12 742 19 693 20 691 18 681 13 749 15 730 16 690
5371 12.844146936088507 9.4932091575126218 64.456888002764444 255 255 245 0.42911134212552038 33 1094 12 756
5372 5.2148843410114507 11.898651780151086 27.938426004920302 193 180 153 1.3133047795959543 10 827 11 814 12 771 9 841 13 786 15 760 14 794 16 765 17 780
5373 -12.45424664202239 24.067524407758246 63.169906951266427 110 141 80 1.5127953000238521 11 819 30 1040 12 777 17 788 18 772 19 789 20 775 21 803
5374 -9.5804047814800519 10.732791244959648 18.99691617117281 0 0 0 1.9754463731837857 10 186 53 246
5375 -19.663497758209111 36.463228944297825 69.125585237093091 191 191 124 0.073043599394057621 43 248 45 302 44 281 46 296 47 297 48 263 42 269 50 264 49 259 39 248 41 267 37 187 51 275 54 248 55 237 57 229 59 233 56 234 58 212 52 304 53 285 60 230 61 216 1 214 2 186 3 178 4 171 6 181 7 143 5 172 28 95 29 123 34 166 35 192 31 131 9 171 24 94 25 87 27 74 23 100 10 182 11 171 12 152 22 117 20 121 19 119 18 123 17 146 13 155 14 166
5376 -18.976840532836341 59.593043868848071 70.615478130832528 63 119 59 0.30073064418082707 49 1312 43 1312 45 1376 44 1356 46 1372 47 1381 48 1329 42 1335 41 1328 50 1301 40 1300 39 1251 51 1310 52 1262 53 1218 38 1193 54 1144 55 1134 37 1192 56 1163 57 1082 58 1030 59 1055 61 986 1 982 2 950 4 867 5 841 6 824 7 825 8 824 9 783 10 765 11 755 12 714 24 749 25 760 26 808 27 787 28 816 29 907 31 978 23 740 32 1017 33 1038 22 748 21 713 20 700 19 712 18 689 17 714 13 719 15 684 14 726 16 697
5377 -29.763649562661431 34.404602578124624 81.961131939558726 150 172 104 0.54943403244214772 49 1243 45 1306 47 1307 48 1260 50 1234 51 1251 52 1201 53 1153 54 1114 55 1104 56 1143 57 1068 58 1018 59 1050 60 1014 61 989 1 985 2 965 3 920 4 887 5 858 6 850 7 846 8 850 9 806 10 799 11 784 12 745 35 1084 36 1125 37 1134 38 1122 34 1090 33 1000 32 988 31 950 30 926 29 872 28 787 27 762 26 787 25 737 24 733 23 749 22 757 21 722 20 731 19 748 18 727 13 751 15 674 14 712 16 680
5378 -5.4842704110160181 37.084944346737302 71.560963804689422 63 122 60 0.22620513790711183 32 1042 33 1051 34 1150 31 1007 30 989 29 929 28 840 27 809 26 838 23 794 52 1197 53 1148 54 1112 56 1119 51 1246 50 1245 49 1255 57 1045 58 994 59 1019 60 987 61 955 1 951 2 932 3 883 4 846 5 823 6 814 7 814 8 819 9 778 10 766 11 756 12 720 22 802 21 758 20 722 19 737 18 717 17 735 13 730 15 707 14 739 16 721
5379 -7.0576185593560474 42.446753819337012 65.666992879986765 52 95 47 0.10167601479105533 35 295 36 283 30 169 28 123 25 98 49 326 45 359 46 355 48 325 43 327 42 353 40 351 39 333 52 307 34 257 29 151 24 90 23 93 32 218 33 237 37 291 21 112
5380 -4.0966199731671331 35.307562998913689 75.099766603440273 190 188 123 0.060507413110548747 31 674 33 732 35 804 30 642 34 804 29 628 28 563 27 559 26 554 36 851 23 545 59 652 60 642 61 588 2 576 1 585 3 558 5 506 4 518 7 502 8 542 32 847 34 931 29 740 36 989 9 508 6 509 10 491 11 504 12 492 22 538 24 530 21 519 20 505 19 511 18 490 17 516 13 493 15 478 14 500 16 517
5381 -29.80817638240757 32.563778539672491 88.188220612330127 64 122 60 0.19734374144201411 47 666 50 851 38 567 51 870 52 844 53 783 55 758 8 587 1 631 58 668 61 635 2 631 57 722 60 677 3 621 4 584 5 569 6 568 7 551 10 546 11 545 24 511 25 514 27 522 28 522 23 548 22 542
5382 -70.34840231035254 107.23088782317834 114.92494861093053 193 211 135 0.19734398250963395 35 126 22 7 38 198 41 297 42 717 44 748 46 762
5383 -9.132861106745084 52.706456421207022 65.80226278400508 144 178 106 0.14578883682812413 42 411 22 40
5385 -3.1533433628221537 4.7557385210532583 12.333470881273259 93 136 73 3.7366888237393949 60 87 22 49
5386 -37.064673619570399 53.38294809619056 76.609411300169427 125 152 88 0.13794393190224705 1 516 61 517 22 51 60 558 16 341 12 161 17 337 10 192
5388 -11.225401115453378 48.066717241953995 64.929989708632874 78 149 75 0.15605076033595047 26 76 22 74 18 57 10 77 11 90 9 74 13 57 15 64 17 51
5391 -10.26490532060749 36.671411916740432 64.460268755435834 63 118 57 0.086497012399693762 29 153 22 110 30 144
5392 -2.1031974014506365 1.553463218312221 10.044268151843792 60 112 55 0.097860786367171798 10 98 22 121
5394 -2.7555492225543023 1.4001381001105035 10.063137586148834 199 197 130 0.45350122204173016 10 133 22 126
5395 15.542470596235445 68.263633495627218 97.953215758684763 77 149 76 0.13038982532956039 32 342 22 140
5400 -19.113650567172325 34.926406661308434 69.988490136215745 190 189 124 0.31858194788897987 29 125 31 134 22 161 15 144 16 160
5403 -19.750796124373991 27.228108451629666 89.068985856915816 111 128 75 1.3517656185132623 10 225 11 218 22 215
5404 -4.5060150008498754 3.7711262221807411 22.246959458316905 172 171 109 3.2458332952736821 4 108 22 216
5407 -7.0004396750588436 30.859994058314278 87.076735911875929 51 97 46 0.16683327172817236 34 267 22 245 21 213 49 201 18 216
5411 -13.014443348330641 26.954237857467664 102.08825164896618 167 166 106 0.080586786009747335 9 188 22 268
5412 -13.014443348330641 26.954237857467664 102.08825164896618 167 166 106 0.080586786009747335 9 187 22 269
5413 -24.390467257920609 23.472052378762132 149.59566638517518 144 155 98 0.59570624282401008 11 240 12 238 22 286 18 253
5416 -3.5075634123867094 77.086146028711184 87.717064702739862 87 171 88 0.21091157790814416 23 348 24 327 25 341 26 349 27 345 22 331 28 527 21 305 20 289 19 25 18 291 17 1 14 12 16 283 13 291
5417 -3.2053770128151395 65.026758449195938 78.352389465464881 87 167 85 0.068951378879050854 23 63 27 346 28 370 30 446 22 348
5420 -35.075103334430111 35.546165992475764 89.115506171081137 57 110 52 0.076577794088333526 12 416 22 389 21 379 20 392
5422 5.7513514464667157 46.365621118985324 79.946948566763425 162 179 112 0.13785011731189789 12 42 22 398 21 363 20 358
5423 -7.6228462958813008 33.159136245804504 73.853762785751925 194 192 126 0.0548651703063242 23 403 25 395 26 406 22 405 20 388 17 366
5424 -23.960704372949738 28.271099463005726 91.43723236401334 161 163 104 0.19261422937860609 10 411 22 420
5425 -7.3004302564101105 30.579703578926701 89.757862257813258 171 170 111 0.09142335622976612 27 414 28 415 31 491 22 440 21 415 19 417 18 405 17 400 13 392 14 390
5426 6.9044030987156733 12.246409698096425 49.52831123020141 100 126 71 0.92996986641496815 36 688 22 460
5427 -27.954863441877023 24.844729076900027 156.93673293861002 57 106 52 0.39184609531514292 10 255 11 242 12 436 22 463 21 449 20 436 19 444 18 429 17 443 13 439 15 414 14 438 16 437
5428 -34.550394735392274 37.190792768995834 84.873453515812969 58 110 53 0.044537713746748468 12 541 22 530 21 509
5431 -20.942570826272508 27.446226599034219 89.280559060185453 52 99 47 0.087456383119101103 10 543 22 551
5432 -12.592294471814142 29.041398307660437 91.850938878374976 143 150 93 0.043264485802858813 6 530 22 562
5433 -12.001428308081987 6.3796348190674941 18.0990816214745 115 193 104 1.6400085160698221 43 1035 22 593 21 486
5434 -32.34410027339068 34.807528204278974 83.839903655812805 163 165 106 0.14689387822830929 12 594 22 611 21 592 20 565 19 589
5436 -15.123847793214736 15.06636167199977 60.041362382677214 98 192 99 2.2326092166717375 11 220 22 637
5440 2.893477041210994 3.0171627451002294 28.210557224091175 255 253 242 0.19581628747153854 23 703 24 685 22 646
5441 -26.597986059181206 90.57396104802018 91.537495138700365 0 0 0 0.41441833712970899 37 1041 43 1211 47 1236 34 991 35 988
5445 -32.223844340717889 8.0784729214211914 59.302924334882562 1 1 1 1.4033129161920797 22 688 5 819 6 811 4 905 21 662
5446 -14.783492224249654 44.852648947412142 60.990543403758231 184 194 125 0.15371467190399332 28 748 22 708
5448 4.4009378585127603 5.8198844432398742 25.014378657268267 175 191 142 0.4427837621619255 23 733 24 718 22 736
5450 -32.427210859771918 9.6334124095249702 55.380418226173639 0 0 0 1.4155683470956266 2 671 22 760 60 923 59 959 19 704 18 686
5453 -45.059152908880229 121.72014842526792 116.95166614436924 140 204 113 0.59662779232204655 29 369 30 381 31 601 33 659 23 306 22 0 11 80 28 21 12 61 21 462 20 280 18 283 17 281 15 265 16 15
5457 -27.631739900441062 33.762649401991474 82.607497166166723 69 132 65 0.13303930802898833 6 413 30 131 28 105 26 117 25 110 24 122 22 168 43 223 45 254 47 260 48 227 42 245 51 240 54 240 60 224 13 211 12 197 15 185
5458 -1.6958822603294679 37.890991726361499 75.039447944933869 31 57 28 0.10411763891213967 34 291 44 321 22 188 45 337 47 309 28 169 26 175 21 181 41 381 20 150 19 144
5459 -23.221048722575524 37.765272335255666 70.301197868895457 201 198 132 0.082684192173723192 9 533 24 489 11 529 6 553 12 524 22 517 29 576 25 495 23 521 21 493 20 487 19 500 18 478 17 522 13 513 15 484 16 523
5460 -19.935057082143814 84.664529836896236 87.430128873843728 177 206 128 0.21593190392228723 24 19 27 43 21 1 20 4 19 0 18 1 17 6 13 37 14 19 6 105 8 91
5462 -13.745551717447407 45.606885075541555 63.185385290626343 79 146 74 0.091136347917932681 22 76 23 68 24 60 25 53 26 79 21 47 27 71 20 50
5464 30.184053120732024 137.86396522666888 167.78178611877024 104 150 79 0.29451761118893616 2 48 25 119 59 475 21 63 1 51 3 38 58 458 60 461 61 51
5465 -19.96894691481106 42.1599099669209 64.310814202945821 60 118 57 0.078269460173728322 22 82 25 56 21 84 26 57 27 51
5467 -8.0976734846616392 6.4740323137975784 19.855478536867679 189 191 125 1.6621969848040432 2 432 21 128 20 128
5468 4.1974494573930548 43.638449455022162 79.640091763493004 0 0 0 0.063579288109131576 27 178 45 370
5469 -0.93712291586135699 1.529244641904433 9.8305083884186537 196 193 129 1.0417156582597902 51 44 21 152
5471 -32.316679620717601 48.38345923343978 72.930690983764393 0 0 0 0.072065593957008844 8 215 56 335
5473 -37.828192783548168 49.016185881110509 78.913522349922587 63 114 56 0.077585890963060927 11 201 56 332 53 331 13 195
5478 6.2002806399644133 40.233142943716231 91.710540674238956 64 124 61 0.018384593665217705 38 361 21 205
5479 -16.187321918678119 35.829659016353212 67.17846118496945 197 195 130 0.070405742175251348 6 153 9 139 10 143 12 149 8 163 7 139 13 154 15 135
5480 -2.7197771525355705 -0.77209941052512288 9.4312324238534373 186 157 122 0.22871643812674156 22 197 21 219 17 225 15 209 11 189 14 235 16 241
5481 3.3885799606284488 6.326032032061212 21.96983133451619 142 163 99 0.080993602032859796 25 225 21 224
5482 3.2019629570721047 5.6341629643445774 21.789692683532753 138 157 97 0.83712807083722651 39 288 21 226 38 290
5483 0.88468648950683226 34.371231620661639 97.393054165088301 127 147 88 0.10376985167714427 37 299 21 229
5484 3.074247238634642 4.2951404452212891 22.906894109652875 195 189 127 0.0032515777461958953 24 256 21 244
5492 -12.30207599061904 11.120681362420724 18.251077357252068 187 153 117 0.15330894630831488 22 315 23 305 21 290 20 307 19 312 18 328 17 323 15 339 14 367 16 343
5493 -19.924083013615036 54.968726520241098 66.44149703727031 84 162 83 0.10027097442852501 22 323 24 313 26 327 28 331 21 295 20 297
5497 -6.8084564365339588 36.961244359214895 68.246179652858089 176 183 118 0.017185590202767123 27 372 21 370
5500 -16.86389175795772 27.527220102114118 87.438355587719641 53 98 47 0.072961011425059938 11 415 21 404
5501 -19.868353169264275 27.856793975016743 86.241983069130015 53 99 46 0.12132591919045363 11 417 21 405
5502 -2.2348524489386765 1.2158378524579594 14.574684568239945 106 212 107 0.007594197375455288 23 727 20 422
5503 1.9299977482329862 3.1839124228897648 24.510408276106553 226 226 207 0.2624275553539504 25 448 26 461 28 248 21 444
5504 -26.533568166251406 40.320919706400709 72.252643136618516 59 114 54 0.066726481802538914 22 515 28 499 21 495 24 484 20 485
5505 -20.780629063108339 27.223820534924123 88.668515364871055 54 100 47 0.19617497430047154 11 543 21 536
5506 3.7466194251789444 37.002963030732047 94.534026777461818 168 176 112 0.30849610180513526 37 869 21 542 19 530 10 487 18 503 15 477 16 531
5507 -12.218286922432382 28.224234447769152 89.404155987716365 165 169 107 0.18590282678557432 34 778 21 553
5511 -12.978620363002033 30.561171433805537 76.471743700596562 161 168 107 0.38230730611312647 10 660 11 666 21 650 9 671 20 611 18 615 17 636 13 636 15 618 14 647 16 637
5514 -29.089342344156542 55.951825276984941 71.323903679282012 110 159 89 0.45945529968508875 12 727 21 714 10 780 11 762 20 674 19 680 18 697 17 719 13 726 15 702 14 734 16 703
5516 -4.9103038616889236 31.341725136193251 88.856708784361089 110 137 79 0.34372738620326537 9 747 10 774 12 739 21 773 11 766 20 740 19 750 18 730 17 702 13 745 15 722 14 757 16 679
5517 -10.22445351159646 20.088159663658264 24.784655469862535 160 200 120 1.5303992985708348 22 848 23 838 24 820 21 799
5518 -1.6933303127608346 37.933717093545219 75.174968882259719 58 109 53 0.10325550083480296 40 355 22 187 21 180 34 292 35 327 29 213 20 151 23 168 19 145 18 143 17 114 13 106 14 111
5519 -20.655402610112095 30.509358293671312 79.292498204117365 64 123 60 0.12634541590954218 55 208 2 153 21 193 3 171 5 167 6 177 25 141 10 204 57 179 60 195 61 175 1 173 4 164 7 170 24 156 27 135 28 128 22 192
5522 -25.501466546571987 36.294674045232235 74.70965500046961 164 174 109 0.25506957803050129 45 686 47 267 40 224 3 426 4 408 5 410 52 638 57 542 7 408 50 650 53 602 9 410 11 420 21 377 54 778 58 684 59 708 60 692 61 657 1 653 8 576 6 561 24 353 38 566 41 674 37 556 43 658 36 573 35 552 34 535 33 478 32 460 31 610 28 349 29 403 22 365 10 400 20 370 18 378 17 375 15 370 14 392
5524 -11.266940531800907 32.477385856692251 71.9500246960677 66 128 62 0.11728014333418445 4 381 7 354 5 367 6 371 9 367 23 404 10 367 11 383 12 363 21 386 50 636 51 648 52 625 53 586 49 631 48 653 54 544 20 389 19 399 18 372 17 369 13 373 15 351 14 373 16 370
5525 0.11101551554885773 41.822672856220805 73.953346053905733 123 123 81 0.16114645379223128 30 777 31 806 32 845 29 738 28 663 27 650 21 591 22 604 23 632 26 667 20 552 19 572 18 559 17 577 16 582
5526 -1.5861777816818825 -0.67533607770823023 9.5358133135506922 129 96 64 0.3684302281771567 11 662 12 628 21 702 23 728 22 727 20 656 19 671 17 672 13 672 18 659 15 653 14 685
5529 -52.372928355639807 108.8030044543767 108.07833705350527 211 214 143 0.20548903654147826 21 8 22 2 23 3 24 6 25 5 26 9 27 12 28 301 20 14 19 9 12 98 8 186 9 152 10 124 7 157 18 13 17 14 15 44
5531 -11.625361387348265 8.2318278184372886 18.190909856885899 147 168 103 0.34844384867088019 22 32 20 59 14 200 11 232
5534 8.2505745614879267 46.416026055436859 86.103456041746881 139 163 97 0.14391839479626173 9 40 33 572 20 143
5536 -0.73021785981511123 39.52945279663485 73.209475952693609 68 127 63 0.080183221491656256 23 166 24 147 20 148 17 109 29 211 30 230
5538 6.8247130994345842 43.87575097754906 85.185992763369171 70 132 66 0.085720799168498896 12 74 22 205 20 179 19 141 18 140 15 85
5539 0.97589832235180662 -2.5614398648629422 3.1045924398230618 184 189 122 0.44993690951829918 21 209 20 180
5541 -2.0993052004804933 8.7959511696882249 5.2386219339541995 0 0 0 0.83791511124626405 48 392 53 348
5542 -33.791596480554389 34.604878346318777 89.080271010334599 58 107 52 0.073642792045098229 12 215 20 190 15 188 17 217
5543 -3.876616940707506 32.220244909377513 83.385734620503854 60 111 54 0.18627415479588663 24 211 20 200 21 206 19 207 18 177 17 173 13 142 11 135 12 138 8 104 15 154 32 263 29 240 14 152 16 185
5544 -12.174825694669321 29.278201963368502 81.072421053556653 53 98 47 0.13949019776372248 25 166 26 183 20 204 17 211 18 217 13 184 15 180 16 217
5545 -19.241719974321946 29.062514227458458 84.758939620103192 53 98 47 0.034146337646296251 12 193 20 205
5550 -12.114541427260418 11.46710087249811 18.899903669705321 177 148 114 0.075203774811850407 23 314 20 304 19 311
5551 -14.415808212116284 41.673578632535438 64.592490260003132 66 124 62 0.060013797177577086 21 336 22 351 24 349 20 334 23 356 25 350 26 357 19 345 18 341 17 332
5556 3.1634735708376964 9.4272782496382295 28.178767238570739 196 196 128 0.8745190510568277 42 688 20 395
5559 -3.7571680378631087 3.1157203761435355 19.875427529565247 52 96 46 3.449000061393297 5 515 20 408
5560 -16.159846558770109 25.306149069390148 83.600799234592444 52 97 46 1.5303731159263383 11 537 20 421
5562 -3.4233367009123912 5.1585817630417639 42.051245749306119 90 167 83 0.15072293244677237 12 409 20 435 19 443 18 428 17 439 13 413 15 400 14 424 16 426
5563 -13.376883727645955 12.889668677491725 18.885656096277099 255 254 243 0.68910156224047525 22 305 46 674 20 457 18 551 17 569 16 623 15 606
5567 -7.2756250920909329 28.702827290759409 141.76879782822962 0 0 0 0.10315207307268223 3 553 49 571
5568 -19.424548169292748 30.725023134825829 77.32859612288631 53 100 47 0.10124493509786564 1 619 61 622 20 508 19 525 18 505 17 533 15 495 14 537 16 537
5569 4.8609393042796345 8.8700875407546036 25.330348393283693 77 149 76 3.6074660728386196 5 0 20 514
5571 1.8104168446539735 47.15466375577558 73.372532128046942 161 180 112 0.2975184318701008 25 612 20 546 19 569 17 571 14 476 16 577
5573 -3.3394044219522327 -0.44430099399990852 9.00487988084911 255 255 255 0.5155310547730364 21 692 20 617 19 605 18 582 17 600 14 602 16 609
5575 -8.4353010487051101 30.714054967786215 86.47981361368366 55 105 49 0.27860401574465793 11 665 12 629 20 652
5578 -0.86355810525434273 2.4159706730127755 6.3517797951907031 1 1 1 2.7074314557657893 22 744 20 672
5579 -36.063123000474931 44.640814662533572 84.936677561766004 76 118 62 0.68006142787951629 21 719 22 753 23 747 24 727 25 727 20 680 26 814 27 755 19 684 18 678 17 695
5580 8.7349102259391902 51.230804158757671 92.521344845919842 181 189 122 0.3158539219573801 12 656 20 683 19 685 18 671 17 689 13 660 15 662 14 673 14 704 16 669
5582 -21.483106506809953 52.301117566774472 73.090352428346591 64 126 61 0.82635280744291773 29 908 20 706 19 718 18 695
5583 4.7312174054092564 52.042818226973147 80.499730655535288 104 157 85 0.22762932207672712 21 746 22 791 25 789 20 713 23 781 19 723 18 703 17 723 15 687 12 685 14 700
5584 -12.500739893943912 40.213388313963556 69.573441850436325 77 123 64 0.33685945688291818 21 751 22 788 23 776 24 766 20 718 19 733 17 738
5585 -16.042894777547815 16.109828364538316 24.990390401326202 221 214 198 1.7263928102817987 21 798 22 843 20 767 19 779 18 766 17 782 15 757 16 766
5589 0.10278365396938756 37.367164187335327 80.245093422750713 113 137 80 0.50845985516919956 11 654 12 618 21 648 20 609 38 1053 33 929 31 877 27 701 39 1110 25 675 19 635 42 1175 18 613 17 633 15 610 14 640 16 636
5590 -15.894900389268457 38.543822863483186 66.143672934286485 153 169 105 0.2561087429867191 46 1257 48 1223 41 1265 50 1185 52 1145 53 1100 55 1056 3 859 35 1093 23 746 24 729 25 732 21 718 20 679 32 997 28 788 30 934 31 957 19 683 18 673
5592 -15.327042220464371 68.568664119629432 76.000855769097114 93 180 93 0.15741215073812148 20 23 21 21 22 23 23 43 24 30 19 28 26 49 27 44 25 30 18 297 17 7 14 37 16 30
5593 -3.1099456332484632 40.122617149009251 70.682416395832661 201 200 133 0.065987213716803314 21 144 22 153 23 130 24 148 19 111 26 174 29 209 20 112 18 118 17 112 15 91 16 92
5594 -0.76535468530073181 -0.56756256073378342 5.9018123015144175 180 182 119 0.79342569730918588 22 90 19 116
5595 -11.640822671534407 7.3688325006976338 19.612750811960129 157 185 106 0.91886231173652066 21 94 19 127 18 129 38 492 17 159
5596 -3.9655924547495087 5.1457904349920298 18.354562531451162 66 107 53 0.91048694814337772 4 77 19 158
5599 1.0986516453778272 52.70617801487937 75.196418281668613 0 0 0 0.10081311423872902 28 141 54 263 29 203
5600 -9.1864745789971334 31.074027265671386 77.713241076205591 168 174 112 0.26213688525793971 7 107 19 179
5602 -8.5126956237859286 4.9704607597565857 19.891817849843047 65 115 56 2.1182054567080884 2 439 20 167 19 188 3 420
5603 -8.5709463902141891 5.0184981863744627 19.798067899847517 65 115 56 1.0409414685246603 2 440 19 189
5604 -7.122440391288964 0.67640765669011138 11.027185086403055 255 255 255 0.19976939093237864 22 101 19 197
5605 3.4770541446657797 5.1342832093396273 22.628409423588487 68 130 65 0.1119936286604353 20 212 21 240 19 202 18 202 17 166
5606 7.3997519946472714 37.02387773115516 113.83160247568527 184 187 121 0.035762009625975852 40 328 19 227
5607 1.132870113171788 33.777444041158944 101.48583198092811 63 118 58 0.097026309403716759 20 217 40 301 19 230 18 208
5608 -35.491435779909857 49.691761789977221 75.228215110463822 0 0 0 0.060531601199918461 10 211 58 292 57 302
5609 -6.7340099708444257 29.220675002223885 90.202771865682337 169 174 111 0.075644512594778807 28 199 19 234
5611 -18.67855657163275 72.666756418019347 79.090124258392507 209 212 141 0.12838213633284712 9 346 10 330 20 294 21 293 22 320 19 292 23 319 24 312 25 318 26 326 27 494 28 493 29 569 30 592 11 330 12 303 18 281 17 277 13 308 15 275 14 311 16 302
5613 -0.87261707878049954 55.193928990576275 74.608434306824989 82 160 81 0.17924251431358959 12 295 20 330 23 368 24 347 19 317 22 347 11 309 18 310 17 305 15 270 16 294
5614 -17.171088896452066 47.353841604106947 65.277058605627701 72 138 69 0.12665507360495379 12 335 19 322 18 319 20 317 13 337
5615 -20.909273051122788 48.851352637783549 65.421658689918871 184 194 125 0.12751158561319675 26 340 28 332 19 323 18 320
5616 9.9926480848777057 60.624041618285254 88.909061673564111 79 153 77 0.070200074168553311 7 24 11 27 19 336 9 30 8 351 18 335 13 30 15 22 16 310 12 293 14 305
5617 -11.763347151942432 8.9999635823928461 19.269746392644112 146 176 103 0.29443855527995022 21 469 22 484 19 353 18 350 17 124
5618 1.7425396858790461 44.336940979312651 74.407454747005659 168 182 115 0.10741687568825364 21 365 22 381 25 390 19 359 16 333 17 327
5620 3.2476448066441232 49.672293162815109 76.50188557083294 0 0 0 0.063188246264524683 33 554 40 766
5624 13.242249478640806 62.393812789012252 94.982341265213122 204 203 136 0.030035413793359871 30 788 19 483 16 485
5626 -8.190799720655539 30.07124859314218 94.41633261678254 57 107 52 0.13332832049576285 11 523 12 519 19 543
5628 -2.9356139719482783 -1.4283346072465921 10.824112643315924 0 0 0 1.1478694827073412 9 419 23 207
5630 9.6067062789632391 18.758651731036046 34.032630221150953 235 236 219 1.8802054028241373 20 600 44 976 19 570 43 974 42 1114
5631 -29.198179032969865 13.522383468736233 41.160723921926447 0 0 0 1.447669503038185 1 782 20 379 61 787 21 359
5633 -2.3887393578665921 -0.53044589848143631 11.904288475648535 88 175 87 0.13777626450853359 12 538 19 612
5634 -12.710773273501685 7.0612652313820066 44.807673076248349 119 168 92 0.1931006946387811 12 602 20 530 19 613 18 589 17 608 13 614 15 582 14 609 16 611
5635 21.107064793820609 74.555225778527102 112.21434443347542 98 151 82 0.77747299535240322 31 927 19 626
5636 20.763287697813862 72.908793771639807 110.01079449056647 98 151 82 0.49938537006411332 11 572 31 928 19 627 7 593 10 580
5637 3.5457092555531626 53.957381990342611 77.113229290686974 0 0 0 0.27858849025503957 34 1005 50 1104
5639 -9.1852576446614425 12.039952191531967 20.218733317877145 0 0 0 1.8923959708673244 20 675 22 706
5640 -12.852234289761986 9.7836262201206576 22.48178628200106 188 191 124 1.0771065860442781 7 884 19 759 18 715 17 745 16 676
5641 -6.8069463173947478 0.37377581289315442 11.17130256333386 255 255 255 0.24674090027238949 20 752 19 762
5644 -10.711744913049943 20.073061610833328 54.191774531099085 125 139 84 1.7143417638948582 11 820 12 778 20 776 19 790 18 773 17 789 13 792
5646 -2.8813352488695445 96.680531899741041 104.25618312785517 66 124 63 0.21214773563854042 6 65 7 47 8 41 21 18 5 347 20 17 19 24 49 946 43 988 45 1016 47 1009 44 1112 45 1120 46 1112 48 985 48 1096 42 1001 41 1015 50 933 40 1005 39 941 51 940 51 1056 52 916 53 856 38 908 38 1013 54 813 55 800 37 886 56 792 36 887 57 534 35 827 35 942 58 503 34 814 59 510 33 741 32 717 31 658 30 623 29 593 28 526 26 348 27 344 25 340 24 326 23 332 15 6
5647 -11.812756151204226 6.2910058023338102 19.069914792767246 209 206 138 0.14384422362916083 60 286 3 250 5 235 6 255 8 297 9 271 11 249 12 223 19 133 23 59 24 50 22 99 20 131 18 169 13 241 15 199 14 228 16 207
5648 2.6765396778924089 36.876680764961208 89.447594860334405 42 82 40 0.10926810803613209 42 329 36 312 35 333 25 223 37 331 24 210 19 174 12 107 23 220 18 175 17 170 13 104 15 124 14 146 16 138
5649 -36.491609962510246 36.511292524317135 90.53512519492071 41 76 36 0.11092859787849574 3 233 5 215 9 251 4 216 6 232 19 185 12 216 60 260 18 189 13 232 14 219
5650 -10.185975206450037 127.17024962968873 128.13342172198682 178 198 124 1.5387346458219973 31 639 32 832 33 861 29 591 34 936 31 791 28 512 27 501 26 509 25 482 24 468 20 277 19 288 11 21 22 316 10 31 7 323 8 364 21 17 20 0 17 274 13 294 5 502 4 523 7 322 12 288 15 11 15 12 16 6 16 284
5651 -4.9773006164121396 34.70296184910169 76.254172152523338 64 122 60 0.17820615196490183 41 734 47 714 40 718 35 618 34 604 12 111 19 397 2 394 33 713 1 441 61 443 3 384 32 524 30 461 6 353 50 638 53 565 54 525 55 532 56 146 57 124 60 128 52 213 59 133 4 84 5 83 7 341 8 384 26 405 48 656 25 396 10 350 20 386 27 410 28 412 18 145 17 363 15 350 14 371 16 369
5652 -3.3673299598871465 45.492390574479728 70.723451866686915 63 121 60 0.3862765822687998 23 783 24 764 25 775 26 828 28 838 22 785 27 800 21 748 29 926 30 985 31 1004 32 1051 20 714 19 724 49 1276 43 1316 45 1339 44 1320 46 1326 47 1336 48 1294 42 1339 41 1339 50 1257 40 1310 39 1267 51 1268 52 1218 53 1160 38 1207 54 1121 55 1102 37 1208 56 1130 36 1205 35 1151 18 705 17 725 15 698 14 723 16 711
5653 -7.7524807706380354 4.4497776107991021 18.813621163967138 57 108 51 3.1598029566393921 4 570 20 375 19 404
5658 1.2108039471283143 81.785183544401548 94.402476305658837 96 185 96 0.078052419849776566 8 38 10 14 18 23
5661 24.751971466029719 92.817556986869306 127.36901588332834 93 169 88 0.15338516486711626 11 12 18 42 8 16 17 43 28 208 15 20
5662 -19.891615808477223 51.582357878271019 66.069582168077773 83 148 76 0.13371366455005174 12 92 18 60 15 69 16 320
5663 -39.54930694306131 62.773182577733465 79.488276807297595 191 198 129 0.090243362235652963 12 159 19 68 18 65 22 29 23 34 15 101 14 133 16 107
5665 -6.1182193013832666 11.434934859851092 20.317733415751338 0 0 0 1.645616647550459 12 88 51 244
5669 -41.254983941776167 42.278029716360336 86.712531061928658 187 188 123 0.12687485119502945 19 161 20 127 21 127 22 124 18 162 17 186 25 63 23 110 15 164 16 197
5670 3.524793022426465 5.6949484540639226 21.811695896053376 147 168 103 0.16759807339783861 11 46 18 172
5671 -29.710497277552424 36.179440715120414 80.243596881344061 177 177 115 0.0091294615616469375 11 199 18 186
5672 -34.890881675240351 38.715179017331387 85.347168333884312 57 107 51 0.15120944814339482 10 238 18 187
5673 -33.640457943899577 35.709268923914962 88.806008157890588 183 183 119 0.18122350632499803 10 233 18 188 17 216 50 224
5674 -36.807994883121069 37.334539202212213 88.704157950828375 57 108 51 0.14440680074388615 7 227 58 232 18 192 10 237 13 231 15 190
5678 -1.1693775263533532 31.645946951059589 94.522968180089663 62 116 57 0.10045525180014454 20 216 23 250 18 209 22 243 24 235 26 232
5679 -2.1575759764902065 -0.83317594754923474 9.6081440236038773 186 157 121 0.32438446173288238 20 228 18 237 17 223 15 208 16 238
5680 -16.713309048031515 6.7416841935950007 40.792637356383842 205 222 185 0.17196967578135805 12 262 18 244 13 262
5688 -21.855803055557079 66.210257703031843 74.580836905527306 89 172 88 0.083449678612466549 11 345 12 320 19 302 20 296 18 299 10 340 17 294 13 323 14 313
5689 -34.071640732963964 71.768114394863659 78.978375961439141 138 182 106 0.20414391930494125 11 367 18 302 7 381
5693 -11.540310542852463 9.1726724081084416 18.809649204258896 161 181 111 0.15773120111818564 21 327 22 483 18 349
5694 17.58185532268126 66.74475733546906 113.26591960722411 73 144 70 0.28203233952597184 11 306 35 856 36 903 18 351 34 855 17 324 13 312 15 445 16 492
5695 -12.565353988483418 36.917317300054656 63.911911130176527 61 118 56 0.14115959894652338 24 351 18 358 27 352
5700 -10.350199146845078 6.2613841976707816 43.239204622438344 200 221 179 0.29569381859774141 12 428 18 535 17 444 13 429 15 528 16 440
5701 -7.4778134781844328 48.647190258659897 67.301515457108323 203 205 136 0.071377814395038722 20 543 22 594 23 613 18 552 25 599 26 656
5702 -25.144800302988465 51.707390674563428 68.211816474242184 168 185 116 0.11547369170214028 11 590 18 553 17 568 13 566 14 575
5705 5.5766275315637088 5.4694531152789265 56.447906678748154 0 0 0 2.2661857478155527 19 709 33 578 18 687 15 578
5708 -2.2262650781286291 35.849111568972809 77.875056766336982 20 38 18 0.10141643410701391 38 664 24 400 21 385 22 413 40 721 18 144 19 175 20 181 25 163 15 126 14 112 17 135 13 105 16 140
5709 -26.429275359201046 33.934662345317356 79.780960983292928 192 192 124 0.080916143623546197 56 231 57 223 60 226 58 208 2 183 1 210 61 212 3 204 4 197 22 166 18 185 59 227 5 192 6 210 7 196 8 238 12 195 11 197 19 184 17 183 13 208 15 160 14 213 16 194
5710 -5.4653369575430277 38.626019154201046 67.433110185248694 62 115 57 0.19295802369754636 23 384 24 365 20 350 19 360 18 356 44 726 49 668 47 728 48 684 41 752 50 658 40 743 39 669 51 671 52 649 53 611 38 661 54 547 55 552 37 636 56 552 36 647 58 470 57 500 34 601 59 497 60 482 61 444 1 442 33 524 32 523 31 488 4 354 5 357 29 435 28 391 8 370 27 370 26 389 21 147 10 73 12 81 17 348 13 332 11 341 15 306 14 340 16 337
5713 0.2466513529542031 3.0899336545296836 9.0519025173433576 94 182 94 1.6587275693431121 46 130 17 21
5714 -11.754596477298671 57.312798971650238 69.56229150712339 84 164 83 0.18966693588255903 11 70 12 51 20 22 17 26 22 39 24 56 10 59 9 73 6 101 7 73 8 90 15 30 18 29 14 36
5715 -33.222965963326502 77.46471021421732 82.928309681368845 111 181 97 0.12670822324324579 10 122 19 11 17 33 6 165 13 68 15 40 14 73
5716 5.3578367956769544 10.187081080483027 22.85138443126398 170 140 105 0.23016384761783756 20 134 21 171 17 69 15 47 9 0 14 20 16 45
5723 -9.3565491473326237 47.630855964737002 65.341638372438538 0 0 0 0.073234167623145219 43 359 49 352 46 390
5725 2.148291015373756 41.590999697413203 75.060222433781703 0 0 0 0.086083940503931047 22 185 24 172 32 294
5728 -8.4243910900598653 31.237853273959356 77.909396503295198 62 117 57 0.085632020588126523 51 222 17 177
5729 -6.1748497404501057 80.922966278976659 88.746715232010033 0 0 0 0.13309690158104773 35 317 51 408
5730 -28.616836787353925 36.166812646592525 78.947753137787558 56 102 49 0.085222778966506749 24 98 17 185 28 70 15 161
5731 -11.965354604659963 32.185816468249342 67.994061929296294 0 0 0 0.081622065778460401 23 137 30 145
5732 -6.6845123139499831 3.2532770141162635 15.582379002893326 60 108 53 0.1001158246636942 5 185 17 189
5741 -17.244934746137286 47.380235021473148 65.340626224999724 71 136 67 0.11123746045600784 22 337 23 335 26 339 17 312 24 334
5744 -11.9840110566444 11.192926914286721 19.153035356131074 252 252 244 0.043310907803858184 18 327 19 330 17 339
5747 -8.3088002265467331 2.8213964973056571 16.003627047309045 58 109 53 1.824170779632216 5 420 17 414 16 243
5749 -1.7691055495248507 -0.668764749314958 10.272805230429645 254 253 241 0.22001968149589604 21 234 17 424 16 421
5750 -15.579055028572151 6.799235513320145 39.467536813486383 76 140 68 0.12881430258959164 18 426 19 432 20 423 17 433 13 444 12 439 15 421 14 562 16 430
5751 -16.040429612973572 6.7124847179691569 39.136912271051315 73 138 67 0.16813514985272193 18 243 19 240 20 229 17 434
5753 3.9138946171136473 70.096592767843575 86.529782661960482 206 209 139 0.17423212759153919 18 453 19 476 21 471 23 513 17 476 24 486 26 535 16 476
5756 6.6817778293918737 45.988365212092191 84.287606158777109 193 195 127 0.25111775438587203 10 586 17 576 11 577 9 599 13 562 15 547 14 574 16 581
5757 3.7182320938624036 5.43929933700809 22.49320886719439 73 143 72 0.33019246529611529 12 324 17 587 15 473 14 494 8 21 16 513
5758 -7.4622486185622083 2.6164080965011949 16.224174877866055 255 255 255 0.8815092755469337 5 555 17 601 16 242
5759 -12.62214074710314 5.3897952988190978 20.179276679888179 162 170 109 0.30302534333132986 18 618 19 586 20 557 17 602 15 577 14 659 16 608
5760 -30.006133666815781 9.1116717363171276 51.221256626015901 1 1 1 0.026118299600978192 1 774 61 779 17 611
5761 0.086372212741141874 37.350869851259681 80.225013937346105 117 150 86 0.1943340038123855 12 619 20 610 17 634 19 636 21 649 11 655 15 611 14 641
5762 -30.240320297792369 39.257363656802561 78.914492379492373 163 171 109 0.10936239149714833 47 1167 17 635 49 1118
5764 -23.178147675194339 45.165518580953105 67.806517511698715 131 155 93 0.58214458006989622 18 670 19 682 20 677 27 789 17 684 26 812 25 725 21 716 22 750 23 744 16 715
5766 -34.157670030151102 93.301877558111016 94.185382880072908 183 206 130 0.09659584931899512 6 162 7 125 9 112 10 89 11 78 12 59 17 13 21 5 24 5 25 14 19 7
5768 4.6409293320863503 8.7896682414713272 22.879491890891252 253 252 247 0.27834855801212255 6 0 8 1 17 101 24 542 20 384 19 137 23 214 13 20 15 78 14 48 16 77
5769 -27.596808270600096 33.705849311303389 82.502153117006344 64 124 61 0.11663960606190397 54 239 58 206 60 223 2 181 9 218 12 196 17 184 36 168 32 136 34 169 30 130 28 104 26 116 25 109 24 121 23 145 22 167 13 210 15 184 14 214
5770 -10.475842433324598 32.293915467190757 73.07673807006266 63 119 58 0.11881568071286695 27 156 21 188 20 182 19 177 18 178 17 141 9 138 30 175 25 140 7 110 11 138 1 142 59 162 61 144 2 106 57 153 3 107 4 116 5 108 6 121 10 139 8 144 22 191 23 171 13 147 12 143 15 132 40 291 14 156 16 146
5772 -1.8702149175322589 -0.79931591676980218 9.4311257171949929 152 112 72 0.35268009314098614 9 119 10 166 11 401 12 394 17 423 23 177 22 220 21 218 20 227 19 238 18 416 13 402 15 395 14 402 16 420
5774 2.8736225887900311 7.2132249947387601 26.220838109922912 229 235 216 1.4965015973814049 6 616 17 588
5775 -23.341232189370917 37.978773751953774 70.658558490723365 191 192 125 0.089437057742062953 43 895 49 888 45 930 44 939 46 927 47 927 48 896 42 909 41 916 50 873 40 894 51 894 52 872 53 819 54 779 55 777 37 802 56 778 36 795 58 685 34 739 35 742 59 709 60 693 33 666 32 665 3 610 30 584 31 609 5 562 5 662 58 813 55 909 6 552 6 653 29 575 7 535 28 508 8 575 9 532 25 496 26 517 23 522 10 520 11 528 12 523 19 501 18 479 17 521 21 494 22 516 24 490 20 488 13 512 15 485 14 514 16 522
5776 -0.1201728011356301 68.725331328398326 83.778921651206375 205 202 136 0.12997456998360379 49 718 43 753 45 799 44 797 46 787 47 797 48 732 42 790 41 787 40 771 39 721 51 718 52 688 38 702 55 593 37 691 36 677 58 488 59 175 56 249 57 199 54 285 53 323 50 387 60 484 61 447 1 445 2 93 3 73 4 64 6 62 5 49 7 45 8 39 9 35 10 25 11 35 12 22 18 25 33 279 34 317 35 347 32 247 31 215 27 127 28 116 26 97 25 77 24 79 23 64 21 39 13 14 15 25 14 11
5777 -19.222527349798952 42.680763834463121 65.729684660996469 65 123 62 0.32536377749399781 49 1168 43 1197 45 1233 44 1211 46 1222 47 1225 48 1192 42 1225 41 1222 50 1153 39 1097 51 1172 52 1110 53 1073 54 1025 55 1012 56 1040 57 964 58 926 59 957 60 917 61 829 34 986 1 826 2 850 33 916 32 904 31 867 4 746 3 775 30 832 5 726 6 711 29 784 7 703 8 752 10 658 11 709 12 620 21 636 20 594 28 705 19 621 17 626 23 675 24 655 25 657 27 691 22 660 26 720 15 605 14 642
5778 -24.365742968573983 35.579380874343691 77.587150921707916 72 141 70 0.30170534650567171 45 1313 46 1300 49 1250 47 1309 48 1262 50 1240 51 1253 52 1203 53 1155 54 1116 55 1106 56 1134 57 1062 58 1010 59 1041 60 1008 61 979 1 975 2 955 4 879 5 853 6 844 7 838 8 845 9 803 10 792 11 781 12 744 22 797 21 762 20 727 19 741 18 722 17 751 38 1177 24 770 23 788 13 747 15 727 14 759 16 737
5779 -28.422477684814748 33.175765258060032 84.135966902258446 185 186 120 0.11625960394371322 49 224 45 252 44 223 46 241 47 222 48 225 50 221 51 238 52 227 53 247 54 238 56 229 57 221 58 205 59 225 61 210 1 208 10 229 11 222 20 188 28 106 29 130 31 136 25 112 30 132 26 119 27 109 24 123 23 147 22 193
5780 -26.474633455954251 33.99202052944932 79.896823392533335 192 192 125 0.098006159903768444 43 224 45 255 44 228 46 265 47 261 48 228 49 225 42 242 41 226 50 226 39 180 51 243 53 248 38 179 36 170 35 168 33 149 34 168 31 135 30 129 29 129 28 103 27 108 26 115 1 209 2 182 59 226 60 225 61 211 3 203 57 222 4 196 5 191 6 209 7 195 8 237 9 219 11 196 12 194 22 165 21 161 20 187 56 230 54 241 19 183 18 184 17 182 13 207 15 159 14 212 16 193
5781 -2.6921760960299714 57.144468039492025 74.288178630721362 58 107 53 0.38390831583798818 43 1347 49 1288 45 1379 44 1359 46 1375 47 1383 48 1331 42 1364 41 1370 50 1275 40 1346 51 1276 52 1228 53 1168 54 1130 55 1112 37 1212 56 1139 57 1054 35 1150 58 1004 59 1028 60 990 61 958 1 954 2 925 3 885 4 844 5 822 6 813 7 809 8 813 9 768 10 758 11 746 12 709 17 712 31 1002 32 1049 30 978 26 821 25 774 24 759 23 773 22 780 21 742 20 702 19 714 18 691 13 714 15 682 14 720 16 695
5782 -46.743063926217538 73.85493375899074 88.874025387435267 77 151 75 0.95586684191617199 43 1153 45 1183 44 1170 46 1176 48 1196 42 1173 41 1181 40 1071 39 1014 53 1075 37 952 56 1046 36 950 35 895 58 934 34 898 59 963 61 879 1 876 33 822 32 805 12 662 17 620 24 647 25 586 28 694 23 670 29 774 22 655 21 630 20 585 19 618 18 597 13 664 15 642 14 675 16 649
5783 8.7481852789547911 96.546785620340486 112.69445658034972 66 124 63 0.31393356005750594 43 997 45 1018 44 1011 46 1003 47 1010 48 973 42 1009 41 1025 50 923 40 1006 39 951 52 709 49 735 51 720 53 653 38 916 54 588 55 568 37 898 56 571 57 517 58 473 34 840 36 894 59 487 60 474 61 440 1 438 2 74 3 376 4 332 5 33 6 41 7 27 8 19 9 17 10 12 11 18 12 8 22 344 21 304 20 309 19 18 18 17 17 19 27 384 28 386 29 447 30 473 26 380 31 511 33 565 32 541 25 364 24 343 23 365 13 7 15 2 16 2
5784 26.2057190461245 95.323901440070827 128.60454561589839 204 201 135 0.14100922786903397 43 1002 49 923 45 1021 44 1014 46 998 47 991 48 963 42 1012 41 1029 50 900 47 1107 40 1020 39 962 51 903 53 811 52 879 38 927 54 754 55 734 37 915 56 523 36 913 57 675 35 860 58 445 34 862 59 459 60 443 61 411 1 409 2 354 33 781 32 767 3 351 4 310 5 304 6 306 29 660 30 676 7 299 28 587 8 337 27 564 9 303 26 564 25 387 24 376 10 301 11 1 12 2 20 327 19 333 18 309 17 42 35 861 36 912 37 914 38 926 39 961 40 1019 34 863 41 1028 42 1011 33 782 32 766 30 677 29 659 28 586 31 715 27 563 26 563 25 386 24 375 23 393 22 373 21 341 13 2 15 266 14 2 16 289
5785 -3.3603197438705745 45.523874372796776 70.889426690196814 60 113 56 0.40349765371513452 49 1275 45 1340 44 1321 43 1317 46 1327 47 1337 48 1293 50 1256 51 1267 52 1217 53 1159 54 1120 55 1101 56 1129 57 1047 58 996 59 1026 60 989 61 957 1 953 2 924 3 884 4 848 5 821 6 812 7 810 8 814 9 773 10 761 11 749 12 711 19 725 18 704 17 724 24 765 34 1148 35 1152 23 784 36 1206 25 776 22 786 21 749 20 715 13 716 15 697 14 722 16 710
5786 -60.081143636519677 106.71008799720566 107.26615454032083 205 203 137 0.12559585379198993 57 791 58 746 59 766 60 746 61 699 55 843 56 842 54 838 1 695 2 669 3 645 4 601 5 439 6 428 7 402 8 435 9 397 10 375 11 372 12 341 19 296 18 287 17 36 34 726 30 358 32 425 33 438 29 544 28 290 27 291 26 301 25 7 24 289 23 301 22 304 13 342 15 73 14 329 16 43
5787 -10.443485377537861 33.29874880860794 70.79497234418379 185 187 121 0.16581412408615007 50 1001 52 985 53 935 54 895 55 892 51 1021 57 843 58 792 59 828 60 786 61 755 1 750 2 731 3 700 4 671 5 644 6 640 7 630 8 647 10 604 12 570 11 596 22 620 20 554 19 581 18 562 17 582 32 828 33 849 34 922 31 796 30 764 29 733 28 659 27 649 26 666 25 615 23 634 13 580 15 557 14 582 16 593
5788 -4.201744883237148 40.793098384022286 69.570058532477333 58 110 54 0.36962397740775726 41 1230 42 1230 39 1144 43 1206 38 1095 54 959 49 1166 46 1223 47 1224 48 1190 51 1166 52 1104 53 1005 55 958 37 1094 56 978 57 907 58 863 59 893 60 866 61 817 1 812 2 797 3 764 4 730 5 714 6 699 7 690 8 700 9 661 10 649 11 650 12 612 20 638 21 684 22 717 23 717 24 699 19 657 18 648 29 837 31 913 28 760 33 972 13 623 30 845 32 910 14 633 16 650
5789 -6.9101996492356825 32.771749322694973 80.64921057929844 65 128 62 0.29545310664671126 1 948 2 929 60 986 61 952 3 889 59 1018 57 1038 58 987 56 1112 55 1085 54 1103 53 1136 4 852 5 827 6 819 7 818 8 827 9 784 10 775 11 767 12 731 21 770 20 733 19 746 18 725 17 748 32 1043 33 1053 34 1143 31 1008 35 1141 36 1196 37 1197 30 990 29 936 28 847 26 842 25 791 24 780 13 738 15 723 14 749 16 733
5790 -14.244319263951864 36.969858257683633 65.837515022189919 168 177 113 0.22705100369950471 43 907 55 760 56 768 36 819 35 770 38 834 39 881 34 757 59 683 58 659 2 614 33 684 32 675 31 632 3 586 5 537 9 521 18 477 17 501 24 488 27 518 23 519 30 611 22 514 21 492 19 497 13 496 15 467 14 503
5791 -24.766760427083426 31.506380698422255 82.767998643560105 53 102 50 0.2119664743388624 55 547 60 512 9 426 1 468 2 443 61 469 4 405 3 423 5 408 6 411 7 406 28 362 30 425 33 480 27 359 26 373 24 390 11 419 12 401 21 388 20 391 13 209
5792 -6.0811298777397402 34.49478709526322 76.237325494264297 63 122 60 0.48781035431202457 35 1038 37 1093 38 1094 39 1140 40 1192 34 1043 60 911 55 997 56 1028 57 952 58 916 59 948 54 1011 52 1099 53 1061 51 1163 61 865 1 862 2 846 33 967 32 954 31 914 3 801 4 779 30 893 5 760 6 755 29 838 7 745 8 750 27 734 9 709 26 766 24 707 23 721 10 704 11 707 12 659 22 759 21 695 21 726 20 646 19 666 17 662 17 693 35 1098 29 888 27 775 13 667 15 647 14 680 16 653
5793 4.7002995383264006 9.2704925803392637 22.986883873123812 170 140 103 1.4699911131344037 19 506 20 502 18 469 22 684 23 725 21 647 24 712 20 604 19 630 18 604 49 1107 45 1172 44 1161 46 1157 47 1155 48 1128 50 1080 51 1100 52 1055 53 985 54 945 56 866 57 813 58 761 59 787 60 758 61 721 1 717 2 538 2 693 3 514 4 487 5 473 6 480 7 465 8 504 17 497 16 491
5795 -17.348812393367531 53.295410535016288 67.135416408995226 203 205 136 0.034180070416156526 6 138 7 116 11 93 13 63
5796 -21.312104993077487 50.12261523144155 67.127697500040611 195 197 130 0.079965410673159112 10 117 22 46 13 92
5799 -8.5758654536622974 12.653362883630175 21.552425627777207 207 204 137 0.15877999143931978 13 122 49 254
5801 -34.003194189225631 48.883990233545646 72.312256432254756 190 190 125 0.2913858587923534 6 217 10 191 13 162 9 415 8 450
5802 -12.198067012754517 13.820117650437174 22.537141375048478 206 204 136 1.5077124846797763 49 251 13 164 50 281
5803 9.4397639200164889 9.7525410001228945 53.483141232692425 0 0 0 2.8216722099079408 31 888 13 176 32 925
5804 -0.75318222804498891 3.9495335669055178 21.733266611344206 79 138 70 2.1592153960823484 12 136 29 461 13 178 30 465
5806 4.098725785150485 8.5420404091518289 21.619080630788378 178 146 109 0.29922950679640703 11 295 12 465 13 298 10 3 15 281 17 341 14 318 16 329
5809 -7.7493260358275196 39.595878555628211 66.428172873358577 68 132 64 0.06666446304534758 44 743 13 334
5810 -12.301077574223566 44.644313654899165 64.701647767792522 123 154 90 0.0070333538254516602 19 342 13 335
5811 1.516691124558228 4.4014142747004028 0.66134804422528704 0 0 0 0.30340770021888352 43 750 44 783
5812 -9.523996973481097 6.4113788098577444 45.120316288467748 201 221 181 0.20288664456648209 17 442 13 427 15 415 14 556 16 438
5813 -13.230686223057432 47.83233165670979 63.914895315818065 205 205 137 0.14443528727997243 18 460 20 464 13 471 15 448 14 480
5814 1.8884118905029348 53.570604834574141 75.054517345681646 0 0 0 0.063548970937166313 29 624 40 988 30 639
5816 -1.156832819581376 4.3699866293028755 20.497920326079935 0 0 0 1.8611963047669722 12 505 29 621 13 507
5817 -31.738462088720166 55.758874713554739 78.111993977877958 84 128 68 1.2378249665330536 5 665 61 831 13 574 1 828
5818 -19.749036218304617 22.59083104722599 27.007903910235164 255 255 246 1.4858264634582252 50 1037 13 575 49 1043
5819 -12.740560919292934 46.982967911455908 62.545668826118089 0 0 0 0.29572826619480452 22 592 27 632 30 748 31 783 24 590
5820 -45.39175907092865 42.167636121804016 95.814776038213779 197 194 127 0.18910705722865825 12 595 52 1001 13 604 11 627
5821 -26.689889646923366 59.616268690662871 70.95214288180189 146 170 104 0.2720410606728853 11 656 12 615 19 566 13 626 15 600 14 629
5822 -44.485537958134564 69.742078026713131 78.416048725547398 83 135 70 0.57523225065626615 7 715 9 675 10 666 17 567 13 631 14 638
5823 10.05027334357769 37.233947664158158 114.57174761557521 69 137 67 0.15885152856274534 46 1162 13 632 45 1171 14 646
5824 1.4068130051545147 38.077258744826111 90.685786195077512 103 148 81 0.43510528338202498 6 780 7 774 8 786 9 744 10 740 11 735 12 690 13 693 14 748 17 747 19 745 16 728
5825 -2.5480757088338559 -1.1464959194239772 9.7883680343722741 74 150 73 0.1687790069192216 19 701 13 705
5826 3.3753609579441699 45.373583400745055 80.41259639773196 98 156 82 0.20450494719949477 17 733 18 710 19 729 20 720 21 754 13 721 22 800 24 778 15 695 14 729 16 708
5827 1.9312689016304996 38.779741789133922 79.938431212289828 146 171 103 0.31123154893266552 17 741 20 730 21 765 22 806 13 729 23 798 18 716 19 735 15 706 14 738 16 720
5829 -4.835177443900565 27.532455834189996 30.905587003829236 0 0 0 3.6655818412937053 8 886 19 771
5830 -28.770220231669473 84.257974644503875 84.46639107817758 192 210 135 1.4096319018549308 10 821 11 805 22 836 13 780 8 870
5831 -2.4085859984929519 -2.0968486042926218 2.0573561813439776 208 209 173 0.95716354799065462 9 494 13 789
5832 -14.953166318119264 40.515541874719048 64.344466539584118 51 96 47 0.11448861504312656 5 145 11 119 13 117 24 91 25 85 27 73 23 95 22 80 21 85 20 81 19 84 18 87 17 86 14 121 15 92 16 97
5833 -5.5925662977685411 43.540954025611349 67.451585808199198 150 159 102 0.55207313586728868 9 340 27 369 49 1041 38 997 55 900 56 901 36 986 57 848 35 929 44 1084 61 751 1 746 2 725 30 762 5 640 29 730 11 340 44 744 39 684 52 666 36 645 35 613 12 332 18 338 13 317 16 336
5834 -6.9096894017584356 37.154024805997032 68.600764438668719 171 178 114 0.15927783646448357 58 469 61 445 1 443 2 402 3 389 4 352 5 356 6 354 7 342 8 385 9 354 10 351 11 358 12 345 13 350 42 725 47 725 39 670 49 650 37 634 34 589 41 732 44 724 33 522 30 448 27 371 46 722 24 387 19 361 20 362 21 369 22 382 18 357 17 349 51 670
5835 -13.814754090304932 29.104771106602442 77.120226053510535 115 149 84 0.7096599645175361 2 804 4 741 5 721 7 701 8 711 9 672 10 661 11 667 21 657 20 618 17 637 13 634 12 663 19 639 18 619 15 619 14 648
5836 -7.0096761503265759 55.267209707739561 71.225143335353991 196 203 133 0.18266989298331726 11 65 13 32 18 53 15 28 9 55 14 33
5837 -8.9715242247936349 59.863062301562515 71.788181902836087 87 167 85 0.16802881154898489 12 30 18 295 20 293 15 29 17 290 10 58 9 58 6 84 8 62 5 90 3 123 7 71 14 30 16 28
5838 -17.163602874265756 61.996276910868005 72.315438403395177 191 204 132 0.10574128720055996 12 54 13 61 19 29 20 24 15 34 24 33 14 39
5841 3.6706244069801102 4.8588886090627987 23.083410538491766 78 153 77 0.068818909971791395 17 394 15 120 16 172
5842 -14.037513217809629 32.858760672292412 68.458644131815802 55 104 49 0.037083467069843654 21 154 15 137
5843 -13.819753717887698 54.892151804573224 67.897447927831621 0 0 0 0.18390255563210359 34 218 46 767 52 703 32 149 28 56 31 147 29 115 30 111
5844 -35.916789765542504 38.074342736010728 85.618956108516713 107 130 75 0.13928991125320853 7 229 11 224 15 189
5845 -6.0297252664621261 2.0560349579229755 12.574908128245536 56 102 50 1.5636494944140589 6 202 15 191
5846 -1.6998214495035231 -0.78440187921056348 9.3593006286430978 181 151 114 0.35963838490049266 13 201 15 205 16 236
5848 -2.4512709762118128 5.1779462928726838 45.557426162235757 206 218 192 0.11484862219290698 11 213 12 209 15 212
5849 -1.3835401811572989 -2.6779079906185586 4.6828736451555173 201 220 180 0.29497030010893016 17 247 15 214
5850 -9.1759398665687524 6.1068178205579837 36.953610156647109 76 151 74 0.55917166102034899 17 431 18 240 19 250 15 216 16 429
5851 -5.6333533269657208 0.28983719011557041 12.82425858620096 251 250 237 2.8191389359820676 8 471 15 220
5852 23.591640682647892 78.234104004608099 127.18008888090422 141 166 97 0.27290181563420701 27 441 15 283
5853 -17.118421088379932 43.4392126676507 64.9637193314245 64 121 59 0.12235189449043682 18 343 20 333 23 355 15 309 19 346
5854 4.0398408051138004 6.6729614692279737 21.579445178551346 85 164 84 0.17535487460020732 13 309 15 315 14 330 16 345
5855 3.7732622672667917 6.0069570424884953 21.103853141793532 79 154 78 0.74117972229112616 13 74 15 316 14 78 10 15
5856 -13.200858492029507 36.472882948477071 65.569553543234292 61 115 55 0.10535749874710089 12 349 18 361 20 353 15 327 19 364 21 348 22 361 24 367 23 371 17 352 11 362 13 355 14 357
5857 -1.0562402224782224 -2.723219875873288 3.0383871335247239 94 137 74 0.50615192399214859 17 409 15 382
5858 -4.2276842515383981 1.7472166652054013 13.300955267713944 53 101 47 0.88379104313302581 7 367 16 412
5860 3.8199137639795766 5.0050090291629825 22.218457208707285 209 217 186 0.45772523271354376 46 1049 15 472 47 875
5861 -1.76448327159809 5.1614534847686793 43.860603897764719 111 153 83 0.17068163564567154 17 438 19 556 15 525 16 558
5862 0.12469685169334789 41.608840611395919 73.638594164616862 198 200 132 0.11817635529155465 7 610 18 560 15 549 4 659 5 633 6 629 8 634 9 601 16 583
5863 -1.3455001533639159 -0.65327713320745739 9.7049273573988355 254 251 241 0.030106874884234178 23 641 15 569
5865 0.15360016129654663 9.7362300177368368 6.2646945184234122 0 0 0 1.4587652011679508 40 748 52 355
5867 4.1131386024542129 4.8640493028935134 60.494805656668916 1 1 1 1.3559709183941846 32 863 33 881 15 628 30 803 31 827 14 692 16 643
5868 -6.0615216652243911 54.895839685732497 67.853613449188103 184 199 128 0.38497128189163021 5 797 10 731 15 637
5870 -2.0092938179310242 -1.8884248854831989 4.1856265664627763 50 97 45 2.9912134546422959 13 703 15 726
5871 -15.077429968635812 6.8824542444404191 36.940480801799993 153 175 106 0.9007659922171446 13 708 17 757 18 735 15 736 19 695 14 771 16 745
5872 -39.740583402523292 23.774181314722938 169.53216374774283 69 108 56 0.55802325687006604 10 803 11 786 12 765 13 776 17 768 18 752 19 765 21 776 15 746 20 756 22 819 23 810 24 793 9 812 8 858 14 784 16 757
5875 -0.34354693420077054 1.9786380287885077 27.760445890740105 136 185 104 1.4260197405930413 17 785 15 763
5877 -6.8530709494786821 34.545310922109451 71.79691692679053 145 144 95 0.074462013489481185 7 87 9 98 10 104 11 108 12 113 13 111 15 128 37 263 34 262 40 296 38 280 39 277 33 243 32 222 31 223 30 207 36 264 28 149 22 190 20 153 19 147 35 265 42 299 43 290 44 296 45 314 18 149 17 137 14 114 16 142
5878 2.4297940483719649 45.909771203103929 74.991309738931747 65 124 61 0.2138410067477485 6 331 8 357 9 326 10 322 7 315 11 321 12 311 13 314 15 288 47 740 48 696 49 671 50 675 51 673 52 652 53 591 54 549 55 535 56 532 57 485 58 456 59 472 60 471 61 437 1 435 2 383 3 373 4 343 5 326 29 452 30 477 31 501 28 407 27 405 24 382 25 389 23 398 22 380 21 364 19 358 20 348 18 337 17 326 14 321 16 332
5879 -21.128645211833803 40.965437527451996 67.048959109123373 60 115 56 0.176543804490183 39 629 40 668 11 391 15 332 4 563 7 528 8 568 6 554 9 534 35 756 58 688 49 890 45 944 46 939 47 938 48 915 42 696 41 930 50 892 51 909 52 883 53 832 54 792 55 779 56 781 57 736 59 711 60 696 36 802 61 639 1 635 33 665 31 607 32 662 3 611 2 635 30 583 5 551 29 574 10 508 12 512 20 473 26 505 19 487 13 500
5880 -2.892879138663079 -0.66495135210052569 9.1974252635789995 138 101 63 0.34172512833361773 9 158 10 198 11 190 12 410 13 414 15 396 22 408 21 196 20 208 19 220 18 220 17 224 14 416 16 422
5881 -11.590789133802277 33.836709185019494 68.878106561660658 58 112 54 0.11494983399804017 2 604 3 584 4 544 5 524 6 524 7 513 8 547 9 520 11 516 13 510 12 509 15 480 32 690 33 702 34 774 31 647 35 772 36 821 30 614 29 602 28 534 27 535 26 543 23 533 22 527 21 506 20 495 19 513 18 493 17 518 14 511 16 520
5882 4.1374207654163397 9.799293039449827 22.121038800019921 255 254 231 0.28816627390775751 18 106 14 21 17 72
5883 -7.0096393216560875 55.266816417841639 71.224668610197384 197 204 134 0.18266874176667769 11 64 13 33 15 27 18 52 14 32 9 56
5886 -56.287289976756405 92.847143882371924 99.300446043185133 185 192 125 0.16113140875229845 6 425 8 452 9 395 11 399 13 96 18 36 14 98 12 131 10 158 3 483 7 415 5 438 1 528 61 530 16 72 19 16
5887 -1.9182022045128133 0.26819163128967061 7.0299065932580929 185 191 123 1.1999894750947804 10 66 14 115
5888 -0.38658692568403985 44.578244603246709 72.009108554760246 76 145 73 0.088909321587337969 22 149 30 203 19 106 20 109 18 83 15 87 13 52 14 57 12 46
5889 -1.7755402932818616 2.9737411349981095 16.338182050388038 194 193 127 2.8970123179356881 26 151 14 184
5890 -29.568061284497496 32.180199812794434 84.767788942020033 152 156 98 0.0035565281339998145 7 222 14 217
5891 1.8118638505780058 43.982249618288137 73.496348641108099 0 0 0 0.1297914487485865 29 206 36 681 39 700 34 618
5892 -0.16445776513424307 -2.2618944079616328 5.2241535781993926 0 0 0 2.027434816461132 17 421 18 415
5895 -3.2432321687981305 5.2337922477351917 44.943250522437339 200 216 188 0.2898055940138069 18 250 14 252 16 254
5897 -8.7908508486427479 54.697442381489722 69.036953465376413 81 156 79 0.16907379212497653 10 325 11 326 12 315 13 305 15 273 17 291 18 296 14 307 19 318 20 312 21 309 22 335 23 350 26 350 25 344 27 347 28 358 24 331 8 372 9 329 16 298
5899 0.074641490352522544 1.2683328656263071 22.214339511834602 136 199 106 0.60052813681125639 12 188 13 199 14 412
5900 -0.81175006452208798 8.6691165805762136 75.238443494310047 254 250 237 0.23889529291566217 11 212 12 208 13 423 15 405 17 451 14 422 16 431
5901 -11.413187831343851 6.0461445513210457 42.157488066053411 210 222 192 0.27319176884155605 12 249 18 425 14 440 16 441
5902 -18.428136288827226 7.5557733849128663 41.460324053297377 102 152 82 0.18079938334032472 13 263 15 235 17 435 18 532 14 443 16 260 16 563
5904 -30.96768238168573 38.86555898289788 79.764017288327793 0 0 0 0.2099054480021677 35 730 50 863 31 611 32 646
5905 -12.272938212217861 9.2303696186790045 18.162938543950133 75 143 73 0.40506188152406325 12 536 13 591 14 516 11 613
5906 0.55615361669353547 0.94246573394458844 20.933649750241067 157 199 112 0.64258591371602103 13 198 15 201 14 548 16 424
5907 -18.25393169764099 6.9597105517116873 38.615527671924589 132 175 99 0.20772605110407724 15 583 18 590 14 610 19 642
5909 3.6779781136390142 38.298707096754072 83.85650900541772 116 155 86 0.56047231705452705 12 611 20 606 14 639 22 686 21 655 24 676 15 608 16 634
5912 2.9696040054131991 3.5648266307762877 55.17683136607215 0 0 0 1.7380654464877041 12 700 29 854 28 772 9 748
5916 -7.1922173355885342 33.686067832185593 72.596587320905144 67 129 63 0.10843145561414827 36 633 5 105 38 642 39 652 7 84 8 106 9 99 11 109 12 139 17 364 13 143 15 129 14 153 25 164 26 179 27 153 21 183 18 150 16 143
5917 -7.6598251713009349 39.454003489907549 65.944362649692351 39 74 36 0.14886120319332105 6 98 11 88 3 114 4 124 14 84 22 109 23 131 24 115 20 113 19 112 17 85 21 113
5918 -7.1950066893331162 33.678381664091084 72.574508272043047 65 124 61 0.12339873440465148 36 634 5 106 38 643 39 653 7 85 8 107 9 100 10 106 11 110 12 140 17 365 4 370 13 144 15 130 14 154 43 287 31 225 44 290 45 312 27 154 26 180 25 165 21 184 18 151 16 144
5919 -17.560447505726863 33.157021435571345 71.221311267074711 63 114 55 0.16047553152346772 3 175 24 120 22 160 55 231 59 200 57 182 60 201 26 112 21 159 28 102 23 140 14 190 4 168 5 169 53 254 51 270 10 177 11 169 12 177 15 141
5920 -2.0247826036878935 -0.72705334769616192 9.128702472785168 151 118 84 0.75962589799152158 11 738 12 698 21 730 13 701 18 684 14 711 19 692 15 677 16 689
5921 -11.509988443590096 7.4839693553487345 18.59958974866748 65 123 62 0.27059144691473352 10 553 11 553 12 544 13 533 14 531 43 1039 45 1058 44 1050 46 1048 42 1037 41 1057 40 1041 39 982 38 941 37 926 36 919 34 877 33 799 32 885 31 567 30 710 29 693 28 626 33 622 27 606 26 633 25 589 24 583 23 607 22 499 23 489 21 580 20 478 19 574 18 485 17 527 15 500 16 528
5923 0.1645603060490361 3.4347868031525746 34.482423327102431 96 187 92 1.1414938681319666 12 741 13 754 15 744 14 782 16 755 17 758 18 736 19 706
5924 -3.2592046860290238 7.3295795020599259 13.882582111937106 0 0 0 0.19500911647836081 17 52 45 226
5925 -12.266261136582933 9.8972118874048416 18.142495293694715 139 204 115 0.16714504983586068 17 100 18 73 16 131
5926 3.0555926853582691 5.8856705808327687 22.219689993345682 61 115 56 0.15626278776303446 18 173 16 132 19 203
5927 13.470502698125523 45.948224846061059 106.97558930442547 189 193 123 0.12759345468376943 43 341 16 133 42 365 44 325 45 343
5929 5.3332669092749239 69.432368937181693 88.284519628780075 0 0 0 0.11356132351431666 34 337 42 457
5930 -12.10498214683329 7.6648076228285795 18.118602079026271 67 127 63 0.1311990969196086 17 129 18 130 16 171
5932 2.6798383874955629 4.5062030188402273 23.058409823836687 209 205 137 0.11467593152849138 22 262 16 176
5935 -18.794594442841159 33.907317844770553 73.619585077427885 190 189 125 0.065106989787036093 10 178 15 157 16 191
5938 -1.2340824311585858 32.577316519734644 96.973811733169356 63 121 60 0.066424610471851608 8 98 13 181 16 215 10 130
5939 -1.4625374426988362 3.0748873912194155 8.5568556404033984 0 0 0 1.0275654105720897 17 292 44 566
5940 -28.179928987718185 67.389566451256158 75.384864182652464 135 179 104 0.23649801580888993 8 412 10 357 13 326 17 32 16 304
5941 4.4432284627296932 10.812977583367127 22.991733634881072 255 255 244 0.1765109584157365 15 282 22 180 25 189 16 306 21 137 23 186 14 297
5942 -36.070859790440281 67.233829839627461 78.262976358091862 73 138 69 0.1073848320972331 11 369 17 297 19 304 16 323
5943 -14.633762602108376 32.442933862717993 67.589691718243571 128 145 88 0.0050198773138181736 33 180 16 374
5944 0.27050304461309471 3.5740183954744564 34.568767106777706 95 193 94 0.1048326200251804 15 398 17 437 18 247 16 425
5945 -9.4462937657516353 5.8120274202439584 41.75625457900712 200 221 180 0.17551331792311609 13 428 15 416 16 439
5946 -6.9803435329959145 2.4903278497496717 15.174267881611891 128 146 87 1.5442569282613241 5 554 16 553
5947 -0.47395722974781629 13.1608938684212 112.088043312385 56 108 53 0.9108414696460011 11 438 12 408 14 554 15 631 17 556 18 436 16 561 19 265 12 641 13 607 11 615 9 400 13 547
5948 -44.059173867377048 17.217624265438236 90.246900244207367 55 108 53 0.61610937223924156 14 459 15 533 17 554 18 534 19 551 20 424 21 422 16 565 23 205 13 273
5950 -7.7798416635073764 0.49401619290374799 12.098700340197437 0 0 0 1.4235127225813102 15 527 17 549
5951 -12.561013768062127 40.456654045832032 63.657843514218747 132 157 93 0.37296042596356355 13 625 14 635 18 602 20 592 16 629 17 625 22 667 21 634 24 659 9 664
5953 -2.5957176738908672 4.6987147291570119 37.401034487637965 155 181 109 1.102427056742542 14 763 15 731 17 752 16 740 18 737 19 707 20 662 13 704
5954 -5.0565444890197533 5.3934844865831248 38.423495649611567 76 153 75 0.69072826020602651 14 764 15 732 17 753 18 731 16 741 19 708 20 695
5955 -12.219204329264521 6.267592447913704 36.402039822633228 76 153 75 0.80348774123616173 14 766 15 735 17 756 18 734 16 744 13 760 12 705
5956 -8.0851849307993895 1.1961115032037481 13.512378634453576 255 255 255 0.44794397375568323 15 759 17 781 16 767
5957 0.85309812846932487 -0.16416716039322204 14.948706939598882 255 253 242 0.50763416065636136 15 758 17 783 16 768
5958 -6.0582831168670408 31.801019354775807 39.010476051112278 162 191 117 1.9019372311497911 12 773 14 796 15 761 20 770 16 769
5959 -16.478442342615306 5.9677786680883145 33.780989782105749 158 189 113 2.0257585551471351 14 801 18 770 16 770
5961 -10.834830304836402 30.64960775426449 75.965085134956794 53 101 50 0.15180621200822164 23 194 36 227 4 115 28 151 8 141 30 176 11 164 17 179 16 189
5962 -14.248693194492489 33.407142845718639 69.450563086129876 47 89 43 0.11001192011010101 4 137 7 138 8 162 36 225 10 142 21 153 19 151 13 152 12 148 14 161 16 152 1 180 46 300 61 182 48 264 44 286
5963 -16.952565830857122 50.549311170301607 65.468744203149896 66 125 62 0.15728081481784961 40 318 46 382 50 353 51 371 53 339 3 185 5 149 6 133 8 118 16 67 25 50 28 61 23 47 22 44 21 44 19 59 10 81
5964 -3.7920997992693959 -0.39013267397866858 9.6511348871311533 255 255 255 0.90483786570665725 13 781 15 754 14 791 16 764 20 753 19 763 18 759 17 778
5965 -0.38213755568626756 41.006613596629002 73.711695145684558 174 174 115 0.26514127732580822 49 653 28 409 51 672 21 366 17 346 16 335 42 742 35 630 33 555 29 454 7 58
5966 -1.1562319490910473 46.285381133009594 70.40278889106213 183 190 123 0.15984658185343154 6 340 36 864 34 819 35 819 4 344 7 316 9 327 10 323 11 322 12 313 13 316 16 315 43 723 44 764 47 739 32 533 28 390 24 364 23 383 19 339
5967 -7.313545016156711 12.432475860508355 37.313849124261651 119 123 78 1.7554713881830386 14 804 37 1266 13 791 34 1202 35 1201 36 1264 15 765 16 773
5968 -4.525588733142107 33.828793000473446 80.509093943828816 165 175 109 0.26198330295636862 38 993 30 767 9 507 7 503 10 489 12 507 16 519 55 510 56 513 57 479 58 450 59 481 53 564 60 468 61 433 1 431 2 392 3 383 32 724 33 735 34 806 31 683 30 644 5 354 6 352 28 565 8 382 26 572 35 806 11 379 22 549 13 371 18 391 14 370 15 348
5969 -14.266417908032182 34.206692115004188 68.232061464254457 56 108 51 0.088261847668483759 3 585 5 535 7 526 2 605 8 566 6 532 9 522 10 505 11 517 12 510 16 521 27 519 28 533 29 600 26 527 30 612 24 507 23 534 22 528 21 507 20 496 19 514 18 494 17 519 13 511 15 481 14 512
5970 3.0308303618862564 4.7529710028773628 22.462710791821497 93 141 75 0.25477706748487272 46 613 49 533 47 586 48 549 51 543 52 507 7 304 10 317 11 332 12 326 13 488 15 475 16 530 19 540 20 520 18 514 17 539
5971 -1.2179040282805615 -0.76156800995403218 10.138701784167248 255 255 253 0.80532328404988596 12 757 13 772 14 790 15 753 16 763 20 762 19 775 18 763 17 777
5972 2.8994791509960924 5.220674289218425 22.319880043327277 70 138 69 0.25214092811044958 15 341 17 167 45 210 44 182 47 125 48 121 42 229 43 630 41 250 40 269 39 259 52 79 53 67 54 68 55 52 37 277 56 36 36 293 57 29 35 308 58 27 34 299 59 30 60 17 61 6 1 6 2 3 31 288 3 2 4 5 30 262 5 5 6 10 29 264 7 16 28 222 8 22 25 245 24 233 23 451 11 81 12 65 22 450 21 543 18 203 19 204 17 380 16 174 14 352
5974 -12.006039222596348 10.265206967917836 18.319238666535757 156 175 110 0.67722279751633796 45 1165 49 1111 47 1157 48 1183 42 1051 41 1062 50 1088 51 1111 52 1068 53 1010 54 972 55 970 56 989 57 928 58 884 59 917 60 888 61 835 1 832 2 816 3 782 4 753 5 736 6 720 7 652 9 634 11 611 13 517 14 515 16 505 30 342 28 281 27 288 26 300 25 299 23 316 20 460 19 331 18 462 17 496 15 471
5975 -9.0471469638242095 34.773905058650584 68.682510137531423 165 164 107 0.09021000526931322 41 313 34 259 38 272 40 292 32 186 33 207 35 263 31 188 10 111 8 142 9 103 7 109 12 114 22 156 23 133 28 126 43 284 45 308 44 293 46 303 48 270 26 147 25 135 21 149 20 155 19 149 18 147 17 139 13 114 15 110 14 118 16 121
5977 -20.168753415436932 39.400926765886787 68.596591779671769 64 125 62 0.40163914927291344 49 1262 43 1287 45 1320 44 1297 46 1314 47 1323 48 1278 41 1306 50 1252 51 1263 52 1214 53 1162 54 1126 56 1144 57 1069 58 1019 59 1044 60 1010 61 981 1 977 2 957 3 909 4 870 5 845 6 835 7 833 8 836 9 797 10 787 11 770 12 735 13 742 15 710 14 753 16 724 33 1031 34 1126 35 1124 32 1020 31 981 30 966 29 910 23 778 24 762 36 1177 22 789 25 770 21 752 20 719 19 734 18 714 17 739
5978 -16.801874357478212 61.176697667766575 71.488476999839335 178 186 121 0.3446590053339329 46 974 47 982 42 962 41 979 40 951 38 862 37 847 56 806 60 518 53 672 57 565 61 476 1 475 2 436 2 620 4 388 8 120 14 38 9 77 12 53 13 60 24 34 26 337 27 322 20 25 19 30 15 33
5979 3.168737125412739 6.3186883409159549 22.159120875356834 71 139 69 0.28633167015459776 49 823 45 644 44 651 43 652 46 638 47 881 48 848 42 667 50 816 51 826 52 799 54 682 55 683 56 683 53 476 57 640 58 374 59 406 60 406 61 557 1 554 2 536 3 513 4 486 5 474 6 483 7 469 8 513 9 476 10 457 11 483 12 471 13 474 15 318 14 493 16 366 23 245 20 396 22 429 19 392 18 382 17 361
5980 -10.869066472144258 35.363382556964787 66.875095296129473 61 116 56 0.12824462651031496 34 567 35 582 36 630 33 506 38 639 39 651 32 509 30 437 29 429 28 376 27 374 26 390 24 370 23 387 22 384 20 363 19 363 18 360 17 351 15 326 52 645 53 606 54 546 55 551 56 550 57 513 58 482 59 495 60 492 2 417 1 451 61 452 3 402 4 372 5 369 6 373 7 355 8 401 9 368 10 353 11 361 12 347 13 353 14 355 16 356
5981 0.29056417069271562 40.889520208839734 75.244538139730722 61 115 56 0.10977030032887188 49 652 46 724 47 729 48 686 50 659 51 652 52 629 53 589 54 529 55 533 59 470 57 482 58 454 60 470 61 435 1 433 2 381 3 372 5 339 6 339 7 330 8 369 9 337 10 333 11 337 12 331 13 331 15 305 14 338 16 351 23 401 24 384 26 404 21 367 22 401 20 361 19 378 18 355 17 345 39 909 33 747 32 721 31 681 30 656 29 627 27 557
5982 -13.595682103915681 35.724840197310598 66.210960544030854 63 121 59 0.13710677370834945 49 648 47 713 42 704 41 714 51 665 52 643 53 608 38 612 39 649 54 560 55 562 56 564 36 612 57 511 35 581 34 565 59 504 58 481 61 463 1 461 2 418 33 491 3 404 4 383 5 379 6 383 7 357 8 403 9 371 10 368 11 386 12 365 13 356 15 328 14 358 23 388 29 428 30 436 21 351 24 368 20 354 22 362 18 362 17 353
5983 -16.961532040842481 50.591878855740198 65.542792406696492 69 133 66 0.16137999360429187 45 387 46 381 42 344 41 368 50 352 40 317 39 301 51 370 53 338 3 184 60 238 5 148 8 117 6 132 10 80 12 90 16 66 25 49 28 60 23 46 22 43 21 43 19 58
5984 3.0226990003209693 4.7404455274289452 22.426019635879367 96 143 77 0.22446320577481532 49 534 51 542 52 506 53 475 54 446 55 447 56 449 57 398 58 372 59 404 60 404 61 371 1 366 2 329 3 333 4 307 5 297 6 301 7 303 8 512 9 319 10 316 11 331 12 325 13 487 15 474 16 529 20 519 21 559 19 539 18 513 17 538
5985 -21.200128683161164 49.627940450274203 66.528580865800052 177 181 118 0.19956782103801024 44 739 51 710 56 605 57 562 59 538 60 529 61 475 1 474 2 451 3 428 4 398 5 395 6 386 7 378 8 409 9 378 11 365 12 338 14 87 13 91 22 45 15 93 20 53
5986 -1.4291701604842653 32.679108104088385 92.648612790165373 65 127 62 0.15376674643616997 34 809 35 812 36 856 33 736 32 728 31 686 30 659 29 638 28 579 27 570 23 571 20 522 24 555 25 552 26 588 19 532 18 515 17 541 13 508 12 506 1 583 2 575 58 628 61 586 3 556 59 639 60 629 56 713 4 516 5 505 6 508 8 540 9 506 10 501 11 513 15 490 14 521 16 533
5987 -8.0246385075717157 46.409646231271452 66.078150583225778 69 132 66 0.081980067290479394 1 452 2 404 60 495 61 454 3 391 4 356 5 360 6 358 7 332 8 371 9 342 10 335 11 325 12 317 13 319 14 323 16 316 18 316 19 341 20 332 21 335 17 306 22 349 23 370 24 348 25 346 26 369 15 292
5988 -11.91910999119477 6.7054601500397144 18.681381571818928 94 137 75 0.21104041818114361 55 754 56 772 57 730 58 695 59 722 60 702 61 666 1 662 2 662 3 639 4 606 5 592 6 577 7 572 8 606 14 546 9 575 10 565 11 560 12 545 13 544
5989 -11.701440063091729 54.51060666749148 67.678165482221402 69 131 65 0.22950671384385335 37 629 58 501 59 520 34 582 35 595 36 642 60 509 61 465 1 464 3 405 4 376 5 372 6 361 7 348 8 373 9 344 10 326 11 327 12 318 13 320 15 274 14 309 16 300 24 330 25 332 26 351 27 331 23 334 28 342 22 336 21 312 20 313 19 301 18 298 17 293
5990 -10.464235426397202 33.399507608817736 70.994393607783849 180 183 118 0.16097661308210351 56 890 57 844 61 756 58 793 1 751 2 732 3 701 4 672 5 645 6 641 10 605 7 631 8 648 11 597 12 569 13 579 15 556 40 1079 39 1021 14 581 16 592 34 921 36 980 33 848 32 827 31 795 30 763 29 732 28 658 27 648 26 665 25 614 23 633 22 619 21 599 20 553 19 580 18 561 17 581
5991 -11.943697800736837 6.726447370360356 18.738508378228634 99 143 79 0.2008630939999026 18 498 19 505 17 529 55 753 56 773 58 696 59 723 2 663 3 640 4 607 5 593 6 578 8 607 7 573 9 576 43 550 49 842 46 599 47 588 48 850 42 572 50 828 51 855 52 830 53 774 54 756 10 566 11 561 12 546 13 545 14 545 16 546
5992 -0.55476900769078419 63.938953636248193 80.489831934322737 85 162 82 0.1664915903794246 11 310 31 663 13 304 8 353 12 294 20 311 18 290 17 289 27 367 28 373 30 456 26 368 25 365 24 344 22 346 21 334 19 316 15 269 14 306 16 293
5993 -19.603826053501049 48.090459490348174 67.44962496669055 62 118 58 0.41747173092228601 49 1284 43 1305 45 1331 44 1309 46 1325 47 1342 48 1300 42 1324 41 1321 50 1272 40 1292 39 1243 51 1283 52 1236 53 1184 54 1136 55 1127 56 1155 57 1079 58 1021 59 1052 60 1015 61 983 1 979 2 960 3 911 4 872 5 838 6 832 7 822 8 830 9 788 25 723 35 1122 36 1182 26 811 10 770 11 759 12 723 13 724 15 700 14 732 16 713 19 719 20 705 21 739 22 776 23 770 18 696 17 727
